Academic Year,Term,Academic Career,Course Career,Primary Instructor First Name,Primary Instructor Last Name,Non Primary Instructors,Subject,Catalog Number,Section Number,A,B,C,D,F,I,P,Q,W,Z,R,Total Grades
2025 - 2026,2025 Fall,GRAD,UGRD,Jeffrey,Austin,,ACCT,2301,4,14,22,17,3,2,0,0,1,2,0,0,61
2025 - 2026,2025 Fall,GRAD,UGRD,Jeffrey,Austin,,ACCT,2301,7,15,18,14,9,4,0,0,0,2,0,0,62
2025 - 2026,2025 Fall,GRAD,UGRD,Martin,Deatherage,,ACCT,2301,8,11,23,12,6,3,0,0,3,3,0,0,61
2025 - 2026,2025 Fall,GRAD,UGRD,Michael,Prachyl,,ACCT,2302,4,7,13,14,9,2,0,0,0,5,0,0,50
2025 - 2026,2025 Fall,GRAD,GRAD,Nicholas,Mitchell,,ACCT,5133,1,10,3,1,0,2,0,0,0,1,0,0,17
2025 - 2026,2025 Fall,GRAD,GRAD,Jivas,Chakravarthy,,ACCT,5307,2,17,18,0,0,0,1,0,0,2,0,0,38
2025 - 2026,2025 Fall,GRAD,GRAD,Jivas,Chakravarthy,,ACCT,5307,3,10,7,5,0,0,0,0,0,2,0,0,24
2025 - 2026,2025 Fall,GRAD,GRAD,Bin,Srinidhi,,ACCT,5307,20,11,2,3,0,0,0,0,0,1,0,0,17
2025 - 2026,2025 Fall,GRAD,GRAD,Martin,Deatherage,,ACCT,5307,60,15,25,4,0,0,0,0,0,3,0,0,47
2025 - 2026,2025 Fall,GRAD,GRAD,Ramgopal,Venkataraman,,ACCT,5311,1,2,2,0,2,1,0,0,0,2,0,0,9
2025 - 2026,2025 Fall,GRAD,GRAD,Nicholas,Mitchell,,ACCT,5318,1,10,12,1,1,1,0,0,0,2,0,0,27
2025 - 2026,2025 Fall,GRAD,GRAD,Cheryl,Prachyl,,ACCT,5319,1,10,10,4,0,1,0,0,0,2,0,0,27
2025 - 2026,2025 Fall,GRAD,GRAD,Cheryl,Prachyl,,ACCT,5321,1,12,3,0,0,0,0,0,0,1,0,0,16
2025 - 2026,2025 Fall,GRAD,GRAD,Sandra,Henderson,,ACCT,5335,1,5,5,0,1,0,0,0,0,2,0,0,13
2025 - 2026,2025 Fall,GRAD,GRAD,Loretta,Dollar,,ACCT,5339,1,6,0,0,0,0,0,0,0,0,0,0,6
2025 - 2026,2025 Fall,GRAD,GRAD,Bethane,Hall,,ACCT,5340,1,3,7,5,0,0,0,0,0,2,0,0,17
2025 - 2026,2025 Fall,GRAD,GRAD,Bethane,Hall,,ACCT,5342,1,1,1,2,0,0,1,0,0,1,0,0,6
2025 - 2026,2025 Fall,GRAD,GRAD,Tram,Le,,ACCT,5345,1,5,2,0,0,0,0,0,0,0,0,0,7
2025 - 2026,2025 Fall,GRAD,GRAD,Sandra,Henderson,,ACCT,5380,3,12,3,0,0,0,0,0,0,0,0,0,15
2025 - 2026,2025 Fall,GRAD,GRAD,Ankur,Jain,,AE,5101,1,0,0,0,0,0,0,7,0,0,0,0,7
2025 - 2026,2025 Fall,GRAD,GRAD,Endel,Iarve,,AE,5310,1,9,0,0,0,0,0,0,0,2,0,0,11
2025 - 2026,2025 Fall,GRAD,GRAD,Robert,Taylor,,AE,5329,1,1,5,0,0,0,0,0,0,0,0,0,6
2025 - 2026,2025 Fall,GRAD,GRAD,Seiichi,Nomura,,AE,5331,4,2,4,0,0,0,0,0,0,1,0,0,7
2025 - 2026,2025 Fall,GRAD,GRAD,Md Rassel,Raihan,,AE,5339,1,3,2,1,0,0,0,0,0,0,0,0,6
2025 - 2026,2025 Fall,GRAD,GRAD,Frank,Lu,,AE,5342,1,3,3,0,0,0,0,0,0,0,0,0,6
2025 - 2026,2025 Fall,GRAD,GRAD,Brian,Huff,,AE,5378,1,3,2,1,0,0,0,0,0,0,0,0,6
2025 - 2026,2025 Fall,GRAD,GRAD,Julia,Lindgren,,ARCH,5301,1,6,2,0,0,0,0,0,0,1,0,0,9
2025 - 2026,2025 Fall,GRAD,GRAD,Marisa,Gomez,,ARCH,5303,1,5,2,0,1,0,0,0,1,2,0,0,11
2025 - 2026,2025 Fall,GRAD,GRAD,Bradley,Bell,,ARCH,5311,1,7,3,0,0,0,0,0,0,0,0,0,10
2025 - 2026,2025 Fall,GRAD,GRAD,Mahmoud,Bayat,,ARCH,5323,1,6,0,0,0,0,0,0,1,0,0,0,7
2025 - 2026,2025 Fall,GRAD,GRAD,Charles,MacBride,,ARCH,5325,1,33,13,2,0,0,0,0,1,1,0,0,50
2025 - 2026,2025 Fall,GRAD,GRAD,Amy,Trick,,ARCH,5327,1,11,29,12,2,0,0,0,0,2,0,0,56
2025 - 2026,2025 Fall,GRAD,GRAD,Lorena,Toffer,,ARCH,5331,1,19,2,0,0,0,0,0,0,1,0,0,22
2025 - 2026,2025 Fall,GRAD,GRAD,Lorena,Toffer,,ARCH,5331,2,11,3,0,0,0,0,0,0,0,0,0,14
2025 - 2026,2025 Fall,GRAD,GRAD,Atefe,Makhmalbaf,,ARCH,5332,1,9,6,0,0,1,0,0,0,0,0,0,16
2025 - 2026,2025 Fall,GRAD,GRAD,Heath,MacDonald,,ARCH,5336,2,29,4,0,0,0,0,0,0,0,0,0,33
2025 - 2026,2025 Fall,GRAD,GRAD,Alexis,Chastain,,ARCH,5342,1,5,2,1,0,0,0,0,0,3,0,0,11
2025 - 2026,2025 Fall,GRAD,GRAD,Atefe,Makhmalbaf,,ARCH,5357,1,11,2,0,0,0,0,0,0,0,0,0,13
2025 - 2026,2025 Fall,GRAD,GRAD,Mehdi,Farahbakhsh,,ARCH,5395,1,6,0,0,0,0,0,0,0,0,0,0,6
2025 - 2026,2025 Fall,GRAD,GRAD,Belen,Butragueno Diaz-Guerra,,ARCH,5591,1,7,2,0,0,0,0,0,0,2,0,0,11
2025 - 2026,2025 Fall,GRAD,GRAD,Liliana,Morales,,ARCH,5593,1,7,2,0,0,0,0,0,0,0,0,0,9
2025 - 2026,2025 Fall,GRAD,GRAD,Shermeen,Yousif,,ARCH,5671,1,14,2,0,0,0,0,0,0,0,0,0,16
2025 - 2026,2025 Fall,GRAD,GRAD,Oswald,Jenewein,,ARCH,5671,2,16,0,0,0,0,0,0,0,0,0,0,16
2025 - 2026,2025 Fall,GRAD,GRAD,Bradley,Bell,Bang Dang; Rizwan Faruqui,ARCH,5671,3,6,9,0,0,0,0,0,0,0,0,0,15
2025 - 2026,2025 Fall,GRAD,GRAD,Amy,Trick,David Franco Santa Cruz; Dennis Chiessa,ARCH,5671,4,7,3,2,0,0,0,0,0,0,0,0,12
2025 - 2026,2025 Fall,GRAD,GRAD,David,Franco Santa Cruz,Dennis Chiessa,ARCH,5671,5,2,10,1,0,0,0,0,1,0,0,0,14
2025 - 2026,2025 Fall,GRAD,GRAD,Dennis,Chiessa,Amy Trick; David Franco Santa Cruz,ARCH,5671,6,6,3,1,0,0,0,0,0,0,0,0,10
2025 - 2026,2025 Fall,GRAD,GRAD,Bang,Dang,Bradley Bell; Rizwan Faruqui,ARCH,5671,7,5,9,0,0,0,0,0,0,0,0,0,14
2025 - 2026,2025 Fall,GRAD,UGRD,Yao,Wang,,AREN,2312,1,4,3,11,12,0,0,0,0,0,0,0,30
2025 - 2026,2025 Fall,GRAD,GRAD,Beth,Wright,,ART,5320,1,7,2,0,0,0,0,0,0,0,0,0,9
2025 - 2026,2025 Fall,GRAD,GRAD,Darryl,Lauster,,ART,5321,1,7,0,0,0,0,0,0,0,0,0,0,7
2025 - 2026,2025 Fall,GRAD,GRAD,Afshan,Boodhwani,,ASDS,5301,1,30,2,0,0,1,1,0,0,1,0,0,35
2025 - 2026,2025 Fall,GRAD,GRAD,Ce,Bian,,ASDS,5301,1,30,2,0,0,1,1,0,0,1,0,0,35
2025 - 2026,2025 Fall,GRAD,GRAD,Ce,Bian,,ASDS,5302,1,15,9,0,0,1,1,0,0,1,0,0,27
2025 - 2026,2025 Fall,GRAD,GRAD,Erol,Ozkan,,ASDS,5302,1,15,9,0,0,1,1,0,0,1,0,0,27
2025 - 2026,2025 Fall,GRAD,GRAD,Afshan,Boodhwani,,ASDS,5303,1,29,5,0,0,1,1,0,0,0,0,0,36
2025 - 2026,2025 Fall,GRAD,GRAD,Ce,Bian,,ASDS,5303,1,29,5,0,0,1,1,0,0,0,0,0,36
2025 - 2026,2025 Fall,GRAD,GRAD,Mahmoud,Jawad,,ASDS,5304,1,11,3,0,0,0,0,0,0,0,0,0,14
2025 - 2026,2025 Fall,GRAD,GRAD,Mahmoud,Jawad,,ASDS,5305,1,25,3,0,0,0,0,0,0,0,0,0,28
2025 - 2026,2025 Fall,GRAD,GRAD,Mei,Yang,,ASDS,5305,1,25,3,0,0,0,0,0,0,0,0,0,28
2025 - 2026,2025 Fall,GRAD,GRAD,Mahmoud,Jawad,,ASDS,5306,1,22,8,2,0,0,0,0,0,0,0,0,32
2025 - 2026,2025 Fall,GRAD,GRAD,Afshan,Boodhwani,,ASDS,6301,1,17,4,0,0,0,0,0,0,0,0,0,21
2025 - 2026,2025 Fall,GRAD,GRAD,Erol,Ozkan,,ASDS,6302,1,28,3,0,0,0,0,0,0,0,0,0,31
2025 - 2026,2025 Fall,GRAD,GRAD,Mahmoud,Jawad,,ASDS,6303,1,19,5,0,0,0,0,0,0,0,0,0,24
2025 - 2026,2025 Fall,GRAD,GRAD,Mei,Yang,,ASDS,6304,1,25,2,0,0,0,0,0,0,1,0,0,28
2025 - 2026,2025 Fall,GRAD,GRAD,Qiang,Zheng,,ASDS,6305,1,18,3,1,0,0,0,0,0,0,0,0,22
2025 - 2026,2025 Fall,GRAD,GRAD,Afshan,Boodhwani,,ASDS,6306,1,0,0,0,0,0,0,31,0,0,0,0,31
2025 - 2026,2025 Fall,GRAD,GRAD,Ce,Bian,,ASDS,6306,1,0,0,0,0,0,0,31,0,0,0,0,31
2025 - 2026,2025 Fall,GRAD,GRAD,Kevin,Carr,,BCOM,5375,20,5,3,0,0,0,0,0,0,0,0,0,8
2025 - 2026,2025 Fall,GRAD,GRAD,Kytai,Nguyen,,BE,5101,13,0,0,0,0,0,0,22,0,0,0,0,22
2025 - 2026,2025 Fall,GRAD,GRAD,Salman,Sohrabi,,BE,5101,13,0,0,0,0,0,0,22,0,0,0,0,22
2025 - 2026,2025 Fall,GRAD,GRAD,Salman,Sohrabi,,BE,5300,10,9,3,0,0,0,0,0,0,0,0,0,12
2025 - 2026,2025 Fall,GRAD,GRAD,Hao,Xu,,BE,5300,25,8,2,1,0,0,0,0,0,0,0,0,11
2025 - 2026,2025 Fall,GRAD,GRAD,Hao,Xu,,BE,5309,25,7,3,2,0,0,0,0,0,0,0,0,12
2025 - 2026,2025 Fall,GRAD,GRAD,Georgios,Alexandrakis,,BE,5324,13,10,0,0,0,0,0,0,0,0,0,0,10
2025 - 2026,2025 Fall,GRAD,GRAD,Baohong,Yuan,,BE,5326,14,9,0,0,0,0,0,0,0,0,0,0,9
2025 - 2026,2025 Fall,GRAD,GRAD,Young-Tae,Kim,,BE,5329,12,22,0,0,0,0,0,0,0,0,0,0,22
2025 - 2026,2025 Fall,GRAD,GRAD,Yi,Hong,,BE,5331,6,8,6,1,1,0,0,0,0,0,0,0,16
2025 - 2026,2025 Fall,GRAD,GRAD,Cheng-Jen,Chuong,,BE,5337,2,3,2,1,0,0,0,0,0,0,0,0,6
2025 - 2026,2025 Fall,GRAD,GRAD,Sadra,Shahdadian,,BE,5346,9,7,5,3,0,0,0,0,0,0,0,0,15
2025 - 2026,2025 Fall,GRAD,GRAD,Khosrow,Behbehani,,BE,5352,1,7,3,0,0,0,0,0,0,0,0,0,10
2025 - 2026,2025 Fall,GRAD,GRAD,Kytai,Nguyen,,BE,5373,4,12,3,0,0,0,0,0,0,0,0,0,15
2025 - 2026,2025 Fall,GRAD,GRAD,Digant,Dave,,BE,5382,3,6,1,0,0,0,0,0,0,0,0,0,7
2025 - 2026,2025 Fall,GRAD,GRAD,Stephen,Van Noy,,BE,5388,26,18,0,0,0,0,0,0,0,0,0,0,18
2025 - 2026,2025 Fall,GRAD,GRAD,Kytai,Nguyen,,BE,6101,13,0,0,0,0,0,0,14,0,0,0,0,14
2025 - 2026,2025 Fall,GRAD,GRAD,Salman,Sohrabi,,BE,6101,13,0,0,0,0,0,0,14,0,0,0,0,14
2025 - 2026,2025 Fall,GRAD,UGRD,Dylan,Parks,,BIOL,2457,1,85,74,33,12,4,0,0,0,4,0,0,212
2025 - 2026,2025 Fall,GRAD,UGRD,Esther,Betran,,BIOL,3315,2,39,40,37,8,10,0,0,2,8,0,0,144
2025 - 2026,2025 Fall,GRAD,UGRD,Xavier,Aranda,,BIOL,4309,1,30,8,2,0,0,0,0,0,0,0,0,40
2025 - 2026,2025 Fall,GRAD,UGRD,Xavier,Aranda,,BIOL,4355,1,18,0,0,0,0,0,0,0,0,0,0,18
2025 - 2026,2025 Fall,GRAD,GRAD,Heather,Charles,,BIOL,5309,1,6,2,0,0,0,0,0,0,0,0,0,8
2025 - 2026,2025 Fall,GRAD,GRAD,Heather,Charles,,BIOL,5309,2,7,4,0,0,1,0,0,0,2,0,0,14
2025 - 2026,2025 Fall,GRAD,GRAD,Walter,Schargel,,BIOL,5314,1,21,7,0,0,0,1,0,0,0,0,0,29
2025 - 2026,2025 Fall,GRAD,GRAD,Jeffery,Demuth,,BIOL,5340,1,14,2,2,0,1,0,0,0,0,0,0,19
2025 - 2026,2025 Fall,GRAD,GRAD,Jeffery,Demuth,,BIOL,5340,2,59,7,0,2,0,0,0,0,1,0,0,69
2025 - 2026,2025 Fall,GRAD,GRAD,Corey,Roelke,,BIOL,5354,2,8,0,0,0,0,0,0,0,0,0,0,8
2025 - 2026,2025 Fall,GRAD,GRAD,Melissa,Walsh,,BIOL,5355,1,8,6,0,0,0,0,0,0,2,0,0,16
2025 - 2026,2025 Fall,GRAD,GRAD,Alison,Ravenscraft,,BIOL,6101,1,20,0,0,0,0,0,0,0,0,0,0,20
2025 - 2026,2025 Fall,GRAD,GRAD,Matthew,Fujita,,BIOL,6301,1,11,0,0,0,0,0,0,0,0,0,0,11
2025 - 2026,2025 Fall,GRAD,GRAD,Roger,Meiners,,BLAW,5330,6,5,7,7,1,2,0,0,0,3,0,0,25
2025 - 2026,2025 Fall,GRAD,GRAD,Roger,Meiners,,BLAW,5330,60,11,11,6,0,1,0,0,0,0,0,0,29
2025 - 2026,2025 Fall,GRAD,GRAD,Scott,Smith,,BLAW,5332,1,6,6,0,0,1,0,0,0,1,0,0,14
2025 - 2026,2025 Fall,GRAD,GRAD,Douglas,Grisaffe,,BSAD,6314,1,9,5,0,0,0,0,0,0,0,0,0,14
2025 - 2026,2025 Fall,GRAD,GRAD,Mahmut,Yasar,,BSAD,6317,1,8,5,0,0,0,0,0,0,0,0,0,13
2025 - 2026,2025 Fall,GRAD,UGRD,Kay Yut,Chen,,BSTAT,3321,4,9,25,20,2,1,0,0,2,3,0,0,62
2025 - 2026,2025 Fall,GRAD,GRAD,Neshat,Beheshti,,BSTAT,5301,1,4,3,1,0,0,0,0,0,2,0,0,10
2025 - 2026,2025 Fall,GRAD,GRAD,Yi,Liu,,BSTAT,5325,1,13,17,3,1,0,0,0,0,3,0,0,37
2025 - 2026,2025 Fall,GRAD,GRAD,Pradip,Som,,BSTAT,5325,5,4,3,0,0,1,0,0,0,0,0,0,8
2025 - 2026,2025 Fall,GRAD,GRAD,Jayarajan,Samuel,,BSTAT,5325,30,7,0,0,0,0,0,0,0,0,0,0,7
2025 - 2026,2025 Fall,GRAD,UGRD,Rosabelle Louise,Caram,,CE,3143,2,3,7,1,1,4,0,0,0,0,0,0,16
2025 - 2026,2025 Fall,GRAD,UGRD,Jinzhu,Yu,,CE,3301,101,8,5,3,0,1,0,0,0,0,0,0,17
2025 - 2026,2025 Fall,GRAD,UGRD,Yiyi,Zhang,,CE,3301,101,8,5,3,0,1,0,0,0,0,0,0,17
2025 - 2026,2025 Fall,GRAD,UGRD,Xinbao,Yu,,CE,3343,1,12,5,5,1,3,0,0,0,0,0,0,26
2025 - 2026,2025 Fall,GRAD,GRAD,Mohammad,Najafi,,CE,5191,5,0,0,0,0,0,0,14,0,0,0,0,14
2025 - 2026,2025 Fall,GRAD,GRAD,Warda,Ashraf,,CE,5300,2,9,0,0,0,0,0,0,0,0,0,0,9
2025 - 2026,2025 Fall,GRAD,GRAD,Juan,Balderrama,,CE,5306,1,7,0,0,0,0,0,0,0,0,0,0,7
2025 - 2026,2025 Fall,GRAD,GRAD,Nur,Yazdani,,CE,5312,1,10,15,6,2,2,0,0,0,0,0,0,35
2025 - 2026,2025 Fall,GRAD,GRAD,Shih-Ho,Chao,,CE,5314,1,2,4,1,0,0,0,0,0,0,0,0,7
2025 - 2026,2025 Fall,GRAD,GRAD,Himan,Hojat Jalali,,CE,5315,1,16,10,4,0,0,0,0,0,1,0,0,31
2025 - 2026,2025 Fall,GRAD,GRAD,Himan,Hojat Jalali,,CE,5315,101,8,7,1,0,0,1,0,0,1,0,0,18
2025 - 2026,2025 Fall,GRAD,GRAD,Hyeok,Choi,,CE,5318,1,8,1,0,0,0,0,0,0,0,0,0,9
2025 - 2026,2025 Fall,GRAD,GRAD,Mohammad,Rababeh,,CE,5320,1,7,8,4,0,0,0,0,0,0,0,0,19
2025 - 2026,2025 Fall,GRAD,GRAD,Mohammad,Rababeh,,CE,5320,101,5,1,1,0,0,0,0,0,0,0,0,7
2025 - 2026,2025 Fall,GRAD,GRAD,Pengfei,Li,,CE,5331,1,6,0,0,0,0,0,0,0,0,0,0,6
2025 - 2026,2025 Fall,GRAD,GRAD,Kyung,Hyun,,CE,5337,1,4,2,2,0,0,0,0,0,0,0,0,8
2025 - 2026,2025 Fall,GRAD,GRAD,Kyung,Hyun,,CE,5337,101,3,3,0,0,0,0,0,0,1,0,0,7
2025 - 2026,2025 Fall,GRAD,GRAD,Nilo,Tsung,,CE,5340,1,5,1,0,0,0,0,0,0,0,0,0,6
2025 - 2026,2025 Fall,GRAD,GRAD,Stefan,Romanoschi,,CE,5341,1,5,2,0,0,1,0,0,0,0,0,0,8
2025 - 2026,2025 Fall,GRAD,GRAD,Stefan,Romanoschi,,CE,5341,101,5,2,1,0,0,0,0,0,0,0,0,8
2025 - 2026,2025 Fall,GRAD,GRAD,Md Nazmus,Sakib,,CE,5343,1,10,0,0,0,0,0,0,0,1,0,0,11
2025 - 2026,2025 Fall,GRAD,GRAD,Mohammad,Najafi,,CE,5344,1,4,1,3,0,0,0,0,0,0,0,0,8
2025 - 2026,2025 Fall,GRAD,GRAD,Habib,Ahmari,,CE,5346,1,3,4,3,0,0,0,0,0,1,0,0,11
2025 - 2026,2025 Fall,GRAD,GRAD,Ramtin,Serajiantehrani,,CE,5350,1,9,2,0,0,0,0,0,0,0,0,0,11
2025 - 2026,2025 Fall,GRAD,GRAD,Raad,Azzawi,,CE,5351,1,0,6,0,0,0,0,0,0,0,0,0,6
2025 - 2026,2025 Fall,GRAD,GRAD,Niloofar,Parsaeifard,,CE,5355,1,0,4,3,0,0,0,0,0,0,0,0,7
2025 - 2026,2025 Fall,GRAD,GRAD,Nasrin,Attar,,CE,5356,1,10,0,0,0,0,0,0,0,1,0,0,11
2025 - 2026,2025 Fall,GRAD,GRAD,Xiwei,Li,,CE,5364,1,4,1,0,0,0,0,0,0,1,0,0,6
2025 - 2026,2025 Fall,GRAD,GRAD,Md,Hossain,,CE,5365,1,8,2,0,0,0,0,0,0,2,0,0,12
2025 - 2026,2025 Fall,GRAD,GRAD,Laureano,Hoyos,,CE,5368,1,7,1,0,0,0,0,0,0,0,0,0,8
2025 - 2026,2025 Fall,GRAD,GRAD,Laureano,Hoyos,,CE,5370,1,5,1,3,0,0,0,0,0,0,0,0,9
2025 - 2026,2025 Fall,GRAD,GRAD,Md,Hossain,,CE,5375,1,8,2,0,0,0,0,0,0,0,0,0,10
2025 - 2026,2025 Fall,GRAD,GRAD,Niloofar,Parsaeifard,,CE,5377,1,6,0,2,1,0,0,0,0,0,0,0,9
2025 - 2026,2025 Fall,GRAD,GRAD,Juan,Balderrama,,CE,5385,1,6,3,0,0,0,0,0,0,0,0,0,9
2025 - 2026,2025 Fall,GRAD,GRAD,Nilo,Tsung,,CE,5387,1,2,4,2,0,0,0,0,0,0,0,0,8
2025 - 2026,2025 Fall,GRAD,GRAD,Adnan,Rajib,,CE,6997,17,0,0,0,0,0,0,0,0,0,0,6,6
2025 - 2026,2025 Fall,GRAD,UGRD,Subhrangsu,Mandal,Cynthia Griffith; Joshua Taylor,CHEM,2182,1,13,4,0,0,0,0,0,0,1,0,0,18
2025 - 2026,2025 Fall,GRAD,UGRD,Xue,Xu,Cynthia Griffith; Joshua Taylor,CHEM,2182,1,13,4,0,0,0,0,0,0,1,0,0,18
2025 - 2026,2025 Fall,GRAD,UGRD,Xue,Xu,,CHEM,2322,1,19,13,16,2,9,0,0,0,6,0,0,65
2025 - 2026,2025 Fall,GRAD,UGRD,Joshua,Crowell,,CHEM,4312,1,15,3,13,2,0,0,0,0,2,0,0,35
2025 - 2026,2025 Fall,GRAD,UGRD,Frederick,Macdonnell,,CHEM,4318,1,7,14,5,4,0,0,0,1,2,0,0,33
2025 - 2026,2025 Fall,GRAD,GRAD,Saiful,Chowdhury,,CHEM,5011,1,29,0,0,0,0,0,0,0,0,0,0,29
2025 - 2026,2025 Fall,GRAD,GRAD,Charles,Shelor,,CHEM,5321,1,7,3,0,0,0,1,0,0,0,0,0,11
2025 - 2026,2025 Fall,GRAD,GRAD,Saiful,Chowdhury,,CHEM,5324,1,11,1,0,0,0,0,0,0,0,0,0,12
2025 - 2026,2025 Fall,GRAD,GRAD,Kayunta,Johnson-Winters,,CHEM,5331,1,6,10,2,0,0,0,0,0,0,0,0,18
2025 - 2026,2025 Fall,GRAD,GRAD,Gyeongjin,Park,,CHEM,5341,1,9,8,0,0,0,0,0,0,0,0,0,17
2025 - 2026,2025 Fall,GRAD,GRAD,Joseph,Buonomo,,CHEM,5351,1,7,2,0,0,0,0,0,0,0,0,0,9
2025 - 2026,2025 Fall,GRAD,GRAD,Junha,Jeon,,CHEM,5355,1,3,3,0,0,0,0,0,0,0,0,0,6
2025 - 2026,2025 Fall,GRAD,GRAD,Joseph,Buonomo,,CHEM,5380,1,22,0,0,0,0,0,0,0,0,0,0,22
2025 - 2026,2025 Fall,GRAD,GRAD,Sherri,McFarland,,CHEM,5382,1,12,0,0,0,0,0,0,0,0,0,0,12
2025 - 2026,2025 Fall,GRAD,GRAD,Gyeongjin,Park,,CHEM,6011,1,0,0,0,0,0,0,28,0,0,0,0,28
2025 - 2026,2025 Fall,GRAD,GRAD,Subhrangsu,Mandal,Byung Ran So; Charles Shelor; Frank Foss; Frederick Macdonnell; Gyeongjin Park; He Dong; Jongyun Heo; Joseph Buonomo; Junha Jeon; Kayunta Johnson-Winters; Kevin Schug; Krishnan Rajeshwar; Kwangho Nam; Peter Kroll; Purnendu Dasgupta; Rasika Dias; Robi,CHEM,6012,1,28,0,0,0,0,0,0,0,0,0,0,28
2025 - 2026,2025 Fall,GRAD,GRAD,Nilo,Tsung,,CM,5313,1,2,20,0,0,0,0,0,0,0,0,0,22
2025 - 2026,2025 Fall,GRAD,GRAD,Nilo,Tsung,,CM,5340,1,29,2,0,0,0,0,0,0,0,0,0,31
2025 - 2026,2025 Fall,GRAD,GRAD,Nilo,Tsung,,CM,5340,101,8,1,0,0,0,0,0,0,0,0,0,9
2025 - 2026,2025 Fall,GRAD,GRAD,Nilo,Tsung,,CM,5342,1,24,17,0,0,0,0,0,0,0,0,0,41
2025 - 2026,2025 Fall,GRAD,GRAD,Nilo,Tsung,,CM,5342,101,6,1,0,0,0,0,0,0,0,0,0,7
2025 - 2026,2025 Fall,GRAD,GRAD,Md Nazmus,Sakib,,CM,5343,1,15,0,0,0,0,0,0,0,0,0,0,15
2025 - 2026,2025 Fall,GRAD,GRAD,Mohammad,Najafi,,CM,5344,1,11,20,3,0,0,0,0,0,1,0,0,35
2025 - 2026,2025 Fall,GRAD,GRAD,Ramtin,Serajiantehrani,,CM,5350,1,17,5,0,0,0,0,0,0,1,0,0,23
2025 - 2026,2025 Fall,GRAD,GRAD,Niloofar,Parsaeifard,,CM,5355,1,20,15,3,0,0,0,0,0,0,0,0,38
2025 - 2026,2025 Fall,GRAD,GRAD,Niloofar,Parsaeifard,,CM,5355,101,5,7,0,0,0,0,0,0,0,0,0,12
2025 - 2026,2025 Fall,GRAD,GRAD,Niloofar,Parsaeifard,,CM,5377,1,16,3,7,1,0,0,0,0,0,0,0,27
2025 - 2026,2025 Fall,GRAD,GRAD,Zhe,Yin,,CM,5378,1,23,12,1,1,1,0,0,0,0,0,0,38
2025 - 2026,2025 Fall,GRAD,GRAD,Karthikeyan,Loganathan,,CM,5379,1,19,1,1,0,1,0,0,0,0,0,0,22
2025 - 2026,2025 Fall,GRAD,GRAD,Somin,Park,,CM,5386,1,20,7,2,0,0,0,0,0,0,0,0,29
2025 - 2026,2025 Fall,GRAD,GRAD,Nilo,Tsung,,CM,5387,1,10,13,5,0,0,0,0,0,0,0,0,28
2025 - 2026,2025 Fall,GRAD,GRAD,Nilo,Tsung,,CM,5387,101,4,6,1,0,0,0,0,0,0,0,0,11
2025 - 2026,2025 Fall,GRAD,GRAD,Roger,Gans,,COMM,5310,1,7,1,0,0,0,0,0,0,0,0,0,8
2025 - 2026,2025 Fall,GRAD,GRAD,Dustin,Harp,,COMM,5392,1,8,2,1,0,0,0,0,0,0,0,0,11
2025 - 2026,2025 Fall,GRAD,GRAD,Jaya,Davis,,CRCJ,5301,1,10,2,1,0,0,0,0,0,0,0,0,13
2025 - 2026,2025 Fall,GRAD,GRAD,Jaya,Davis,,CRCJ,5301,2,12,3,1,0,0,0,0,0,0,0,0,16
2025 - 2026,2025 Fall,GRAD,GRAD,Christi,Gullion,,CRCJ,5309,1,1,4,0,1,0,0,0,0,0,0,0,6
2025 - 2026,2025 Fall,GRAD,GRAD,Christi,Gullion,,CRCJ,5309,2,7,6,0,0,1,0,0,0,1,0,0,15
2025 - 2026,2025 Fall,GRAD,GRAD,Seokjin,Jeong,,CRCJ,5350,1,10,0,0,0,0,0,0,0,1,0,0,11
2025 - 2026,2025 Fall,GRAD,GRAD,Seokjin,Jeong,,CRCJ,5350,2,15,2,0,0,0,0,0,0,0,0,0,17
2025 - 2026,2025 Fall,GRAD,GRAD,Keith,Owens,,CRCJ,5370,1,0,0,0,0,0,0,11,0,0,0,0,11
2025 - 2026,2025 Fall,GRAD,GRAD,Jaya,Davis,,CRCJ,5381,1,9,5,1,1,0,0,0,0,0,0,0,16
2025 - 2026,2025 Fall,GRAD,GRAD,Jaya,Davis,,CRCJ,5381,3,8,3,0,0,0,0,0,0,0,0,0,11
2025 - 2026,2025 Fall,GRAD,GRAD,James,Kelsay,,CRCJ,5393,4,4,7,2,0,0,0,0,0,1,0,0,14
2025 - 2026,2025 Fall,GRAD,GRAD,David,Levine,,CSE,5191,1,0,0,0,0,0,0,8,0,0,0,0,8
2025 - 2026,2025 Fall,GRAD,GRAD,David,Levine,,CSE,5192,1,0,0,0,0,0,0,9,0,0,0,0,9
2025 - 2026,2025 Fall,GRAD,GRAD,Negin,Fraidouni,,CSE,5301,1,27,17,10,2,2,0,0,0,0,0,0,58
2025 - 2026,2025 Fall,GRAD,GRAD,Negin,Fraidouni,,CSE,5301,3,11,14,11,4,4,0,0,0,5,0,0,49
2025 - 2026,2025 Fall,GRAD,GRAD,Negin,Fraidouni,,CSE,5301,6,3,9,3,1,0,0,0,0,1,0,0,17
2025 - 2026,2025 Fall,GRAD,GRAD,Bhanu,Jain,,CSE,5305,1,7,0,0,0,0,0,0,0,0,0,0,7
2025 - 2026,2025 Fall,GRAD,GRAD,Donna,French,,CSE,5305,220,9,4,1,0,0,0,0,0,0,0,0,14
2025 - 2026,2025 Fall,GRAD,GRAD,Md Hasanuzzaman,Noor,,CSE,5306,2,35,19,4,2,0,0,0,0,0,0,0,60
2025 - 2026,2025 Fall,GRAD,GRAD,Jiayi,Meng,,CSE,5306,4,30,14,1,0,0,0,0,0,1,0,0,46
2025 - 2026,2025 Fall,GRAD,GRAD,Song,Jiang,,CSE,5311,3,7,12,0,0,1,0,0,0,0,0,0,20
2025 - 2026,2025 Fall,GRAD,GRAD,Negin,Fraidouni,,CSE,5311,6,32,15,3,0,0,0,0,0,0,0,0,50
2025 - 2026,2025 Fall,GRAD,GRAD,Bhanu,Jain,,CSE,5311,8,33,6,0,0,0,0,0,0,0,0,0,39
2025 - 2026,2025 Fall,GRAD,GRAD,Junzhou,Huang,,CSE,5311,12,16,6,0,0,0,0,0,0,2,0,0,24
2025 - 2026,2025 Fall,GRAD,GRAD,Alex,Dillhoff,,CSE,5311,220,6,8,2,1,0,0,0,0,0,0,0,17
2025 - 2026,2025 Fall,GRAD,GRAD,Md Salik,Parwez,,CSE,5315,1,17,11,7,2,0,0,0,0,0,0,0,37
2025 - 2026,2025 Fall,GRAD,GRAD,Md Salik,Parwez,,CSE,5315,2,20,4,1,0,0,0,0,0,0,0,0,25
2025 - 2026,2025 Fall,GRAD,GRAD,Giridhar,Amaravadi,,CSE,5321,2,42,2,0,0,0,0,0,0,0,0,0,44
2025 - 2026,2025 Fall,GRAD,GRAD,Giridhar,Amaravadi,,CSE,5321,220,16,1,0,0,0,0,0,0,0,0,0,17
2025 - 2026,2025 Fall,GRAD,GRAD,David,Kung,,CSE,5322,1,6,0,0,0,0,0,0,0,0,0,0,6
2025 - 2026,2025 Fall,GRAD,GRAD,Giridhar,Amaravadi,,CSE,5325,1,53,6,0,0,0,0,0,0,1,0,0,60
2025 - 2026,2025 Fall,GRAD,GRAD,Farnaz,Farahanipad,,CSE,5325,4,19,5,1,0,0,0,0,0,0,0,0,25
2025 - 2026,2025 Fall,GRAD,GRAD,Abhishek,Santra,,CSE,5330,3,10,16,0,0,0,0,0,0,0,0,0,26
2025 - 2026,2025 Fall,GRAD,GRAD,Yonghe,Liu,,CSE,5330,230,0,0,0,0,0,0,45,0,0,0,0,45
2025 - 2026,2025 Fall,GRAD,GRAD,Habeeb,Olufowobi,,CSE,5333,1,18,7,1,0,0,0,0,0,0,0,0,26
2025 - 2026,2025 Fall,GRAD,GRAD,Elizabeth,Diaz,,CSE,5334,2,17,3,0,0,0,0,0,0,0,0,0,20
2025 - 2026,2025 Fall,GRAD,GRAD,Soumaya,Gharsallaoui,,CSE,5334,3,11,0,1,0,0,0,0,0,1,0,0,13
2025 - 2026,2025 Fall,GRAD,GRAD,Soumaya,Gharsallaoui,,CSE,5334,4,4,2,0,0,0,0,0,0,0,0,0,6
2025 - 2026,2025 Fall,GRAD,GRAD,Md Hasanuzzaman,Noor,,CSE,5334,230,15,18,10,0,2,0,0,0,0,0,0,45
2025 - 2026,2025 Fall,GRAD,GRAD,Leonidas,Fegaras,,CSE,5335,1,17,24,7,0,0,0,0,0,1,0,0,49
2025 - 2026,2025 Fall,GRAD,GRAD,Elizabeth,Diaz,,CSE,5335,3,14,2,4,0,0,0,0,0,0,0,0,20
2025 - 2026,2025 Fall,GRAD,GRAD,Elizabeth,Diaz,,CSE,5335,5,41,7,1,0,0,0,0,0,0,0,0,49
2025 - 2026,2025 Fall,GRAD,GRAD,Muhammad Ozair,Mughal,,CSE,5342,1,8,0,0,0,0,0,0,0,0,0,0,8
2025 - 2026,2025 Fall,GRAD,GRAD,Hao,Che,,CSE,5344,1,7,1,0,0,0,0,0,0,0,0,0,8
2025 - 2026,2025 Fall,GRAD,GRAD,Debashri,Roy,,CSE,5344,4,29,1,0,0,0,0,0,0,0,0,0,30
2025 - 2026,2025 Fall,GRAD,GRAD,David,Levine,,CSE,5350,1,23,7,0,0,1,0,0,0,0,0,0,31
2025 - 2026,2025 Fall,GRAD,GRAD,Ishfaq,Ahmad,,CSE,5351,1,9,2,1,0,0,0,0,0,0,0,0,12
2025 - 2026,2025 Fall,GRAD,GRAD,Hui,Lu,,CSE,5359,1,6,0,0,0,0,0,0,0,0,0,0,6
2025 - 2026,2025 Fall,GRAD,GRAD,Vamsikrishna,Gopikrishna,,CSE,5360,1,16,3,3,0,0,0,0,0,0,0,0,22
2025 - 2026,2025 Fall,GRAD,GRAD,Vamsikrishna,Gopikrishna,,CSE,5360,2,11,3,0,0,0,0,0,0,0,0,0,14
2025 - 2026,2025 Fall,GRAD,GRAD,Vamsikrishna,Gopikrishna,,CSE,5360,3,5,2,0,0,1,0,0,0,0,0,0,8
2025 - 2026,2025 Fall,GRAD,GRAD,Vamsikrishna,Gopikrishna,,CSE,5360,4,16,16,2,0,0,0,0,0,0,0,0,34
2025 - 2026,2025 Fall,GRAD,GRAD,Miao,Yin,,CSE,5360,5,37,1,0,0,0,0,0,0,0,0,0,38
2025 - 2026,2025 Fall,GRAD,GRAD,Vamsikrishna,Gopikrishna,,CSE,5360,6,6,8,1,1,0,0,0,0,0,0,0,16
2025 - 2026,2025 Fall,GRAD,GRAD,Nicholas,Gans,,CSE,5364,1,7,1,0,0,0,0,0,0,0,0,0,8
2025 - 2026,2025 Fall,GRAD,GRAD,Farhad,Kamangar,,CSE,5365,1,1,5,1,0,1,0,0,0,0,0,0,8
2025 - 2026,2025 Fall,GRAD,GRAD,Farhad,Kamangar,,CSE,5368,2,11,10,2,2,0,0,0,0,2,0,0,27
2025 - 2026,2025 Fall,GRAD,GRAD,Jacob,Luber,,CSE,5370,1,16,0,0,0,0,0,0,0,0,0,0,16
2025 - 2026,2025 Fall,GRAD,GRAD,Faysal Hossain,Shezan,,CSE,5380,7,7,0,0,0,0,0,0,0,0,0,0,7
2025 - 2026,2025 Fall,GRAD,GRAD,Jude,Agujiobi,,CSE,5381,220,9,0,1,0,0,0,0,0,0,0,0,10
2025 - 2026,2025 Fall,GRAD,GRAD,Thomas,Jones,,CSE,5382,1,12,12,4,3,5,0,0,0,3,0,0,39
2025 - 2026,2025 Fall,GRAD,GRAD,Manfred,Huber,,CSE,5383,1,4,9,1,0,0,0,0,0,0,0,0,14
2025 - 2026,2025 Fall,GRAD,GRAD,Chengkai,Li,,CSE,5392,1,3,3,0,0,1,0,0,0,0,0,0,7
2025 - 2026,2025 Fall,GRAD,GRAD,Jason,Losh,,CSE,5392,56,6,0,0,0,0,0,0,0,0,0,0,6
2025 - 2026,2025 Fall,GRAD,GRAD,Farnaz,Farahanipad,,CSE,6324,3,12,2,1,0,0,0,0,0,0,0,0,15
2025 - 2026,2025 Fall,GRAD,GRAD,Farnaz,Farahanipad,,CSE,6324,4,36,1,1,0,0,0,0,0,0,0,0,38
2025 - 2026,2025 Fall,GRAD,GRAD,Vassilis,Athitsos,,CSE,6324,230,23,16,5,0,0,1,0,0,0,0,0,45
2025 - 2026,2025 Fall,GRAD,GRAD,Md Hasanuzzaman,Noor,,CSE,6331,230,14,21,9,0,2,0,0,0,0,0,0,46
2025 - 2026,2025 Fall,GRAD,GRAD,David,Levine,,CSE,6332,2,9,3,0,0,0,0,0,0,0,0,0,12
2025 - 2026,2025 Fall,GRAD,GRAD,Md Hasanuzzaman,Noor,,CSE,6332,3,36,4,0,0,1,0,0,0,0,0,0,41
2025 - 2026,2025 Fall,GRAD,GRAD,Stoddard,Rosenkrantz,,CSE,6332,220,8,3,0,0,0,0,0,0,0,0,0,11
2025 - 2026,2025 Fall,GRAD,GRAD,Hui,Lu,,CSE,6359,1,24,0,0,0,0,0,0,0,0,0,0,24
2025 - 2026,2025 Fall,GRAD,GRAD,Jesus,Gonzalez,,CSE,6363,3,17,11,0,0,0,0,0,0,0,0,0,28
2025 - 2026,2025 Fall,GRAD,GRAD,Jesus,Gonzalez,,CSE,6363,4,22,7,0,0,0,0,0,0,0,0,0,29
2025 - 2026,2025 Fall,GRAD,GRAD,Alex,Dillhoff,,CSE,6363,7,58,1,0,1,0,0,0,0,0,0,0,60
2025 - 2026,2025 Fall,GRAD,GRAD,Alex,Dillhoff,,CSE,6363,220,8,1,0,0,1,0,0,0,0,0,0,10
2025 - 2026,2025 Fall,GRAD,GRAD,Marnim,Galib,,CSE,6367,1,30,3,0,0,0,0,0,0,0,0,0,33
2025 - 2026,2025 Fall,GRAD,GRAD,Diego,Patino,,CSE,6367,2,9,4,0,0,0,0,0,0,0,0,0,13
2025 - 2026,2025 Fall,GRAD,GRAD,Diego,Patino,,CSE,6367,102,7,2,0,0,0,0,0,0,0,0,0,9
2025 - 2026,2025 Fall,GRAD,GRAD,Dajiang,Zhu,,CSE,6389,1,13,2,0,0,0,0,0,0,0,0,0,15
2025 - 2026,2025 Fall,GRAD,GRAD,Mohammad,Islam,,CSE,6397,34,0,0,0,0,0,0,6,0,0,0,0,6
2025 - 2026,2025 Fall,GRAD,GRAD,Junzhou,Huang,,CSE,6699,3,0,0,0,0,0,0,0,0,0,0,7,7
2025 - 2026,2025 Fall,GRAD,GRAD,Soumaya,Gharsallaoui,,DASC,5300,1,9,5,0,0,1,0,0,0,0,0,0,15
2025 - 2026,2025 Fall,GRAD,GRAD,Marnim,Galib,Rozsa Zaruba,DASC,5301,1,14,4,0,0,1,0,0,0,0,0,0,19
2025 - 2026,2025 Fall,GRAD,GRAD,Obiageli Lawrentia,Ngwu,,DASC,5302,1,14,2,0,0,1,0,0,0,0,0,0,17
2025 - 2026,2025 Fall,GRAD,GRAD,Obiageli Lawrentia,Ngwu,,DASC,5303,1,25,3,0,0,0,0,0,0,0,0,0,28
2025 - 2026,2025 Fall,GRAD,GRAD,Obiageli Lawrentia,Ngwu,,DASC,5303,2,15,1,1,0,0,0,0,0,0,0,0,17
2025 - 2026,2025 Fall,GRAD,GRAD,Soumaya,Gharsallaoui,,DASC,5304,2,22,5,0,0,0,0,0,0,0,0,0,27
2025 - 2026,2025 Fall,GRAD,GRAD,Rozsa,Zaruba,,DASC,5305,1,27,0,0,0,0,0,0,0,0,0,0,27
2025 - 2026,2025 Fall,GRAD,GRAD,Abhishek,Santra,,DASC,5306,1,9,18,0,0,0,0,0,0,0,0,0,27
2025 - 2026,2025 Fall,GRAD,GRAD,Rozsa,Zaruba,,DASC,5309,1,44,1,0,0,0,0,0,0,0,0,0,45
2025 - 2026,2025 Fall,GRAD,GRAD,Rozsa,Zaruba,,DASC,5391,1,7,0,0,0,0,0,0,0,0,0,0,7
2025 - 2026,2025 Fall,GRAD,GRAD,Tatia,Jacobson Jordan,,ECON,5300,6,20,0,0,0,0,0,0,0,0,0,0,20
2025 - 2026,2025 Fall,GRAD,GRAD,Tara,Brown,,ECON,5313,1,15,8,6,0,1,0,0,0,3,0,0,33
2025 - 2026,2025 Fall,GRAD,GRAD,Tara,Brown,,ECON,5313,60,12,16,6,2,0,0,0,0,1,0,0,37
2025 - 2026,2025 Fall,GRAD,GRAD,Yibin,Li,,ECON,5313,70,33,19,1,0,0,0,0,0,1,0,0,54
2025 - 2026,2025 Fall,GRAD,GRAD,Mahmut,Yasar,,ECON,5313,71,10,6,0,0,0,0,0,0,1,0,0,17
2025 - 2026,2025 Fall,GRAD,GRAD,Hui,Cao,,ECON,5313,72,45,5,0,0,0,0,0,0,1,0,0,51
2025 - 2026,2025 Fall,GRAD,GRAD,Xiaohui,Hou,,ECON,5313,73,32,26,0,0,0,0,0,0,6,0,0,64
2025 - 2026,2025 Fall,GRAD,GRAD,Michael,Ward,,ECON,5314,1,9,4,0,0,0,0,0,0,0,0,0,13
2025 - 2026,2025 Fall,GRAD,GRAD,Yutong,Chen,,ECON,5317,1,5,4,1,0,0,0,0,0,0,0,0,10
2025 - 2026,2025 Fall,GRAD,GRAD,Shih-Chang,Lin,,ECON,5321,70,9,8,0,0,0,0,0,0,0,0,0,17
2025 - 2026,2025 Fall,GRAD,GRAD,Christy,Spivey,,ECON,5333,6,4,5,0,0,1,0,0,0,0,0,0,10
2025 - 2026,2025 Fall,GRAD,GRAD,Mahmut,Yasar,,ECON,5336,1,10,8,0,0,0,0,0,0,0,0,0,18
2025 - 2026,2025 Fall,GRAD,GRAD,Aaron,Smallwood,,ECON,5337,1,3,2,1,0,0,1,0,0,1,0,0,8
2025 - 2026,2025 Fall,GRAD,GRAD,Christopher,Candreva,,ECON,5337,2,12,2,1,0,0,0,0,0,0,0,0,15
2025 - 2026,2025 Fall,GRAD,GRAD,William,Crowder,,ECON,5341,1,13,0,0,0,0,0,0,0,0,0,0,13
2025 - 2026,2025 Fall,GRAD,GRAD,Michael,Ward,,ECON,5343,1,7,4,0,0,0,0,0,0,0,0,0,11
2025 - 2026,2025 Fall,GRAD,GRAD,Terry-Ann,Rodriguez,,EDAD,5322,1,47,1,1,0,0,0,0,0,0,0,0,49
2025 - 2026,2025 Fall,GRAD,GRAD,Yi,Zhang,,EDAD,5322,1,6,0,0,0,0,0,0,0,0,0,0,6
2025 - 2026,2025 Fall,GRAD,GRAD,Terry-Ann,Rodriguez,,EDAD,5322,3,32,2,0,0,0,0,0,0,1,0,0,35
2025 - 2026,2025 Fall,GRAD,GRAD,Terry-Ann,Rodriguez,,EDAD,5330,1,31,1,1,0,0,0,0,0,1,0,0,34
2025 - 2026,2025 Fall,GRAD,GRAD,Meredith,Billings,,EDAD,5352,1,6,0,0,0,0,0,0,0,0,0,0,6
2025 - 2026,2025 Fall,GRAD,GRAD,Meesha,Jones,,EDAD,5360,1,23,4,1,0,0,0,0,0,1,0,0,29
2025 - 2026,2025 Fall,GRAD,GRAD,Jessica,Knox,,EDAD,5383,1,42,2,0,0,1,0,0,0,1,0,0,46
2025 - 2026,2025 Fall,GRAD,GRAD,Meesha,Jones,,EDAD,5383,3,44,4,2,0,0,0,0,0,0,0,0,50
2025 - 2026,2025 Fall,GRAD,GRAD,Jessica,Knox,,EDAD,5383,4,40,0,0,0,1,0,0,0,1,0,0,42
2025 - 2026,2025 Fall,GRAD,GRAD,Joel,Leader,,EDAD,5389,1,39,2,1,0,0,0,0,0,3,0,0,45
2025 - 2026,2025 Fall,GRAD,GRAD,Joel,Leader,,EDAD,5389,3,22,0,0,0,0,0,0,0,1,0,0,23
2025 - 2026,2025 Fall,GRAD,GRAD,Terry-Ann,Rodriguez,,EDAD,5399,1,33,6,0,0,0,0,0,0,1,0,0,40
2025 - 2026,2025 Fall,GRAD,GRAD,Yi,Zhang,,EDAD,6301,1,6,0,0,0,0,0,0,0,0,0,0,6
2025 - 2026,2025 Fall,GRAD,GRAD,Ericka,Roland,,EDAD,6304,1,6,0,0,0,0,0,0,0,0,0,0,6
2025 - 2026,2025 Fall,GRAD,GRAD,Elsa,Camargo,,EDAD,6308,1,9,0,0,0,0,0,0,0,0,0,0,9
2025 - 2026,2025 Fall,GRAD,GRAD,Jin,Liu,,EDAD,6315,1,5,2,0,0,0,0,0,0,0,0,0,7
2025 - 2026,2025 Fall,GRAD,GRAD,Ericka,Roland,,EDAD,6392,2,4,2,0,0,0,0,0,0,1,0,0,7
2025 - 2026,2025 Fall,GRAD,GRAD,Lauren,Weisberg,,EDUC,5309,106,27,8,2,1,2,0,0,0,1,0,0,41
2025 - 2026,2025 Fall,GRAD,GRAD,Jodi,Tommerdahl,,EDUC,5361,1,17,1,1,1,1,0,0,0,2,0,0,23
2025 - 2026,2025 Fall,GRAD,GRAD,Jodi,Tommerdahl,,EDUC,5363,1,8,2,1,0,1,0,0,0,0,0,0,12
2025 - 2026,2025 Fall,GRAD,GRAD,Daniel,Robinson,,EDUC,5366,1,16,2,1,0,0,0,0,0,1,0,0,20
2025 - 2026,2025 Fall,GRAD,GRAD,Jin,Liu,,EDUC,5394,106,26,3,1,0,0,0,0,0,1,0,0,31
2025 - 2026,2025 Fall,GRAD,UGRD,Howard,Russell,,EE,3346,1,10,34,17,4,2,0,0,2,2,0,0,71
2025 - 2026,2025 Fall,GRAD,UGRD,Guang-Wen,Pan,,EE,3407,1,39,25,9,8,3,0,0,4,0,0,0,88
2025 - 2026,2025 Fall,GRAD,UGRD,Saibun,Tjuatja,,EE,3407,1,39,25,9,8,3,0,0,4,0,0,0,88
2025 - 2026,2025 Fall,GRAD,GRAD,Yan,Wan,,EE,5307,1,3,2,2,0,0,0,0,0,0,0,0,7
2025 - 2026,2025 Fall,GRAD,GRAD,Yan,Wan,,EE,5307,2,6,1,0,0,0,0,0,0,0,0,0,7
2025 - 2026,2025 Fall,GRAD,GRAD,Rasool,Kenarangui,,EE,5308,1,6,2,2,1,0,0,0,0,0,0,0,11
2025 - 2026,2025 Fall,GRAD,GRAD,Chenyun,Pan,,EE,5310,1,12,3,5,0,1,0,0,0,0,0,0,21
2025 - 2026,2025 Fall,GRAD,GRAD,Jon,Mitchell,,EE,5314,1,12,0,0,0,1,0,0,0,0,0,0,13
2025 - 2026,2025 Fall,GRAD,GRAD,Jason,Losh,,EE,5315,1,4,0,2,0,1,0,0,0,1,0,0,8
2025 - 2026,2025 Fall,GRAD,GRAD,Ahmet,Koru,,EE,5330,1,15,1,0,0,0,0,0,0,0,0,0,16
2025 - 2026,2025 Fall,GRAD,GRAD,Jonathan,Bredow,,EE,5331,1,5,0,2,0,0,0,0,0,0,0,0,7
2025 - 2026,2025 Fall,GRAD,GRAD,Zeynep,Celik,,EE,5343,1,4,6,2,0,0,0,0,0,0,0,0,12
2025 - 2026,2025 Fall,GRAD,GRAD,Michael,Manry,,EE,5353,1,20,3,0,0,0,0,0,0,1,0,0,24
2025 - 2026,2025 Fall,GRAD,GRAD,Qilian,Liang,,EE,5368,1,8,6,0,0,0,0,0,0,0,0,0,14
2025 - 2026,2025 Fall,GRAD,GRAD,Ali,Davoudi,,EE,5379,1,3,5,3,0,0,0,0,0,0,0,0,11
2025 - 2026,2025 Fall,GRAD,GRAD,Liwei,Zhou,,EE,5379,2,10,0,0,0,0,0,0,0,0,0,0,10
2025 - 2026,2025 Fall,GRAD,GRAD,Michael,Vasilyev,,EE,5380,1,8,2,0,0,0,0,0,0,0,0,0,10
2025 - 2026,2025 Fall,GRAD,GRAD,Seunghyun,Lee,,EE,5384,1,8,0,0,0,0,0,0,0,0,0,0,8
2025 - 2026,2025 Fall,GRAD,GRAD,Ramtin,Madani,,EE,6353,1,17,0,0,0,0,0,0,0,0,0,0,17
2025 - 2026,2025 Fall,GRAD,GRAD,Yichen,Zhang,,EE,6373,1,9,0,0,0,0,0,0,0,0,0,0,9
2025 - 2026,2025 Fall,GRAD,GRAD,Weidong,Zhou,,EE,6381,1,10,0,0,0,0,0,0,0,0,0,0,10
2025 - 2026,2025 Fall,GRAD,GRAD,Alison,Birch,,EMBA,5101,1,12,1,0,0,0,0,0,0,0,0,0,13
2025 - 2026,2025 Fall,GRAD,GRAD,Cynthia,St John,,EMBA,5101,1,12,1,0,0,0,0,0,0,0,0,0,13
2025 - 2026,2025 Fall,GRAD,GRAD,Liliana,Nordtvedt,,EMBA,5192,1,12,0,0,0,0,0,0,0,0,0,0,12
2025 - 2026,2025 Fall,GRAD,GRAD,Sridhar,Nerur,,EMBA,5206,1,12,0,0,0,0,0,0,0,0,0,0,12
2025 - 2026,2025 Fall,GRAD,GRAD,Cynthia,St John,,EMBA,5212,1,12,0,0,0,0,0,0,0,1,0,0,13
2025 - 2026,2025 Fall,GRAD,GRAD,Douglas,Grisaffe,,EMBA,5225,1,8,5,0,0,0,0,0,0,0,0,0,13
2025 - 2026,2025 Fall,GRAD,GRAD,Nandu,Nagarajan,,EMBA,5303,1,12,0,0,0,0,0,0,0,0,0,0,12
2025 - 2026,2025 Fall,GRAD,GRAD,Ramgopal,Venkataraman,,EMBA,5304,1,6,6,0,0,0,0,0,0,1,0,0,13
2025 - 2026,2025 Fall,GRAD,GRAD,Ritesh,Saini,,EMBA,5308,1,7,5,0,0,0,0,0,0,1,0,0,13
2025 - 2026,2025 Fall,GRAD,GRAD,David,Rakowski,,EMBA,5309,1,12,0,0,0,0,0,0,0,0,0,0,12
2025 - 2026,2025 Fall,GRAD,GRAD,Qing,Hao,,EMBA,5309,1,12,0,0,0,0,0,0,0,0,0,0,12
2025 - 2026,2025 Fall,GRAD,GRAD,Sriram,Villupuram,,EMBA,5309,1,12,0,0,0,0,0,0,0,0,0,0,12
2025 - 2026,2025 Fall,GRAD,GRAD,Desiree,Henderson,,ENGL,5300,1,13,0,0,0,1,0,0,0,0,0,0,14
2025 - 2026,2025 Fall,GRAD,GRAD,Amy,Tigner,,ENGL,5308,2,6,3,0,0,0,0,0,0,0,0,0,9
2025 - 2026,2025 Fall,GRAD,GRAD,James,Warren,,ENGL,5359,1,9,3,0,0,0,0,0,0,0,0,0,12
2025 - 2026,2025 Fall,GRAD,GRAD,Timothy,Morris,,ENGL,5365,1,9,0,0,0,0,0,0,0,0,0,0,9
2025 - 2026,2025 Fall,GRAD,GRAD,James,Warren,,ENGL,5389,1,4,4,3,0,0,0,0,0,0,0,0,11
2025 - 2026,2025 Fall,GRAD,GRAD,Penelope,Ingram,,ENGL,5391,19,7,3,0,0,0,0,0,0,0,0,0,10
2025 - 2026,2025 Fall,GRAD,GRAD,Amy,Hodges,,ENGL,6389,1,19,0,0,0,0,0,0,0,0,0,0,19
2025 - 2026,2025 Fall,GRAD,GRAD,Yunyao,Li,,EVSE,5199,1,0,0,0,0,0,0,15,0,0,0,0,15
2025 - 2026,2025 Fall,GRAD,GRAD,Joshua,Pulcinella,,EVSE,5303,1,6,1,0,0,0,0,0,0,0,0,0,7
2025 - 2026,2025 Fall,GRAD,UGRD,Brian,Dangelmaier,,EXSA,0170,2,11,4,3,1,3,0,0,0,1,0,0,23
2025 - 2026,2025 Fall,GRAD,GRAD,Salil,Sarkar,,FINA,5311,1,7,6,6,0,0,0,0,0,3,0,0,22
2025 - 2026,2025 Fall,GRAD,GRAD,Qing,Hao,,FINA,5311,60,26,10,1,0,0,0,0,0,0,0,0,37
2025 - 2026,2025 Fall,GRAD,GRAD,John,Adams,,FINA,5323,1,10,7,0,0,1,0,0,0,2,0,0,20
2025 - 2026,2025 Fall,GRAD,GRAD,Yibing,Du,,FINA,5327,1,6,8,0,0,0,0,0,0,1,0,0,15
2025 - 2026,2025 Fall,GRAD,GRAD,Jun,Chen,,FINA,5331,70,43,14,0,0,0,0,0,0,3,0,0,60
2025 - 2026,2025 Fall,GRAD,GRAD,Jun,Chen,,FINA,5331,71,61,0,0,0,0,0,0,0,2,0,0,63
2025 - 2026,2025 Fall,GRAD,GRAD,David,Rakowski,,FINA,5334,60,23,3,1,0,1,0,0,0,1,0,0,29
2025 - 2026,2025 Fall,GRAD,GRAD,Salil,Sarkar,,FINA,5340,1,8,1,1,0,1,0,0,0,2,0,0,13
2025 - 2026,2025 Fall,GRAD,GRAD,Jiachu,Song,,FINA,5340,70,43,3,0,0,0,0,0,0,0,0,0,46
2025 - 2026,2025 Fall,GRAD,GRAD,Jiachu,Song,,FINA,5340,71,39,5,0,0,0,0,0,0,0,0,0,44
2025 - 2026,2025 Fall,GRAD,GRAD,Jiachu,Song,,FINA,5340,72,42,8,0,0,0,0,0,0,0,0,0,50
2025 - 2026,2025 Fall,GRAD,GRAD,Jiachu,Song,,FINA,5340,73,40,10,0,0,0,0,0,0,0,0,0,50
2025 - 2026,2025 Fall,GRAD,GRAD,Jiachu,Song,,FINA,5340,74,53,7,0,0,0,0,0,0,0,0,0,60
2025 - 2026,2025 Fall,GRAD,GRAD,Che-Chun,Lin,,FINA,5340,75,17,0,0,0,0,0,0,0,0,0,0,17
2025 - 2026,2025 Fall,GRAD,GRAD,Anindita,Dey,,FINA,5350,1,11,8,1,0,0,0,0,0,1,0,0,21
2025 - 2026,2025 Fall,GRAD,GRAD,Qing,Hao,,FINA,5352,1,5,9,2,0,0,0,0,0,0,0,0,16
2025 - 2026,2025 Fall,GRAD,GRAD,Jianping,Zhang,,FINA,5392,70,43,7,0,0,0,1,0,0,0,0,0,51
2025 - 2026,2025 Fall,GRAD,GRAD,Jianping,Zhang,,FINA,5392,71,45,5,0,0,0,0,0,0,0,0,0,50
2025 - 2026,2025 Fall,GRAD,GRAD,David,Rakowski,,FINA,6390,7,5,1,0,0,0,0,0,0,0,0,0,6
2025 - 2026,2025 Fall,GRAD,GRAD,Elsa,Pirouz,,GEOL,5320,45,8,0,0,0,0,0,0,0,0,0,0,8
2025 - 2026,2025 Fall,GRAD,GRAD,Elsa,Pirouz,,GEOL,5321,45,4,2,0,0,0,0,0,0,0,0,0,6
2025 - 2026,2025 Fall,GRAD,GRAD,Arthur,Gonzalez,,HCAD,5301,40,5,2,2,0,0,0,0,0,0,0,0,9
2025 - 2026,2025 Fall,GRAD,GRAD,Md,Helal,,HCAD,5315,45,8,8,0,0,0,0,0,0,0,0,0,16
2025 - 2026,2025 Fall,GRAD,GRAD,William,Venable,,HCAD,5330,40,3,4,0,0,0,0,0,0,0,0,0,7
2025 - 2026,2025 Fall,GRAD,GRAD,Cheryl,Goodwin,,HCAD,5337,40,4,2,1,0,0,0,0,0,0,0,0,7
2025 - 2026,2025 Fall,GRAD,GRAD,David,Gray,,HCAD,5340,40,3,4,0,0,0,1,0,0,1,0,0,9
2025 - 2026,2025 Fall,GRAD,GRAD,Shawn Marie,Herring,,HCAD,5377,45,16,0,0,0,0,0,0,0,0,0,0,16
2025 - 2026,2025 Fall,GRAD,GRAD,Md,Helal,,HCAD,5380,40,7,0,0,0,0,0,0,0,0,0,0,7
2025 - 2026,2025 Fall,GRAD,GRAD,Yi,Liu,,HCAD,5380,40,7,0,0,0,0,0,0,0,0,0,0,7
2025 - 2026,2025 Fall,GRAD,UGRD,Tyler,Garner,,HEED,3301,1,48,44,6,1,3,0,0,1,1,0,0,104
2025 - 2026,2025 Fall,GRAD,GRAD,Christopher,Morris,,HIST,5339,1,9,0,0,0,0,0,0,0,0,0,0,9
2025 - 2026,2025 Fall,GRAD,GRAD,Sara,Collini,,HIST,5345,1,15,0,0,0,0,0,0,0,0,0,0,15
2025 - 2026,2025 Fall,GRAD,GRAD,Kenyon,Zimmer,,HIST,5363,1,7,0,2,0,0,0,0,0,0,0,0,9
2025 - 2026,2025 Fall,GRAD,GRAD,Andrew,Milson,,HIST,5364,13,11,4,0,0,0,0,0,0,0,0,0,15
2025 - 2026,2025 Fall,GRAD,GRAD,Marie,Hartono,,HIST,5364,14,7,2,0,0,0,0,0,0,0,0,0,9
2025 - 2026,2025 Fall,GRAD,GRAD,Paul,Conrad,,HIST,6100,1,0,0,0,0,0,0,9,0,0,0,0,9
2025 - 2026,2025 Fall,GRAD,GRAD,Patryk,Babiracki,,HIST,6364,1,16,0,0,0,0,0,0,0,0,0,0,16
2025 - 2026,2025 Fall,GRAD,GRAD,Herbert,Corley,,IE,5301,1,5,2,0,0,0,0,0,0,0,0,0,7
2025 - 2026,2025 Fall,GRAD,GRAD,Subhash,Singhal,,IE,5303,1,6,4,0,0,0,0,0,0,0,0,0,10
2025 - 2026,2025 Fall,GRAD,GRAD,Mohammad,Jahanbakht,,IE,5304,1,6,3,2,0,1,0,0,0,0,0,0,12
2025 - 2026,2025 Fall,GRAD,GRAD,Shuchisnigdha,Deb,,IE,5314,1,6,0,0,0,0,0,0,0,0,0,0,6
2025 - 2026,2025 Fall,GRAD,GRAD,Subhash,Singhal,,IE,5317,1,8,3,1,0,0,0,0,0,1,0,0,13
2025 - 2026,2025 Fall,GRAD,GRAD,Subhash,Singhal,,IE,5317,2,2,0,2,0,0,0,0,0,2,0,0,6
2025 - 2026,2025 Fall,GRAD,GRAD,Chen,Kan,,IE,5318,101,15,3,0,0,0,0,0,0,0,0,0,18
2025 - 2026,2025 Fall,GRAD,GRAD,Caroline,Krejci,,IE,5329,1,5,5,1,0,0,0,0,0,0,0,0,11
2025 - 2026,2025 Fall,GRAD,GRAD,Susan,Ferreira,,IE,5351,2,4,2,2,0,0,0,0,0,0,0,0,8
2025 - 2026,2025 Fall,GRAD,GRAD,James,Lummus,,IE,6305,9,6,3,0,0,0,0,0,0,0,0,0,9
2025 - 2026,2025 Fall,GRAD,GRAD,James,Lummus,,IE,6306,9,12,0,0,0,0,0,0,0,0,0,0,12
2025 - 2026,2025 Fall,GRAD,GRAD,Victoria,Chen,,IE,6308,1,4,3,1,0,0,0,0,0,0,0,0,8
2025 - 2026,2025 Fall,GRAD,GRAD,Shouyi,Wang,,IE,6318,1,5,4,0,0,0,0,0,0,0,0,0,9
2025 - 2026,2025 Fall,GRAD,GRAD,Shouyi,Wang,,IE,6318,104,5,5,0,0,0,0,0,0,0,0,0,10
2025 - 2026,2025 Fall,GRAD,GRAD,Hugh,Kellam,,ILDT,5301,1,34,1,1,0,0,0,0,0,2,0,0,38
2025 - 2026,2025 Fall,GRAD,GRAD,Jessica,Kahlow,,ILDT,5304,1,24,3,0,0,0,0,0,0,0,0,0,27
2025 - 2026,2025 Fall,GRAD,GRAD,Luis,Perez Cortes,,ILDT,5320,1,27,1,0,0,0,0,0,0,0,0,0,28
2025 - 2026,2025 Fall,GRAD,GRAD,Luis,Perez Cortes,,ILDT,5330,1,16,0,0,0,0,0,0,0,0,0,0,16
2025 - 2026,2025 Fall,GRAD,GRAD,Hugh,Kellam,,ILDT,5399,1,12,0,0,0,0,0,0,0,0,0,0,12
2025 - 2026,2025 Fall,GRAD,GRAD,Jingguo,Wang,,INSY,5303,1,6,2,0,0,0,0,0,0,2,0,0,10
2025 - 2026,2025 Fall,GRAD,GRAD,Chaitanya,Sambhara,,INSY,5303,20,12,4,0,1,0,0,0,0,0,0,0,17
2025 - 2026,2025 Fall,GRAD,GRAD,Dibya,Pattnaik,,INSY,5335,3,4,5,1,0,0,0,0,0,0,0,0,10
2025 - 2026,2025 Fall,GRAD,GRAD,Yumeng,Miao,,INSY,5336,3,9,17,6,0,0,0,0,0,1,0,0,33
2025 - 2026,2025 Fall,GRAD,GRAD,Sung Hyun,Kwon,,INSY,5336,6,7,5,0,0,0,0,0,0,1,0,0,13
2025 - 2026,2025 Fall,GRAD,GRAD,Shuvro,Chakrobartty,,INSY,5337,2,23,18,2,0,1,0,0,0,1,0,0,45
2025 - 2026,2025 Fall,GRAD,GRAD,Mingwei,Sun,,INSY,5339,1,11,11,2,0,0,0,0,0,1,0,0,25
2025 - 2026,2025 Fall,GRAD,GRAD,Jayarajan,Samuel,,INSY,5339,30,7,0,0,0,0,0,0,0,0,0,0,7
2025 - 2026,2025 Fall,GRAD,GRAD,Anil,Singh,,INSY,5341,1,7,11,2,0,0,0,0,0,0,0,0,20
2025 - 2026,2025 Fall,GRAD,GRAD,Santoso,Budiman,,INSY,5345,1,23,9,0,0,0,0,0,0,0,0,0,32
2025 - 2026,2025 Fall,GRAD,GRAD,Santoso,Budiman,,INSY,5345,2,8,8,0,0,0,0,0,0,1,0,0,17
2025 - 2026,2025 Fall,GRAD,GRAD,Yuewen,Liu,,INSY,5348,70,18,37,6,0,0,0,0,0,1,0,0,62
2025 - 2026,2025 Fall,GRAD,GRAD,Yuewen,Liu,,INSY,5348,71,25,29,6,0,0,0,0,0,1,0,0,61
2025 - 2026,2025 Fall,GRAD,GRAD,Anil,Singh,,INSY,5357,2,10,12,1,0,0,0,0,0,0,0,0,23
2025 - 2026,2025 Fall,GRAD,GRAD,Wei-Ho,Tsai,,INSY,5360,70,15,0,0,0,0,0,0,0,8,0,0,23
2025 - 2026,2025 Fall,GRAD,GRAD,Ramakrishna,Koganti,,INSY,5373,1,10,8,0,0,0,0,0,0,1,0,0,19
2025 - 2026,2025 Fall,GRAD,GRAD,Chaitanya,Sambhara,,INSY,5375,2,9,12,6,0,0,0,0,0,1,0,0,28
2025 - 2026,2025 Fall,GRAD,GRAD,Jingguo,Wang,,INSY,5375,70,33,10,3,0,0,1,0,0,0,0,0,47
2025 - 2026,2025 Fall,GRAD,GRAD,Hongwei,Wang,,INSY,5376,70,7,45,0,0,0,0,0,0,8,0,0,60
2025 - 2026,2025 Fall,GRAD,GRAD,Hongwei,Wang,,INSY,5376,71,9,34,1,0,0,0,0,0,0,0,0,44
2025 - 2026,2025 Fall,GRAD,GRAD,Riyaz,Sikora,,INSY,5377,1,14,34,0,0,0,0,0,0,0,0,0,48
2025 - 2026,2025 Fall,GRAD,GRAD,Yanan,Wang,,INSY,5378,2,14,11,3,0,0,0,0,0,0,0,0,28
2025 - 2026,2025 Fall,GRAD,GRAD,Tun-Wen,Pai,,INSY,5378,70,6,9,0,0,0,0,0,0,0,0,0,15
2025 - 2026,2025 Fall,GRAD,GRAD,Jayarajan,Samuel,,INSY,5379,1,19,0,0,0,0,0,0,0,0,0,0,19
2025 - 2026,2025 Fall,GRAD,GRAD,Jingguo,Wang,,INSY,6392,1,4,3,1,0,0,0,0,0,0,0,0,8
2025 - 2026,2025 Fall,GRAD,GRAD,Jayarajan,Samuel,,INSY,6392,2,9,0,0,0,0,0,0,0,0,0,0,9
2025 - 2026,2025 Fall,GRAD,UGRD,Tyler,Garner,,KINE,3300,1,22,31,10,4,11,0,0,0,5,0,0,83
2025 - 2026,2025 Fall,GRAD,UGRD,Tyler,Garner,,KINE,3302,2,94,19,2,1,2,0,0,0,1,0,0,119
2025 - 2026,2025 Fall,GRAD,UGRD,Ziyad,Ben Taleb,,KINE,3352,1,46,7,6,0,0,0,0,0,0,0,0,59
2025 - 2026,2025 Fall,GRAD,UGRD,Jeremy,Roden,,KINE,4329,1,3,9,13,1,0,0,0,0,0,0,0,26
2025 - 2026,2025 Fall,GRAD,UGRD,Brad,Heddins,,KINE,4415,1,17,15,4,0,0,0,0,0,0,0,0,36
2025 - 2026,2025 Fall,GRAD,GRAD,Adam,Annaccone,,KINE,5121,1,25,0,0,0,0,0,0,0,0,0,0,25
2025 - 2026,2025 Fall,GRAD,GRAD,Adam,Annaccone,,KINE,5122,2,23,2,0,0,0,0,0,0,0,0,0,25
2025 - 2026,2025 Fall,GRAD,GRAD,Adam,Annaccone,,KINE,5221,1,25,0,0,0,0,0,0,0,0,0,0,25
2025 - 2026,2025 Fall,GRAD,GRAD,Meredith,Decker,,KINE,5224,1,19,3,2,1,0,0,0,0,0,0,0,25
2025 - 2026,2025 Fall,GRAD,GRAD,Adam,Annaccone,,KINE,5235,1,24,1,0,0,0,0,0,0,0,0,0,25
2025 - 2026,2025 Fall,GRAD,GRAD,Meredith,Decker,,KINE,5238,1,22,3,0,0,0,0,0,0,0,0,0,25
2025 - 2026,2025 Fall,GRAD,GRAD,Adam,Annaccone,,KINE,5239,1,24,1,0,0,0,0,0,0,0,0,0,25
2025 - 2026,2025 Fall,GRAD,GRAD,Laura,Kunkel,,KINE,5240,1,19,4,2,0,0,0,0,0,0,0,0,25
2025 - 2026,2025 Fall,GRAD,GRAD,Kamal,Awad,,KINE,5300,1,12,4,0,0,0,0,0,0,0,0,0,16
2025 - 2026,2025 Fall,GRAD,GRAD,Yungfei,Kao,,KINE,5305,1,15,7,2,0,0,0,0,0,0,0,0,24
2025 - 2026,2025 Fall,GRAD,GRAD,Chueh-Lung,Hwang,,KINE,5320,1,8,4,4,0,0,0,0,0,0,0,0,16
2025 - 2026,2025 Fall,GRAD,GRAD,Meredith,Decker,,KINE,5321,1,10,15,0,0,0,0,0,0,0,0,0,25
2025 - 2026,2025 Fall,GRAD,GRAD,Mark,Ricard,,KINE,5328,1,7,2,0,0,0,0,0,0,0,0,0,9
2025 - 2026,2025 Fall,GRAD,GRAD,Laura,Kunkel,,KINE,5332,1,22,3,0,0,0,0,0,0,0,0,0,25
2025 - 2026,2025 Fall,GRAD,GRAD,Ann,Amuta-Jimenez,Erin Carlson,KINE,5375,1,7,0,0,0,0,0,0,0,1,0,0,8
2025 - 2026,2025 Fall,GRAD,GRAD,Yeonwoo,Kim,,KINE,5376,2,16,2,0,0,0,0,0,0,1,0,0,19
2025 - 2026,2025 Fall,GRAD,GRAD,Laura,Phipps,,KINE,5378,1,8,1,0,0,0,0,0,0,0,0,0,9
2025 - 2026,2025 Fall,GRAD,GRAD,Kyrah,Brown,,KINE,5380,1,29,1,1,0,1,0,0,0,1,0,0,33
2025 - 2026,2025 Fall,GRAD,GRAD,Ziyad,Ben Taleb,,KINE,5382,1,16,4,1,0,0,0,0,0,0,0,0,21
2025 - 2026,2025 Fall,GRAD,GRAD,Melissa,Oden,,KINE,5383,1,7,0,0,0,1,1,0,0,0,0,0,9
2025 - 2026,2025 Fall,GRAD,GRAD,Melissa,Oden,,KINE,5384,1,11,0,0,0,0,0,0,0,0,0,0,11
2025 - 2026,2025 Fall,GRAD,GRAD,Lisa,Sheppard-Goodlett,,KINE,5385,1,14,4,0,0,0,0,0,0,0,0,0,18
2025 - 2026,2025 Fall,GRAD,GRAD,Brad,Heddins,Mark Ricard,KINE,5393,1,12,0,0,0,0,0,0,0,0,0,0,12
2025 - 2026,2025 Fall,GRAD,GRAD,Mark,Ricard,,KINE,5394,1,6,0,0,0,0,0,0,0,0,0,0,6
2025 - 2026,2025 Fall,GRAD,GRAD,Feinuo,Sun,,KINE,5395,1,14,1,0,0,0,0,0,0,0,0,0,15
2025 - 2026,2025 Fall,GRAD,GRAD,Paul,Fadel,,KINE,6100,1,0,0,0,0,0,1,15,0,0,0,0,16
2025 - 2026,2025 Fall,GRAD,GRAD,Kamal,Awad,,KINE,6300,1,6,0,0,0,0,0,0,0,0,0,0,6
2025 - 2026,2025 Fall,GRAD,GRAD,Diane,Allen,,LARC,5301,1,6,0,0,0,0,0,0,0,0,0,0,6
2025 - 2026,2025 Fall,GRAD,GRAD,Austin,Allen,,LARC,5312,1,10,1,0,0,0,0,0,0,0,0,0,11
2025 - 2026,2025 Fall,GRAD,GRAD,Lorie,Kinler,,LARC,5324,1,7,0,0,0,0,0,0,0,0,0,0,7
2025 - 2026,2025 Fall,GRAD,GRAD,Steven,Nunez,,LARC,5341,1,4,3,1,0,0,0,0,0,0,0,0,8
2025 - 2026,2025 Fall,GRAD,GRAD,Kevin,Rodriguez,,LARC,5344,1,5,1,0,0,0,0,0,0,0,0,0,6
2025 - 2026,2025 Fall,GRAD,GRAD,Xueyin,Bai,,LARC,5663,1,6,1,1,0,0,0,0,0,0,0,0,8
2025 - 2026,2025 Fall,GRAD,UGRD,Ivy,Hauser,,LING,3330,1,13,5,4,1,1,0,0,0,0,0,0,24
2025 - 2026,2025 Fall,GRAD,GRAD,Catharine,Welch,,LING,5309,1,6,1,0,0,0,0,0,0,0,0,0,7
2025 - 2026,2025 Fall,GRAD,GRAD,Catharine,Welch,,LING,5316,1,4,0,0,0,0,0,0,0,0,0,0,4
2025 - 2026,2025 Fall,GRAD,GRAD,Jeffrey,Witzel,,LING,5328,1,7,1,0,0,0,0,0,0,0,0,0,8
2025 - 2026,2025 Fall,GRAD,GRAD,Laurel,Stvan,,LING,5381,1,6,1,0,0,0,0,0,0,0,0,0,7
2025 - 2026,2025 Fall,GRAD,GRAD,Wideline,Seraphin,,LIST,5316,6,9,3,0,0,0,0,0,0,0,0,0,12
2025 - 2026,2025 Fall,GRAD,GRAD,Kathleen,Tice,,LIST,5317,6,18,0,0,0,0,0,0,0,0,0,0,18
2025 - 2026,2025 Fall,GRAD,GRAD,Holly,Hungerford-Kresser,,LIST,5326,6,26,2,0,0,0,0,0,0,0,0,0,28
2025 - 2026,2025 Fall,GRAD,GRAD,Holly,Hungerford-Kresser,,LIST,5354,6,19,1,0,0,0,0,0,0,1,0,0,21
2025 - 2026,2025 Fall,GRAD,UGRD,Sneha,Vanga,,MAE,4321,1,21,17,4,1,0,0,0,0,0,0,0,43
2025 - 2026,2025 Fall,GRAD,GRAD,Candace,Lafferty,,MAED,5351,6,25,6,1,0,1,0,0,0,0,0,0,33
2025 - 2026,2025 Fall,GRAD,GRAD,Candace,Lafferty,,MAED,5352,106,21,9,2,0,0,0,0,0,0,0,0,32
2025 - 2026,2025 Fall,GRAD,GRAD,Ping,Han,,MANA,5320,70,34,18,0,0,0,0,0,0,0,0,0,52
2025 - 2026,2025 Fall,GRAD,GRAD,Jeanne,Michalski,,MANA,5322,1,9,9,0,0,0,0,0,0,0,0,0,18
2025 - 2026,2025 Fall,GRAD,GRAD,Mark,Morris,,MANA,5329,1,18,6,5,1,0,0,0,0,3,0,0,33
2025 - 2026,2025 Fall,GRAD,GRAD,James,Lavelle,,MANA,5330,1,25,10,0,0,0,0,0,0,1,0,0,36
2025 - 2026,2025 Fall,GRAD,GRAD,James,Lavelle,,MANA,5330,20,8,0,0,0,0,0,0,0,0,0,0,8
2025 - 2026,2025 Fall,GRAD,GRAD,James,Lavelle,,MANA,5330,60,29,6,2,0,0,0,0,0,0,0,0,37
2025 - 2026,2025 Fall,GRAD,GRAD,Li,Sun,,MANA,5331,70,32,21,2,0,0,0,0,0,8,0,0,63
2025 - 2026,2025 Fall,GRAD,GRAD,Abdul,Rasheed,,MANA,5331,71,15,6,0,0,0,1,0,0,2,0,0,24
2025 - 2026,2025 Fall,GRAD,GRAD,Myrtle,Bell,,MANA,5332,2,11,19,6,1,0,0,0,0,3,0,0,40
2025 - 2026,2025 Fall,GRAD,GRAD,Myrtle,Bell,,MANA,5332,60,6,20,9,4,0,0,0,0,1,0,0,40
2025 - 2026,2025 Fall,GRAD,GRAD,Owen,Parker,,MANA,5336,1,20,18,1,0,0,0,0,0,0,0,0,39
2025 - 2026,2025 Fall,GRAD,GRAD,Shouming,Chen,,MANA,5336,70,25,28,0,0,0,0,0,0,1,0,0,54
2025 - 2026,2025 Fall,GRAD,GRAD,Taoyong,Su,,MANA,5336,71,43,3,0,0,0,0,0,0,0,0,0,46
2025 - 2026,2025 Fall,GRAD,GRAD,Liliana,Nordtvedt,,MANA,5336,72,17,0,0,0,0,0,0,0,0,0,0,17
2025 - 2026,2025 Fall,GRAD,GRAD,Fuli,Li,,MANA,5339,70,25,24,0,0,0,1,0,0,11,0,0,61
2025 - 2026,2025 Fall,GRAD,GRAD,Di,Fan,,MANA,5340,70,35,14,2,0,0,0,0,0,0,0,0,51
2025 - 2026,2025 Fall,GRAD,GRAD,Di,Fan,,MANA,5340,71,36,14,0,0,0,0,0,0,0,0,0,50
2025 - 2026,2025 Fall,GRAD,GRAD,James,Lavelle,,MANA,5340,72,13,4,0,0,0,1,0,0,0,0,0,18
2025 - 2026,2025 Fall,GRAD,GRAD,Di,Fan,,MANA,5340,73,26,24,0,0,0,0,0,0,1,0,0,51
2025 - 2026,2025 Fall,GRAD,GRAD,Lesley,Regalado,,MANA,5341,1,24,2,0,0,0,0,0,0,1,0,0,27
2025 - 2026,2025 Fall,GRAD,GRAD,Charles,Newson,,MANA,5344,3,21,1,0,0,1,0,0,0,0,0,0,23
2025 - 2026,2025 Fall,GRAD,GRAD,David,Arena,,MANA,5360,2,34,9,1,0,0,0,0,0,0,0,0,44
2025 - 2026,2025 Fall,GRAD,GRAD,Faye,Cocchiara,,MANA,5360,20,16,1,0,0,1,0,0,0,0,0,0,18
2025 - 2026,2025 Fall,GRAD,GRAD,Alison,Birch,,MANA,5360,60,33,9,0,0,0,0,0,0,1,0,0,43
2025 - 2026,2025 Fall,GRAD,GRAD,George,Benson,,MANA,6348,1,6,0,0,0,0,0,0,0,0,0,0,6
2025 - 2026,2025 Fall,GRAD,GRAD,Ritesh,Saini,,MARK,5311,1,23,10,1,0,0,0,0,0,1,0,0,35
2025 - 2026,2025 Fall,GRAD,GRAD,Jeffrey,Wallman,,MARK,5311,60,32,7,0,0,0,0,0,0,1,0,0,40
2025 - 2026,2025 Fall,GRAD,GRAD,Jeffrey,Wallman,,MARK,5311,62,24,12,0,0,0,0,0,0,0,0,0,36
2025 - 2026,2025 Fall,GRAD,GRAD,Ritesh,Saini,,MARK,5320,1,11,2,0,0,0,0,0,0,0,0,0,13
2025 - 2026,2025 Fall,GRAD,GRAD,Michaela,Mora Suarez,,MARK,5327,2,5,6,0,0,0,0,0,0,1,0,0,12
2025 - 2026,2025 Fall,GRAD,GRAD,Adwait,Khare,,MARK,5331,70,14,3,0,0,0,0,0,0,0,0,0,17
2025 - 2026,2025 Fall,GRAD,GRAD,Xiaoming,Yang,,MARK,5331,71,26,23,1,0,0,0,0,0,1,0,0,51
2025 - 2026,2025 Fall,GRAD,GRAD,Guoyue,Xiong,,MARK,5331,72,56,1,0,0,0,0,0,0,5,0,0,62
2025 - 2026,2025 Fall,GRAD,GRAD,Xiaoming,Yang,,MARK,5340,70,29,30,1,0,0,1,0,0,0,0,0,61
2025 - 2026,2025 Fall,GRAD,GRAD,Douglas,Grisaffe,,MARK,5344,1,5,0,1,0,0,0,0,0,1,0,0,7
2025 - 2026,2025 Fall,GRAD,GRAD,Tatia,Jacobson Jordan,,MARK,5370,1,15,1,0,0,0,0,0,0,0,0,0,16
2025 - 2026,2025 Fall,GRAD,UGRD,Ren-Cang,Li,,MATH,2326,5,5,17,18,14,5,0,0,1,10,0,0,70
2025 - 2026,2025 Fall,GRAD,UGRD,Jianzhong,Su,,MATH,3335,1,20,14,8,0,0,1,0,0,4,0,0,47
2025 - 2026,2025 Fall,GRAD,UGRD,Barbara,Shipman,,MATH,4322,1,14,8,6,0,0,0,0,0,0,0,0,28
2025 - 2026,2025 Fall,GRAD,GRAD,Barbara,Shipman,,MATH,5307,1,8,7,1,0,1,0,0,0,0,0,0,17
2025 - 2026,2025 Fall,GRAD,GRAD,Wei,Jiang,,MATH,5312,1,4,1,0,0,1,0,0,0,0,0,0,6
2025 - 2026,2025 Fall,GRAD,GRAD,Tuncay,Aktosun,,MATH,5327,1,11,0,0,0,0,0,0,0,0,0,0,11
2025 - 2026,2025 Fall,GRAD,GRAD,David,Jorgensen,,MATH,5332,1,9,0,0,0,0,0,0,0,0,0,0,9
2025 - 2026,2025 Fall,GRAD,GRAD,Michaela,Vancliff,,MATH,5333,1,9,6,8,5,1,1,0,0,1,0,0,31
2025 - 2026,2025 Fall,GRAD,GRAD,Chaoqun,Liu,,MATH,5338,1,12,7,1,1,0,1,0,0,0,0,0,22
2025 - 2026,2025 Fall,GRAD,GRAD,James,Alvarez,,MATH,5345,1,5,1,0,0,0,0,0,0,0,0,0,6
2025 - 2026,2025 Fall,GRAD,GRAD,Xinlei,Wang,,MATH,5354,1,6,0,1,0,0,0,0,0,0,0,0,7
2025 - 2026,2025 Fall,GRAD,GRAD,Barbara,Shipman,,MATH,5391,7,0,0,0,0,1,0,6,0,0,0,0,7
2025 - 2026,2025 Fall,GRAD,GRAD,Theresa,Jorgensen,,MATH,5392,1,6,0,0,0,0,0,0,0,0,0,0,6
2025 - 2026,2025 Fall,GRAD,GRAD,Keaton,Hamm,,MATH,6310,1,11,1,0,0,0,0,0,0,0,0,0,12
2025 - 2026,2025 Fall,GRAD,GRAD,Li,Wang,,MATH,6312,1,8,0,0,0,1,0,0,0,0,0,0,9
2025 - 2026,2025 Fall,GRAD,GRAD,Ankur,Jain,,ME,5101,1,0,0,0,0,0,0,17,0,0,0,0,17
2025 - 2026,2025 Fall,GRAD,GRAD,Endel,Iarve,,ME,5310,1,20,2,3,0,0,0,0,0,0,0,0,25
2025 - 2026,2025 Fall,GRAD,GRAD,Frank,Lu,,ME,5313,1,1,1,0,2,2,0,0,0,1,0,0,7
2025 - 2026,2025 Fall,GRAD,GRAD,Ankur,Jain,,ME,5316,1,10,6,8,2,1,0,0,0,2,0,0,29
2025 - 2026,2025 Fall,GRAD,GRAD,Sunand,Santhanagopalan,,ME,5326,1,13,7,0,0,0,0,0,0,0,0,0,20
2025 - 2026,2025 Fall,GRAD,GRAD,Nora,Ameri,,ME,5328,1,14,0,1,0,0,0,0,0,1,0,0,16
2025 - 2026,2025 Fall,GRAD,GRAD,Robert,Taylor,,ME,5329,1,7,3,3,0,0,0,0,0,1,0,0,14
2025 - 2026,2025 Fall,GRAD,GRAD,Seiichi,Nomura,,ME,5331,4,6,6,2,1,0,0,0,0,1,0,0,16
2025 - 2026,2025 Fall,GRAD,GRAD,Panayiotis,Shiakolas,,ME,5337,1,3,4,2,0,0,0,0,0,0,0,0,9
2025 - 2026,2025 Fall,GRAD,GRAD,Md Rassel,Raihan,,ME,5339,1,0,5,3,0,0,0,0,0,2,0,0,10
2025 - 2026,2025 Fall,GRAD,GRAD,Dereje,Agonafer,,ME,5352,1,18,0,0,0,0,0,0,0,0,0,0,18
2025 - 2026,2025 Fall,GRAD,GRAD,Dereje,Agonafer,,ME,5352,2,6,0,0,0,0,0,0,0,0,0,0,6
2025 - 2026,2025 Fall,GRAD,GRAD,Dereje,Agonafer,,ME,6297,29,0,0,0,0,0,0,0,0,0,0,7,7
2025 - 2026,2025 Fall,GRAD,GRAD,Dereje,Agonafer,,ME,6397,29,0,0,0,0,0,0,0,0,0,0,7,7
2025 - 2026,2025 Fall,GRAD,GRAD,Ashfaq,Adnan,,ME,6397,39,0,0,0,0,0,0,0,0,0,0,9,9
2025 - 2026,2025 Fall,GRAD,UGRD,James,Ross,Antonio Leonvega,MILS,0180,3,11,0,2,1,0,0,0,0,2,0,0,16
2025 - 2026,2025 Fall,GRAD,UGRD,Gregory,LeClair,,MILS,0180,4,12,0,0,0,0,0,0,0,1,0,0,13
2025 - 2026,2025 Fall,GRAD,UGRD,James,Ross,Antonio Leonvega,MILS,3131,1,8,3,4,1,2,0,0,0,0,0,0,18
2025 - 2026,2025 Fall,GRAD,UGRD,James,Ross,Antonio Leonvega,MILS,3341,1,2,7,4,0,2,0,0,0,3,0,0,18
2025 - 2026,2025 Fall,GRAD,UGRD,Gregory,LeClair,,MILS,4141,1,11,0,0,0,0,0,0,0,0,0,0,11
2025 - 2026,2025 Fall,GRAD,GRAD,Seong,Koh,,MSE,5193,1,0,0,0,0,0,0,22,0,0,0,0,22
2025 - 2026,2025 Fall,GRAD,GRAD,Choong-Un,Kim,,MSE,5304,1,13,2,0,0,0,0,0,0,0,0,0,15
2025 - 2026,2025 Fall,GRAD,GRAD,Yaowu,Hao,,MSE,5321,1,9,3,0,0,0,0,0,0,0,0,0,12
2025 - 2026,2025 Fall,GRAD,GRAD,Seong,Koh,,MSE,5354,1,2,5,1,0,0,0,0,0,0,0,0,8
2025 - 2026,2025 Fall,GRAD,GRAD,Di,Zhang,,MSE,5390,1,10,8,1,0,0,0,0,0,0,0,0,19
2025 - 2026,2025 Fall,GRAD,GRAD,Jiechao,Jiang,,MSE,5390,2,13,1,0,0,0,0,0,0,1,0,0,15
2025 - 2026,2025 Fall,GRAD,UGRD,Gerald,Wood,,MUSI,0120,1,5,0,1,0,0,0,0,0,0,0,0,6
2025 - 2026,2025 Fall,GRAD,UGRD,William,Townsley,,MUSI,3396,1,12,14,2,0,0,0,0,0,0,0,0,28
2025 - 2026,2025 Fall,GRAD,UGRD,Jessica,Ferring Glenn,,MUSI,4101,1,12,3,1,0,1,0,0,0,0,0,0,17
2025 - 2026,2025 Fall,GRAD,UGRD,William,Townsley,,MUSI,4395,1,0,0,0,0,0,0,7,0,0,0,0,7
2025 - 2026,2025 Fall,GRAD,GRAD,Michael,Morrison,,MUSI,5010,20,0,0,0,0,0,0,8,0,0,0,0,8
2025 - 2026,2025 Fall,GRAD,GRAD,Martha,Walvoord,,MUSI,5100,1,7,0,0,0,0,0,0,0,0,0,0,7
2025 - 2026,2025 Fall,GRAD,GRAD,Silas,Huff,,MUSI,5111,1,8,2,0,0,0,0,0,0,0,0,0,10
2025 - 2026,2025 Fall,GRAD,GRAD,Graham,Hunt,,MUSI,5301,1,8,2,0,0,0,0,0,0,0,0,0,10
2025 - 2026,2025 Fall,GRAD,GRAD,Diane,Lange,,MUSI,5352,1,8,0,0,0,0,0,0,0,1,0,0,9
2025 - 2026,2025 Fall,GRAD,GRAD,Sean,Morrison,,MUSI,5354,1,15,1,0,0,0,0,0,0,0,0,0,16
2025 - 2026,2025 Fall,GRAD,GRAD,John,Wayman,,MUSI,5357,1,6,1,0,0,0,0,0,0,0,0,0,7
2025 - 2026,2025 Fall,GRAD,GRAD,Aaron,Langford,,NURS,5112,10,48,1,0,0,0,0,0,0,0,0,0,49
2025 - 2026,2025 Fall,GRAD,GRAD,Gigi,Thomas,,NURS,5120,1,0,0,0,0,0,0,7,0,1,0,0,8
2025 - 2026,2025 Fall,GRAD,GRAD,Ann,Birka,Gigi Thomas,NURS,5120,12,0,0,0,0,0,0,9,0,1,0,0,10
2025 - 2026,2025 Fall,GRAD,GRAD,Mary,Davis,Gigi Thomas,NURS,5120,13,0,0,0,0,1,0,8,0,0,0,0,9
2025 - 2026,2025 Fall,GRAD,GRAD,Elizabeth,Fuentes,Gigi Thomas,NURS,5120,14,0,0,0,0,0,0,10,0,0,0,0,10
2025 - 2026,2025 Fall,GRAD,GRAD,Katherine,Afshar,Mary Davis,NURS,5120,401,0,0,0,0,0,0,10,0,0,0,0,10
2025 - 2026,2025 Fall,GRAD,GRAD,Kathleen,Garza,Mary Davis,NURS,5120,402,0,0,0,0,1,0,9,0,0,0,0,10
2025 - 2026,2025 Fall,GRAD,GRAD,Shannon,Carey,Mary Davis,NURS,5120,405,0,0,0,0,0,0,5,0,1,0,0,6
2025 - 2026,2025 Fall,GRAD,GRAD,Chinyere,Emeh,Mary Davis,NURS,5120,406,0,0,0,0,1,0,7,0,0,0,0,8
2025 - 2026,2025 Fall,GRAD,GRAD,Ashley,Walters,Mary Davis,NURS,5120,407,0,0,0,0,0,0,10,0,0,0,0,10
2025 - 2026,2025 Fall,GRAD,GRAD,Sumit,Trivedi,Mary Davis,NURS,5120,408,0,0,0,0,0,0,6,0,0,0,0,6
2025 - 2026,2025 Fall,GRAD,GRAD,Lee,Sulkin,Mary Davis,NURS,5120,409,0,0,0,0,1,0,4,0,1,0,0,6
2025 - 2026,2025 Fall,GRAD,GRAD,Diane,St Pierre Runnels,Mary Davis,NURS,5120,410,0,0,0,0,3,0,7,0,0,0,0,10
2025 - 2026,2025 Fall,GRAD,GRAD,Debra,Phillips,Mary Davis,NURS,5120,411,0,0,0,0,0,0,9,0,0,0,0,9
2025 - 2026,2025 Fall,GRAD,GRAD,Shira,Love,Mary Davis,NURS,5120,412,0,0,0,0,0,0,8,0,0,0,0,8
2025 - 2026,2025 Fall,GRAD,GRAD,Cheryl,Gordon,Mary Davis,NURS,5120,413,0,0,0,0,0,0,10,0,0,0,0,10
2025 - 2026,2025 Fall,GRAD,GRAD,Cheryl,Mitchell,Mary Davis,NURS,5120,414,0,0,0,0,1,0,8,0,1,0,0,10
2025 - 2026,2025 Fall,GRAD,GRAD,Shannon,Carey,Mary Davis,NURS,5120,415,0,0,0,0,0,0,10,0,0,0,0,10
2025 - 2026,2025 Fall,GRAD,GRAD,Elizabeth,Welch,Mary Davis,NURS,5120,416,0,0,0,0,0,0,10,0,0,0,0,10
2025 - 2026,2025 Fall,GRAD,GRAD,Mary,Davis,,NURS,5120,417,0,0,0,0,0,0,6,0,0,0,0,6
2025 - 2026,2025 Fall,GRAD,GRAD,Lee,Sulkin,Mary Davis,NURS,5120,421,0,0,0,0,1,0,8,0,0,0,0,9
2025 - 2026,2025 Fall,GRAD,GRAD,Elizabeth,Welch,Mary Davis,NURS,5120,422,0,0,0,0,0,0,10,0,0,0,0,10
2025 - 2026,2025 Fall,GRAD,GRAD,Anneshia,Redic,Mary Davis,NURS,5120,424,0,0,0,0,0,0,10,0,0,0,0,10
2025 - 2026,2025 Fall,GRAD,GRAD,Kelly,Meier,Mary Davis,NURS,5120,425,0,0,0,0,0,0,9,0,0,0,0,9
2025 - 2026,2025 Fall,GRAD,GRAD,Amy,Lunsford,Mary Davis,NURS,5120,426,0,0,0,0,1,0,8,0,0,0,0,9
2025 - 2026,2025 Fall,GRAD,GRAD,Kathleen,Garza,Mary Davis,NURS,5120,427,0,0,0,0,2,0,7,0,1,0,0,10
2025 - 2026,2025 Fall,GRAD,GRAD,Crystal,Cisneros,Mary Davis,NURS,5120,428,0,0,0,0,0,0,10,0,0,0,0,10
2025 - 2026,2025 Fall,GRAD,GRAD,Kindra,McWilliam-Ross,Mary Davis,NURS,5120,429,0,0,0,0,0,0,10,0,0,0,0,10
2025 - 2026,2025 Fall,GRAD,GRAD,Katherine,Afshar,Mary Davis,NURS,5120,430,0,0,0,0,1,0,9,0,0,0,0,10
2025 - 2026,2025 Fall,GRAD,GRAD,Shicobie,Adams,Mary Davis,NURS,5120,431,0,0,0,0,0,0,10,0,0,0,0,10
2025 - 2026,2025 Fall,GRAD,GRAD,Chinyere,Emeh,Mary Davis,NURS,5120,432,0,0,0,0,1,0,8,0,1,0,0,10
2025 - 2026,2025 Fall,GRAD,GRAD,Cheryl,Gordon,Mary Davis,NURS,5120,433,0,0,0,0,0,0,10,0,0,0,0,10
2025 - 2026,2025 Fall,GRAD,GRAD,Shannon,Carey,Mary Davis,NURS,5120,434,0,0,0,0,0,0,9,0,0,0,0,9
2025 - 2026,2025 Fall,GRAD,GRAD,Cheryl,Mitchell,Mary Davis,NURS,5120,435,0,0,0,0,0,0,10,0,0,0,0,10
2025 - 2026,2025 Fall,GRAD,GRAD,Diane,St Pierre Runnels,Mary Davis,NURS,5120,437,0,0,0,0,0,0,10,0,0,0,0,10
2025 - 2026,2025 Fall,GRAD,GRAD,Ashley,Moore,Mary Davis,NURS,5120,440,0,0,0,0,0,0,6,0,0,0,0,6
2025 - 2026,2025 Fall,GRAD,GRAD,Kathleen,Garza,Mary Davis,NURS,5120,461,0,0,0,0,0,0,10,0,0,0,0,10
2025 - 2026,2025 Fall,GRAD,GRAD,Shannon,Carey,Mary Davis,NURS,5120,462,0,0,0,0,0,0,10,0,0,0,0,10
2025 - 2026,2025 Fall,GRAD,GRAD,Debra,Phillips,Mary Davis,NURS,5120,463,0,0,0,0,0,0,9,0,0,0,0,9
2025 - 2026,2025 Fall,GRAD,GRAD,Kindra,McWilliam-Ross,Mary Davis,NURS,5120,464,0,0,0,0,0,0,10,0,0,0,0,10
2025 - 2026,2025 Fall,GRAD,GRAD,Amy,Lunsford,Mary Davis,NURS,5120,466,0,0,0,0,0,0,10,0,0,0,0,10
2025 - 2026,2025 Fall,GRAD,GRAD,Jodie,Moore,Mary Davis,NURS,5120,467,0,0,0,0,0,0,10,0,0,0,0,10
2025 - 2026,2025 Fall,GRAD,GRAD,Shannon,Carey,Mary Davis,NURS,5120,468,0,0,0,0,0,0,9,0,0,0,0,9
2025 - 2026,2025 Fall,GRAD,GRAD,Kindra,McWilliam-Ross,Mary Davis,NURS,5120,469,0,0,0,0,1,0,8,0,0,0,0,9
2025 - 2026,2025 Fall,GRAD,GRAD,Mary,Davis,,NURS,5120,470,0,0,0,0,1,0,8,0,0,0,0,9
2025 - 2026,2025 Fall,GRAD,GRAD,Nancy,Wyrick,Courtney Werner,NURS,5130,10,0,0,0,0,0,0,9,0,1,0,0,10
2025 - 2026,2025 Fall,GRAD,GRAD,Courtney,Werner,,NURS,5130,12,0,0,0,0,0,0,8,0,2,0,0,10
2025 - 2026,2025 Fall,GRAD,GRAD,Courtney,Werner,,NURS,5130,13,0,0,0,0,0,0,10,0,0,0,0,10
2025 - 2026,2025 Fall,GRAD,GRAD,Melissa,Franklin,,NURS,5130,13,0,0,0,0,0,0,10,0,0,0,0,10
2025 - 2026,2025 Fall,GRAD,GRAD,Lindsay,Hermsdorfer,Courtney Werner,NURS,5130,16,0,0,0,0,0,0,8,0,0,0,0,8
2025 - 2026,2025 Fall,GRAD,GRAD,Robbi,Nichols,Angela Miller; Courtney Werner,NURS,5130,401,0,0,0,0,0,0,7,0,2,0,0,9
2025 - 2026,2025 Fall,GRAD,GRAD,Amy,Winslow,Angela Miller; Courtney Werner,NURS,5130,402,0,0,0,0,0,0,10,0,0,0,0,10
2025 - 2026,2025 Fall,GRAD,GRAD,Angela,Miller,Courtney Werner,NURS,5130,403,0,0,0,0,0,0,10,0,0,0,0,10
2025 - 2026,2025 Fall,GRAD,GRAD,Kelly,Meier,Angela Miller; Courtney Werner,NURS,5130,405,0,0,0,0,1,0,9,0,0,0,0,10
2025 - 2026,2025 Fall,GRAD,GRAD,Shannon,Dougrey,Angela Miller; Courtney Werner,NURS,5130,406,0,0,0,0,2,0,8,0,0,0,0,10
2025 - 2026,2025 Fall,GRAD,GRAD,Anamarina,Jarecke,Angela Miller; Courtney Werner,NURS,5130,407,0,0,0,0,0,0,9,0,0,0,0,9
2025 - 2026,2025 Fall,GRAD,GRAD,Leslie,Wilson,Angela Miller; Courtney Werner,NURS,5130,408,0,0,0,0,0,0,6,0,0,0,0,6
2025 - 2026,2025 Fall,GRAD,GRAD,Lindsay,Hermsdorfer,Angela Miller; Courtney Werner,NURS,5130,409,0,0,0,0,0,0,9,0,0,0,0,9
2025 - 2026,2025 Fall,GRAD,GRAD,Toshia,McKeon,Angela Miller; Courtney Werner,NURS,5130,410,0,0,0,0,0,0,10,0,0,0,0,10
2025 - 2026,2025 Fall,GRAD,GRAD,Brandi,Pitcox,Angela Miller; Courtney Werner,NURS,5130,411,0,0,0,0,0,0,10,0,0,0,0,10
2025 - 2026,2025 Fall,GRAD,GRAD,Angela,Miller,Courtney Werner,NURS,5130,412,0,0,0,0,0,0,10,0,0,0,0,10
2025 - 2026,2025 Fall,GRAD,GRAD,Erica,Vance,Courtney Werner,NURS,5130,413,0,0,0,0,0,0,9,0,0,0,0,9
2025 - 2026,2025 Fall,GRAD,GRAD,Lisa,Lunsford,Courtney Werner,NURS,5130,414,0,0,0,0,0,0,6,0,0,0,0,6
2025 - 2026,2025 Fall,GRAD,GRAD,Bethany,McClean,Courtney Werner,NURS,5130,415,0,0,0,0,0,0,10,0,0,0,0,10
2025 - 2026,2025 Fall,GRAD,GRAD,Ruth,Roberts,Courtney Werner,NURS,5130,416,0,0,0,0,2,0,5,0,0,0,0,7
2025 - 2026,2025 Fall,GRAD,GRAD,Ashlee,Loewen,Courtney Werner,NURS,5130,417,0,0,0,0,0,0,9,0,0,0,0,9
2025 - 2026,2025 Fall,GRAD,GRAD,Christina,Sanchez,Courtney Werner,NURS,5130,418,0,0,0,0,0,0,9,0,0,0,0,9
2025 - 2026,2025 Fall,GRAD,GRAD,Giselle,Escalona,Courtney Werner,NURS,5130,419,0,0,0,0,0,0,10,0,0,0,0,10
2025 - 2026,2025 Fall,GRAD,GRAD,Anamarina,Jarecke,Courtney Werner,NURS,5130,420,0,0,0,0,0,0,7,0,1,0,0,8
2025 - 2026,2025 Fall,GRAD,GRAD,Amy,Winslow,Angela Miller; Courtney Werner,NURS,5130,445,0,0,0,0,0,0,10,0,0,0,0,10
2025 - 2026,2025 Fall,GRAD,GRAD,Angela,Miller,Courtney Werner,NURS,5130,446,0,0,0,0,0,0,9,0,0,0,0,9
2025 - 2026,2025 Fall,GRAD,GRAD,Anamarina,Jarecke,Angela Miller; Courtney Werner,NURS,5130,447,0,0,0,0,0,0,9,0,1,0,0,10
2025 - 2026,2025 Fall,GRAD,GRAD,Leslie,Wilson,Angela Miller; Courtney Werner,NURS,5130,448,0,0,0,0,0,0,9,0,1,0,0,10
2025 - 2026,2025 Fall,GRAD,GRAD,Lindsay,Hermsdorfer,Angela Miller; Courtney Werner,NURS,5130,449,0,0,0,0,0,0,9,0,0,0,0,9
2025 - 2026,2025 Fall,GRAD,GRAD,Angela,Miller,Courtney Werner,NURS,5130,451,0,0,0,0,0,0,8,0,0,0,0,8
2025 - 2026,2025 Fall,GRAD,GRAD,Lindsay,Hermsdorfer,Angela Miller; Courtney Werner,NURS,5130,452,0,0,0,0,1,0,8,0,1,0,0,10
2025 - 2026,2025 Fall,GRAD,GRAD,Angela,Miller,Courtney Werner,NURS,5130,453,0,0,0,0,0,0,7,0,0,0,0,7
2025 - 2026,2025 Fall,GRAD,GRAD,Anamarina,Jarecke,Angela Miller; Courtney Werner,NURS,5130,454,0,0,0,0,0,0,8,0,0,0,0,8
2025 - 2026,2025 Fall,GRAD,GRAD,Ruth,Roberts,Angela Miller; Courtney Werner,NURS,5130,456,0,0,0,0,0,0,10,0,0,0,0,10
2025 - 2026,2025 Fall,GRAD,GRAD,Melissa,Franklin,Angela Miller; Courtney Werner,NURS,5130,457,0,0,0,0,0,0,10,0,0,0,0,10
2025 - 2026,2025 Fall,GRAD,GRAD,Kimberly,Thompson,,NURS,5140,1,0,0,0,0,0,0,10,0,0,0,0,10
2025 - 2026,2025 Fall,GRAD,GRAD,Jackquelyn,Williams,,NURS,5140,12,0,0,0,0,0,0,10,0,0,0,0,10
2025 - 2026,2025 Fall,GRAD,GRAD,Corina,Salinas,Aaron Langford,NURS,5140,13,0,0,0,0,0,0,10,0,0,0,0,10
2025 - 2026,2025 Fall,GRAD,GRAD,Jackquelyn,Williams,,NURS,5140,14,0,0,0,0,0,0,8,0,0,0,0,8
2025 - 2026,2025 Fall,GRAD,GRAD,Melissa,Salmons,Jennifer May,NURS,5150,400,0,0,0,0,0,0,9,0,0,0,0,9
2025 - 2026,2025 Fall,GRAD,GRAD,Julie,Jung,Jennifer May,NURS,5150,401,0,0,0,0,0,0,5,0,1,0,0,6
2025 - 2026,2025 Fall,GRAD,GRAD,Jennifer,May,,NURS,5150,403,0,0,0,0,1,0,8,0,0,0,0,9
2025 - 2026,2025 Fall,GRAD,GRAD,Melissa,Salmons,Jennifer May,NURS,5150,404,0,0,0,0,1,0,8,0,0,0,0,9
2025 - 2026,2025 Fall,GRAD,GRAD,Julie,Jung,Jennifer May,NURS,5150,405,0,0,0,0,0,0,9,0,0,0,0,9
2025 - 2026,2025 Fall,GRAD,GRAD,Melissa,Salmons,Jennifer May,NURS,5150,407,0,0,0,0,1,0,8,0,0,0,0,9
2025 - 2026,2025 Fall,GRAD,GRAD,Julie,Jung,Jennifer May,NURS,5150,408,0,0,0,0,0,0,8,0,2,0,0,10
2025 - 2026,2025 Fall,GRAD,GRAD,Cynthia,Rodriguez Wewerka,Jennifer May,NURS,5150,409,0,0,0,0,0,0,6,0,0,0,0,6
2025 - 2026,2025 Fall,GRAD,GRAD,Aaron,Langford,,NURS,5213,10,15,5,0,0,0,0,0,0,0,0,0,20
2025 - 2026,2025 Fall,GRAD,GRAD,Gigi,Thomas,,NURS,5220,10,37,9,0,0,0,0,0,0,3,0,0,49
2025 - 2026,2025 Fall,GRAD,GRAD,Courtney,Werner,,NURS,5220,400,93,49,5,0,0,0,0,0,0,0,0,147
2025 - 2026,2025 Fall,GRAD,GRAD,Toshia,McKeon,Courtney Werner,NURS,5220,401,16,25,2,0,0,0,0,0,1,0,0,44
2025 - 2026,2025 Fall,GRAD,GRAD,Lindsay,Hermsdorfer,Courtney Werner,NURS,5220,402,112,63,6,1,0,0,0,0,5,0,0,187
2025 - 2026,2025 Fall,GRAD,GRAD,Lindsay,Hermsdorfer,Courtney Werner,NURS,5220,403,28,21,1,0,0,0,0,0,0,0,0,50
2025 - 2026,2025 Fall,GRAD,GRAD,Aaron,Langford,,NURS,5222,10,20,4,0,0,0,0,0,0,0,0,0,24
2025 - 2026,2025 Fall,GRAD,GRAD,Kimberly,Thompson,,NURS,5223,10,8,9,3,0,0,0,0,0,0,0,0,20
2025 - 2026,2025 Fall,GRAD,GRAD,Marianne,Doan,,NURS,5300,400,50,4,0,0,0,0,0,0,1,0,0,55
2025 - 2026,2025 Fall,GRAD,GRAD,Margarita,Trevino,,NURS,5302,400,31,0,0,0,0,0,0,0,0,0,0,31
2025 - 2026,2025 Fall,GRAD,GRAD,Margarita,Trevino,,NURS,5302,401,54,5,0,0,0,0,0,0,0,0,0,59
2025 - 2026,2025 Fall,GRAD,GRAD,Sharon,Blackerby,,NURS,5308,400,18,1,1,0,0,0,0,0,0,0,0,20
2025 - 2026,2025 Fall,GRAD,GRAD,Sharon,Blackerby,,NURS,5308,401,40,2,0,0,0,0,0,0,1,0,0,43
2025 - 2026,2025 Fall,GRAD,GRAD,Sharon,Blackerby,,NURS,5308,402,28,2,1,0,0,0,0,0,0,0,0,31
2025 - 2026,2025 Fall,GRAD,GRAD,Patricia,Allard,,NURS,5310,400,32,11,1,0,0,0,0,0,1,0,0,45
2025 - 2026,2025 Fall,GRAD,GRAD,Patricia,Allard,,NURS,5310,401,23,4,0,0,0,0,0,0,0,0,0,27
2025 - 2026,2025 Fall,GRAD,GRAD,Tammie,Peterson,,NURS,5311,400,34,4,0,0,0,0,0,0,0,0,0,38
2025 - 2026,2025 Fall,GRAD,GRAD,Tammie,Peterson,,NURS,5311,401,30,0,1,0,0,0,0,0,1,0,0,32
2025 - 2026,2025 Fall,GRAD,GRAD,Patricia,Thomas,,NURS,5312,400,24,27,1,0,0,0,0,0,0,0,0,52
2025 - 2026,2025 Fall,GRAD,GRAD,Jennifer,Woo,Nancy Nagel,NURS,5315,1,2,3,3,0,0,0,0,0,0,0,0,8
2025 - 2026,2025 Fall,GRAD,GRAD,Zui,Pan,Nancy Nagel,NURS,5315,1,2,3,3,0,0,0,0,0,0,0,0,8
2025 - 2026,2025 Fall,GRAD,GRAD,Jennifer,Woo,Nancy Nagel,NURS,5315,10,16,31,7,1,0,0,0,0,3,0,0,58
2025 - 2026,2025 Fall,GRAD,GRAD,Zui,Pan,Nancy Nagel,NURS,5315,10,16,31,7,1,0,0,0,0,3,0,0,58
2025 - 2026,2025 Fall,GRAD,GRAD,Jennifer,Woo,,NURS,5315,12,5,23,8,1,2,0,0,0,3,0,0,42
2025 - 2026,2025 Fall,GRAD,GRAD,Zui,Pan,,NURS,5315,12,5,23,8,1,2,0,0,0,3,0,0,42
2025 - 2026,2025 Fall,GRAD,GRAD,Sayda,Major,Nancy Nagel,NURS,5315,400,22,60,35,3,4,0,0,0,15,0,0,139
2025 - 2026,2025 Fall,GRAD,GRAD,Jordan,Dudley,Nancy Nagel; Sayda Major,NURS,5315,401,28,82,44,2,2,0,0,0,15,0,0,173
2025 - 2026,2025 Fall,GRAD,GRAD,Allison,Tuppeny,Nancy Nagel; Sayda Major,NURS,5315,402,6,29,24,4,0,0,0,0,5,0,0,68
2025 - 2026,2025 Fall,GRAD,GRAD,Sayda,Major,Nancy Nagel,NURS,5315,404,4,6,0,0,0,0,0,0,2,0,0,12
2025 - 2026,2025 Fall,GRAD,GRAD,Shayla,Buckler,Aaron Langford,NURS,5325,3,6,0,0,0,0,0,0,0,0,0,0,6
2025 - 2026,2025 Fall,GRAD,GRAD,Juan Carlos,Higuera,,NURS,5325,6,6,0,0,0,0,0,0,0,0,0,0,6
2025 - 2026,2025 Fall,GRAD,GRAD,Donna,Bacchus,,NURS,5327,10,35,15,2,0,1,0,0,0,6,0,0,59
2025 - 2026,2025 Fall,GRAD,GRAD,Ahmad,Hamdan,,NURS,5327,12,52,0,1,0,3,0,0,0,3,0,0,59
2025 - 2026,2025 Fall,GRAD,GRAD,Leigh,Griffis-Cogan,,NURS,5327,400,142,19,1,0,1,0,0,0,4,0,0,167
2025 - 2026,2025 Fall,GRAD,GRAD,Leigh,Griffis-Cogan,,NURS,5327,401,155,23,2,3,3,0,0,0,4,0,0,190
2025 - 2026,2025 Fall,GRAD,GRAD,Leigh,Griffis-Cogan,,NURS,5327,402,100,19,2,0,4,0,0,0,3,0,0,128
2025 - 2026,2025 Fall,GRAD,GRAD,Maxine,Adegbola,Leigh Griffis-Cogan,NURS,5327,403,138,37,3,1,0,0,0,0,3,0,0,182
2025 - 2026,2025 Fall,GRAD,GRAD,Leigh,Griffis-Cogan,,NURS,5327,405,63,13,1,0,0,0,0,0,2,0,0,79
2025 - 2026,2025 Fall,GRAD,GRAD,Leigh,Griffis-Cogan,,NURS,5327,406,57,13,3,1,0,0,0,0,1,0,0,75
2025 - 2026,2025 Fall,GRAD,GRAD,Margarita,Trevino,,NURS,5329,400,21,0,0,0,0,0,0,0,0,0,0,21
2025 - 2026,2025 Fall,GRAD,GRAD,Patti,Parker,,NURS,5334,1,0,3,2,0,0,0,0,0,1,0,0,6
2025 - 2026,2025 Fall,GRAD,GRAD,Patti,Parker,,NURS,5334,10,1,8,1,0,0,0,0,0,2,0,0,12
2025 - 2026,2025 Fall,GRAD,GRAD,Patti,Parker,Kyla Ripperger,NURS,5334,400,17,52,35,1,0,0,0,0,10,0,0,115
2025 - 2026,2025 Fall,GRAD,GRAD,Patti,Parker,Kyla Ripperger,NURS,5334,401,14,72,34,1,2,0,0,0,5,0,0,128
2025 - 2026,2025 Fall,GRAD,GRAD,Melissa,Miller,Kyla Ripperger; Patti Parker,NURS,5334,402,25,88,50,1,2,0,0,0,5,0,0,171
2025 - 2026,2025 Fall,GRAD,GRAD,Melissa,Miller,Kyla Ripperger; Patti Parker,NURS,5334,404,4,39,28,0,1,0,0,0,4,0,0,76
2025 - 2026,2025 Fall,GRAD,GRAD,Karla,Smith-Lucas,Elizabeth Fuentes,NURS,5337,456,6,0,0,0,0,0,0,0,0,0,0,6
2025 - 2026,2025 Fall,GRAD,GRAD,Jackquelyn,Williams,Elizabeth Fuentes,NURS,5337,457,6,0,0,0,0,0,0,0,0,0,0,6
2025 - 2026,2025 Fall,GRAD,GRAD,Bethany,McClean,Elizabeth Fuentes,NURS,5337,458,6,0,0,0,0,0,0,0,0,0,0,6
2025 - 2026,2025 Fall,GRAD,GRAD,Shira,Love,Elizabeth Fuentes,NURS,5337,459,6,0,0,0,0,0,0,0,0,0,0,6
2025 - 2026,2025 Fall,GRAD,GRAD,Kimberly,Hilmer,Elizabeth Fuentes,NURS,5337,460,6,0,0,0,0,0,0,0,0,0,0,6
2025 - 2026,2025 Fall,GRAD,GRAD,Veronica,Garcia,Elizabeth Fuentes,NURS,5337,461,6,0,0,0,0,0,0,0,0,0,0,6
2025 - 2026,2025 Fall,GRAD,GRAD,Ashlee,Loewen,Elizabeth Fuentes,NURS,5337,472,5,1,0,0,0,0,0,0,0,0,0,6
2025 - 2026,2025 Fall,GRAD,GRAD,Sharron,Ballard,Elizabeth Fuentes,NURS,5337,473,6,0,0,0,0,0,0,0,0,0,0,6
2025 - 2026,2025 Fall,GRAD,GRAD,Kimberly,Hilmer,Elizabeth Fuentes,NURS,5337,483,5,1,0,0,0,0,0,0,0,0,0,6
2025 - 2026,2025 Fall,GRAD,GRAD,Kelly,Meier,Elizabeth Fuentes,NURS,5337,486,6,0,0,0,0,0,0,0,0,0,0,6
2025 - 2026,2025 Fall,GRAD,GRAD,Ashley,Pichon,Elizabeth Fuentes,NURS,5337,494,5,0,0,0,0,0,0,0,1,0,0,6
2025 - 2026,2025 Fall,GRAD,GRAD,Deanna,Cason,Phyllis Wood,NURS,5338,453,6,0,0,0,0,0,0,0,0,0,0,6
2025 - 2026,2025 Fall,GRAD,GRAD,Monique,Huntley,Phyllis Wood,NURS,5338,457,5,1,0,0,0,0,0,0,0,0,0,6
2025 - 2026,2025 Fall,GRAD,GRAD,Lori,Karl,Phyllis Wood,NURS,5338,458,6,0,0,0,0,0,0,0,0,0,0,6
2025 - 2026,2025 Fall,GRAD,GRAD,Kimberly,Sava,Phyllis Wood,NURS,5338,463,6,0,0,0,0,0,0,0,0,0,0,6
2025 - 2026,2025 Fall,GRAD,GRAD,Maryann,Ugoh,Phyllis Wood,NURS,5338,465,6,0,0,0,0,0,0,0,0,0,0,6
2025 - 2026,2025 Fall,GRAD,GRAD,Stephanie,Sealy,Phyllis Wood,NURS,5338,466,6,0,0,0,0,0,0,0,0,0,0,6
2025 - 2026,2025 Fall,GRAD,GRAD,Cristina,Winters,Phyllis Wood,NURS,5338,467,6,0,0,0,0,0,0,0,0,0,0,6
2025 - 2026,2025 Fall,GRAD,GRAD,Audrey,Collins,Phyllis Wood,NURS,5338,468,6,0,0,0,0,0,0,0,0,0,0,6
2025 - 2026,2025 Fall,GRAD,GRAD,Emily,Evans,Phyllis Wood,NURS,5338,469,6,0,0,0,0,0,0,0,0,0,0,6
2025 - 2026,2025 Fall,GRAD,GRAD,Lauren,Runyon,Phyllis Wood,NURS,5338,471,6,0,0,0,0,0,0,0,0,0,0,6
2025 - 2026,2025 Fall,GRAD,GRAD,Debra,Phillips,,NURS,5339,400,46,7,0,0,0,0,0,0,1,0,0,54
2025 - 2026,2025 Fall,GRAD,GRAD,Debra,Phillips,,NURS,5339,401,16,7,0,0,0,0,0,0,0,0,0,23
2025 - 2026,2025 Fall,GRAD,GRAD,Pamela,Duffey,,NURS,5340,400,0,0,0,0,0,0,71,0,1,0,0,72
2025 - 2026,2025 Fall,GRAD,GRAD,Kirsten,Drake,,NURS,5341,400,19,3,0,0,0,0,0,0,0,0,0,22
2025 - 2026,2025 Fall,GRAD,GRAD,Kirsten,Drake,,NURS,5341,401,42,9,0,0,0,0,0,0,0,0,0,51
2025 - 2026,2025 Fall,GRAD,GRAD,Candida,Constantine-Castillo,,NURS,5342,400,30,1,0,0,1,0,0,0,1,0,0,33
2025 - 2026,2025 Fall,GRAD,GRAD,Candida,Constantine-Castillo,,NURS,5342,401,39,0,0,0,1,0,0,0,1,0,0,41
2025 - 2026,2025 Fall,GRAD,GRAD,Candida,Constantine-Castillo,,NURS,5343,400,37,0,0,0,0,0,0,0,0,0,0,37
2025 - 2026,2025 Fall,GRAD,GRAD,Gigi,Thomas,,NURS,5350,10,16,0,0,0,0,0,0,0,1,0,0,17
2025 - 2026,2025 Fall,GRAD,GRAD,Sara,Moore,,NURS,5350,10,16,0,0,0,0,0,0,0,1,0,0,17
2025 - 2026,2025 Fall,GRAD,GRAD,Sara,Moore,,NURS,5350,400,141,4,0,0,0,0,0,0,1,0,0,146
2025 - 2026,2025 Fall,GRAD,GRAD,Sara,Moore,,NURS,5350,401,145,3,0,0,0,0,0,0,0,0,0,148
2025 - 2026,2025 Fall,GRAD,GRAD,Sara,Moore,,NURS,5350,402,47,2,0,0,0,0,0,0,1,0,0,50
2025 - 2026,2025 Fall,GRAD,GRAD,Sara,Moore,,NURS,5350,403,95,3,0,0,0,0,0,0,0,0,0,98
2025 - 2026,2025 Fall,GRAD,GRAD,Melissa,Miller,Mary Davis,NURS,5352,402,5,0,0,0,0,0,0,0,0,1,0,6
2025 - 2026,2025 Fall,GRAD,GRAD,Sumit,Trivedi,Mary Davis,NURS,5352,403,6,0,0,0,0,0,0,0,0,0,0,6
2025 - 2026,2025 Fall,GRAD,GRAD,Ashley,Moore,Essence Carter-Griffin; Shannon Carey,NURS,5354,402,4,1,0,0,0,0,0,0,1,0,0,6
2025 - 2026,2025 Fall,GRAD,GRAD,Tiffany,Trent,Essence Carter-Griffin; Shannon Carey,NURS,5354,403,5,1,0,0,0,0,0,0,0,0,0,6
2025 - 2026,2025 Fall,GRAD,GRAD,Keri,Draganic,Essence Carter-Griffin; Shannon Carey,NURS,5354,405,4,2,0,0,0,0,0,0,0,0,0,6
2025 - 2026,2025 Fall,GRAD,GRAD,Sumit,Trivedi,Essence Carter-Griffin; Shannon Carey,NURS,5354,406,5,1,0,0,0,0,0,0,0,0,0,6
2025 - 2026,2025 Fall,GRAD,GRAD,Gabriell,Grayson,Essence Carter-Griffin; Shannon Carey,NURS,5354,412,4,2,0,0,0,0,0,0,0,0,0,6
2025 - 2026,2025 Fall,GRAD,GRAD,Kaitlin,Mathew,Essence Carter-Griffin; Shannon Carey,NURS,5354,413,4,2,0,0,0,0,0,0,0,0,0,6
2025 - 2026,2025 Fall,GRAD,GRAD,Kristin,Stanley,Essence Carter-Griffin; Shannon Carey,NURS,5354,414,1,4,0,0,0,0,0,0,1,0,0,6
2025 - 2026,2025 Fall,GRAD,GRAD,Elizabeth,Azie,Buffy Powell; Essence Carter-Griffin,NURS,5355,454,5,1,0,0,0,0,0,0,0,0,0,6
2025 - 2026,2025 Fall,GRAD,GRAD,Tonya,Hooper,Buffy Powell; Essence Carter-Griffin,NURS,5355,455,5,1,0,0,0,0,0,0,0,0,0,6
2025 - 2026,2025 Fall,GRAD,GRAD,Jeanette,Blankenship,,NURS,5360,400,24,1,0,0,1,0,0,0,1,0,0,27
2025 - 2026,2025 Fall,GRAD,GRAD,Julie,Jung,Patricia Thomas,NURS,5362,402,0,0,0,0,0,0,9,0,0,0,0,9
2025 - 2026,2025 Fall,GRAD,GRAD,Bethany,Hultquist,Patricia Thomas,NURS,5362,403,0,0,0,0,0,0,9,0,0,0,0,9
2025 - 2026,2025 Fall,GRAD,GRAD,Melissa,Salmons,,NURS,5362,404,0,0,0,0,0,0,7,0,0,0,0,7
2025 - 2026,2025 Fall,GRAD,GRAD,Michelle,Hampton,,NURS,5366,10,35,14,0,0,0,0,0,0,5,0,0,54
2025 - 2026,2025 Fall,GRAD,GRAD,Michelle,Hampton,,NURS,5366,400,133,10,2,0,0,0,0,0,2,0,0,147
2025 - 2026,2025 Fall,GRAD,GRAD,Michelle,Hampton,,NURS,5366,401,129,20,1,2,3,0,0,0,4,0,0,159
2025 - 2026,2025 Fall,GRAD,GRAD,Michelle,Hampton,,NURS,5366,402,134,9,4,0,1,0,0,0,0,0,0,148
2025 - 2026,2025 Fall,GRAD,GRAD,Deborah,Behan,Michelle Hampton,NURS,5366,403,82,7,1,0,0,0,0,0,1,0,0,91
2025 - 2026,2025 Fall,GRAD,GRAD,Michelle,Hampton,,NURS,5366,404,147,13,3,0,0,0,0,0,0,0,0,163
2025 - 2026,2025 Fall,GRAD,GRAD,Michelle,Hampton,,NURS,5366,406,140,17,1,1,1,0,0,0,0,0,0,160
2025 - 2026,2025 Fall,GRAD,GRAD,Donna,Bacchus,,NURS,5367,10,5,1,1,0,0,0,0,0,2,0,0,9
2025 - 2026,2025 Fall,GRAD,GRAD,Deborah,Behan,,NURS,5367,400,107,16,4,0,0,0,0,0,1,0,0,128
2025 - 2026,2025 Fall,GRAD,GRAD,Deborah,Behan,,NURS,5367,401,49,3,3,1,0,0,0,0,1,0,0,57
2025 - 2026,2025 Fall,GRAD,GRAD,Deborah,Behan,,NURS,5367,402,139,14,3,0,0,0,0,0,3,0,0,159
2025 - 2026,2025 Fall,GRAD,GRAD,Sharon,Wilson,Deborah Behan,NURS,5367,405,182,16,1,0,1,0,0,0,3,0,0,203
2025 - 2026,2025 Fall,GRAD,GRAD,Deborah,Behan,,NURS,5367,406,169,18,1,0,0,0,0,0,1,0,0,189
2025 - 2026,2025 Fall,GRAD,GRAD,Collin,Naugher,Vicky Van Buren,NURS,5371,401,6,0,0,0,0,0,0,0,0,0,0,6
2025 - 2026,2025 Fall,GRAD,GRAD,Leslie,Wilson,Vicky Van Buren,NURS,5371,402,6,0,0,0,0,0,0,0,0,0,0,6
2025 - 2026,2025 Fall,GRAD,GRAD,Tamara,Eades,,NURS,5382,400,34,5,0,0,0,0,0,0,0,0,0,39
2025 - 2026,2025 Fall,GRAD,GRAD,Tamara,Eades,,NURS,5382,401,45,1,0,0,0,0,0,0,0,0,0,46
2025 - 2026,2025 Fall,GRAD,GRAD,Daisha,Cipher,,NURS,5388,10,5,1,0,0,0,0,0,0,0,0,0,6
2025 - 2026,2025 Fall,GRAD,GRAD,Daisha,Cipher,,NURS,5388,400,31,7,2,0,1,0,0,0,2,0,0,43
2025 - 2026,2025 Fall,GRAD,GRAD,Daisha,Cipher,,NURS,5388,401,21,5,0,0,0,0,0,0,0,0,0,26
2025 - 2026,2025 Fall,GRAD,GRAD,Daisha,Cipher,,NURS,5388,402,17,2,0,0,1,0,0,0,1,0,0,21
2025 - 2026,2025 Fall,GRAD,GRAD,Aaron,Langford,,NURS,5410,1,6,0,0,0,0,0,0,0,0,0,0,6
2025 - 2026,2025 Fall,GRAD,GRAD,Aaron,Langford,,NURS,5410,10,35,10,0,0,0,0,0,0,0,0,0,45
2025 - 2026,2025 Fall,GRAD,GRAD,Kuangi Grace,Huang,,NURS,5432,400,25,77,27,0,1,0,0,0,2,0,0,132
2025 - 2026,2025 Fall,GRAD,GRAD,Kuangi Grace,Huang,,NURS,5432,402,9,37,9,0,2,0,0,0,0,0,0,57
2025 - 2026,2025 Fall,GRAD,GRAD,Rhonda,Winegar,,NURS,5433,400,36,57,45,4,0,0,0,0,2,0,0,144
2025 - 2026,2025 Fall,GRAD,GRAD,Rhonda,Winegar,,NURS,5433,401,11,28,23,3,0,0,0,0,3,0,0,68
2025 - 2026,2025 Fall,GRAD,GRAD,Rhonda,Winegar,,NURS,5433,402,13,49,42,4,1,0,0,0,9,0,0,118
2025 - 2026,2025 Fall,GRAD,GRAD,Jaquetta,Reeves,,NURS,5434,400,17,19,2,0,0,0,0,0,0,0,0,38
2025 - 2026,2025 Fall,GRAD,GRAD,Jaquetta,Reeves,,NURS,5434,402,119,7,0,0,0,0,0,0,0,0,0,126
2025 - 2026,2025 Fall,GRAD,GRAD,Jaquetta,Reeves,,NURS,5434,403,70,5,2,0,0,0,0,0,0,0,0,77
2025 - 2026,2025 Fall,GRAD,GRAD,Kira,Short,,NURS,5447,10,2,5,2,0,0,0,0,0,1,0,0,10
2025 - 2026,2025 Fall,GRAD,GRAD,Courtney,Morse,Kira Short,NURS,5450,10,0,0,0,0,1,0,5,0,0,0,0,6
2025 - 2026,2025 Fall,GRAD,GRAD,Patti,Parker,,NURS,5461,400,8,60,23,0,0,0,0,0,4,0,0,95
2025 - 2026,2025 Fall,GRAD,GRAD,Patti,Parker,,NURS,5461,401,2,58,21,2,0,0,0,0,4,0,0,87
2025 - 2026,2025 Fall,GRAD,GRAD,Andrea,Tennancour,Patti Parker,NURS,5462,400,2,15,1,0,1,0,0,0,0,0,0,19
2025 - 2026,2025 Fall,GRAD,GRAD,Shawna,Johnson,Patti Parker,NURS,5462,401,0,15,2,0,0,0,0,0,1,0,0,18
2025 - 2026,2025 Fall,GRAD,GRAD,Keri,Draganic,,NURS,5463,400,6,19,8,0,0,0,0,0,2,0,0,35
2025 - 2026,2025 Fall,GRAD,GRAD,Keri,Draganic,,NURS,5463,401,28,33,6,0,0,0,0,0,0,0,0,67
2025 - 2026,2025 Fall,GRAD,GRAD,Courtney,Werner,,NURS,5465,400,4,12,1,0,0,0,0,0,0,0,0,17
2025 - 2026,2025 Fall,GRAD,GRAD,Courtney,Werner,,NURS,5465,401,6,9,0,0,0,0,0,0,0,0,0,15
2025 - 2026,2025 Fall,GRAD,GRAD,Martha,Yee,,NURS,5466,400,4,3,1,0,0,0,0,0,0,0,0,8
2025 - 2026,2025 Fall,GRAD,GRAD,Kristin,Gigli,Martha Yee,NURS,5466,401,4,3,1,0,0,0,0,0,0,0,0,8
2025 - 2026,2025 Fall,GRAD,GRAD,Collin,Naugher,,NURS,5467,400,10,4,0,0,0,0,0,0,0,0,0,14
2025 - 2026,2025 Fall,GRAD,GRAD,Collin,Naugher,,NURS,5467,401,14,4,0,0,0,0,0,0,0,0,0,18
2025 - 2026,2025 Fall,GRAD,GRAD,Cynthia,Brenchley,Sayda Major,NURS,5640,456,0,0,0,0,0,0,6,0,0,0,0,6
2025 - 2026,2025 Fall,GRAD,GRAD,Leiandie April,Hulet,Sayda Major,NURS,5640,457,0,0,0,0,0,0,6,0,0,0,0,6
2025 - 2026,2025 Fall,GRAD,GRAD,Esteban,Aguirre,Sayda Major,NURS,5640,459,0,0,0,0,0,0,6,0,0,0,0,6
2025 - 2026,2025 Fall,GRAD,GRAD,Mary,Roberts,Sayda Major,NURS,5640,460,0,0,0,0,0,0,6,0,0,0,0,6
2025 - 2026,2025 Fall,GRAD,GRAD,Cathryn,Brown,Veronica Cedillo,NURS,5645,451,0,0,0,0,0,0,6,0,0,1,0,7
2025 - 2026,2025 Fall,GRAD,GRAD,Erika,Diniz-Borkar,Veronica Cedillo,NURS,5645,452,0,0,0,0,0,0,7,0,0,0,0,7
2025 - 2026,2025 Fall,GRAD,GRAD,Barbara,Taylor,Phyllis Wood,NURS,5660,451,0,0,0,0,0,0,6,0,0,0,0,6
2025 - 2026,2025 Fall,GRAD,GRAD,Daisy,Williams,Phyllis Wood,NURS,5660,453,0,0,0,0,0,0,6,0,0,0,0,6
2025 - 2026,2025 Fall,GRAD,GRAD,Stephanie,Collins,Phyllis Wood,NURS,5660,455,0,0,0,0,0,0,6,0,0,0,0,6
2025 - 2026,2025 Fall,GRAD,GRAD,Loree,Elliott,Phyllis Wood,NURS,5660,456,0,0,0,0,0,0,6,0,0,0,0,6
2025 - 2026,2025 Fall,GRAD,GRAD,Margaret,Ernster,Phyllis Wood,NURS,5660,457,0,0,0,0,0,0,6,0,0,0,0,6
2025 - 2026,2025 Fall,GRAD,GRAD,Jeffrey,Yarbrough,Phyllis Wood,NURS,5660,458,0,0,0,0,0,0,6,0,0,0,0,6
2025 - 2026,2025 Fall,GRAD,GRAD,Shari,Khorsandi,Phyllis Wood,NURS,5660,462,0,0,0,0,0,0,6,0,0,0,0,6
2025 - 2026,2025 Fall,GRAD,GRAD,Amanda,Mendez,Phyllis Wood,NURS,5660,463,0,0,0,0,0,0,6,0,0,0,0,6
2025 - 2026,2025 Fall,GRAD,GRAD,Charisse,Rivers,Phyllis Wood,NURS,5660,466,0,0,0,0,0,0,6,0,0,0,0,6
2025 - 2026,2025 Fall,GRAD,GRAD,Kathleen,Garza,Phyllis Wood,NURS,5660,471,0,0,0,0,0,0,6,0,0,0,0,6
2025 - 2026,2025 Fall,GRAD,GRAD,Darla,Porter,Phyllis Wood,NURS,5660,475,0,0,0,0,0,0,6,0,0,0,0,6
2025 - 2026,2025 Fall,GRAD,GRAD,Christie,Ramirez,,NURS,5685,452,0,0,0,0,0,0,6,0,0,0,0,6
2025 - 2026,2025 Fall,GRAD,GRAD,Renee,Manworren,,NURS,6102,1,5,4,0,0,0,0,0,0,0,0,0,9
2025 - 2026,2025 Fall,GRAD,GRAD,Venu,Varanasi,Ann Eckhardt,NURS,6306,1,2,8,2,0,0,0,0,0,0,0,0,12
2025 - 2026,2025 Fall,GRAD,GRAD,Kristine,Cope,Cynthia Plonien; Stephanie Spohr,NURS,6307,400,10,2,0,0,0,0,0,0,0,0,0,12
2025 - 2026,2025 Fall,GRAD,GRAD,Kristine,Cope,Cynthia Plonien; Jose Alejandro-White,NURS,6307,401,12,2,1,0,0,0,0,0,0,0,0,15
2025 - 2026,2025 Fall,GRAD,GRAD,Elizabeth,Merwin,Jessica Smith,NURS,6308,1,4,2,0,0,0,0,0,0,0,0,0,6
2025 - 2026,2025 Fall,GRAD,GRAD,Daisha,Cipher,,NURS,6319,1,8,0,0,0,0,0,0,0,0,0,0,8
2025 - 2026,2025 Fall,GRAD,GRAD,Kimberly,Hatchel,Christi Nguyen; Cynthia Plonien; Kimberly Siniscalchi; Michelle Hampton,NURS,6320,400,7,3,0,0,1,0,0,0,0,0,0,11
2025 - 2026,2025 Fall,GRAD,GRAD,Kimberly,Hatchel,Amber Arnold; Cynthia Plonien; Jose Alejandro-White,NURS,6320,401,12,1,0,0,0,0,0,0,0,0,0,13
2025 - 2026,2025 Fall,GRAD,GRAD,Kristine,Cope,Adelaine Cunningham; Amber Arnold; Cynthia Diamond; Cynthia Plonien; Sandra Laird,NURS,6322,400,17,11,1,0,0,0,0,0,0,0,0,29
2025 - 2026,2025 Fall,GRAD,GRAD,Kristine,Cope,Cynthia Plonien,NURS,6322,401,11,0,0,0,0,0,0,0,0,0,0,11
2025 - 2026,2025 Fall,GRAD,GRAD,Cathryn,Brown,Cynthia Casey; Cynthia Diamond; Cynthia Plonien; Kimberly Siniscalchi; Kirsten Drake; Kristine Cope; Michelle Hampton; Sandra Laird; Shirley Aycock; Tiffany Trent,NURS,6323,401,12,10,7,0,0,0,0,0,2,0,0,31
2025 - 2026,2025 Fall,GRAD,GRAD,Dianne,Ross,Cynthia Plonien; Jennifer Roye; Joy Baker; Kristine Cope; Sharon Blackerby,NURS,6324,400,24,0,1,0,0,0,0,0,0,0,0,25
2025 - 2026,2025 Fall,GRAD,GRAD,Dianne,Ross,Cynthia Plonien; Kristine Cope; Laura Kincheloe,NURS,6324,401,6,0,0,0,0,0,0,0,0,0,0,6
2025 - 2026,2025 Fall,GRAD,GRAD,Kirsten,Drake,Cathryn Brown; Christi Nguyen; Cynthia Diamond; Cynthia Plonien; Jennifer Roye; Kellie Kahveci; Kimberly Siniscalchi; Kristine Cope; Michelle Hampton; Sharon Blackerby; Thomas Dombrowsky; Tiffany Trent,NURS,6326,401,12,4,1,0,0,0,0,0,0,0,0,17
2025 - 2026,2025 Fall,GRAD,GRAD,Cathryn,Brown,Cynthia Casey; Cynthia Plonien; Kimberly Siniscalchi,NURS,6327,400,12,6,0,0,0,0,0,0,1,0,0,19
2025 - 2026,2025 Fall,GRAD,GRAD,Cathryn,Brown,Cynthia Casey; Cynthia Diamond; Cynthia Plonien; Debra Hurd,NURS,6327,401,11,14,1,0,1,0,0,0,2,0,0,29
2025 - 2026,2025 Fall,GRAD,GRAD,Tamara,Eades,Cynthia Plonien; Elizabeth Merwin,NURS,6382,400,7,0,0,0,0,0,0,0,0,0,0,7
2025 - 2026,2025 Fall,GRAD,GRAD,Tamara,Eades,Cynthia Plonien; Laura Kincheloe,NURS,6382,401,11,3,0,0,0,0,0,0,1,0,0,15
2025 - 2026,2025 Fall,GRAD,GRAD,Tamara,Eades,Cathryn Brown; Cecilia Flores; Christi Nguyen; Cynthia Casey; Cynthia Plonien; Deborah Behan; Dianne Ross; Kellie Kahveci; Kimberly Hatchel; Kimberly Siniscalchi; Kirsten Drake; Kristine Cope; Michelle Hampton; Patti Parker; Sharon Blackerby; Thomas;,NURS,6620,400,0,0,0,0,0,0,24,0,1,0,1,26
2025 - 2026,2025 Fall,GRAD,GRAD,Cathryn,Brown,Cecilia Flores; Christi Nguyen; Cynthia Plonien; Deborah Behan; Dianne Ross; Katherine Hitchcock; Kellie Kahveci; Kimberly Hatchel; Kimberly Siniscalchi; Kirsten Drake; Kristine Cope; Michelle Hampton; Tamara Eades; Thomas Dombrowsky; Tiffany Trent,NURS,6621,400,0,0,0,0,0,0,16,0,0,0,0,16
2025 - 2026,2025 Fall,GRAD,GRAD,Dianne,Ross,Mari Tietze,NURS-HI,5383,10,11,0,0,0,0,0,0,0,0,0,0,11
2025 - 2026,2025 Fall,GRAD,GRAD,Kristine,Cope,Mari Tietze,NURS-HI,5384,10,13,0,0,0,0,0,0,0,0,0,0,13
2025 - 2026,2025 Fall,GRAD,GRAD,Keri,Draganic,,NURS-IS,5270,400,0,0,0,0,0,0,7,0,0,0,0,7
2025 - 2026,2025 Fall,GRAD,GRAD,Courtney,Werner,,NURSC,5220,400,7,6,0,0,0,0,0,0,0,0,0,13
2025 - 2026,2025 Fall,GRAD,GRAD,Sayda,Major,Nancy Nagel,NURSC,5315,400,2,6,1,1,0,0,0,0,3,0,0,13
2025 - 2026,2025 Fall,GRAD,GRAD,Jordan,Dudley,Nancy Nagel; Sayda Major,NURSC,5315,401,2,2,6,1,0,0,0,0,3,0,0,14
2025 - 2026,2025 Fall,GRAD,GRAD,Patti,Parker,Kyla Ripperger,NURSC,5334,400,2,4,4,0,1,0,0,0,0,0,0,11
2025 - 2026,2025 Fall,GRAD,GRAD,Patti,Parker,Kyla Ripperger,NURSC,5334,401,1,5,3,0,0,0,0,0,1,0,0,10
2025 - 2026,2025 Fall,GRAD,GRAD,Sara,Moore,,NURSC,5350,400,14,0,0,0,0,0,0,0,0,0,0,14
2025 - 2026,2025 Fall,GRAD,GRAD,Sara,Moore,,NURSC,5350,401,20,0,0,0,0,0,0,0,0,0,0,20
2025 - 2026,2025 Fall,GRAD,GRAD,Kuangi Grace,Huang,,NURSC,5432,400,0,9,1,0,0,0,0,0,1,0,0,11
2025 - 2026,2025 Fall,GRAD,GRAD,Rhonda,Winegar,,NURSC,5433,402,1,1,9,0,0,0,0,0,0,0,0,11
2025 - 2026,2025 Fall,GRAD,GRAD,Jaquetta,Reeves,,NURSC,5434,402,6,0,0,0,0,0,0,0,0,0,0,6
2025 - 2026,2025 Fall,GRAD,GRAD,Patti,Parker,,NURSC,5461,400,1,7,2,0,0,0,0,0,1,0,0,11
2025 - 2026,2025 Fall,GRAD,GRAD,Patti,Parker,,NURSC,5461,401,1,5,1,1,0,0,0,0,0,0,0,8
2025 - 2026,2025 Fall,GRAD,GRAD,Keri,Draganic,,NURSC,5463,401,2,4,2,0,0,0,0,0,0,0,0,8
2025 - 2026,2025 Fall,GRAD,GRAD,Debra,Phillips,Mary Davis,NURSG,5120,436,0,0,0,0,0,0,7,0,0,0,0,7
2025 - 2026,2025 Fall,GRAD,GRAD,Melissa,Franklin,Angela Miller; Courtney Werner,NURSG,5130,400,0,0,0,0,0,0,6,0,0,0,0,6
2025 - 2026,2025 Fall,GRAD,GRAD,Courtney,Werner,,NURSG,5220,400,10,8,0,0,0,0,0,0,0,0,0,18
2025 - 2026,2025 Fall,GRAD,GRAD,Sayda,Major,Nancy Nagel,NURSG,5315,400,4,10,6,1,0,0,0,0,0,0,0,21
2025 - 2026,2025 Fall,GRAD,GRAD,Jordan,Dudley,Nancy Nagel; Sayda Major,NURSG,5315,401,2,7,2,0,0,0,0,0,0,0,0,11
2025 - 2026,2025 Fall,GRAD,GRAD,Patti,Parker,Kyla Ripperger,NURSG,5334,400,1,3,4,0,0,0,0,0,1,0,0,9
2025 - 2026,2025 Fall,GRAD,GRAD,Patti,Parker,Kyla Ripperger,NURSG,5334,401,1,5,2,0,0,0,0,0,0,0,0,8
2025 - 2026,2025 Fall,GRAD,GRAD,Sara,Moore,,NURSG,5350,400,6,0,0,0,0,0,0,0,0,0,0,6
2025 - 2026,2025 Fall,GRAD,GRAD,Sara,Moore,,NURSG,5350,401,17,0,0,0,0,0,0,0,0,0,0,17
2025 - 2026,2025 Fall,GRAD,GRAD,Deborah,Behan,,NURSG,5367,400,8,0,0,0,0,0,0,0,0,0,0,8
2025 - 2026,2025 Fall,GRAD,GRAD,Deborah,Behan,,NURSG,5367,401,4,4,0,0,0,0,0,0,1,0,0,9
2025 - 2026,2025 Fall,GRAD,GRAD,Deborah,Behan,,NURSG,5367,402,23,1,0,0,0,0,0,0,0,0,0,24
2025 - 2026,2025 Fall,GRAD,GRAD,Kuangi Grace,Huang,,NURSG,5432,400,0,8,4,0,0,0,0,0,0,0,0,12
2025 - 2026,2025 Fall,GRAD,GRAD,Rhonda,Winegar,,NURSG,5433,400,3,5,2,0,0,0,0,0,2,0,0,12
2025 - 2026,2025 Fall,GRAD,GRAD,Rhonda,Winegar,,NURSG,5433,402,1,3,9,0,0,0,0,0,0,0,0,13
2025 - 2026,2025 Fall,GRAD,GRAD,Bethany,McClean,Jaquetta Reeves,NURSG,5434,402,10,0,0,0,0,0,0,0,0,0,0,10
2025 - 2026,2025 Fall,GRAD,GRAD,Bradly,Masters,,OPMA,5361,1,4,9,0,0,0,0,0,0,0,0,0,13
2025 - 2026,2025 Fall,GRAD,GRAD,Bin,Jiang,,OPMA,5361,70,37,16,0,0,0,0,0,0,0,0,0,53
2025 - 2026,2025 Fall,GRAD,GRAD,Bin,Jiang,,OPMA,5361,71,45,4,0,0,0,1,0,0,0,0,0,50
2025 - 2026,2025 Fall,GRAD,GRAD,Ramakrishna,Koganti,,OPMA,5364,1,4,5,0,0,0,0,0,0,0,0,0,9
2025 - 2026,2025 Fall,GRAD,GRAD,Randall,Napier,,OPMA,5364,70,16,2,0,0,0,0,0,0,0,0,0,18
2025 - 2026,2025 Fall,GRAD,GRAD,Junguang,Zhang,,OPMA,5364,71,41,10,0,0,0,0,0,0,1,0,0,52
2025 - 2026,2025 Fall,GRAD,GRAD,Thu Trang,Hoang,,OPMA,6392,1,8,0,0,0,0,0,0,0,0,0,0,8
2025 - 2026,2025 Fall,GRAD,GRAD,David,Coursey,,PAPP,5302,101,9,1,3,0,0,0,0,0,0,0,0,13
2025 - 2026,2025 Fall,GRAD,GRAD,Alejandro,Rodriguez,,PAPP,5309,201,6,4,0,0,0,0,0,0,0,0,0,10
2025 - 2026,2025 Fall,GRAD,GRAD,Marty,Wieder,,PAPP,5334,101,25,5,0,0,0,0,0,0,0,0,0,30
2025 - 2026,2025 Fall,GRAD,GRAD,Evan,Mistur,,PAPP,5345,1,7,2,0,0,0,0,0,0,0,0,0,9
2025 - 2026,2025 Fall,GRAD,GRAD,Evan,Mistur,,PAPP,5345,201,9,1,0,0,1,0,0,0,0,0,0,11
2025 - 2026,2025 Fall,GRAD,GRAD,Jiseul,Kim,,PAPP,5350,101,18,0,0,0,0,0,0,0,1,0,0,19
2025 - 2026,2025 Fall,GRAD,GRAD,Joseph,Portugal,,PAPP,5350,301,12,4,2,0,0,0,0,0,1,0,0,19
2025 - 2026,2025 Fall,GRAD,GRAD,Jiwon,Suh,,PAPP,5351,201,32,3,0,0,0,0,0,0,1,0,0,36
2025 - 2026,2025 Fall,GRAD,GRAD,Jennifer,Sloan,,PAPP,5355,101,15,2,0,0,0,0,0,0,1,0,0,18
2025 - 2026,2025 Fall,GRAD,GRAD,Joseph,Portugal,,PAPP,5399,101,8,0,0,0,0,0,0,0,0,0,0,8
2025 - 2026,2025 Fall,GRAD,GRAD,Joseph,Portugal,,PAPP,5399,500,5,2,0,0,0,0,0,0,0,0,0,7
2025 - 2026,2025 Fall,GRAD,GRAD,Evan,Mistur,,PAPP,6311,1,6,1,0,0,0,0,0,0,1,0,0,8
2025 - 2026,2025 Fall,GRAD,GRAD,Alejandro,Rodriguez,,PAPP,6315,1,4,3,0,0,0,1,0,0,0,0,0,8
2025 - 2026,2025 Fall,GRAD,GRAD,Jiwon,Suh,,PAPP,6320,1,6,0,0,0,0,0,0,0,0,0,0,6
2025 - 2026,2025 Fall,GRAD,UGRD,Cheng,Sheng,,PHYS,3321,1,15,8,3,0,1,0,0,0,1,0,0,28
2025 - 2026,2025 Fall,GRAD,GRAD,Jonathan,Asaadi,,PHYS,5307,1,7,8,0,0,1,0,0,0,0,0,0,16
2025 - 2026,2025 Fall,GRAD,GRAD,Qiming,Zhang,,PHYS,5310,1,7,3,0,1,0,0,0,0,0,0,0,11
2025 - 2026,2025 Fall,GRAD,GRAD,Haleh,Hadavand,,PHYS,5311,1,4,7,3,0,0,1,0,0,0,0,0,15
2025 - 2026,2025 Fall,GRAD,GRAD,Zihan,Wang,,PHYS,5313,1,7,5,0,0,0,0,0,0,0,0,0,12
2025 - 2026,2025 Fall,GRAD,GRAD,Benjamin,Jones,,PHYS,5325,1,8,0,0,0,0,0,0,0,0,0,0,8
2025 - 2026,2025 Fall,GRAD,GRAD,Zhonghua,Xu,,PHYS,5391,3,6,1,0,0,0,0,0,0,0,0,0,7
2025 - 2026,2025 Fall,GRAD,GRAD,Julene,Paul,,PLAN,5303,1,5,2,0,0,0,0,0,0,2,0,0,9
2025 - 2026,2025 Fall,GRAD,GRAD,Xueyin,Bai,,PLAN,5304,1,15,2,0,0,0,0,0,0,1,0,0,18
2025 - 2026,2025 Fall,GRAD,GRAD,Julene,Paul,,PLAN,5310,1,14,2,0,0,0,0,0,0,0,0,0,16
2025 - 2026,2025 Fall,GRAD,GRAD,Richard,Gertson,,PLAN,5316,1,10,4,0,0,0,0,0,0,2,0,0,16
2025 - 2026,2025 Fall,GRAD,GRAD,Jianling,Li,,PLAN,5318,1,9,4,0,0,0,0,0,0,2,0,0,15
2025 - 2026,2025 Fall,GRAD,GRAD,Ariadna,Reyes-Sanchez,,PLAN,5324,1,5,1,0,0,0,0,0,0,1,0,0,7
2025 - 2026,2025 Fall,GRAD,GRAD,Alejandro,Rodriguez,,PLAN,5328,102,15,4,0,0,0,0,0,0,0,0,0,19
2025 - 2026,2025 Fall,GRAD,GRAD,Malini,Roy,,PLAN,5333,1,8,1,1,0,0,0,0,0,1,0,0,11
2025 - 2026,2025 Fall,GRAD,GRAD,Jianling,Li,,PLAN,5356,1,4,2,0,0,0,0,0,0,0,0,0,6
2025 - 2026,2025 Fall,GRAD,GRAD,Joseph,Portugal,,PLAN,5363,201,7,10,12,1,0,0,0,0,0,0,0,30
2025 - 2026,2025 Fall,GRAD,GRAD,Ariadna,Reyes-Sanchez,,PLAN,5370,101,10,4,0,0,1,0,0,0,0,0,0,15
2025 - 2026,2025 Fall,GRAD,GRAD,Qisheng,Pan,,PLAN,5380,2,3,8,1,0,0,0,0,0,1,0,0,13
2025 - 2026,2025 Fall,GRAD,GRAD,Matthew,Nowlin,,POLS,5312,1,6,1,1,0,0,0,0,0,1,0,0,9
2025 - 2026,2025 Fall,GRAD,GRAD,Mark,Hand,,POLS,5324,1,10,1,0,0,0,0,0,0,1,0,0,12
2025 - 2026,2025 Fall,GRAD,GRAD,Xavier,Vidal,,POLS,5381,1,9,1,0,0,0,0,0,0,1,0,0,11
2025 - 2026,2025 Fall,GRAD,UGRD,Erin,Austin,,PSYC,3310,2,115,89,43,6,13,0,0,1,4,0,0,271
2025 - 2026,2025 Fall,GRAD,UGRD,Rachel,Baldridge,,PSYC,3315,3,122,69,30,5,9,0,0,4,5,0,0,244
2025 - 2026,2025 Fall,GRAD,GRAD,Tracy,Greer,,PSYC,5110,1,0,0,0,0,0,0,6,0,0,0,0,6
2025 - 2026,2025 Fall,GRAD,GRAD,Rachel,Baldridge,,PSYC,5227,2,12,0,0,0,0,0,0,0,0,0,0,12
2025 - 2026,2025 Fall,GRAD,GRAD,Brett,Ball,,PSYC,5313,1,9,0,0,0,0,0,0,0,0,0,0,9
2025 - 2026,2025 Fall,GRAD,GRAD,Logan,Watts,,PSYC,5325,1,12,0,0,0,0,0,0,0,0,0,0,12
2025 - 2026,2025 Fall,GRAD,GRAD,Larry,Martinez,,PSYC,5330,1,18,0,0,0,0,0,0,0,0,0,0,18
2025 - 2026,2025 Fall,GRAD,GRAD,Erin,Austin,,PSYC,5405,1,9,9,0,0,0,0,0,0,0,0,0,18
2025 - 2026,2025 Fall,GRAD,GRAD,Linda,Perrotti,,PSYC,6101,1,0,0,0,0,0,0,18,0,0,0,0,18
2025 - 2026,2025 Fall,GRAD,GRAD,Jared,Kenworthy,,PSYC,6300,1,13,9,1,0,0,0,0,0,0,0,0,23
2025 - 2026,2025 Fall,GRAD,GRAD,Stephen,Lomber,,PSYC,6300,2,3,3,0,0,0,0,0,0,0,0,0,6
2025 - 2026,2025 Fall,GRAD,GRAD,James,Hansz,,REAE,5311,30,1,5,0,0,0,0,0,0,2,0,0,8
2025 - 2026,2025 Fall,GRAD,GRAD,James,Hansz,,REAE,5319,30,2,3,2,0,0,0,0,0,0,0,0,7
2025 - 2026,2025 Fall,GRAD,GRAD,Jack,Poe,,REAE,5334,1,7,2,0,0,0,0,0,0,0,0,0,9
2025 - 2026,2025 Fall,GRAD,GRAD,Jiyoon,Yoon,,SCED,5351,6,11,0,0,0,0,0,0,0,0,0,0,11
2025 - 2026,2025 Fall,GRAD,GRAD,Julia,Calabrese,,SCED,5352,106,7,2,1,0,0,0,0,0,0,0,0,10
2025 - 2026,2025 Fall,GRAD,GRAD,David,Arditi,,SOCI,5301,1,7,3,0,0,0,0,0,0,1,0,0,11
2025 - 2026,2025 Fall,GRAD,GRAD,Steven,Arxer,,SOCI,5330,1,9,0,0,0,0,0,0,0,0,0,0,9
2025 - 2026,2025 Fall,GRAD,GRAD,Yangjin,Park,,SOCW,5301,1,23,1,0,0,0,0,0,0,4,0,0,28
2025 - 2026,2025 Fall,GRAD,GRAD,Aaron,Burgess,,SOCW,5301,2,25,0,0,1,1,0,0,0,1,0,0,28
2025 - 2026,2025 Fall,GRAD,GRAD,Traneika,Turner-Wentt,,SOCW,5301,3,25,2,0,0,1,0,0,0,2,0,0,30
2025 - 2026,2025 Fall,GRAD,GRAD,Yangjin,Park,,SOCW,5301,4,25,1,1,0,1,0,0,0,1,0,0,29
2025 - 2026,2025 Fall,GRAD,GRAD,Diane,Mitschke,,SOCW,5301,5,23,5,1,0,0,0,0,0,0,0,0,29
2025 - 2026,2025 Fall,GRAD,GRAD,Ling,Xu,,SOCW,5301,6,26,3,0,0,0,0,0,0,1,0,0,30
2025 - 2026,2025 Fall,GRAD,GRAD,Ling,Xu,,SOCW,5301,8,27,1,0,0,0,0,0,0,2,0,0,30
2025 - 2026,2025 Fall,GRAD,GRAD,Traneika,Turner-Wentt,,SOCW,5301,9,25,1,0,0,0,0,0,0,3,0,0,29
2025 - 2026,2025 Fall,GRAD,GRAD,Mia,Kirby,,SOCW,5301,11,18,1,0,0,1,0,0,0,2,0,0,22
2025 - 2026,2025 Fall,GRAD,GRAD,Maryam,Rafieifar,,SOCW,5301,13,17,10,1,2,0,0,0,0,0,0,0,30
2025 - 2026,2025 Fall,GRAD,GRAD,Aaron,Burgess,,SOCW,5301,15,16,0,0,0,0,0,0,0,0,0,0,16
2025 - 2026,2025 Fall,GRAD,GRAD,Mia,Kirby,,SOCW,5301,24,17,0,0,0,4,0,0,0,0,0,0,21
2025 - 2026,2025 Fall,GRAD,GRAD,Ann,Hunt,,SOCW,5303,2,24,2,0,0,1,0,0,0,0,0,0,27
2025 - 2026,2025 Fall,GRAD,GRAD,Ann,Hunt,,SOCW,5303,3,18,7,2,0,1,0,0,0,1,0,0,29
2025 - 2026,2025 Fall,GRAD,GRAD,Jennifer,Murphy,,SOCW,5303,4,27,1,0,0,0,0,0,0,0,0,0,28
2025 - 2026,2025 Fall,GRAD,GRAD,Eusebius,Small,,SOCW,5303,6,22,1,1,0,0,0,0,0,2,0,0,26
2025 - 2026,2025 Fall,GRAD,GRAD,Eusebius,Small,,SOCW,5303,10,13,5,0,0,0,0,0,0,2,0,0,20
2025 - 2026,2025 Fall,GRAD,GRAD,Eusebius,Small,,SOCW,5303,12,2,4,0,0,0,0,0,0,0,0,0,6
2025 - 2026,2025 Fall,GRAD,GRAD,Melissa,Pollock,,SOCW,5303,13,27,1,0,0,0,0,0,0,1,0,0,29
2025 - 2026,2025 Fall,GRAD,GRAD,Aaron,Burgess,,SOCW,5304,1,27,0,0,0,0,0,0,0,1,0,0,28
2025 - 2026,2025 Fall,GRAD,GRAD,Pamela,Johnson,,SOCW,5304,2,25,2,0,1,0,0,0,0,2,0,0,30
2025 - 2026,2025 Fall,GRAD,GRAD,Pamela,Johnson,,SOCW,5304,3,23,2,0,0,0,0,0,0,4,0,0,29
2025 - 2026,2025 Fall,GRAD,GRAD,Latoya,Hogg,,SOCW,5304,4,18,6,0,0,1,1,0,0,1,0,0,27
2025 - 2026,2025 Fall,GRAD,GRAD,Pamela,Johnson,,SOCW,5304,5,20,4,2,2,1,0,0,0,1,0,0,30
2025 - 2026,2025 Fall,GRAD,GRAD,Pamela,Johnson,,SOCW,5304,6,16,6,1,1,1,0,0,0,3,0,0,28
2025 - 2026,2025 Fall,GRAD,GRAD,Pamela,Johnson,,SOCW,5304,8,14,4,0,0,2,0,0,0,1,0,0,21
2025 - 2026,2025 Fall,GRAD,GRAD,Brittany,Baker,,SOCW,5304,9,25,2,0,0,0,0,0,0,1,0,0,28
2025 - 2026,2025 Fall,GRAD,GRAD,Brittany,Baker,,SOCW,5304,10,22,4,1,0,0,0,0,0,1,0,0,28
2025 - 2026,2025 Fall,GRAD,GRAD,Kathleen,Preble,,SOCW,5304,16,25,2,0,0,0,0,0,0,2,0,0,29
2025 - 2026,2025 Fall,GRAD,GRAD,Jessica,Sanchez,,SOCW,5304,24,28,0,0,0,0,0,0,0,1,0,0,29
2025 - 2026,2025 Fall,GRAD,GRAD,Kelli,Rogers,,SOCW,5306,2,20,5,1,0,1,0,0,0,2,0,0,29
2025 - 2026,2025 Fall,GRAD,GRAD,Kelli,Rogers,,SOCW,5306,3,25,1,0,1,1,0,0,0,1,0,0,29
2025 - 2026,2025 Fall,GRAD,GRAD,Dianna,Jones,,SOCW,5306,4,19,3,2,0,0,0,0,0,5,0,0,29
2025 - 2026,2025 Fall,GRAD,GRAD,Latoya,Hogg,,SOCW,5306,6,19,7,0,0,1,0,0,0,0,0,0,27
2025 - 2026,2025 Fall,GRAD,GRAD,Marilin,Jakubowske,,SOCW,5306,7,26,0,0,0,0,0,0,0,2,0,0,28
2025 - 2026,2025 Fall,GRAD,GRAD,Marilin,Jakubowske,,SOCW,5306,8,27,1,0,0,0,0,0,0,0,0,0,28
2025 - 2026,2025 Fall,GRAD,GRAD,Marcela,Nava,,SOCW,5306,10,23,4,0,0,0,0,0,0,2,0,0,29
2025 - 2026,2025 Fall,GRAD,GRAD,Marcela,Nava,,SOCW,5306,18,27,2,0,0,0,0,0,0,0,0,0,29
2025 - 2026,2025 Fall,GRAD,GRAD,Latoya,Hogg,,SOCW,5306,19,22,2,0,0,0,0,0,0,2,0,0,26
2025 - 2026,2025 Fall,GRAD,GRAD,Latoya,Hogg,,SOCW,5306,20,10,2,0,0,0,0,0,0,3,0,0,15
2025 - 2026,2025 Fall,GRAD,GRAD,Latoya,Hogg,,SOCW,5306,21,13,1,1,0,3,0,0,0,0,0,0,18
2025 - 2026,2025 Fall,GRAD,GRAD,Diane,Mitschke,,SOCW,5307,1,27,0,0,0,0,0,0,0,0,0,0,27
2025 - 2026,2025 Fall,GRAD,GRAD,Stephanie,Bonilla,,SOCW,5307,2,3,2,1,0,2,0,0,0,0,0,0,8
2025 - 2026,2025 Fall,GRAD,GRAD,Ann,Hunt,,SOCW,5307,3,8,16,5,1,0,0,0,0,0,0,0,30
2025 - 2026,2025 Fall,GRAD,GRAD,Stephanie,Bonilla,,SOCW,5307,4,12,2,1,0,0,0,0,0,1,0,0,16
2025 - 2026,2025 Fall,GRAD,GRAD,Jessica,Sanchez,,SOCW,5307,5,27,0,0,0,1,0,0,0,0,0,0,28
2025 - 2026,2025 Fall,GRAD,GRAD,Carol,Lee,,SOCW,5308,1,17,9,2,0,0,0,0,0,1,0,0,29
2025 - 2026,2025 Fall,GRAD,GRAD,Yun,Chen,,SOCW,5308,2,23,4,1,0,1,0,0,0,0,0,0,29
2025 - 2026,2025 Fall,GRAD,GRAD,Yao,Wang,,SOCW,5308,3,6,3,0,0,1,0,0,0,0,0,0,10
2025 - 2026,2025 Fall,GRAD,GRAD,Yao,Wang,,SOCW,5308,4,4,2,0,0,0,0,0,0,0,0,0,6
2025 - 2026,2025 Fall,GRAD,GRAD,Hanna,Haran,,SOCW,5308,7,28,2,0,0,0,0,0,0,0,0,0,30
2025 - 2026,2025 Fall,GRAD,GRAD,Hanna,Haran,,SOCW,5308,9,26,1,0,0,0,0,0,0,0,0,0,27
2025 - 2026,2025 Fall,GRAD,GRAD,Rachel,Nava,,SOCW,5310,1,18,1,0,0,1,0,0,0,0,0,0,20
2025 - 2026,2025 Fall,GRAD,GRAD,LaShaunn,Bold,,SOCW,5311,2,30,0,0,0,0,0,0,0,1,0,0,31
2025 - 2026,2025 Fall,GRAD,GRAD,Kiva,Harper,,SOCW,5311,4,14,8,1,0,0,0,0,0,5,0,0,28
2025 - 2026,2025 Fall,GRAD,GRAD,Carla,Storey,,SOCW,5311,5,26,2,0,0,0,0,0,0,1,0,0,29
2025 - 2026,2025 Fall,GRAD,GRAD,Kathryn,Sohne,,SOCW,5311,6,26,2,0,1,1,0,0,0,0,0,0,30
2025 - 2026,2025 Fall,GRAD,GRAD,Kathryn,Sohne,,SOCW,5311,8,12,1,0,0,0,0,0,0,0,0,0,13
2025 - 2026,2025 Fall,GRAD,GRAD,Latisha,Archie-Thomas,,SOCW,5311,9,24,2,0,0,1,0,0,0,2,0,0,29
2025 - 2026,2025 Fall,GRAD,GRAD,Latisha,Archie-Thomas,,SOCW,5311,11,19,5,3,0,1,0,0,0,1,0,0,29
2025 - 2026,2025 Fall,GRAD,GRAD,Andrea,Germany,,SOCW,5311,14,25,2,0,0,0,0,0,0,1,0,0,28
2025 - 2026,2025 Fall,GRAD,GRAD,De'An,Roper,,SOCW,5311,39,21,5,0,1,2,0,0,0,1,0,0,30
2025 - 2026,2025 Fall,GRAD,GRAD,LaShaunn,Bold,,SOCW,5311,40,19,0,0,0,0,0,0,0,0,0,0,19
2025 - 2026,2025 Fall,GRAD,GRAD,De'An,Roper,,SOCW,5311,41,28,0,0,0,0,0,0,0,1,0,0,29
2025 - 2026,2025 Fall,GRAD,GRAD,Andrea,Germany,,SOCW,5311,43,25,2,1,1,1,0,0,0,0,0,0,30
2025 - 2026,2025 Fall,GRAD,GRAD,Andrea,Germany,,SOCW,5311,44,25,2,0,0,3,0,0,0,1,0,0,31
2025 - 2026,2025 Fall,GRAD,GRAD,Stephanie,Books,,SOCW,5311,45,23,3,0,0,0,0,0,0,1,0,0,27
2025 - 2026,2025 Fall,GRAD,GRAD,Latoya,Smith-Jones,,SOCW,5312,1,23,2,0,0,1,0,0,0,4,0,0,30
2025 - 2026,2025 Fall,GRAD,GRAD,Hui,Huang,,SOCW,5313,1,21,7,0,0,1,0,0,0,0,0,0,29
2025 - 2026,2025 Fall,GRAD,GRAD,Dianna,Jones,,SOCW,5313,2,23,2,3,0,0,0,0,0,2,0,0,30
2025 - 2026,2025 Fall,GRAD,GRAD,Shamsun,Nahar,,SOCW,5313,3,21,2,0,0,1,0,0,0,2,0,0,26
2025 - 2026,2025 Fall,GRAD,GRAD,Yao,Wang,,SOCW,5313,5,10,0,0,0,0,0,0,0,2,0,0,12
2025 - 2026,2025 Fall,GRAD,GRAD,Philip,Baiden,,SOCW,5313,8,19,6,1,0,0,0,0,0,2,0,0,28
2025 - 2026,2025 Fall,GRAD,GRAD,Jessica,Sanchez,,SOCW,5314,5,27,1,0,0,0,1,0,0,0,0,0,29
2025 - 2026,2025 Fall,GRAD,GRAD,Kathleen,Preble,,SOCW,5314,8,21,3,0,0,0,0,0,0,1,0,0,25
2025 - 2026,2025 Fall,GRAD,GRAD,Karla,Arenas-Itotia,,SOCW,5314,15,21,6,1,0,1,0,0,0,0,0,0,29
2025 - 2026,2025 Fall,GRAD,GRAD,Rachel,Franz,,SOCW,5315,2,12,2,0,0,0,0,0,0,0,0,0,14
2025 - 2026,2025 Fall,GRAD,GRAD,Donna,Schuman,,SOCW,5315,3,29,0,0,0,0,0,0,0,0,0,0,29
2025 - 2026,2025 Fall,GRAD,GRAD,James,Keaton,,SOCW,5315,4,20,3,0,0,0,0,0,0,0,0,0,23
2025 - 2026,2025 Fall,GRAD,GRAD,Rachel,Franz,,SOCW,5315,6,27,1,1,0,0,0,0,0,0,0,0,29
2025 - 2026,2025 Fall,GRAD,GRAD,Christine,Spadola,,SOCW,5316,1,8,0,0,0,0,0,0,0,0,0,0,8
2025 - 2026,2025 Fall,GRAD,GRAD,Theresa,Davis,,SOCW,5316,2,23,5,1,0,1,0,0,0,0,0,0,30
2025 - 2026,2025 Fall,GRAD,GRAD,Kathryn,Sohne,,SOCW,5316,3,16,2,0,0,0,0,0,0,0,0,0,18
2025 - 2026,2025 Fall,GRAD,GRAD,Jordan,Lloyd,,SOCW,5316,5,24,2,1,1,1,0,0,0,0,0,0,29
2025 - 2026,2025 Fall,GRAD,GRAD,Christine,Spadola,,SOCW,5316,14,27,0,0,0,0,0,0,0,0,0,0,27
2025 - 2026,2025 Fall,GRAD,GRAD,Jordan,Lloyd,,SOCW,5316,17,29,0,0,1,0,0,0,0,0,0,0,30
2025 - 2026,2025 Fall,GRAD,GRAD,Michael,Bennett,,SOCW,5317,1,5,17,5,0,1,0,0,0,2,0,0,30
2025 - 2026,2025 Fall,GRAD,GRAD,Michael,Bennett,,SOCW,5317,3,4,11,5,0,1,0,0,0,1,0,0,22
2025 - 2026,2025 Fall,GRAD,GRAD,Da'Joya,Barnes,,SOCW,5318,1,27,0,0,1,0,0,0,0,2,0,0,30
2025 - 2026,2025 Fall,GRAD,GRAD,Wanda,Bolton-Davis,,SOCW,5318,2,23,3,0,0,0,0,0,0,1,0,0,27
2025 - 2026,2025 Fall,GRAD,GRAD,Andrea,Germany,,SOCW,5319,1,23,2,0,1,1,1,0,0,1,0,0,29
2025 - 2026,2025 Fall,GRAD,GRAD,Stephanie,Books,,SOCW,5319,2,21,3,0,0,0,0,0,0,2,0,0,26
2025 - 2026,2025 Fall,GRAD,GRAD,Richard,Hoefer,,SOCW,5320,3,20,3,0,0,0,0,0,0,6,0,0,29
2025 - 2026,2025 Fall,GRAD,GRAD,Joyce,White,,SOCW,5321,1,21,2,1,0,0,0,0,0,1,0,0,25
2025 - 2026,2025 Fall,GRAD,GRAD,Joyce,White,,SOCW,5321,3,9,0,0,0,0,0,0,0,0,0,0,9
2025 - 2026,2025 Fall,GRAD,GRAD,Shamsun,Nahar,,SOCW,5323,1,26,2,0,0,2,0,0,0,0,0,0,30
2025 - 2026,2025 Fall,GRAD,GRAD,Shamsun,Nahar,,SOCW,5323,2,26,1,1,0,0,0,0,0,1,0,0,29
2025 - 2026,2025 Fall,GRAD,GRAD,Don,Kelly,,SOCW,5323,3,9,0,0,0,1,0,0,0,0,0,0,10
2025 - 2026,2025 Fall,GRAD,GRAD,Christian,Vazquez,,SOCW,5323,4,6,1,2,0,3,0,0,0,0,0,0,12
2025 - 2026,2025 Fall,GRAD,GRAD,Christian,Vazquez,,SOCW,5323,5,27,2,0,0,1,0,0,0,0,0,0,30
2025 - 2026,2025 Fall,GRAD,GRAD,Erica,Taylor,,SOCW,5323,7,22,0,0,0,0,0,0,0,0,0,0,22
2025 - 2026,2025 Fall,GRAD,GRAD,Erica,Taylor,,SOCW,5323,8,27,1,0,0,0,0,0,0,2,0,0,30
2025 - 2026,2025 Fall,GRAD,GRAD,Don,Kelly,,SOCW,5323,9,16,3,0,0,0,0,0,0,1,0,0,20
2025 - 2026,2025 Fall,GRAD,GRAD,Don,Kelly,,SOCW,5323,10,27,1,0,0,1,0,0,0,1,0,0,30
2025 - 2026,2025 Fall,GRAD,GRAD,Elisha,Tones,,SOCW,5324,1,9,6,0,0,1,0,0,0,1,0,0,17
2025 - 2026,2025 Fall,GRAD,GRAD,Dianna,Jones,,SOCW,5326,1,11,4,0,1,0,0,0,0,1,0,0,17
2025 - 2026,2025 Fall,GRAD,GRAD,Joyce,White,,SOCW,5327,1,21,3,1,0,0,0,0,0,0,0,0,25
2025 - 2026,2025 Fall,GRAD,GRAD,Richard,Hoefer,,SOCW,5328,1,19,3,0,0,0,0,0,0,0,0,0,22
2025 - 2026,2025 Fall,GRAD,GRAD,Noelle,Fields,,SOCW,5332,1,27,1,0,0,0,0,0,0,1,0,0,29
2025 - 2026,2025 Fall,GRAD,GRAD,Ling,Xu,,SOCW,5334,4,12,3,0,0,0,0,0,0,0,0,0,15
2025 - 2026,2025 Fall,GRAD,GRAD,Tahirah,Samuels,,SOCW,5335,3,13,3,1,0,0,0,0,0,0,0,0,17
2025 - 2026,2025 Fall,GRAD,GRAD,Tracy,Orwig,,SOCW,5342,2,28,0,0,0,0,0,0,0,1,0,0,29
2025 - 2026,2025 Fall,GRAD,GRAD,Tracy,Orwig,,SOCW,5344,4,22,3,0,0,0,0,0,0,0,0,0,25
2025 - 2026,2025 Fall,GRAD,GRAD,Jaclyn,Kirsch,,SOCW,5352,4,21,7,0,0,0,0,0,0,1,0,0,29
2025 - 2026,2025 Fall,GRAD,GRAD,Jaclyn,Kirsch,,SOCW,5352,5,19,8,1,0,0,0,0,0,1,0,0,29
2025 - 2026,2025 Fall,GRAD,GRAD,Steven,Moore,,SOCW,5352,6,19,0,0,0,0,0,0,0,0,0,0,19
2025 - 2026,2025 Fall,GRAD,GRAD,Steven,Moore,,SOCW,5352,8,23,3,0,0,0,3,0,0,0,0,0,29
2025 - 2026,2025 Fall,GRAD,GRAD,Elisha,Tones,,SOCW,5352,10,10,0,0,0,0,0,0,0,0,0,0,10
2025 - 2026,2025 Fall,GRAD,GRAD,Elisha,Tones,,SOCW,5352,18,17,1,1,0,0,0,0,0,0,0,0,19
2025 - 2026,2025 Fall,GRAD,GRAD,Elisha,Tones,,SOCW,5352,19,24,2,0,0,0,0,0,0,4,0,0,30
2025 - 2026,2025 Fall,GRAD,GRAD,Elisha,Tones,,SOCW,5352,20,17,5,1,0,1,0,0,0,2,0,0,26
2025 - 2026,2025 Fall,GRAD,GRAD,Sandra,Balderas,,SOCW,5353,1,27,0,0,0,1,0,0,0,1,0,0,29
2025 - 2026,2025 Fall,GRAD,GRAD,Dianna,Jones,,SOCW,5353,2,23,3,2,0,2,0,0,0,0,0,0,30
2025 - 2026,2025 Fall,GRAD,GRAD,Rachel,Nava,,SOCW,5353,3,20,4,0,0,1,1,0,0,0,0,0,26
2025 - 2026,2025 Fall,GRAD,GRAD,Rachel,Nava,,SOCW,5353,4,7,1,0,0,0,0,0,0,1,0,0,9
2025 - 2026,2025 Fall,GRAD,GRAD,Rachel,Nava,,SOCW,5353,7,6,1,0,0,0,0,0,0,0,0,0,7
2025 - 2026,2025 Fall,GRAD,GRAD,Debra,Woody,,SOCW,5354,3,19,5,2,0,0,0,0,0,2,0,0,28
2025 - 2026,2025 Fall,GRAD,GRAD,Debra,Woody,,SOCW,5354,4,16,11,2,0,0,0,0,0,0,0,0,29
2025 - 2026,2025 Fall,GRAD,GRAD,Albert,White,,SOCW,5354,5,10,1,0,0,0,0,0,0,0,0,0,11
2025 - 2026,2025 Fall,GRAD,GRAD,Albert,White,,SOCW,5354,7,6,0,0,0,1,0,0,0,0,0,0,7
2025 - 2026,2025 Fall,GRAD,GRAD,Kiva,Harper,,SOCW,5355,1,26,1,0,0,1,0,0,0,1,0,0,29
2025 - 2026,2025 Fall,GRAD,GRAD,Daniel,Cummings,,SOCW,5356,1,24,2,0,0,0,0,0,0,2,0,0,28
2025 - 2026,2025 Fall,GRAD,GRAD,Jennifer,Malone,,SOCW,5356,3,11,5,0,0,0,0,0,0,0,0,0,16
2025 - 2026,2025 Fall,GRAD,GRAD,Donald,Schuman,,SOCW,5357,1,11,6,1,0,0,0,0,0,0,0,0,18
2025 - 2026,2025 Fall,GRAD,GRAD,LaShaunn,Bold,,SOCW,5358,6,29,0,0,0,0,0,0,0,0,0,0,29
2025 - 2026,2025 Fall,GRAD,GRAD,LaShaunn,Bold,,SOCW,5358,8,16,0,0,0,1,0,0,0,0,0,0,17
2025 - 2026,2025 Fall,GRAD,GRAD,Victor,Allen,,SOCW,5359,1,7,1,1,0,0,0,0,0,1,0,0,10
2025 - 2026,2025 Fall,GRAD,GRAD,Thomas,Mwibanda,,SOCW,5360,1,6,2,0,0,0,0,0,0,0,0,0,8
2025 - 2026,2025 Fall,GRAD,GRAD,Kiva,Harper,,SOCW,5361,1,10,0,0,0,0,0,0,0,0,0,0,10
2025 - 2026,2025 Fall,GRAD,GRAD,Mary Elizabeth,Kopsovich,,SOCW,5362,1,12,3,0,0,1,0,0,0,0,0,0,16
2025 - 2026,2025 Fall,GRAD,GRAD,Jolynne,Batchelor,,SOCW,5362,2,26,0,1,0,1,0,0,0,2,0,0,30
2025 - 2026,2025 Fall,GRAD,GRAD,Mia,Kirby,,SOCW,5362,4,25,1,1,0,2,0,0,0,1,0,0,30
2025 - 2026,2025 Fall,GRAD,GRAD,Jolynne,Batchelor,,SOCW,5362,5,11,0,0,0,0,0,0,0,0,0,0,11
2025 - 2026,2025 Fall,GRAD,GRAD,Jolynne,Batchelor,,SOCW,5362,8,22,0,2,1,0,0,0,0,1,0,0,26
2025 - 2026,2025 Fall,GRAD,GRAD,Mia,Kirby,,SOCW,5362,17,28,2,0,0,0,0,0,0,0,0,0,30
2025 - 2026,2025 Fall,GRAD,GRAD,Jordan,Lloyd,,SOCW,5363,10,28,0,0,0,1,0,0,0,1,0,0,30
2025 - 2026,2025 Fall,GRAD,GRAD,Tahirah,Samuels,,SOCW,5363,11,21,5,1,1,0,0,0,0,0,0,0,28
2025 - 2026,2025 Fall,GRAD,GRAD,Theresa,Davis,,SOCW,5363,12,14,5,1,0,0,0,0,0,2,0,0,22
2025 - 2026,2025 Fall,GRAD,GRAD,Tahirah,Samuels,,SOCW,5363,14,28,2,0,0,0,0,0,0,0,0,0,30
2025 - 2026,2025 Fall,GRAD,GRAD,Tiara,Okoruwa,,SOCW,5365,2,21,7,0,0,1,0,0,0,0,0,0,29
2025 - 2026,2025 Fall,GRAD,GRAD,Morgan,PettyJohn,,SOCW,5366,1,18,8,2,0,0,0,0,0,2,0,0,30
2025 - 2026,2025 Fall,GRAD,GRAD,Bonita,Dockery,,SOCW,5367,4,25,3,1,0,0,0,0,0,0,0,0,29
2025 - 2026,2025 Fall,GRAD,GRAD,Leah,Wilson,,SOCW,5367,5,28,0,1,0,1,0,0,0,0,0,0,30
2025 - 2026,2025 Fall,GRAD,GRAD,Yangjin,Park,,SOCW,5369,2,25,2,0,0,0,0,0,0,1,0,0,28
2025 - 2026,2025 Fall,GRAD,GRAD,Destiney,Kinsey,,SOCW,5371,1,23,1,1,0,1,0,0,0,2,0,0,28
2025 - 2026,2025 Fall,GRAD,GRAD,Alaiyia,Williams,,SOCW,5381,1,57,1,0,0,0,1,0,0,1,0,0,60
2025 - 2026,2025 Fall,GRAD,GRAD,Chava,Rousch-Carlisle,,SOCW,5381,1,57,1,0,0,0,1,0,0,1,0,0,60
2025 - 2026,2025 Fall,GRAD,GRAD,Da'Joya,Barnes,,SOCW,5381,1,57,1,0,0,0,1,0,0,1,0,0,60
2025 - 2026,2025 Fall,GRAD,GRAD,Derelle,Walker,,SOCW,5381,1,57,1,0,0,0,1,0,0,1,0,0,60
2025 - 2026,2025 Fall,GRAD,GRAD,Lorie,White,,SOCW,5381,1,57,1,0,0,0,1,0,0,1,0,0,60
2025 - 2026,2025 Fall,GRAD,GRAD,Shamsun,Nahar,,SOCW,5381,1,57,1,0,0,0,1,0,0,1,0,0,60
2025 - 2026,2025 Fall,GRAD,GRAD,Alaiyia,Williams,,SOCW,5381,2,6,0,0,0,0,0,0,0,0,0,0,6
2025 - 2026,2025 Fall,GRAD,GRAD,Chava,Rousch-Carlisle,,SOCW,5381,2,6,0,0,0,0,0,0,0,0,0,0,6
2025 - 2026,2025 Fall,GRAD,GRAD,Da'Joya,Barnes,,SOCW,5381,2,6,0,0,0,0,0,0,0,0,0,0,6
2025 - 2026,2025 Fall,GRAD,GRAD,Derelle,Walker,,SOCW,5381,2,6,0,0,0,0,0,0,0,0,0,0,6
2025 - 2026,2025 Fall,GRAD,GRAD,Lorie,White,,SOCW,5381,2,6,0,0,0,0,0,0,0,0,0,0,6
2025 - 2026,2025 Fall,GRAD,GRAD,Shamsun,Nahar,,SOCW,5381,2,6,0,0,0,0,0,0,0,0,0,0,6
2025 - 2026,2025 Fall,GRAD,GRAD,Hector,Ramos De Leon,,SOCW,5385,1,29,1,0,0,0,0,0,0,1,0,0,31
2025 - 2026,2025 Fall,GRAD,GRAD,Jamie,English,,SOCW,5385,1,29,1,0,0,0,0,0,0,1,0,0,31
2025 - 2026,2025 Fall,GRAD,GRAD,Michelle,Young,,SOCW,5385,1,29,1,0,0,0,0,0,0,1,0,0,31
2025 - 2026,2025 Fall,GRAD,GRAD,Taren,Allen,,SOCW,5385,1,29,1,0,0,0,0,0,0,1,0,0,31
2025 - 2026,2025 Fall,GRAD,GRAD,Jennifer,Sterling,,SOCW,5392,5,8,1,0,0,0,1,0,0,0,0,0,10
2025 - 2026,2025 Fall,GRAD,GRAD,Sheila,Gold,,SOCW,5395,1,19,0,0,0,0,0,0,0,0,0,0,19
2025 - 2026,2025 Fall,GRAD,GRAD,Jessica,Sanchez,,SOCW,5395,2,17,1,0,0,0,0,0,0,0,0,0,18
2025 - 2026,2025 Fall,GRAD,GRAD,Amanda,Hassan,,SOCW,5395,3,18,0,0,0,0,0,0,0,0,0,0,18
2025 - 2026,2025 Fall,GRAD,GRAD,Sheila,Gold,,SOCW,5395,4,16,1,0,0,0,0,0,0,1,0,0,18
2025 - 2026,2025 Fall,GRAD,GRAD,Jessica,Sanchez,,SOCW,5395,7,20,0,0,0,0,0,0,0,0,0,0,20
2025 - 2026,2025 Fall,GRAD,GRAD,Alaiyia,Williams,,SOCW,5395,9,18,1,0,0,0,0,0,0,0,0,0,19
2025 - 2026,2025 Fall,GRAD,GRAD,Talaun,Hammond,,SOCW,5395,10,19,0,0,0,0,0,0,0,0,0,0,19
2025 - 2026,2025 Fall,GRAD,GRAD,Emarely,Rosa Davila,,SOCW,5395,11,16,4,0,0,0,0,0,0,0,0,0,20
2025 - 2026,2025 Fall,GRAD,GRAD,Don,Kelly,,SOCW,5395,12,18,2,0,0,0,0,0,0,0,0,0,20
2025 - 2026,2025 Fall,GRAD,GRAD,Amanda,Hassan,,SOCW,5395,16,18,0,0,0,0,0,0,0,0,0,0,18
2025 - 2026,2025 Fall,GRAD,GRAD,Emarely,Rosa Davila,,SOCW,5395,18,14,2,0,0,2,0,0,0,0,0,0,18
2025 - 2026,2025 Fall,GRAD,GRAD,Dawnetta,Smith,,SOCW,5482,1,78,4,0,0,0,2,0,0,3,0,0,87
2025 - 2026,2025 Fall,GRAD,GRAD,Patrice,Green,,SOCW,5482,1,78,4,0,0,0,2,0,0,3,0,0,87
2025 - 2026,2025 Fall,GRAD,GRAD,Robyn,Smith-Bull,,SOCW,5482,1,78,4,0,0,0,2,0,0,3,0,0,87
2025 - 2026,2025 Fall,GRAD,GRAD,Shauntel,Adams,,SOCW,5482,1,78,4,0,0,0,2,0,0,3,0,0,87
2025 - 2026,2025 Fall,GRAD,GRAD,Shelly,Mota,,SOCW,5482,1,78,4,0,0,0,2,0,0,3,0,0,87
2025 - 2026,2025 Fall,GRAD,GRAD,Stephanie,Books,,SOCW,5482,1,78,4,0,0,0,2,0,0,3,0,0,87
2025 - 2026,2025 Fall,GRAD,GRAD,Taren,Allen,,SOCW,5482,1,78,4,0,0,0,2,0,0,3,0,0,87
2025 - 2026,2025 Fall,GRAD,GRAD,Dawnetta,Smith,,SOCW,5482,2,7,0,0,0,0,0,0,0,0,0,0,7
2025 - 2026,2025 Fall,GRAD,GRAD,Patrice,Green,,SOCW,5482,2,7,0,0,0,0,0,0,0,0,0,0,7
2025 - 2026,2025 Fall,GRAD,GRAD,Robyn,Smith-Bull,,SOCW,5482,2,7,0,0,0,0,0,0,0,0,0,0,7
2025 - 2026,2025 Fall,GRAD,GRAD,Shauntel,Adams,,SOCW,5482,2,7,0,0,0,0,0,0,0,0,0,0,7
2025 - 2026,2025 Fall,GRAD,GRAD,Shelly,Mota,,SOCW,5482,2,7,0,0,0,0,0,0,0,0,0,0,7
2025 - 2026,2025 Fall,GRAD,GRAD,Stephanie,Books,,SOCW,5482,2,7,0,0,0,0,0,0,0,0,0,0,7
2025 - 2026,2025 Fall,GRAD,GRAD,Taren,Allen,,SOCW,5482,2,7,0,0,0,0,0,0,0,0,0,0,7
2025 - 2026,2025 Fall,GRAD,GRAD,Destiney,Kinsey,,SOCW,5483,1,117,1,0,0,0,0,0,0,0,0,0,118
2025 - 2026,2025 Fall,GRAD,GRAD,Haydee,Hall,,SOCW,5483,1,117,1,0,0,0,0,0,0,0,0,0,118
2025 - 2026,2025 Fall,GRAD,GRAD,Lorie,White,,SOCW,5483,1,117,1,0,0,0,0,0,0,0,0,0,118
2025 - 2026,2025 Fall,GRAD,GRAD,Rachel,Franz,,SOCW,5483,1,117,1,0,0,0,0,0,0,0,0,0,118
2025 - 2026,2025 Fall,GRAD,GRAD,Shamsun,Nahar,,SOCW,5483,1,117,1,0,0,0,0,0,0,0,0,0,118
2025 - 2026,2025 Fall,GRAD,GRAD,Shelly,Mota,,SOCW,5483,1,117,1,0,0,0,0,0,0,0,0,0,118
2025 - 2026,2025 Fall,GRAD,GRAD,Sherry,Cabaniss,,SOCW,5483,1,117,1,0,0,0,0,0,0,0,0,0,118
2025 - 2026,2025 Fall,GRAD,GRAD,Stephanie,Books,,SOCW,5483,1,117,1,0,0,0,0,0,0,0,0,0,118
2025 - 2026,2025 Fall,GRAD,GRAD,Destiney,Kinsey,,SOCW,5483,2,9,0,0,0,0,0,0,0,0,0,0,9
2025 - 2026,2025 Fall,GRAD,GRAD,Haydee,Hall,,SOCW,5483,2,9,0,0,0,0,0,0,0,0,0,0,9
2025 - 2026,2025 Fall,GRAD,GRAD,Lorie,White,,SOCW,5483,2,9,0,0,0,0,0,0,0,0,0,0,9
2025 - 2026,2025 Fall,GRAD,GRAD,Rachel,Franz,,SOCW,5483,2,9,0,0,0,0,0,0,0,0,0,0,9
2025 - 2026,2025 Fall,GRAD,GRAD,Shamsun,Nahar,,SOCW,5483,2,9,0,0,0,0,0,0,0,0,0,0,9
2025 - 2026,2025 Fall,GRAD,GRAD,Shelly,Mota,,SOCW,5483,2,9,0,0,0,0,0,0,0,0,0,0,9
2025 - 2026,2025 Fall,GRAD,GRAD,Sherry,Cabaniss,,SOCW,5483,2,9,0,0,0,0,0,0,0,0,0,0,9
2025 - 2026,2025 Fall,GRAD,GRAD,Stephanie,Books,,SOCW,5483,2,9,0,0,0,0,0,0,0,0,0,0,9
2025 - 2026,2025 Fall,GRAD,GRAD,Alaiyia,Williams,,SOCW,5485,1,61,1,0,0,0,0,0,0,1,0,0,63
2025 - 2026,2025 Fall,GRAD,GRAD,Haydee,Hall,,SOCW,5485,1,61,1,0,0,0,0,0,0,1,0,0,63
2025 - 2026,2025 Fall,GRAD,GRAD,Mary Elizabeth,Kopsovich,,SOCW,5485,1,61,1,0,0,0,0,0,0,1,0,0,63
2025 - 2026,2025 Fall,GRAD,GRAD,Stephanie,Books,,SOCW,5485,1,61,1,0,0,0,0,0,0,1,0,0,63
2025 - 2026,2025 Fall,GRAD,GRAD,Alaiyia,Williams,,SOCW,5486,1,61,1,0,0,0,0,0,0,1,0,0,63
2025 - 2026,2025 Fall,GRAD,GRAD,Haydee,Hall,,SOCW,5486,1,61,1,0,0,0,0,0,0,1,0,0,63
2025 - 2026,2025 Fall,GRAD,GRAD,Mary Elizabeth,Kopsovich,,SOCW,5486,1,61,1,0,0,0,0,0,0,1,0,0,63
2025 - 2026,2025 Fall,GRAD,GRAD,Stephanie,Books,,SOCW,5486,1,61,1,0,0,0,0,0,0,1,0,0,63
2025 - 2026,2025 Fall,GRAD,GRAD,Alaiyia,Williams,,SOCW,5581,1,47,0,0,0,0,0,0,0,0,0,0,47
2025 - 2026,2025 Fall,GRAD,GRAD,Lindsay,Malhotra,,SOCW,5581,1,47,0,0,0,0,0,0,0,0,0,0,47
2025 - 2026,2025 Fall,GRAD,GRAD,Michelle,Young,,SOCW,5581,1,47,0,0,0,0,0,0,0,0,0,0,47
2025 - 2026,2025 Fall,GRAD,GRAD,Shauntel,Adams,,SOCW,5581,1,47,0,0,0,0,0,0,0,0,0,0,47
2025 - 2026,2025 Fall,GRAD,GRAD,Hector,Ramos De Leon,,SOCW,5585,1,29,1,0,0,0,0,0,0,1,0,0,31
2025 - 2026,2025 Fall,GRAD,GRAD,Jamie,English,,SOCW,5585,1,29,1,0,0,0,0,0,0,1,0,0,31
2025 - 2026,2025 Fall,GRAD,GRAD,Michelle,Young,,SOCW,5585,1,29,1,0,0,0,0,0,0,1,0,0,31
2025 - 2026,2025 Fall,GRAD,GRAD,Taren,Allen,,SOCW,5585,1,29,1,0,0,0,0,0,0,1,0,0,31
2025 - 2026,2025 Fall,GRAD,GRAD,Philip,Baiden,,SOCW,6340,1,6,1,0,0,0,0,0,0,0,0,0,7
2025 - 2026,2025 Fall,GRAD,GRAD,Rebecca,Mauldin,,SOCW,6347,1,6,1,0,0,0,0,0,0,0,0,0,7
2025 - 2026,2025 Fall,GRAD,GRAD,Catherine,LaBrenz,,SOCW,6367,1,9,0,0,0,0,0,0,0,0,0,0,9
2025 - 2026,2025 Fall,GRAD,GRAD,Donna,Schuman,,SOCW,6373,1,6,1,0,0,0,0,0,0,0,0,0,7
2025 - 2026,2025 Fall,GRAD,GRAD,Michelle,Washburn,,SOCW,6393,1,7,1,0,0,0,0,0,0,0,0,0,8
2025 - 2026,2025 Fall,GRAD,GRAD,Vicente Jose,Iranzo Banuls,,SPAN,5320,1,4,2,0,0,0,0,0,0,0,0,0,6
2025 - 2026,2025 Fall,GRAD,GRAD,Alicia,Rueda-Acedo,,SPAN,5327,1,7,0,0,0,0,0,0,0,0,0,0,7
2025 - 2026,2025 Fall,GRAD,GRAD,Cynite,Ola,,SPED,5301,1,14,4,0,0,0,0,0,0,0,0,0,18
2025 - 2026,2025 Fall,GRAD,GRAD,Larry,Bryant,,SPED,5302,1,12,17,0,1,1,0,0,0,1,0,0,32
2025 - 2026,2025 Fall,GRAD,GRAD,Tracie,Anderson,,SPED,5307,1,33,0,0,0,0,0,0,0,1,0,0,34
2025 - 2026,2025 Fall,GRAD,GRAD,Larry,Bryant,,SPED,5310,1,5,0,0,0,0,0,0,0,1,0,0,6
2025 - 2026,2025 Fall,GRAD,GRAD,Tracie,Anderson,,SPED,5319,3,9,0,0,0,0,0,0,0,0,0,0,9
2025 - 2026,2025 Fall,GRAD,GRAD,Patricia,Saenz,,SPED,5601,1,12,0,0,0,0,0,0,0,1,0,0,13
2025 - 2026,2025 Fall,UGRD,UGRD,Relius,Johnson,,AAST,2300,1,24,1,0,0,4,0,0,0,1,0,0,30
2025 - 2026,2025 Fall,UGRD,UGRD,Tailar,Brown,,AAST,3320,1,4,5,1,0,1,0,0,0,0,0,0,11
2025 - 2026,2025 Fall,UGRD,UGRD,Kenyatta,Dawson,,AAST,4326,5,8,0,0,1,0,0,0,0,0,0,0,9
2025 - 2026,2025 Fall,UGRD,UGRD,Joshua,Vali,,ACCT,2301,1,10,18,18,7,5,0,0,0,3,0,0,61
2025 - 2026,2025 Fall,UGRD,UGRD,Terra,McGhee,,ACCT,2301,2,23,22,11,3,0,0,0,0,4,0,0,63
2025 - 2026,2025 Fall,UGRD,UGRD,Cheryl,Prachyl,,ACCT,2301,3,18,10,22,6,2,0,0,0,5,0,0,63
2025 - 2026,2025 Fall,UGRD,UGRD,Jeffrey,Austin,,ACCT,2301,4,14,22,17,3,2,0,0,1,2,0,0,61
2025 - 2026,2025 Fall,UGRD,UGRD,Terra,McGhee,,ACCT,2301,5,15,30,9,5,0,0,0,0,0,0,0,59
2025 - 2026,2025 Fall,UGRD,UGRD,Cheryl,Prachyl,,ACCT,2301,6,14,12,15,10,1,0,0,3,5,0,0,60
2025 - 2026,2025 Fall,UGRD,UGRD,Jeffrey,Austin,,ACCT,2301,7,15,18,14,9,4,0,0,0,2,0,0,62
2025 - 2026,2025 Fall,UGRD,UGRD,Martin,Deatherage,,ACCT,2301,8,11,23,12,6,3,0,0,3,3,0,0,61
2025 - 2026,2025 Fall,UGRD,UGRD,Martin,Deatherage,,ACCT,2301,9,13,17,16,7,4,0,0,0,0,0,0,57
2025 - 2026,2025 Fall,UGRD,UGRD,Stephanie,Rasmussen,,ACCT,2302,1,13,13,17,5,4,0,0,1,7,0,0,60
2025 - 2026,2025 Fall,UGRD,UGRD,Carly,Andrews,,ACCT,2302,2,5,12,22,7,6,0,0,1,6,0,0,59
2025 - 2026,2025 Fall,UGRD,UGRD,Carly,Andrews,,ACCT,2302,3,7,21,22,5,3,0,0,0,1,0,0,59
2025 - 2026,2025 Fall,UGRD,UGRD,Michael,Prachyl,,ACCT,2302,4,7,13,14,9,2,0,0,0,5,0,0,50
2025 - 2026,2025 Fall,UGRD,UGRD,Carly,Andrews,,ACCT,2302,5,14,21,16,1,2,0,0,1,4,0,0,59
2025 - 2026,2025 Fall,UGRD,UGRD,Stephanie,Rasmussen,,ACCT,2302,6,9,15,24,9,2,0,0,0,1,0,0,60
2025 - 2026,2025 Fall,UGRD,UGRD,Yuan,Ji,,ACCT,3303,1,5,18,19,1,0,0,0,0,1,0,0,44
2025 - 2026,2025 Fall,UGRD,UGRD,Yuan,Ji,,ACCT,3303,2,6,12,16,4,1,0,0,1,1,0,0,41
2025 - 2026,2025 Fall,UGRD,UGRD,Chandrani,Chatterjee,,ACCT,3303,3,4,14,7,1,1,0,0,0,1,0,0,28
2025 - 2026,2025 Fall,UGRD,UGRD,Vaibhavi,Nagar,,ACCT,3303,4,5,20,16,1,1,0,0,1,1,0,0,45
2025 - 2026,2025 Fall,UGRD,UGRD,Triza,Nganga,,ACCT,3303,5,2,18,15,1,0,0,0,0,1,0,0,37
2025 - 2026,2025 Fall,UGRD,UGRD,Terra,McGhee,,ACCT,3309,1,36,41,22,1,0,0,0,0,0,0,0,100
2025 - 2026,2025 Fall,UGRD,UGRD,Jivas,Chakravarthy,,ACCT,3309,2,10,18,24,2,2,0,0,0,1,0,0,57
2025 - 2026,2025 Fall,UGRD,UGRD,Terra,McGhee,,ACCT,3309,4,43,29,25,0,0,0,0,2,0,0,0,99
2025 - 2026,2025 Fall,UGRD,UGRD,Martin,Deatherage,,ACCT,3311,1,6,9,12,6,3,0,0,0,3,0,0,39
2025 - 2026,2025 Fall,UGRD,UGRD,Nicholas,Mitchell,,ACCT,3311,2,6,13,11,3,2,0,0,0,13,0,0,48
2025 - 2026,2025 Fall,UGRD,UGRD,Ramgopal,Venkataraman,,ACCT,3311,3,1,10,10,4,0,0,0,0,5,0,0,30
2025 - 2026,2025 Fall,UGRD,UGRD,Nicholas,Mitchell,,ACCT,3311,4,9,11,10,6,1,0,0,1,5,0,0,43
2025 - 2026,2025 Fall,UGRD,UGRD,Thomas,Hall,,ACCT,3312,1,4,9,7,4,5,0,0,2,7,0,0,38
2025 - 2026,2025 Fall,UGRD,UGRD,Cheryl,Prachyl,,ACCT,3312,2,3,9,11,0,4,0,0,0,3,0,0,30
2025 - 2026,2025 Fall,UGRD,UGRD,Thomas,Hall,,ACCT,3312,3,5,6,6,6,4,0,0,0,8,0,0,35
2025 - 2026,2025 Fall,UGRD,UGRD,Bethane,Hall,,ACCT,3315,5,3,6,9,4,2,0,0,0,10,0,0,34
2025 - 2026,2025 Fall,UGRD,UGRD,Veronica,Landeros,,ACCT,3315,6,11,1,0,0,0,0,0,0,0,0,0,12
2025 - 2026,2025 Fall,UGRD,UGRD,Kelly,Gebhart,,ACCT,3315,7,12,22,2,0,0,0,0,1,0,0,0,37
2025 - 2026,2025 Fall,UGRD,UGRD,Sandra,Henderson,,ACCT,3316,1,13,16,13,2,0,0,0,0,0,0,0,44
2025 - 2026,2025 Fall,UGRD,UGRD,Li-Chin,Ho,,ACCT,4302,1,4,9,12,5,1,0,0,0,9,0,0,40
2025 - 2026,2025 Fall,UGRD,UGRD,Nandu,Nagarajan,,ACCT,4302,2,11,15,2,0,0,0,0,0,4,0,0,32
2025 - 2026,2025 Fall,UGRD,UGRD,Nandu,Nagarajan,,ACCT,4302,3,4,6,4,1,0,0,0,1,6,0,0,22
2025 - 2026,2025 Fall,UGRD,UGRD,Li-Chin,Ho,,ACCT,4304,1,5,10,9,2,1,0,0,0,3,0,0,30
2025 - 2026,2025 Fall,UGRD,UGRD,Meng,Li,,ACCT,4318,1,1,7,9,0,0,0,0,0,0,0,0,17
2025 - 2026,2025 Fall,UGRD,UGRD,Paul,Richardson,,ACCT,4318,1,1,7,9,0,0,0,0,0,0,0,0,17
2025 - 2026,2025 Fall,UGRD,UGRD,Paul,Richardson,,ACCT,4318,2,0,11,7,0,0,0,0,1,1,0,0,20
2025 - 2026,2025 Fall,UGRD,UGRD,Paul,Richardson,,ACCT,4318,3,2,8,7,2,0,0,0,0,1,0,0,20
2025 - 2026,2025 Fall,UGRD,UGRD,Cheryl,Prachyl,,ACCT,4319,1,1,2,3,1,0,0,0,0,0,0,0,7
2025 - 2026,2025 Fall,UGRD,UGRD,Martin,Deatherage,,ACCT,4325,1,9,20,9,1,0,0,0,0,0,0,0,39
2025 - 2026,2025 Fall,UGRD,UGRD,Bethane,Hall,,ACCT,4340,1,1,1,4,2,1,0,0,0,4,0,0,13
2025 - 2026,2025 Fall,UGRD,UGRD,Sandra,Henderson,,ACCT,4380,3,8,3,0,0,1,0,0,0,0,0,0,12
2025 - 2026,2025 Fall,UGRD,UGRD,Amanda,Jordan,,ADVT,2337,1,58,13,3,1,1,0,0,0,0,0,0,76
2025 - 2026,2025 Fall,UGRD,UGRD,Roger,Gans,,ADVT,3304,1,5,7,0,0,0,0,0,0,0,0,0,12
2025 - 2026,2025 Fall,UGRD,UGRD,Roger,Gans,,ADVT,3304,2,5,2,0,0,0,0,0,0,0,0,0,7
2025 - 2026,2025 Fall,UGRD,UGRD,Tom,Ingram,,ADVT,3305,1,5,9,2,1,0,0,0,0,0,0,0,17
2025 - 2026,2025 Fall,UGRD,UGRD,Roby,McEuen,,ADVT,3306,1,4,9,1,1,1,0,0,0,0,0,0,16
2025 - 2026,2025 Fall,UGRD,UGRD,Roby,McEuen,,ADVT,3308,1,6,14,0,0,0,0,0,0,0,0,0,20
2025 - 2026,2025 Fall,UGRD,UGRD,Roby,McEuen,,ADVT,3308,2,5,8,1,1,0,0,0,0,1,0,0,16
2025 - 2026,2025 Fall,UGRD,UGRD,Amanda,Jordan,,ADVT,4300,1,11,6,1,0,0,0,0,0,0,0,0,18
2025 - 2026,2025 Fall,UGRD,UGRD,Tom,Ingram,,ADVT,4301,2,17,3,0,0,0,0,0,0,0,0,0,20
2025 - 2026,2025 Fall,UGRD,GRAD,Endel,Iarve,,AE,5310,1,9,0,0,0,0,0,0,0,2,0,0,11
2025 - 2026,2025 Fall,UGRD,UGRD,Andrea,Jenkins,,ANTH,1200,1,0,0,0,0,1,0,13,0,0,0,0,14
2025 - 2026,2025 Fall,UGRD,UGRD,Adam,Johnson,,ANTH,1306,1,47,20,17,6,5,0,0,1,1,0,0,97
2025 - 2026,2025 Fall,UGRD,UGRD,Katrina,Nuncio,,ANTH,1306,3,80,7,6,0,2,0,0,0,3,0,0,98
2025 - 2026,2025 Fall,UGRD,UGRD,Naomi,Cleghorn,,ANTH,2307,1,16,17,14,6,3,0,0,1,3,0,0,60
2025 - 2026,2025 Fall,UGRD,UGRD,Ritu,Khanduri,,ANTH,2322,1,12,8,4,5,10,0,0,0,4,0,0,43
2025 - 2026,2025 Fall,UGRD,UGRD,Josephine,Ryan,,ANTH,2322,2,28,18,4,5,1,0,0,2,0,0,0,58
2025 - 2026,2025 Fall,UGRD,UGRD,Christian,Zlolniski,,ANTH,2322,3,14,22,15,2,2,0,0,0,4,0,0,59
2025 - 2026,2025 Fall,UGRD,UGRD,Ritu,Khanduri,,ANTH,2322,6,25,19,6,1,7,0,0,1,1,0,0,60
2025 - 2026,2025 Fall,UGRD,UGRD,Josephine,Ryan,,ANTH,2322,7,48,8,2,0,1,0,0,0,1,0,0,60
2025 - 2026,2025 Fall,UGRD,UGRD,Kelsey,Hanson,,ANTH,2339,1,9,4,5,0,1,0,0,1,1,0,0,21
2025 - 2026,2025 Fall,UGRD,UGRD,Andrea,Kay,,ANTH,2339,2,16,6,4,2,1,0,0,0,2,0,0,31
2025 - 2026,2025 Fall,UGRD,UGRD,Ritu,Khanduri,,ANTH,3300,1,17,0,0,0,0,0,0,0,1,0,0,18
2025 - 2026,2025 Fall,UGRD,UGRD,Christian,Crowder,,ANTH,3308,1,45,11,1,2,0,0,0,0,1,0,0,60
2025 - 2026,2025 Fall,UGRD,UGRD,Adam,Johnson,,ANTH,3313,1,7,2,0,0,0,0,0,0,0,0,0,9
2025 - 2026,2025 Fall,UGRD,UGRD,Amy,Speier,,ANTH,3332,1,15,7,3,1,8,0,0,0,0,0,0,34
2025 - 2026,2025 Fall,UGRD,UGRD,Christian,Zlolniski,,ANTH,3348,1,8,6,2,0,2,0,0,0,0,0,0,18
2025 - 2026,2025 Fall,UGRD,UGRD,Kelsey,Hanson,,ANTH,3351,1,11,1,2,4,1,0,0,0,0,0,0,19
2025 - 2026,2025 Fall,UGRD,UGRD,Andrea,Kay,,ANTH,3360,1,7,2,2,2,2,0,0,0,0,0,0,15
2025 - 2026,2025 Fall,UGRD,UGRD,Josephine,Ryan,,ANTH,3369,1,15,10,4,0,2,0,0,0,1,0,0,32
2025 - 2026,2025 Fall,UGRD,UGRD,Naomi,Cleghorn,,ANTH,4406,1,4,4,4,2,2,0,0,0,0,0,0,16
2025 - 2026,2025 Fall,UGRD,UGRD,Reem,Shishakly,,ARAB,1441,1,5,0,3,1,2,0,0,0,1,0,0,12
2025 - 2026,2025 Fall,UGRD,UGRD,Reem,Shishakly,,ARAB,2310,1,12,6,4,1,1,0,0,0,0,0,0,24
2025 - 2026,2025 Fall,UGRD,UGRD,Reem,Shishakly,,ARAB,3303,1,8,2,1,0,0,0,0,0,0,0,0,11
2025 - 2026,2025 Fall,UGRD,UGRD,Cheryl,Donaldson,,ARCH,1101,1,38,6,1,0,7,0,7,1,4,0,0,64
2025 - 2026,2025 Fall,UGRD,UGRD,Julia,Lindgren,,ARCH,1301,1,100,97,43,15,23,0,0,5,7,0,0,290
2025 - 2026,2025 Fall,UGRD,UGRD,Marisa,Gomez,,ARCH,1301,2,68,48,15,8,17,0,0,2,1,0,0,159
2025 - 2026,2025 Fall,UGRD,UGRD,Belen,Butragueno Diaz-Guerra,,ARCH,1341,1,4,11,6,0,3,0,0,0,2,0,0,26
2025 - 2026,2025 Fall,UGRD,UGRD,Amanda,Aman,,ARCH,1341,2,6,10,6,0,2,0,0,2,0,0,0,26
2025 - 2026,2025 Fall,UGRD,UGRD,Dustin,Wheat,,ARCH,1341,3,4,1,7,4,2,0,0,0,8,0,0,26
2025 - 2026,2025 Fall,UGRD,UGRD,Carrie,Zaboroski,,ARCH,1341,4,3,3,9,1,1,0,0,1,7,0,0,25
2025 - 2026,2025 Fall,UGRD,UGRD,Dustin,Wheat,,ARCH,1341,5,9,5,3,2,3,0,0,0,3,0,0,25
2025 - 2026,2025 Fall,UGRD,UGRD,Liliana,Morales,,ARCH,1341,6,1,12,6,2,0,0,0,1,3,0,0,25
2025 - 2026,2025 Fall,UGRD,UGRD,Tyler,Shafer,,ARCH,1341,7,0,1,3,0,0,0,0,0,2,0,0,6
2025 - 2026,2025 Fall,UGRD,UGRD,Sandra,Espinoza,,ARCH,1341,8,6,7,6,0,1,0,0,0,4,0,0,24
2025 - 2026,2025 Fall,UGRD,UGRD,Somang,Yang,,ARCH,1341,9,3,8,5,1,3,0,0,1,4,0,0,25
2025 - 2026,2025 Fall,UGRD,UGRD,Madalyn,Melton,,ARCH,1341,10,9,8,4,1,1,0,0,0,2,0,0,25
2025 - 2026,2025 Fall,UGRD,UGRD,Carrie,Zaboroski,,ARCH,1341,11,4,10,4,0,1,0,0,0,4,0,0,23
2025 - 2026,2025 Fall,UGRD,UGRD,Steven,Quevedo,,ARCH,1341,12,4,6,7,1,3,0,0,0,3,0,0,24
2025 - 2026,2025 Fall,UGRD,UGRD,Marisa,Gomez,,ARCH,2303,1,64,54,34,9,7,0,0,0,1,0,0,169
2025 - 2026,2025 Fall,UGRD,UGRD,Steven,Quevedo,,ARCH,2551,1,7,6,1,0,1,0,0,0,1,0,0,16
2025 - 2026,2025 Fall,UGRD,UGRD,John,Maruszczak,,ARCH,2551,2,13,4,0,0,0,0,0,0,0,0,0,17
2025 - 2026,2025 Fall,UGRD,UGRD,Thomas,Rusher,,ARCH,2551,3,13,4,0,0,0,0,0,0,0,0,0,17
2025 - 2026,2025 Fall,UGRD,UGRD,Brad,McCorkle,,ARCH,2551,4,7,4,4,0,1,0,0,0,0,0,0,16
2025 - 2026,2025 Fall,UGRD,UGRD,Sandra,Espinoza,,ARCH,2551,5,14,3,0,0,0,0,0,0,0,0,0,17
2025 - 2026,2025 Fall,UGRD,UGRD,Heath,MacDonald,,ARCH,2551,6,4,10,1,0,0,0,0,0,2,0,0,17
2025 - 2026,2025 Fall,UGRD,UGRD,Tyler,Shafer,,ARCH,2551,7,4,5,3,1,1,0,0,1,2,0,0,17
2025 - 2026,2025 Fall,UGRD,UGRD,Jason,Cantrell,,ARCH,2551,8,10,6,0,0,0,0,0,0,0,0,0,16
2025 - 2026,2025 Fall,UGRD,UGRD,Andrea,Alvarez,,ARCH,2551,9,7,4,4,1,0,0,0,0,0,0,0,16
2025 - 2026,2025 Fall,UGRD,UGRD,Ellis,Kirkdorffer,,ARCH,2551,11,16,3,0,0,0,0,0,0,0,0,0,19
2025 - 2026,2025 Fall,UGRD,UGRD,Ellis,Kirkdorffer,,ARCH,2551,12,11,2,0,0,0,0,0,0,0,0,0,13
2025 - 2026,2025 Fall,UGRD,UGRD,Mahmoud,Bayat,,ARCH,3323,1,98,4,0,0,1,0,0,0,0,0,0,103
2025 - 2026,2025 Fall,UGRD,UGRD,John,Maruszczak,,ARCH,3343,1,80,19,1,1,1,0,0,0,2,0,0,104
2025 - 2026,2025 Fall,UGRD,UGRD,Thomas,Rusher,,ARCH,3343,1,80,19,1,1,1,0,0,0,2,0,0,104
2025 - 2026,2025 Fall,UGRD,UGRD,Dennis,Chiessa,,ARCH,3364,1,39,44,16,5,2,0,0,0,0,0,0,106
2025 - 2026,2025 Fall,UGRD,UGRD,Zachary,Porter,,ARCH,3553,1,9,8,1,0,0,0,0,0,0,0,0,18
2025 - 2026,2025 Fall,UGRD,UGRD,Ozge,Inal,,ARCH,3553,2,8,7,2,0,0,0,0,0,0,0,0,17
2025 - 2026,2025 Fall,UGRD,UGRD,Bijan,Youssefzadeh,,ARCH,3553,3,11,4,2,0,0,0,0,0,0,0,0,17
2025 - 2026,2025 Fall,UGRD,UGRD,Crystal,Portillo,,ARCH,3553,4,5,10,2,0,0,0,0,0,0,0,0,17
2025 - 2026,2025 Fall,UGRD,UGRD,Victor,Vielma,,ARCH,3553,4,5,10,2,0,0,0,0,0,0,0,0,17
2025 - 2026,2025 Fall,UGRD,UGRD,Nubras,Samayeen,,ARCH,3553,5,14,2,1,0,0,0,0,0,1,0,0,18
2025 - 2026,2025 Fall,UGRD,UGRD,Ricardo,Munoz,,ARCH,3553,6,10,5,1,0,2,0,0,0,0,0,0,18
2025 - 2026,2025 Fall,UGRD,UGRD,Bradley,Bell,,ARCH,4311,1,3,6,1,0,0,0,0,0,0,0,0,10
2025 - 2026,2025 Fall,UGRD,UGRD,Zachary,Porter,,ARCH,4315,1,22,4,0,0,0,0,0,0,0,0,0,26
2025 - 2026,2025 Fall,UGRD,UGRD,Marisa,Gomez,,ARCH,4315,2,16,7,1,0,0,0,0,0,0,0,0,24
2025 - 2026,2025 Fall,UGRD,UGRD,Carroll,Wright,,ARCH,4315,3,9,6,0,1,1,0,0,0,0,0,0,17
2025 - 2026,2025 Fall,UGRD,UGRD,Bijan,Youssefzadeh,,ARCH,4319,1,5,7,0,0,0,0,0,0,1,0,0,13
2025 - 2026,2025 Fall,UGRD,UGRD,Charles,MacBride,,ARCH,4325,1,7,1,1,0,0,0,0,0,0,0,0,9
2025 - 2026,2025 Fall,UGRD,UGRD,Austin,Allen,,ARCH,4353,1,28,0,0,0,0,0,0,0,0,0,0,28
2025 - 2026,2025 Fall,UGRD,UGRD,Atefe,Makhmalbaf,,ARCH,4357,2,15,2,0,0,0,0,0,0,0,0,0,17
2025 - 2026,2025 Fall,UGRD,UGRD,Mahmoud,Bayat,,ARCH,4362,1,123,1,0,0,0,0,0,0,0,0,0,124
2025 - 2026,2025 Fall,UGRD,UGRD,Oswald,Jenewein,,ARCH,4369,1,10,1,0,0,0,0,0,0,0,0,0,11
2025 - 2026,2025 Fall,UGRD,UGRD,Mehdi,Farahbakhsh,,ARCH,4395,1,10,0,0,0,0,0,0,0,0,0,0,10
2025 - 2026,2025 Fall,UGRD,UGRD,Amanda,Aman,,ARCH,4556,1,7,9,0,0,0,0,0,0,0,0,0,16
2025 - 2026,2025 Fall,UGRD,UGRD,Diego,Barreto,,ARCH,4556,2,11,4,1,0,0,0,0,0,0,0,0,16
2025 - 2026,2025 Fall,UGRD,UGRD,Michael,Porter,,ARCH,4556,2,11,4,1,0,0,0,0,0,0,0,0,16
2025 - 2026,2025 Fall,UGRD,UGRD,Michael,Malone,,ARCH,4556,3,7,8,0,0,1,0,0,0,0,0,0,16
2025 - 2026,2025 Fall,UGRD,UGRD,Gregory,Ibanez,,ARCH,4556,4,3,8,2,1,1,0,0,0,1,0,0,16
2025 - 2026,2025 Fall,UGRD,UGRD,Michael,Shaw,,ARCH,4556,4,3,8,2,1,1,0,0,0,1,0,0,16
2025 - 2026,2025 Fall,UGRD,UGRD,Julia,Lindgren,,ARCH,4556,5,16,0,0,0,0,0,0,0,0,0,0,16
2025 - 2026,2025 Fall,UGRD,UGRD,Carlos,Alba,,ARCH,4556,6,10,2,1,1,0,0,0,0,0,0,0,14
2025 - 2026,2025 Fall,UGRD,UGRD,Eduardo,Castaneda,,ARCH,4556,6,10,2,1,1,0,0,0,0,0,0,0,14
2025 - 2026,2025 Fall,UGRD,UGRD,Jason,Wheeler,,ARCH,4556,6,10,2,1,1,0,0,0,0,0,0,0,14
2025 - 2026,2025 Fall,UGRD,UGRD,Mehdi,Farahbakhsh,,ARCH,4556,7,14,0,0,0,0,0,0,0,0,0,0,14
2025 - 2026,2025 Fall,UGRD,UGRD,Shadi,Nazarian,,ARCH,4556,7,14,0,0,0,0,0,0,0,0,0,0,14
2025 - 2026,2025 Fall,UGRD,UGRD,Thomas,Read,,ARCH,4556,8,13,3,0,0,0,0,0,0,0,0,0,16
2025 - 2026,2025 Fall,UGRD,GRAD,Marisa,Gomez,,ARCH,5303,1,5,2,0,1,0,0,0,1,2,0,0,11
2025 - 2026,2025 Fall,UGRD,GRAD,Mahmoud,Bayat,,ARCH,5323,1,6,0,0,0,0,0,0,1,0,0,0,7
2025 - 2026,2025 Fall,UGRD,GRAD,Charles,MacBride,,ARCH,5325,1,33,13,2,0,0,0,0,1,1,0,0,50
2025 - 2026,2025 Fall,UGRD,GRAD,David,Franco Santa Cruz,Dennis Chiessa,ARCH,5671,5,2,10,1,0,0,0,0,1,0,0,0,14
2025 - 2026,2025 Fall,UGRD,UGRD,June Young,Park,Steven McCullough,AREN,1152,1,15,8,1,1,4,0,0,0,1,0,0,30
2025 - 2026,2025 Fall,UGRD,UGRD,June Young,Park,Steven McCullough,AREN,1152,2,12,2,0,0,3,0,0,0,1,0,0,18
2025 - 2026,2025 Fall,UGRD,UGRD,Niloofar,Parsaeifard,,AREN,1205,1,73,17,8,3,2,0,0,1,0,0,0,104
2025 - 2026,2025 Fall,UGRD,UGRD,June Young,Park,,AREN,2213,1,11,2,0,0,0,0,0,0,0,0,0,13
2025 - 2026,2025 Fall,UGRD,UGRD,June Young,Park,,AREN,2213,101,4,6,1,0,0,0,0,0,0,0,0,11
2025 - 2026,2025 Fall,UGRD,UGRD,Yao,Wang,,AREN,2312,1,4,3,11,12,0,0,0,0,0,0,0,30
2025 - 2026,2025 Fall,UGRD,UGRD,Vistasp,Karbhari,,AREN,2313,1,2,5,3,1,4,0,0,0,4,0,0,19
2025 - 2026,2025 Fall,UGRD,UGRD,Niloofar,Parsaeifard,,AREN,2315,1,12,2,1,1,0,0,0,0,0,0,0,16
2025 - 2026,2025 Fall,UGRD,UGRD,Niloofar,Parsaeifard,,AREN,2315,101,13,2,3,0,0,0,0,0,0,0,0,18
2025 - 2026,2025 Fall,UGRD,UGRD,Adnan,Rajib,,AREN,3301,1,11,2,0,0,0,0,0,0,0,0,0,13
2025 - 2026,2025 Fall,UGRD,UGRD,Zhe,Yin,,AREN,3311,1,6,3,1,0,0,0,0,0,0,0,0,10
2025 - 2026,2025 Fall,UGRD,UGRD,Zhe,Yin,,AREN,3311,101,4,3,1,3,1,0,0,0,2,0,0,14
2025 - 2026,2025 Fall,UGRD,UGRD,Xinbao,Yu,,AREN,3343,1,0,4,2,0,0,0,0,0,0,0,0,6
2025 - 2026,2025 Fall,UGRD,UGRD,Rasool,Kenarangui,,AREN,3346,1,7,3,7,4,3,0,0,0,0,0,0,24
2025 - 2026,2025 Fall,UGRD,UGRD,Insung,Kang,,AREN,4331,1,14,2,0,0,0,0,0,0,0,0,0,16
2025 - 2026,2025 Fall,UGRD,UGRD,Raad,Azzawi,,AREN,4347,101,0,2,2,1,0,0,0,0,1,0,0,6
2025 - 2026,2025 Fall,UGRD,UGRD,Juan,Balderrama,,AREN,4348,1,10,0,0,0,0,0,0,1,0,0,0,11
2025 - 2026,2025 Fall,UGRD,UGRD,Juan,Balderrama,,AREN,4348,101,4,2,0,0,0,0,0,0,0,0,0,6
2025 - 2026,2025 Fall,UGRD,UGRD,Brian,Eilerts,,AREN,4352,1,10,0,0,0,0,0,0,0,0,0,0,10
2025 - 2026,2025 Fall,UGRD,UGRD,Leah,McCurdy,,ART,1300,1,30,13,2,1,4,0,0,1,1,0,0,52
2025 - 2026,2025 Fall,UGRD,UGRD,Paula,Currie,,ART,1300,2,24,12,5,2,8,0,0,0,1,0,0,52
2025 - 2026,2025 Fall,UGRD,UGRD,Simeen,Ishaque,,ART,1300,3,26,4,12,4,4,0,0,0,1,0,0,51
2025 - 2026,2025 Fall,UGRD,UGRD,Maria,Esswein,,ART,1300,4,26,13,5,1,4,0,0,1,0,0,0,50
2025 - 2026,2025 Fall,UGRD,UGRD,Shadiah,Jawad,,ART,1301,1,82,11,7,5,10,0,0,4,2,0,0,121
2025 - 2026,2025 Fall,UGRD,UGRD,Leah,McCurdy,,ART,1301,2,47,17,4,5,2,0,0,0,0,0,0,75
2025 - 2026,2025 Fall,UGRD,UGRD,Kelly,Ward,,ART,1301,3,56,9,1,2,2,0,0,2,1,0,0,73
2025 - 2026,2025 Fall,UGRD,UGRD,Cheryl,Mitchell,,ART,1301,4,43,19,3,2,3,0,0,2,2,0,0,74
2025 - 2026,2025 Fall,UGRD,UGRD,Kathleen,Janvier,,ART,1301,5,54,16,3,0,1,0,0,1,0,0,0,75
2025 - 2026,2025 Fall,UGRD,UGRD,Kathleen,Janvier,,ART,1301,6,49,12,6,1,6,0,0,1,0,0,0,75
2025 - 2026,2025 Fall,UGRD,UGRD,Kathleen,Janvier,,ART,1301,7,47,13,6,1,1,0,0,0,2,0,0,70
2025 - 2026,2025 Fall,UGRD,UGRD,Debra,Dewitte,,ART,1301,700,86,33,7,4,2,0,0,0,1,0,0,133
2025 - 2026,2025 Fall,UGRD,UGRD,Debra,Dewitte,,ART,1301,701,94,19,8,2,8,0,0,0,1,0,0,132
2025 - 2026,2025 Fall,UGRD,UGRD,Frederick,Miller,,ART,1305,1,12,3,1,0,0,0,0,1,0,0,0,17
2025 - 2026,2025 Fall,UGRD,UGRD,Hector,Ramirez,,ART,1305,2,13,3,2,0,0,0,0,0,0,0,0,18
2025 - 2026,2025 Fall,UGRD,UGRD,Brent,Birnbaum,,ART,1305,3,16,2,0,0,0,0,0,0,0,0,0,18
2025 - 2026,2025 Fall,UGRD,UGRD,Farnoosh,Sharbafi,,ART,1305,4,7,8,2,0,0,0,0,1,0,0,0,18
2025 - 2026,2025 Fall,UGRD,UGRD,Farnoosh,Sharbafi,,ART,1305,5,6,1,4,3,2,0,0,0,1,0,0,17
2025 - 2026,2025 Fall,UGRD,UGRD,Brent,Birnbaum,,ART,1305,6,13,2,1,0,0,0,0,0,1,0,0,17
2025 - 2026,2025 Fall,UGRD,UGRD,Frederick,Miller,,ART,1305,7,12,2,1,0,0,0,0,0,2,0,0,17
2025 - 2026,2025 Fall,UGRD,UGRD,Brandi,Simpson,,ART,1305,8,11,3,1,0,1,0,0,0,0,0,0,16
2025 - 2026,2025 Fall,UGRD,UGRD,Christine,Heimerman,Benjamin Dolezal,ART,1306,1,5,6,2,0,0,0,0,0,2,0,0,15
2025 - 2026,2025 Fall,UGRD,UGRD,Benjamin,Dolezal,,ART,1306,2,6,6,3,0,0,0,0,0,0,0,0,15
2025 - 2026,2025 Fall,UGRD,UGRD,Christine,Heimerman,,ART,1306,2,6,6,3,0,0,0,0,0,0,0,0,15
2025 - 2026,2025 Fall,UGRD,UGRD,Benjamin,Dolezal,,ART,1306,3,8,5,1,0,1,0,0,0,0,0,0,15
2025 - 2026,2025 Fall,UGRD,UGRD,Christine,Heimerman,,ART,1306,3,8,5,1,0,1,0,0,0,0,0,0,15
2025 - 2026,2025 Fall,UGRD,UGRD,Katerina,Verguelis,,ART,1306,4,4,3,3,2,2,0,0,1,0,0,0,15
2025 - 2026,2025 Fall,UGRD,UGRD,Michael,Scogin,,ART,1306,5,7,8,1,0,0,0,0,0,0,0,0,16
2025 - 2026,2025 Fall,UGRD,UGRD,Amy,Stephens,,ART,1306,6,4,5,4,1,1,0,0,1,0,0,0,16
2025 - 2026,2025 Fall,UGRD,UGRD,Corrie,Thompson,,ART,1307,1,11,2,1,1,1,0,0,0,0,0,0,16
2025 - 2026,2025 Fall,UGRD,UGRD,Angela,Kallus,,ART,1307,2,7,5,2,0,0,0,0,0,2,0,0,16
2025 - 2026,2025 Fall,UGRD,UGRD,Simeen,Ishaque,,ART,1307,3,10,2,2,0,0,0,0,1,0,0,0,15
2025 - 2026,2025 Fall,UGRD,UGRD,Kexin,Ding,,ART,1307,4,10,2,0,0,0,0,0,0,3,0,0,15
2025 - 2026,2025 Fall,UGRD,UGRD,Mary,Davis,,ART,1307,5,10,3,0,0,1,0,0,0,2,0,0,16
2025 - 2026,2025 Fall,UGRD,UGRD,Hector,Ramirez,,ART,1307,6,10,4,0,0,0,0,0,0,0,0,0,14
2025 - 2026,2025 Fall,UGRD,UGRD,Trey,Egan,,ART,1307,7,4,4,0,0,0,0,0,1,1,0,0,10
2025 - 2026,2025 Fall,UGRD,UGRD,Mary,Vaccaro,,ART,1309,1,18,12,17,1,0,0,0,0,2,0,0,50
2025 - 2026,2025 Fall,UGRD,UGRD,Mary,Vaccaro,,ART,1309,2,5,12,4,1,0,0,0,0,1,0,0,23
2025 - 2026,2025 Fall,UGRD,UGRD,Beth,Wright,,ART,1310,1,22,19,4,1,1,0,0,1,2,0,0,50
2025 - 2026,2025 Fall,UGRD,UGRD,Beth,Wright,,ART,1310,2,13,3,2,1,2,0,0,0,4,0,0,25
2025 - 2026,2025 Fall,UGRD,UGRD,Leah,McCurdy,,ART,1317,1,5,22,13,3,5,0,0,0,2,0,0,50
2025 - 2026,2025 Fall,UGRD,UGRD,Leah,McCurdy,,ART,1317,2,5,11,2,0,5,0,0,0,2,0,0,25
2025 - 2026,2025 Fall,UGRD,UGRD,Maria,Esswein,,ART,2304,1,14,1,0,1,0,0,0,1,1,0,0,18
2025 - 2026,2025 Fall,UGRD,UGRD,Maria,Esswein,,ART,2304,2,13,0,3,1,1,0,0,0,0,0,0,18
2025 - 2026,2025 Fall,UGRD,UGRD,Simeen,Ishaque,,ART,2304,3,14,4,0,0,0,0,0,0,0,0,0,18
2025 - 2026,2025 Fall,UGRD,UGRD,Santosh,Dahal,,ART,2304,8,10,4,1,0,0,0,0,0,0,0,0,15
2025 - 2026,2025 Fall,UGRD,UGRD,Angela,Kallus,,ART,2308,1,6,6,2,1,0,0,0,0,1,0,0,16
2025 - 2026,2025 Fall,UGRD,UGRD,Angela,Kallus,,ART,2308,2,7,4,2,0,1,0,0,0,1,0,0,15
2025 - 2026,2025 Fall,UGRD,UGRD,Tyler,Rosenkrantz,,ART,2342,1,8,5,0,0,0,0,0,1,0,0,0,14
2025 - 2026,2025 Fall,UGRD,UGRD,Katerina,Verguelis,,ART,2342,2,12,3,0,0,0,0,0,0,0,0,0,15
2025 - 2026,2025 Fall,UGRD,UGRD,Ananya,Singh,,ART,2353,1,4,6,4,1,0,0,0,1,0,0,0,16
2025 - 2026,2025 Fall,UGRD,UGRD,Ananya,Singh,,ART,2353,2,3,3,3,0,0,0,0,0,0,0,0,9
2025 - 2026,2025 Fall,UGRD,UGRD,Bruce,Wynne-Jones,,ART,2354,1,7,8,2,1,0,0,0,0,0,0,0,18
2025 - 2026,2025 Fall,UGRD,UGRD,Bruce,Wynne-Jones,,ART,2354,2,9,6,2,1,0,0,0,0,0,0,0,18
2025 - 2026,2025 Fall,UGRD,UGRD,Glady,Chow,,ART,2355,1,1,6,8,2,0,0,0,0,1,0,0,18
2025 - 2026,2025 Fall,UGRD,UGRD,Loryn,O'Donnell,,ART,2355,2,1,3,1,0,1,0,0,0,0,0,0,6
2025 - 2026,2025 Fall,UGRD,UGRD,Mason,Lahue,,ART,2358,1,7,2,0,0,2,0,0,0,3,0,0,14
2025 - 2026,2025 Fall,UGRD,UGRD,Santosh,Dahal,,ART,2358,2,8,3,2,1,0,0,0,1,0,0,0,15
2025 - 2026,2025 Fall,UGRD,UGRD,Tonya,Holloway,,ART,2358,3,8,4,2,0,0,0,0,1,0,0,0,15
2025 - 2026,2025 Fall,UGRD,UGRD,Jordan,Funk,,ART,2360,1,12,1,1,0,0,0,0,0,1,0,0,15
2025 - 2026,2025 Fall,UGRD,UGRD,Peter,Hiatt,,ART,2360,2,11,3,0,1,0,0,0,0,1,0,0,16
2025 - 2026,2025 Fall,UGRD,UGRD,Calen,Barnum,,ART,2360,3,8,8,0,0,0,0,0,0,0,0,0,16
2025 - 2026,2025 Fall,UGRD,UGRD,Michael,Blair,,ART,2371,1,11,5,1,0,0,0,0,0,1,0,0,18
2025 - 2026,2025 Fall,UGRD,UGRD,Benjamin,Terry,,ART,2371,2,13,3,0,0,0,0,0,1,0,0,0,17
2025 - 2026,2025 Fall,UGRD,UGRD,Patricia,Newton,,ART,2387,1,17,6,1,2,2,0,0,0,1,0,0,29
2025 - 2026,2025 Fall,UGRD,UGRD,Fletcher,Coleman,,ART,3304,1,20,9,7,0,0,0,0,0,0,0,0,36
2025 - 2026,2025 Fall,UGRD,UGRD,Beth,Wright,,ART,3312,1,13,16,5,0,0,0,0,1,1,0,0,36
2025 - 2026,2025 Fall,UGRD,UGRD,Lucy,Bartholomee,,ART,3322,1,16,1,1,0,0,0,0,0,0,0,0,18
2025 - 2026,2025 Fall,UGRD,UGRD,Lucy,Bartholomee,,ART,3323,1,16,1,0,0,1,0,0,0,0,0,0,18
2025 - 2026,2025 Fall,UGRD,UGRD,Avery,McGuinness,,ART,3324,2,17,0,0,0,0,0,0,0,0,0,0,17
2025 - 2026,2025 Fall,UGRD,UGRD,Mary,Vaccaro,,ART,3325,1,11,14,10,1,1,0,0,0,0,0,0,37
2025 - 2026,2025 Fall,UGRD,UGRD,Scott,Hilton,,ART,3333,1,9,2,2,0,0,0,0,0,0,0,0,13
2025 - 2026,2025 Fall,UGRD,UGRD,Jean,Fernandes,,ART,3340,1,9,6,0,0,0,0,0,0,0,0,0,15
2025 - 2026,2025 Fall,UGRD,UGRD,Fernando,Johnson,,ART,3341,1,14,0,0,0,0,0,0,0,0,0,0,14
2025 - 2026,2025 Fall,UGRD,UGRD,Fernando,Johnson,,ART,3341,2,13,2,0,0,0,0,0,0,0,0,0,15
2025 - 2026,2025 Fall,UGRD,UGRD,Aubrey,Barnett,,ART,3342,1,6,8,0,2,0,0,0,0,0,0,0,16
2025 - 2026,2025 Fall,UGRD,UGRD,Carolyn,Iverson,,ART,3343,1,15,1,0,0,0,0,0,0,0,0,0,16
2025 - 2026,2025 Fall,UGRD,UGRD,Carolyn,Iverson,,ART,3343,2,16,0,0,0,0,0,0,0,0,0,0,16
2025 - 2026,2025 Fall,UGRD,UGRD,Jeremy,Scidmore,,ART,3344,1,7,0,0,0,0,0,0,1,0,0,0,8
2025 - 2026,2025 Fall,UGRD,UGRD,Hallee,Turner,,ART,3347,1,12,2,1,0,0,0,0,0,0,0,0,15
2025 - 2026,2025 Fall,UGRD,UGRD,Carlos,Donjuan,,ART,3347,2,13,2,0,0,0,0,0,0,0,0,0,15
2025 - 2026,2025 Fall,UGRD,UGRD,Hallee,Turner,,ART,3348,1,11,3,1,0,0,0,0,0,0,0,0,15
2025 - 2026,2025 Fall,UGRD,UGRD,Michael,Blair,,ART,3349,1,14,3,0,0,1,0,0,0,0,0,0,18
2025 - 2026,2025 Fall,UGRD,UGRD,Thomas,Lumpkin,,ART,3350,1,8,2,4,0,0,0,0,0,1,0,0,15
2025 - 2026,2025 Fall,UGRD,UGRD,Thomas,Lumpkin,,ART,3350,2,11,2,1,0,0,0,0,0,0,0,0,14
2025 - 2026,2025 Fall,UGRD,UGRD,Lauren,Allen,,ART,3352,1,12,3,0,0,0,0,0,0,0,0,0,15
2025 - 2026,2025 Fall,UGRD,UGRD,Scott,Hilton,,ART,3352,2,9,6,0,0,0,0,0,0,0,0,0,15
2025 - 2026,2025 Fall,UGRD,UGRD,Timothy,Carvalho,,ART,3354,1,9,7,2,0,0,0,0,0,0,0,0,18
2025 - 2026,2025 Fall,UGRD,UGRD,Kotcharaht,Nilrach,,ART,3354,2,4,7,2,0,1,0,0,0,0,0,0,14
2025 - 2026,2025 Fall,UGRD,UGRD,Glady,Chow,,ART,3355,1,5,5,3,0,0,0,0,0,0,0,0,13
2025 - 2026,2025 Fall,UGRD,UGRD,Glady,Chow,,ART,3355,2,3,8,2,1,0,0,0,0,0,0,0,14
2025 - 2026,2025 Fall,UGRD,UGRD,Isi,Barreiro,,ART,3356,1,5,3,1,0,0,0,0,0,0,0,0,9
2025 - 2026,2025 Fall,UGRD,UGRD,Joseph,Balderas,,ART,3358,1,10,3,1,1,0,0,0,0,0,0,0,15
2025 - 2026,2025 Fall,UGRD,UGRD,Janice,Melito,,ART,3363,1,11,2,1,0,0,0,0,0,0,0,0,14
2025 - 2026,2025 Fall,UGRD,UGRD,Janice,Melito,,ART,3363,2,8,3,2,0,0,0,0,0,0,0,0,13
2025 - 2026,2025 Fall,UGRD,UGRD,Rachel,Herod,,ART,3364,1,16,0,0,0,2,0,0,0,0,0,0,18
2025 - 2026,2025 Fall,UGRD,UGRD,Rachel,Herod,,ART,3366,1,15,0,0,0,1,0,0,0,0,0,0,16
2025 - 2026,2025 Fall,UGRD,UGRD,Elizabeth,Trosper,,ART,3368,1,14,3,0,0,0,0,0,0,0,0,0,17
2025 - 2026,2025 Fall,UGRD,UGRD,Claire,Kennedy,,ART,3371,1,13,0,0,0,0,0,0,0,0,0,0,13
2025 - 2026,2025 Fall,UGRD,UGRD,Benjamin,Dolezal,,ART,3374,1,12,2,0,0,0,0,0,0,0,0,0,14
2025 - 2026,2025 Fall,UGRD,UGRD,Nicholas,Wood,,ART,3383,1,9,2,0,1,0,0,0,0,0,0,0,12
2025 - 2026,2025 Fall,UGRD,UGRD,Cane,Coonrod,,ART,3384,1,13,2,0,0,0,0,0,0,0,0,0,15
2025 - 2026,2025 Fall,UGRD,UGRD,Patricia,Newton,,ART,3386,1,6,2,3,3,0,0,0,0,1,0,0,15
2025 - 2026,2025 Fall,UGRD,UGRD,Bruce,Wynne-Jones,,ART,3390,1,19,13,1,1,1,0,0,0,0,0,0,35
2025 - 2026,2025 Fall,UGRD,UGRD,Scott,Hilton,,ART,3391,1,9,14,6,3,4,0,0,1,0,0,0,37
2025 - 2026,2025 Fall,UGRD,UGRD,Debra,Dewitte,,ART,3399,1,34,2,2,1,0,0,0,0,0,0,0,39
2025 - 2026,2025 Fall,UGRD,UGRD,Matthew,Clark,,ART,4100,1,34,0,0,0,0,0,0,0,0,0,0,34
2025 - 2026,2025 Fall,UGRD,UGRD,Joanne,Rinker-Dozier,,ART,4100,2,7,0,1,0,0,0,0,0,0,0,0,8
2025 - 2026,2025 Fall,UGRD,UGRD,Matthew,Clark,,ART,4101,1,8,6,1,0,0,0,0,0,0,0,0,15
2025 - 2026,2025 Fall,UGRD,UGRD,Matthew,Clark,,ART,4300,1,15,6,0,0,0,0,0,0,0,0,0,21
2025 - 2026,2025 Fall,UGRD,UGRD,Fletcher,Coleman,,ART,4307,1,10,3,1,0,0,0,0,0,0,0,0,14
2025 - 2026,2025 Fall,UGRD,UGRD,Cheryl,Mitchell,,ART,4321,1,12,1,0,0,0,0,0,0,0,0,0,13
2025 - 2026,2025 Fall,UGRD,UGRD,Benjamin,Wagley,,ART,4333,1,7,1,0,0,0,0,0,0,1,0,0,9
2025 - 2026,2025 Fall,UGRD,UGRD,Jean,Fernandes,,ART,4340,1,4,3,0,1,0,0,0,0,0,0,0,8
2025 - 2026,2025 Fall,UGRD,UGRD,Justin,Ginsberg,,ART,4342,1,8,7,1,0,0,0,0,0,0,0,0,16
2025 - 2026,2025 Fall,UGRD,UGRD,Nicholas,Wood,,ART,4343,1,11,2,1,0,1,0,0,0,0,0,0,15
2025 - 2026,2025 Fall,UGRD,UGRD,Loryn,O'Donnell,,ART,4347,1,4,7,3,0,0,0,0,0,0,0,0,14
2025 - 2026,2025 Fall,UGRD,UGRD,Timothy,Carvalho,,ART,4355,1,13,5,0,0,0,0,0,0,0,0,0,18
2025 - 2026,2025 Fall,UGRD,UGRD,Loryn,O'Donnell,,ART,4355,2,6,3,3,0,0,0,0,0,0,0,0,12
2025 - 2026,2025 Fall,UGRD,UGRD,Benjamin,Dolezal,,ART,4356,1,10,2,0,0,0,0,0,0,0,0,0,12
2025 - 2026,2025 Fall,UGRD,UGRD,Christian,Hoyle,,ART,4357,1,14,4,0,0,0,0,0,0,0,0,0,18
2025 - 2026,2025 Fall,UGRD,UGRD,Bryan,Florentin,,ART,4359,1,7,1,0,0,0,0,0,0,0,0,0,8
2025 - 2026,2025 Fall,UGRD,UGRD,Mason,Lahue,,ART,4361,1,10,5,0,0,0,0,0,0,0,0,0,15
2025 - 2026,2025 Fall,UGRD,UGRD,Danielle,Beverly,,ART,4362,1,11,4,0,0,0,0,0,0,0,0,0,15
2025 - 2026,2025 Fall,UGRD,UGRD,Scott,Hilton,,ART,4363,1,11,4,0,0,0,0,0,0,0,0,0,15
2025 - 2026,2025 Fall,UGRD,UGRD,Crystal,Cobb,,ART,4364,1,11,5,0,0,0,0,0,0,0,0,0,16
2025 - 2026,2025 Fall,UGRD,UGRD,Benjamin,Terry,,ART,4371,1,12,2,0,0,0,0,0,0,0,0,0,14
2025 - 2026,2025 Fall,UGRD,UGRD,Fernando,Johnson,,ART,4373,1,9,1,0,0,0,0,0,0,0,0,0,10
2025 - 2026,2025 Fall,UGRD,UGRD,Matthew,Clark,,ART,4382,1,6,4,0,0,0,0,0,0,0,0,0,10
2025 - 2026,2025 Fall,UGRD,UGRD,Mason,Lahue,,ART,4384,1,10,5,0,0,0,0,0,0,0,0,0,15
2025 - 2026,2025 Fall,UGRD,UGRD,Rachel,Herod,,ART,4391,4,6,0,0,0,0,0,0,0,0,0,0,6
2025 - 2026,2025 Fall,UGRD,UGRD,Kexin,Ding,,ART,4392,1,12,1,0,0,0,0,0,0,0,0,0,13
2025 - 2026,2025 Fall,UGRD,UGRD,Carolyn,Iverson,,ART,4392,2,9,0,0,0,0,0,0,0,0,0,0,9
2025 - 2026,2025 Fall,UGRD,UGRD,Timothy,Carvalho,,ART,4392,4,9,1,0,0,0,0,0,0,1,0,0,11
2025 - 2026,2025 Fall,UGRD,UGRD,Rachel,Herod,,ART,4392,5,13,0,0,0,0,0,0,0,1,0,0,14
2025 - 2026,2025 Fall,UGRD,UGRD,Benjamin,Wagley,,ART,4392,6,5,1,0,0,0,0,0,0,0,0,0,6
2025 - 2026,2025 Fall,UGRD,UGRD,Benjamin,Wagley,,ART,4392,7,9,2,0,0,0,0,0,0,0,0,0,11
2025 - 2026,2025 Fall,UGRD,UGRD,Ananya,Singh,,ART,4395,1,6,0,0,0,0,0,0,0,0,0,0,6
2025 - 2026,2025 Fall,UGRD,UGRD,Matthew,Clark,,ART,4395,2,8,0,0,0,0,0,0,0,0,0,0,8
2025 - 2026,2025 Fall,UGRD,UGRD,Patricia,Newton,,ART,4397,1,8,7,1,0,0,0,0,0,1,0,0,17
2025 - 2026,2025 Fall,UGRD,UGRD,Joseph,Solano,Joshua Young,AS,1121,1,8,5,1,0,2,0,0,1,1,0,0,18
2025 - 2026,2025 Fall,UGRD,UGRD,William,De Bord,,AS,1181,1,0,0,0,0,1,0,28,1,2,0,0,32
2025 - 2026,2025 Fall,UGRD,UGRD,Nickolas,DeVeau,,AS,2121,1,6,0,0,0,0,0,0,1,0,0,0,7
2025 - 2026,2025 Fall,UGRD,UGRD,William,De Bord,,AS,4301,1,5,1,0,0,0,0,0,0,0,0,0,6
2025 - 2026,2025 Fall,UGRD,GRAD,Afshan,Boodhwani,,ASDS,5301,1,30,2,0,0,1,1,0,0,1,0,0,35
2025 - 2026,2025 Fall,UGRD,GRAD,Ce,Bian,,ASDS,5301,1,30,2,0,0,1,1,0,0,1,0,0,35
2025 - 2026,2025 Fall,UGRD,GRAD,Ce,Bian,,ASDS,5302,1,15,9,0,0,1,1,0,0,1,0,0,27
2025 - 2026,2025 Fall,UGRD,GRAD,Erol,Ozkan,,ASDS,5302,1,15,9,0,0,1,1,0,0,1,0,0,27
2025 - 2026,2025 Fall,UGRD,GRAD,Afshan,Boodhwani,,ASDS,5303,1,29,5,0,0,1,1,0,0,0,0,0,36
2025 - 2026,2025 Fall,UGRD,GRAD,Ce,Bian,,ASDS,5303,1,29,5,0,0,1,1,0,0,0,0,0,36
2025 - 2026,2025 Fall,UGRD,GRAD,Afshan,Boodhwani,,ASDS,6301,1,17,4,0,0,0,0,0,0,0,0,0,21
2025 - 2026,2025 Fall,UGRD,GRAD,Erol,Ozkan,,ASDS,6302,1,28,3,0,0,0,0,0,0,0,0,0,31
2025 - 2026,2025 Fall,UGRD,GRAD,Afshan,Boodhwani,,ASDS,6306,1,0,0,0,0,0,0,31,0,0,0,0,31
2025 - 2026,2025 Fall,UGRD,GRAD,Ce,Bian,,ASDS,6306,1,0,0,0,0,0,0,31,0,0,0,0,31
2025 - 2026,2025 Fall,UGRD,UGRD,Lisalee,Egbert,,ASL,1441,1,16,4,1,0,3,0,0,0,1,0,0,25
2025 - 2026,2025 Fall,UGRD,UGRD,Lisalee,Egbert,,ASL,1441,2,19,4,0,0,2,0,0,0,0,0,0,25
2025 - 2026,2025 Fall,UGRD,UGRD,Jennifer,Bennett,,ASL,1441,3,18,6,0,0,0,0,0,0,1,0,0,25
2025 - 2026,2025 Fall,UGRD,UGRD,Leona,Michael-Makelfa,,ASL,1441,4,14,5,4,0,0,0,0,0,0,0,0,23
2025 - 2026,2025 Fall,UGRD,UGRD,Jennifer,Bennett,,ASL,1441,5,16,1,3,1,1,0,0,0,1,0,0,23
2025 - 2026,2025 Fall,UGRD,UGRD,Paula,Sibley,,ASL,1441,6,11,6,2,1,0,0,0,1,2,0,0,23
2025 - 2026,2025 Fall,UGRD,UGRD,Stephanie,McKnight,,ASL,1442,1,20,3,0,1,0,0,0,0,0,0,0,24
2025 - 2026,2025 Fall,UGRD,UGRD,Stephanie,McKnight,,ASL,1442,2,21,1,0,0,0,0,0,0,1,0,0,23
2025 - 2026,2025 Fall,UGRD,UGRD,Stephanie,McKnight,,ASL,1442,3,10,4,2,0,1,0,0,0,0,0,0,17
2025 - 2026,2025 Fall,UGRD,UGRD,Jennifer,Bennett,,ASL,2313,1,14,2,0,0,0,0,0,0,0,0,0,16
2025 - 2026,2025 Fall,UGRD,UGRD,Stephanie,McKnight,,ASL,2314,1,9,2,0,0,1,0,0,0,0,0,0,12
2025 - 2026,2025 Fall,UGRD,UGRD,Nilakshi,Veerabathina,,ASTR,1345,1,51,34,8,12,3,0,0,0,5,0,0,113
2025 - 2026,2025 Fall,UGRD,UGRD,Fajer,Jaafari,,ASTR,1345,2,20,18,13,3,6,0,0,0,3,0,0,63
2025 - 2026,2025 Fall,UGRD,UGRD,Fajer,Jaafari,,ASTR,1345,3,21,9,15,2,2,0,0,0,3,0,0,52
2025 - 2026,2025 Fall,UGRD,UGRD,Nilakshi,Veerabathina,,ASTR,1345,5,15,15,14,1,4,0,0,1,4,0,0,54
2025 - 2026,2025 Fall,UGRD,UGRD,Manfred,Cuntz,,ASTR,1346,1,7,5,6,2,1,0,0,0,1,0,0,22
2025 - 2026,2025 Fall,UGRD,UGRD,Fajer,Jaafari,,ASTR,1346,12,16,9,8,1,5,0,0,1,3,0,0,43
2025 - 2026,2025 Fall,UGRD,UGRD,Mahyar,Sharif Vaghefi,,BANA,3308,1,15,15,8,0,0,0,0,0,1,0,0,39
2025 - 2026,2025 Fall,UGRD,UGRD,Subhra,Patra,,BANA,3309,1,32,13,4,0,0,0,0,0,0,0,0,49
2025 - 2026,2025 Fall,UGRD,UGRD,Sridhar,Nerur,,BANA,4308,1,6,8,5,0,0,0,0,0,0,0,0,19
2025 - 2026,2025 Fall,UGRD,UGRD,Jiaxiu,He,,BANA,4311,1,19,1,0,0,0,0,0,0,0,0,0,20
2025 - 2026,2025 Fall,UGRD,UGRD,Jayarajan,Samuel,,BANA,4326,1,11,0,0,0,0,0,0,0,0,0,0,11
2025 - 2026,2025 Fall,UGRD,UGRD,Jie,Zhang,,BANA,4331,1,14,4,3,0,0,0,0,0,0,0,0,21
2025 - 2026,2025 Fall,UGRD,UGRD,Lance,Liguez,,BCMN,2347,1,8,5,2,0,1,0,0,0,0,0,0,16
2025 - 2026,2025 Fall,UGRD,UGRD,Lance,Liguez,,BCMN,2347,2,6,5,2,0,0,0,0,0,1,0,0,14
2025 - 2026,2025 Fall,UGRD,UGRD,Lance,Liguez,,BCMN,2357,1,4,13,2,1,0,0,0,0,1,0,0,21
2025 - 2026,2025 Fall,UGRD,UGRD,Julian,Rodriguez,,BCMN,2358,1,18,2,0,0,0,0,0,0,0,0,0,20
2025 - 2026,2025 Fall,UGRD,UGRD,LaDonna,Aiken,,BCMN,2360,1,17,13,0,0,0,0,0,0,1,0,0,31
2025 - 2026,2025 Fall,UGRD,UGRD,Mark,Tremayne,,BCMN,3319,1,4,8,1,0,0,0,0,0,0,0,0,13
2025 - 2026,2025 Fall,UGRD,UGRD,LaDonna,Aiken,,BCMN,3340,1,7,5,3,0,1,0,0,0,0,0,0,16
2025 - 2026,2025 Fall,UGRD,UGRD,Melanie,Mason,,BCMN,3355,1,4,7,3,0,0,0,0,0,0,0,0,14
2025 - 2026,2025 Fall,UGRD,UGRD,LaDonna,Aiken,,BCMN,3370,1,3,3,3,0,0,0,0,0,2,0,0,11
2025 - 2026,2025 Fall,UGRD,UGRD,Mark,Tremayne,,BCMN,3380,1,8,9,1,0,0,0,0,0,1,0,0,19
2025 - 2026,2025 Fall,UGRD,UGRD,Julian,Rodriguez,,BCMN,4191,1,7,0,0,0,0,0,0,0,0,0,0,7
2025 - 2026,2025 Fall,UGRD,UGRD,LaDonna,Aiken,,BCMN,4322,1,6,5,0,1,0,0,0,0,0,0,0,12
2025 - 2026,2025 Fall,UGRD,UGRD,Julian,Rodriguez,,BCMN,4350,1,8,0,0,0,0,0,0,0,0,0,0,8
2025 - 2026,2025 Fall,UGRD,UGRD,Chien,Le,,BCOM,3360,1,13,20,8,2,1,0,0,1,0,0,0,45
2025 - 2026,2025 Fall,UGRD,UGRD,William,Venable,,BCOM,3360,3,11,27,4,2,0,0,0,0,0,0,0,44
2025 - 2026,2025 Fall,UGRD,UGRD,Daniel,Usera,,BCOM,3360,4,29,11,3,1,0,0,0,1,0,0,0,45
2025 - 2026,2025 Fall,UGRD,UGRD,Kevin,Carr,,BCOM,3360,5,10,18,16,1,0,0,0,0,0,0,0,45
2025 - 2026,2025 Fall,UGRD,UGRD,Karen,Raskopf,,BCOM,3360,6,21,19,3,0,2,0,0,0,0,0,0,45
2025 - 2026,2025 Fall,UGRD,UGRD,Dejan,Terzic,,BCOM,3360,7,5,24,13,3,0,0,0,0,0,0,0,45
2025 - 2026,2025 Fall,UGRD,UGRD,Kevin,Carr,,BCOM,3360,8,10,25,8,1,1,0,0,0,0,0,0,45
2025 - 2026,2025 Fall,UGRD,UGRD,William,Venable,,BCOM,3360,9,9,25,7,1,1,0,0,1,0,0,0,44
2025 - 2026,2025 Fall,UGRD,UGRD,Nichole,Santee,,BCOM,3360,10,31,8,2,0,2,0,0,0,0,0,0,43
2025 - 2026,2025 Fall,UGRD,UGRD,Chien,Le,,BCOM,3360,11,8,22,5,1,0,0,0,0,1,0,0,37
2025 - 2026,2025 Fall,UGRD,UGRD,Maria,Albrecht,,BCOM,3360,12,15,12,5,1,1,0,0,1,0,0,0,35
2025 - 2026,2025 Fall,UGRD,UGRD,Maria,Albrecht,,BCOM,3360,13,10,16,6,1,0,0,0,0,0,0,0,33
2025 - 2026,2025 Fall,UGRD,UGRD,Karen,Raskopf,,BCOM,3360,14,14,13,9,0,3,0,0,0,3,0,0,42
2025 - 2026,2025 Fall,UGRD,UGRD,Maria,Albrecht,,BCOM,3360,15,6,4,1,2,1,0,0,0,0,0,0,14
2025 - 2026,2025 Fall,UGRD,UGRD,Heather,Philip,,BCOM,3360,16,8,21,8,1,1,0,0,0,0,0,0,39
2025 - 2026,2025 Fall,UGRD,UGRD,Daniel,Usera,,BCOM,4380,1,6,3,1,0,0,0,0,0,1,0,0,11
2025 - 2026,2025 Fall,UGRD,UGRD,Michael,Cho,,BE,1105,8,60,19,17,5,6,0,0,3,0,0,0,110
2025 - 2026,2025 Fall,UGRD,UGRD,Liping,Tang,,BE,1325,5,57,22,6,4,0,0,0,3,1,0,0,93
2025 - 2026,2025 Fall,UGRD,UGRD,Ludovica,Corona,,BE,2315,13,17,5,3,3,0,0,0,0,0,0,0,28
2025 - 2026,2025 Fall,UGRD,UGRD,Kytai,Nguyen,,BE,3101,13,0,0,0,0,0,0,25,0,0,0,0,25
2025 - 2026,2025 Fall,UGRD,UGRD,Salman,Sohrabi,,BE,3101,13,0,0,0,0,0,0,25,0,0,0,0,25
2025 - 2026,2025 Fall,UGRD,UGRD,Debabrata,Saha,,BE,3301,27,18,9,2,0,0,0,0,0,0,0,0,29
2025 - 2026,2025 Fall,UGRD,UGRD,Khosrow,Behbehani,,BE,3317,1,9,11,1,4,1,0,0,0,0,0,0,26
2025 - 2026,2025 Fall,UGRD,UGRD,Juhyun,Lee,,BE,3320,23,14,6,1,0,0,0,0,0,0,0,0,21
2025 - 2026,2025 Fall,UGRD,UGRD,Sadra,Shahdadian,,BE,3346,9,17,7,1,0,0,0,0,0,0,0,0,25
2025 - 2026,2025 Fall,UGRD,UGRD,Khosrow,Behbehani,,BE,3352,1,7,5,2,0,1,0,0,0,0,0,0,15
2025 - 2026,2025 Fall,UGRD,UGRD,Hao,Xu,,BE,3380,25,5,10,7,0,0,0,0,0,0,0,0,22
2025 - 2026,2025 Fall,UGRD,UGRD,Justyn,Jaworski,,BE,3415,18,15,13,0,0,0,0,0,0,0,0,0,28
2025 - 2026,2025 Fall,UGRD,UGRD,Salman,Sohrabi,,BE,4300,10,3,1,1,0,0,0,0,0,1,0,0,6
2025 - 2026,2025 Fall,UGRD,UGRD,Hao,Xu,,BE,4300,25,4,5,3,0,0,0,0,0,0,0,0,12
2025 - 2026,2025 Fall,UGRD,UGRD,Binita,K C,,BE,4324,13,9,1,0,0,0,0,0,0,0,0,0,10
2025 - 2026,2025 Fall,UGRD,UGRD,Georgios,Alexandrakis,,BE,4324,13,9,1,0,0,0,0,0,0,0,0,0,10
2025 - 2026,2025 Fall,UGRD,UGRD,Young-Tae,Kim,,BE,4329,12,21,0,0,0,0,0,0,0,0,0,0,21
2025 - 2026,2025 Fall,UGRD,UGRD,Yi,Hong,,BE,4331,6,4,6,0,0,0,0,0,0,0,0,0,10
2025 - 2026,2025 Fall,UGRD,UGRD,Cheng-Jen,Chuong,,BE,4337,2,3,2,1,0,0,0,0,0,1,0,0,7
2025 - 2026,2025 Fall,UGRD,UGRD,Jun,Liao,,BE,4350,11,32,3,1,0,0,0,0,0,0,0,0,36
2025 - 2026,2025 Fall,UGRD,UGRD,Stephen,Van Noy,,BE,4355,3,13,0,0,0,0,0,0,0,0,0,0,13
2025 - 2026,2025 Fall,UGRD,UGRD,Hao,Xu,,BE,4368,25,17,5,1,0,0,0,0,0,0,0,0,23
2025 - 2026,2025 Fall,UGRD,UGRD,Kytai,Nguyen,,BE,4373,4,4,2,0,0,0,0,0,0,0,0,0,6
2025 - 2026,2025 Fall,UGRD,UGRD,Digant,Dave,,BE,4382,3,20,2,0,0,0,0,0,0,2,0,0,24
2025 - 2026,2025 Fall,UGRD,UGRD,Stephen,Van Noy,,BE,4388,26,21,0,0,0,0,0,0,0,0,0,0,21
2025 - 2026,2025 Fall,UGRD,GRAD,Hao,Xu,,BE,5309,25,7,3,2,0,0,0,0,0,0,0,0,12
2025 - 2026,2025 Fall,UGRD,GRAD,Georgios,Alexandrakis,,BE,5324,13,10,0,0,0,0,0,0,0,0,0,0,10
2025 - 2026,2025 Fall,UGRD,GRAD,Young-Tae,Kim,,BE,5329,12,22,0,0,0,0,0,0,0,0,0,0,22
2025 - 2026,2025 Fall,UGRD,GRAD,Yi,Hong,,BE,5331,6,8,6,1,1,0,0,0,0,0,0,0,16
2025 - 2026,2025 Fall,UGRD,GRAD,Sadra,Shahdadian,,BE,5346,9,7,5,3,0,0,0,0,0,0,0,0,15
2025 - 2026,2025 Fall,UGRD,GRAD,Khosrow,Behbehani,,BE,5352,1,7,3,0,0,0,0,0,0,0,0,0,10
2025 - 2026,2025 Fall,UGRD,GRAD,Digant,Dave,,BE,5382,3,6,1,0,0,0,0,0,0,0,0,0,7
2025 - 2026,2025 Fall,UGRD,UGRD,Patricia,Saenz,,BEEP,3381,2,40,0,1,0,0,0,0,0,0,0,0,41
2025 - 2026,2025 Fall,UGRD,UGRD,Patricia,Saenz,,BEEP,3381,3,7,0,0,0,0,0,0,0,0,0,0,7
2025 - 2026,2025 Fall,UGRD,UGRD,Patricia,Saenz,,BEEP,3381,4,54,0,0,0,0,0,0,0,0,0,0,54
2025 - 2026,2025 Fall,UGRD,UGRD,Zulma,Mojica Monroy,,BEEP,4305,2,35,4,0,0,0,0,0,0,0,0,0,39
2025 - 2026,2025 Fall,UGRD,UGRD,Maricela,Leon,,BEEP,4312,1,38,2,0,0,0,0,0,0,0,0,0,40
2025 - 2026,2025 Fall,UGRD,UGRD,Emilio,Rios-Jimenez,,BEEP,4314,1,35,5,0,0,0,0,0,0,0,0,0,40
2025 - 2026,2025 Fall,UGRD,UGRD,Patricia,Saenz,,BEEP,4382,3,42,2,0,0,0,0,0,0,0,0,0,44
2025 - 2026,2025 Fall,UGRD,UGRD,Zulma,Mojica Monroy,,BEEP,4384,2,37,2,0,0,0,0,0,0,0,0,0,39
2025 - 2026,2025 Fall,UGRD,UGRD,Carla,Amaro-Jimenez,,BEEP,4384,3,27,9,4,0,0,0,0,0,0,0,0,40
2025 - 2026,2025 Fall,UGRD,UGRD,Walter,Schargel,,BIOL,1131,1,99,13,5,0,1,0,0,1,0,0,0,119
2025 - 2026,2025 Fall,UGRD,UGRD,Walter,Schargel,,BIOL,1131,2,103,11,5,0,2,0,0,3,1,0,0,125
2025 - 2026,2025 Fall,UGRD,UGRD,Caitlin,Maynard,,BIOL,1301,1,51,30,14,1,1,0,0,0,2,0,0,99
2025 - 2026,2025 Fall,UGRD,UGRD,Heather,Charles,,BIOL,1301,2,49,46,26,7,5,0,0,0,13,0,0,146
2025 - 2026,2025 Fall,UGRD,UGRD,Caitlin,Maynard,,BIOL,1301,3,45,48,26,4,3,0,0,0,1,0,0,127
2025 - 2026,2025 Fall,UGRD,UGRD,Timothy,Henry,,BIOL,1301,4,46,41,29,5,18,0,0,1,6,0,0,146
2025 - 2026,2025 Fall,UGRD,UGRD,Melissa,Walsh,,BIOL,1301,500,52,66,24,10,18,0,0,5,10,0,0,185
2025 - 2026,2025 Fall,UGRD,UGRD,Melissa,Walsh,,BIOL,1301,700,73,73,36,10,22,0,0,2,5,0,0,221
2025 - 2026,2025 Fall,UGRD,UGRD,Corey,Roelke,,BIOL,1333,1,55,39,9,5,6,0,0,0,3,0,0,117
2025 - 2026,2025 Fall,UGRD,UGRD,Corey,Roelke,,BIOL,1334,1,53,35,2,4,0,0,0,1,0,0,0,95
2025 - 2026,2025 Fall,UGRD,UGRD,Ida,Klang,,BIOL,1345,1,89,34,23,8,6,0,0,2,3,0,0,165
2025 - 2026,2025 Fall,UGRD,UGRD,Caitlin,Maynard,,BIOL,1345,2,59,49,27,12,10,0,0,3,6,0,0,166
2025 - 2026,2025 Fall,UGRD,UGRD,Stephanie,McMahon,,BIOL,1345,3,27,50,39,18,14,0,0,0,9,0,0,157
2025 - 2026,2025 Fall,UGRD,UGRD,Paul,Chippindale,,BIOL,1345,4,50,35,47,4,19,0,0,3,5,0,0,163
2025 - 2026,2025 Fall,UGRD,UGRD,Melissa,Walsh,,BIOL,1345,5,34,32,19,11,11,0,0,3,8,0,0,118
2025 - 2026,2025 Fall,UGRD,UGRD,Genevieve,Godfrey,,BIOL,1345,6,21,27,39,16,22,0,0,4,8,0,0,137
2025 - 2026,2025 Fall,UGRD,UGRD,Corey,Roelke,,BIOL,1345,500,46,41,15,8,9,0,0,4,4,0,0,127
2025 - 2026,2025 Fall,UGRD,UGRD,Corey,Roelke,,BIOL,1345,700,54,22,9,3,11,0,0,2,6,0,0,107
2025 - 2026,2025 Fall,UGRD,UGRD,Allan,Clark,,BIOL,1441,1,78,49,33,17,18,0,0,4,6,0,0,205
2025 - 2026,2025 Fall,UGRD,UGRD,Shawn,Christensen,,BIOL,1441,2,59,54,41,14,10,0,0,6,1,0,0,185
2025 - 2026,2025 Fall,UGRD,UGRD,Shane,Dubay,,BIOL,1441,3,87,51,18,6,11,0,0,1,10,0,0,184
2025 - 2026,2025 Fall,UGRD,UGRD,Mark,Pellegrino,Melissa Walsh,BIOL,1441,4,19,4,1,0,0,0,0,0,0,0,0,24
2025 - 2026,2025 Fall,UGRD,UGRD,Paul,Chippindale,,BIOL,1441,5,60,64,22,10,7,0,0,5,12,0,0,180
2025 - 2026,2025 Fall,UGRD,UGRD,Shawn,Christensen,,BIOL,1441,43,57,65,28,16,15,0,0,4,3,0,0,188
2025 - 2026,2025 Fall,UGRD,UGRD,Genevieve,Godfrey,,BIOL,1442,1,14,11,12,3,3,0,0,1,2,0,0,46
2025 - 2026,2025 Fall,UGRD,UGRD,Daniela,Palmer,,BIOL,1442,2,26,43,22,5,2,0,0,2,5,0,0,105
2025 - 2026,2025 Fall,UGRD,UGRD,Matthew,Walsh,,BIOL,1442,4,71,53,32,7,3,0,0,7,2,0,0,175
2025 - 2026,2025 Fall,UGRD,UGRD,Qing,Tang,,BIOL,2444,1,31,21,6,1,0,0,0,1,0,0,0,60
2025 - 2026,2025 Fall,UGRD,UGRD,Cara,Boutte,,BIOL,2444,2,104,58,10,1,0,0,0,3,0,0,0,176
2025 - 2026,2025 Fall,UGRD,UGRD,Dylan,Parks,,BIOL,2457,1,85,74,33,12,4,0,0,0,4,0,0,212
2025 - 2026,2025 Fall,UGRD,UGRD,Tracy,Munk-Martin,,BIOL,2457,10,83,66,28,18,11,0,0,4,3,0,0,213
2025 - 2026,2025 Fall,UGRD,UGRD,Walter,Schargel,,BIOL,2457,500,67,62,43,11,6,0,0,9,12,0,0,210
2025 - 2026,2025 Fall,UGRD,UGRD,Walter,Schargel,,BIOL,2457,700,33,46,22,4,10,0,0,1,6,0,0,122
2025 - 2026,2025 Fall,UGRD,UGRD,Timothy,Henry,,BIOL,2458,1,55,54,54,33,10,0,0,0,8,0,0,214
2025 - 2026,2025 Fall,UGRD,UGRD,Timothy,Henry,,BIOL,2458,10,41,58,57,26,15,0,0,2,12,0,0,211
2025 - 2026,2025 Fall,UGRD,UGRD,Heather,Arterburn,,BIOL,2458,500,53,47,24,6,23,0,0,3,2,0,0,158
2025 - 2026,2025 Fall,UGRD,UGRD,Heather,Charles,,BIOL,2458,700,135,54,16,5,9,0,0,2,6,0,0,227
2025 - 2026,2025 Fall,UGRD,UGRD,Whitney,Tholen,,BIOL,2460,1,26,32,39,21,15,0,0,0,9,0,0,142
2025 - 2026,2025 Fall,UGRD,UGRD,Dylan,Parks,,BIOL,2460,2,42,36,30,10,7,0,0,0,19,0,0,144
2025 - 2026,2025 Fall,UGRD,UGRD,Whitney,Tholen,,BIOL,2460,18,22,32,40,21,14,0,0,1,10,0,0,140
2025 - 2026,2025 Fall,UGRD,UGRD,Dylan,Parks,,BIOL,2460,500,57,72,32,11,30,0,0,6,10,0,0,218
2025 - 2026,2025 Fall,UGRD,UGRD,Whitney,Tholen,,BIOL,2460,700,30,57,44,16,31,0,0,4,25,0,0,207
2025 - 2026,2025 Fall,UGRD,UGRD,Xavier,Aranda,,BIOL,3249,17,6,0,0,0,0,0,0,0,0,0,0,6
2025 - 2026,2025 Fall,UGRD,UGRD,Oscar,Villasana Espinosa,,BIOL,3300,1,54,31,29,5,3,0,0,1,3,0,0,126
2025 - 2026,2025 Fall,UGRD,UGRD,Walter,Schargel,,BIOL,3300,1,54,31,29,5,3,0,0,1,3,0,0,126
2025 - 2026,2025 Fall,UGRD,UGRD,Walter,Schargel,Oscar Villasana Espinosa,BIOL,3300,2,52,32,26,4,7,0,0,2,4,0,0,127
2025 - 2026,2025 Fall,UGRD,UGRD,Heather,Charles,,BIOL,3301,2,137,30,7,4,0,0,0,0,0,0,0,178
2025 - 2026,2025 Fall,UGRD,UGRD,Corey,Roelke,,BIOL,3302,1,19,0,0,0,0,0,0,0,0,0,0,19
2025 - 2026,2025 Fall,UGRD,UGRD,Dylan,Parks,,BIOL,3302,3,18,0,0,0,0,0,0,0,0,0,0,18
2025 - 2026,2025 Fall,UGRD,UGRD,Stephen,Lomber,,BIOL,3303,1,8,12,3,4,1,0,0,0,0,0,0,28
2025 - 2026,2025 Fall,UGRD,UGRD,Heather,Charles,,BIOL,3312,1,107,36,6,4,5,0,0,0,2,0,0,160
2025 - 2026,2025 Fall,UGRD,UGRD,Adam,Johnson,,BIOL,3314,1,7,2,0,1,0,0,0,0,0,0,0,10
2025 - 2026,2025 Fall,UGRD,UGRD,Matthew,Fujita,,BIOL,3315,1,64,45,24,8,2,0,0,0,5,0,0,148
2025 - 2026,2025 Fall,UGRD,UGRD,Esther,Betran,,BIOL,3315,2,39,40,37,8,10,0,0,2,8,0,0,144
2025 - 2026,2025 Fall,UGRD,UGRD,Stephanie,McMahon,,BIOL,3315,3,37,31,21,10,5,0,0,3,1,0,0,108
2025 - 2026,2025 Fall,UGRD,UGRD,Corey,Roelke,,BIOL,3318,1,50,30,10,0,2,0,0,0,4,0,0,96
2025 - 2026,2025 Fall,UGRD,UGRD,Amandeep,Dhaliwal,,BIOL,3322,1,7,17,21,6,4,0,0,0,4,0,0,59
2025 - 2026,2025 Fall,UGRD,UGRD,Yuan,Peng,Julieta Trejo; Linda Perrotti,BIOL,3322,2,2,7,3,3,1,0,0,2,1,0,0,19
2025 - 2026,2025 Fall,UGRD,UGRD,Scott,Coleman,Linda Perrotti,BIOL,3326,1,9,14,5,0,1,0,0,0,1,0,0,30
2025 - 2026,2025 Fall,UGRD,UGRD,Jeffery,Demuth,,BIOL,3340,1,7,3,0,0,1,0,0,0,2,0,0,13
2025 - 2026,2025 Fall,UGRD,UGRD,Xavier,Aranda,,BIOL,3349,1,13,0,0,0,0,0,0,0,0,0,0,13
2025 - 2026,2025 Fall,UGRD,UGRD,Heather,Arterburn,,BIOL,3427,1,50,33,23,6,6,0,0,0,1,0,0,119
2025 - 2026,2025 Fall,UGRD,UGRD,Tracy,Munk-Martin,,BIOL,3442,1,53,61,30,7,3,0,0,0,6,0,0,160
2025 - 2026,2025 Fall,UGRD,UGRD,Xavier,Aranda,,BIOL,3446,1,82,64,47,10,5,0,0,1,6,0,0,215
2025 - 2026,2025 Fall,UGRD,UGRD,Corey,Roelke,,BIOL,3454,1,48,31,18,5,4,0,0,2,9,0,0,117
2025 - 2026,2025 Fall,UGRD,UGRD,Whitney,Tholen,,BIOL,4101,1,10,0,0,0,0,0,0,0,0,0,0,10
2025 - 2026,2025 Fall,UGRD,UGRD,Tracy,Munk-Martin,,BIOL,4279,16,15,0,1,0,0,0,0,0,0,0,0,16
2025 - 2026,2025 Fall,UGRD,UGRD,Xavier,Aranda,,BIOL,4309,1,30,8,2,0,0,0,0,0,0,0,0,40
2025 - 2026,2025 Fall,UGRD,UGRD,Heather,Charles,,BIOL,4321,1,38,7,0,0,0,0,0,0,0,0,0,45
2025 - 2026,2025 Fall,UGRD,UGRD,Xavier,Aranda,,BIOL,4352,1,27,4,0,0,0,0,0,0,1,0,0,32
2025 - 2026,2025 Fall,UGRD,UGRD,Xavier,Aranda,,BIOL,4355,1,18,0,0,0,0,0,0,0,0,0,0,18
2025 - 2026,2025 Fall,UGRD,UGRD,Angela,Liegey-Dougall,,BIOL,4357,1,9,10,1,0,0,0,0,0,1,0,0,21
2025 - 2026,2025 Fall,UGRD,UGRD,Matthew,Fujita,Gregory Pandelis,BIOL,4379,7,10,0,0,0,0,0,0,0,0,0,0,10
2025 - 2026,2025 Fall,UGRD,UGRD,Heather,Arterburn,,BIOL,4388,1,15,0,0,0,0,0,0,0,0,0,0,15
2025 - 2026,2025 Fall,UGRD,UGRD,Tracy,Munk-Martin,,BIOL,4388,16,6,0,0,0,0,0,0,0,0,0,0,6
2025 - 2026,2025 Fall,UGRD,UGRD,Dylan,Parks,,BIOL,4388,37,7,0,0,0,0,0,0,0,0,0,0,7
2025 - 2026,2025 Fall,UGRD,UGRD,Corey,Roelke,,BIOL,4388,40,9,0,0,0,0,0,0,0,0,0,0,9
2025 - 2026,2025 Fall,UGRD,UGRD,Xavier,Aranda,,BIOL,4388,43,20,1,0,0,0,0,0,0,0,0,0,21
2025 - 2026,2025 Fall,UGRD,UGRD,Walter,Schargel,,BIOL,4388,45,7,0,0,0,0,0,0,0,0,0,0,7
2025 - 2026,2025 Fall,UGRD,UGRD,Timothy,Henry,,BIOL,4388,63,6,1,0,0,0,0,0,0,0,0,0,7
2025 - 2026,2025 Fall,UGRD,UGRD,Whitney,Tholen,,BIOL,4390,1,10,0,0,0,0,0,0,0,0,0,0,10
2025 - 2026,2025 Fall,UGRD,UGRD,Whitney,Tholen,,BIOL,4392,1,6,0,0,0,0,0,0,0,0,0,0,6
2025 - 2026,2025 Fall,UGRD,UGRD,Woo-Suk,Chang,,BIOL,4441,1,10,10,3,0,0,0,0,0,0,0,0,23
2025 - 2026,2025 Fall,UGRD,UGRD,Scott,Smith,,BLAW,3310,1,23,40,36,7,10,0,0,1,2,0,0,119
2025 - 2026,2025 Fall,UGRD,UGRD,Scott,Smith,,BLAW,3310,2,15,49,35,8,9,0,0,1,3,0,0,120
2025 - 2026,2025 Fall,UGRD,UGRD,Maria,Sanford,,BLAW,3310,3,39,41,26,8,2,0,0,1,1,0,0,118
2025 - 2026,2025 Fall,UGRD,UGRD,Maria,Sanford,,BLAW,3310,4,8,57,40,5,6,0,0,1,1,0,0,118
2025 - 2026,2025 Fall,UGRD,UGRD,Lee,Schwemer,,BLAW,3310,5,44,20,15,2,7,0,0,1,2,0,0,91
2025 - 2026,2025 Fall,UGRD,UGRD,Maria,Sanford,,BLAW,3310,6,44,48,14,6,4,0,0,1,2,0,0,119
2025 - 2026,2025 Fall,UGRD,UGRD,Scott,Smith,,BLAW,3310,7,26,31,38,9,8,0,0,4,4,0,0,120
2025 - 2026,2025 Fall,UGRD,UGRD,Maria,Sanford,,BLAW,3310,8,30,48,29,8,2,0,0,1,2,0,0,120
2025 - 2026,2025 Fall,UGRD,UGRD,Lee,Schwemer,,BLAW,3311,2,7,9,8,6,1,0,0,0,2,0,0,33
2025 - 2026,2025 Fall,UGRD,UGRD,Lee,Schwemer,,BLAW,3311,3,1,6,6,2,0,0,0,0,0,0,0,15
2025 - 2026,2025 Fall,UGRD,UGRD,Lee,Schwemer,,BLAW,3312,1,7,1,1,0,0,0,0,0,0,0,0,9
2025 - 2026,2025 Fall,UGRD,UGRD,Lee,Schwemer,,BLAW,3314,1,5,7,7,1,1,0,0,0,1,0,0,22
2025 - 2026,2025 Fall,UGRD,UGRD,Maria,Sanford,,BLAW,4310,1,4,13,15,4,1,0,0,0,0,0,0,37
2025 - 2026,2025 Fall,UGRD,UGRD,Scott,Smith,,BLAW,4332,1,2,6,2,0,0,0,0,0,0,0,0,10
2025 - 2026,2025 Fall,UGRD,GRAD,Scott,Smith,,BLAW,5332,1,6,6,0,0,1,0,0,0,1,0,0,14
2025 - 2026,2025 Fall,UGRD,UGRD,Abhilash,Vimal,,BSTAT,2305,1,16,16,16,3,4,0,0,0,5,0,0,60
2025 - 2026,2025 Fall,UGRD,UGRD,Abhilash,Vimal,,BSTAT,2305,2,17,18,13,8,2,0,0,0,1,0,0,59
2025 - 2026,2025 Fall,UGRD,UGRD,Yi,Liu,,BSTAT,2305,3,9,23,21,2,1,0,0,1,1,0,0,58
2025 - 2026,2025 Fall,UGRD,UGRD,Siddhi Ramanand,Nair,,BSTAT,2305,4,11,29,19,4,1,0,0,0,1,0,0,65
2025 - 2026,2025 Fall,UGRD,UGRD,Chunyang,Yang,,BSTAT,2305,5,15,32,12,2,3,0,0,0,1,0,0,65
2025 - 2026,2025 Fall,UGRD,UGRD,Yi,Liu,,BSTAT,2305,6,13,24,20,1,1,0,0,1,2,0,0,62
2025 - 2026,2025 Fall,UGRD,UGRD,Yi,Liu,,BSTAT,2305,7,10,24,16,2,2,0,0,3,2,0,0,59
2025 - 2026,2025 Fall,UGRD,UGRD,Siddhi Ramanand,Nair,,BSTAT,2305,8,11,18,19,6,4,0,0,0,0,0,0,58
2025 - 2026,2025 Fall,UGRD,UGRD,Samaneh,Samiee,,BSTAT,2305,9,20,20,13,7,3,0,0,0,1,0,0,64
2025 - 2026,2025 Fall,UGRD,UGRD,Md,Helal,,BSTAT,3321,1,16,20,20,4,3,0,0,0,2,0,0,65
2025 - 2026,2025 Fall,UGRD,UGRD,Kay Yut,Chen,,BSTAT,3321,2,11,29,15,3,2,0,0,0,2,0,0,62
2025 - 2026,2025 Fall,UGRD,UGRD,Kay Yut,Chen,,BSTAT,3321,4,9,25,20,2,1,0,0,2,3,0,0,62
2025 - 2026,2025 Fall,UGRD,UGRD,Jiaxiu,He,,BSTAT,3321,5,13,16,24,8,1,0,0,0,1,0,0,63
2025 - 2026,2025 Fall,UGRD,UGRD,Neshat,Beheshti,,BSTAT,3321,6,8,10,22,5,6,0,0,2,0,0,0,53
2025 - 2026,2025 Fall,UGRD,UGRD,Neshat,Beheshti,,BSTAT,3321,7,21,16,15,9,4,0,0,0,1,0,0,66
2025 - 2026,2025 Fall,UGRD,UGRD,Neshat,Beheshti,,BSTAT,3321,8,9,21,16,10,0,0,0,1,1,0,0,58
2025 - 2026,2025 Fall,UGRD,UGRD,Md,Helal,,BSTAT,3321,9,18,20,10,3,5,0,0,1,5,0,0,62
2025 - 2026,2025 Fall,UGRD,UGRD,Samaneh,Samiee,,BSTAT,3321,10,20,21,15,3,0,0,0,0,0,0,0,59
2025 - 2026,2025 Fall,UGRD,UGRD,Md,Helal,,BSTAT,3321,11,22,17,14,1,1,0,0,0,5,0,0,60
2025 - 2026,2025 Fall,UGRD,UGRD,Md,Helal,,BSTAT,3321,12,10,25,14,3,2,0,0,0,6,0,0,60
2025 - 2026,2025 Fall,UGRD,UGRD,Zhe,Yin,,CE,1105,1,41,11,4,3,5,0,0,0,0,0,0,64
2025 - 2026,2025 Fall,UGRD,UGRD,Zhe,Yin,,CE,1105,2,44,7,5,2,1,0,0,1,0,0,0,60
2025 - 2026,2025 Fall,UGRD,UGRD,Zhe,Yin,,CE,1105,3,53,2,2,0,5,0,0,2,0,0,0,64
2025 - 2026,2025 Fall,UGRD,UGRD,Rasoul,Abbas,,CE,1252,1,23,4,0,0,3,0,0,0,0,0,0,30
2025 - 2026,2025 Fall,UGRD,UGRD,Rasoul,Abbas,,CE,1252,2,24,2,2,0,0,0,0,0,1,0,0,29
2025 - 2026,2025 Fall,UGRD,UGRD,Shima,Zare,,CE,1252,3,23,6,0,0,0,0,0,0,1,0,0,30
2025 - 2026,2025 Fall,UGRD,UGRD,Shima,Zare,,CE,1252,4,26,2,2,0,0,0,0,0,0,0,0,30
2025 - 2026,2025 Fall,UGRD,UGRD,Aiswarya,Acharath Mohanakrishnan,,CE,2153,1,13,11,5,0,0,0,0,0,1,0,0,30
2025 - 2026,2025 Fall,UGRD,UGRD,Aiswarya,Acharath Mohanakrishnan,,CE,2153,2,3,6,2,3,1,0,0,0,2,0,0,17
2025 - 2026,2025 Fall,UGRD,UGRD,Mohammad,Jaberizadeh,,CE,2153,3,17,5,0,0,0,0,0,0,1,0,0,23
2025 - 2026,2025 Fall,UGRD,UGRD,Mohammad,Jaberizadeh,,CE,2153,4,14,1,0,0,0,0,0,0,0,0,0,15
2025 - 2026,2025 Fall,UGRD,UGRD,Raad,Azzawi,,CE,2221,1,6,9,9,0,2,0,0,0,0,0,0,26
2025 - 2026,2025 Fall,UGRD,UGRD,Raad,Azzawi,,CE,2221,101,0,1,3,0,4,0,0,0,1,0,0,9
2025 - 2026,2025 Fall,UGRD,UGRD,Raad,Azzawi,,CE,2311,1,15,26,18,3,6,0,0,0,4,0,0,72
2025 - 2026,2025 Fall,UGRD,UGRD,Vistasp,Karbhari,,CE,2313,1,5,16,5,5,8,0,0,1,2,0,0,42
2025 - 2026,2025 Fall,UGRD,UGRD,Farah,Naz,,CE,2331,1,46,14,2,0,1,0,0,0,0,0,0,63
2025 - 2026,2025 Fall,UGRD,UGRD,Hyeok,Choi,,CE,3131,1,4,9,0,0,0,0,0,0,0,0,0,13
2025 - 2026,2025 Fall,UGRD,UGRD,Hyeok,Choi,,CE,3131,2,10,6,1,0,0,0,0,0,0,0,0,17
2025 - 2026,2025 Fall,UGRD,UGRD,Hyeok,Choi,,CE,3131,3,8,3,0,0,1,0,0,0,0,0,0,12
2025 - 2026,2025 Fall,UGRD,UGRD,Aydin,Bakhtar,,CE,3142,1,17,0,0,0,0,0,0,0,0,0,0,17
2025 - 2026,2025 Fall,UGRD,UGRD,Prabal,Das,,CE,3142,2,10,11,0,0,0,0,0,0,0,0,0,21
2025 - 2026,2025 Fall,UGRD,UGRD,Rosabelle Louise,Caram,,CE,3143,1,8,3,3,0,0,0,0,0,0,0,0,14
2025 - 2026,2025 Fall,UGRD,UGRD,Rosabelle Louise,Caram,,CE,3143,2,3,7,1,1,4,0,0,0,0,0,0,16
2025 - 2026,2025 Fall,UGRD,UGRD,S M Ashik Al,Aziz,,CE,3143,3,15,0,1,0,0,0,0,0,0,0,0,16
2025 - 2026,2025 Fall,UGRD,UGRD,Majed,Al-Ghafry,,CE,3210,1,39,2,1,0,1,0,0,0,1,0,0,44
2025 - 2026,2025 Fall,UGRD,UGRD,Mohammadamin,Soltanianfard,,CE,3210,1,39,2,1,0,1,0,0,0,1,0,0,44
2025 - 2026,2025 Fall,UGRD,UGRD,Hajar,Kazemi Naeini,,CE,3253,2,20,6,2,1,0,0,0,0,0,0,0,29
2025 - 2026,2025 Fall,UGRD,UGRD,Hajar,Kazemi Naeini,,CE,3253,3,13,2,0,2,0,0,0,0,0,0,0,17
2025 - 2026,2025 Fall,UGRD,UGRD,Arpita,Bhatt,,CE,3300,1,2,4,1,0,1,0,0,0,0,0,0,8
2025 - 2026,2025 Fall,UGRD,UGRD,Arpita,Bhatt,,CE,3300,101,2,4,1,0,2,0,0,0,1,0,0,10
2025 - 2026,2025 Fall,UGRD,UGRD,Jinzhu,Yu,,CE,3301,1,15,2,1,0,0,0,0,0,0,0,0,18
2025 - 2026,2025 Fall,UGRD,UGRD,Jinzhu,Yu,,CE,3301,101,8,5,3,0,1,0,0,0,0,0,0,17
2025 - 2026,2025 Fall,UGRD,UGRD,Yiyi,Zhang,,CE,3301,101,8,5,3,0,1,0,0,0,0,0,0,17
2025 - 2026,2025 Fall,UGRD,UGRD,Nelson,Gomez-Torres,,CE,3302,1,14,4,6,0,0,0,0,0,2,0,0,26
2025 - 2026,2025 Fall,UGRD,UGRD,Nelson,Gomez-Torres,,CE,3302,101,3,4,6,3,3,0,0,1,0,0,0,20
2025 - 2026,2025 Fall,UGRD,UGRD,Jessica,Eisma,Srinivas Prabakar,CE,3305,1,10,10,7,2,2,0,0,0,0,0,0,31
2025 - 2026,2025 Fall,UGRD,UGRD,Jessica,Eisma,Srinivas Prabakar,CE,3305,101,2,3,5,6,2,0,0,1,0,0,0,19
2025 - 2026,2025 Fall,UGRD,UGRD,Zhe,Yin,,CE,3311,1,19,8,3,2,2,0,0,0,1,0,0,35
2025 - 2026,2025 Fall,UGRD,UGRD,Zhe,Yin,,CE,3311,101,12,4,1,3,0,0,0,0,1,0,0,21
2025 - 2026,2025 Fall,UGRD,UGRD,Srinivas,Prabakar,,CE,3334,1,14,5,5,1,1,0,0,0,0,0,0,26
2025 - 2026,2025 Fall,UGRD,UGRD,Srinivas,Prabakar,,CE,3334,101,5,5,2,2,2,0,0,0,0,0,0,16
2025 - 2026,2025 Fall,UGRD,UGRD,Suyun,Ham,,CE,3341,1,12,6,1,0,2,0,0,0,0,0,0,21
2025 - 2026,2025 Fall,UGRD,UGRD,Suyun,Ham,,CE,3341,101,7,0,3,1,2,0,0,0,1,0,0,14
2025 - 2026,2025 Fall,UGRD,UGRD,Michelle,Hummel,,CE,3342,1,7,5,5,1,0,0,0,0,0,0,0,18
2025 - 2026,2025 Fall,UGRD,UGRD,Michelle,Hummel,,CE,3342,101,0,3,5,1,2,0,0,0,0,0,0,11
2025 - 2026,2025 Fall,UGRD,UGRD,Xinbao,Yu,,CE,3343,1,12,5,5,1,3,0,0,0,0,0,0,26
2025 - 2026,2025 Fall,UGRD,UGRD,Xinbao,Yu,,CE,3343,101,7,6,6,1,1,0,0,0,0,0,0,21
2025 - 2026,2025 Fall,UGRD,UGRD,Stefan,Romanoschi,,CE,3361,1,9,5,5,1,1,0,0,0,0,0,0,21
2025 - 2026,2025 Fall,UGRD,UGRD,Stefan,Romanoschi,,CE,3361,101,4,3,5,0,0,0,0,0,1,0,0,13
2025 - 2026,2025 Fall,UGRD,UGRD,Zhe,Yin,,CE,4304,1,18,1,0,0,0,0,0,0,1,0,0,20
2025 - 2026,2025 Fall,UGRD,UGRD,Kyung,Hyun,,CE,4311,1,1,9,1,0,0,0,0,0,0,0,0,11
2025 - 2026,2025 Fall,UGRD,UGRD,Kyung,Hyun,,CE,4311,101,0,6,0,0,0,0,0,0,0,0,0,6
2025 - 2026,2025 Fall,UGRD,UGRD,Nelson,Gomez-Torres,,CE,4312,102,3,4,0,0,0,0,0,0,0,0,0,7
2025 - 2026,2025 Fall,UGRD,UGRD,Xiwei,Li,,CE,4321,1,8,3,0,0,0,0,0,0,0,0,0,11
2025 - 2026,2025 Fall,UGRD,UGRD,Dongfeng,Li,,CE,4328,1,22,29,2,0,0,0,0,0,0,0,0,53
2025 - 2026,2025 Fall,UGRD,UGRD,Zhe,Yin,,CE,4334,1,14,1,0,0,0,0,0,0,0,0,0,15
2025 - 2026,2025 Fall,UGRD,UGRD,Raad,Azzawi,,CE,4347,1,0,0,4,1,3,0,0,0,0,0,0,8
2025 - 2026,2025 Fall,UGRD,UGRD,Raad,Azzawi,,CE,4347,101,3,4,8,0,3,0,0,0,0,0,0,18
2025 - 2026,2025 Fall,UGRD,UGRD,Juan,Balderrama,,CE,4348,1,13,2,1,0,0,0,0,0,0,0,0,16
2025 - 2026,2025 Fall,UGRD,UGRD,Juan,Balderrama,,CE,4348,101,8,2,0,0,0,0,0,0,0,0,0,10
2025 - 2026,2025 Fall,UGRD,UGRD,Nelson,Gomez-Torres,,CE,4352,1,38,6,0,0,0,0,0,0,0,0,0,44
2025 - 2026,2025 Fall,UGRD,UGRD,Habib,Ahmari,,CE,4358,1,0,2,2,2,0,0,0,0,1,0,0,7
2025 - 2026,2025 Fall,UGRD,UGRD,Stephen,Mattingly,,CE,4383,1,9,23,5,0,0,0,0,0,0,0,0,37
2025 - 2026,2025 Fall,UGRD,UGRD,Zhibin,Lin,,CE,4383,1,9,23,5,0,0,0,0,0,0,0,0,37
2025 - 2026,2025 Fall,UGRD,GRAD,Juan,Balderrama,,CE,5306,1,7,0,0,0,0,0,0,0,0,0,0,7
2025 - 2026,2025 Fall,UGRD,GRAD,Himan,Hojat Jalali,,CE,5315,1,16,10,4,0,0,0,0,0,1,0,0,31
2025 - 2026,2025 Fall,UGRD,GRAD,Kyung,Hyun,,CE,5337,1,4,2,2,0,0,0,0,0,0,0,0,8
2025 - 2026,2025 Fall,UGRD,GRAD,Habib,Ahmari,,CE,5346,1,3,4,3,0,0,0,0,0,1,0,0,11
2025 - 2026,2025 Fall,UGRD,UGRD,Jason,Halbert,Rasika Dias,CHEM,1101,1,30,1,2,0,1,0,0,0,0,0,0,34
2025 - 2026,2025 Fall,UGRD,UGRD,Jason,Halbert,Subhrangsu Mandal,CHEM,1101,2,28,4,1,0,4,0,0,0,0,0,0,37
2025 - 2026,2025 Fall,UGRD,UGRD,William,Cleaver,,CHEM,1181,1,10,3,0,0,1,0,0,0,1,0,0,15
2025 - 2026,2025 Fall,UGRD,UGRD,William,Cleaver,,CHEM,1181,3,6,5,2,0,1,0,0,0,1,0,0,15
2025 - 2026,2025 Fall,UGRD,UGRD,William,Cleaver,,CHEM,1341,1,14,5,7,0,4,0,0,0,2,0,0,32
2025 - 2026,2025 Fall,UGRD,UGRD,Joshua,Crowell,,CHEM,1400,1,33,24,16,3,4,0,0,0,3,0,0,83
2025 - 2026,2025 Fall,UGRD,UGRD,Jimmy,Rogers,,CHEM,1441,1,32,27,43,3,25,0,0,2,25,0,0,157
2025 - 2026,2025 Fall,UGRD,UGRD,Jimmy,Rogers,,CHEM,1441,2,40,32,33,4,20,0,0,5,27,0,0,161
2025 - 2026,2025 Fall,UGRD,UGRD,Mark,Eley,,CHEM,1441,3,30,38,34,17,6,0,0,2,21,0,0,148
2025 - 2026,2025 Fall,UGRD,UGRD,William,Cleaver,,CHEM,1441,4,44,27,42,14,14,0,0,1,20,0,0,162
2025 - 2026,2025 Fall,UGRD,UGRD,Seiichiro,Tanizaki,,CHEM,1442,1,9,14,58,8,1,0,0,2,6,0,0,98
2025 - 2026,2025 Fall,UGRD,UGRD,Jimmy,Rogers,,CHEM,1442,2,33,31,58,7,13,0,0,0,21,0,0,163
2025 - 2026,2025 Fall,UGRD,UGRD,Seiichiro,Tanizaki,,CHEM,1451,1,64,90,79,7,4,0,0,3,39,0,0,286
2025 - 2026,2025 Fall,UGRD,UGRD,Seiichiro,Tanizaki,,CHEM,1451,500,60,52,65,9,14,0,0,11,22,0,0,233
2025 - 2026,2025 Fall,UGRD,UGRD,Krishnan,Rajeshwar,,CHEM,1465,1,21,27,59,25,22,0,0,4,36,0,0,194
2025 - 2026,2025 Fall,UGRD,UGRD,William,Cleaver,,CHEM,1465,2,22,53,60,9,8,0,0,0,8,0,0,160
2025 - 2026,2025 Fall,UGRD,UGRD,Cynthia,Griffith,,CHEM,1465,3,29,47,38,15,13,0,0,1,12,0,0,155
2025 - 2026,2025 Fall,UGRD,UGRD,He,Dong,Cynthia Griffith; Joshua Taylor,CHEM,2181,1,15,3,0,0,0,0,0,0,0,0,0,18
2025 - 2026,2025 Fall,UGRD,UGRD,Jongyun,Heo,Cynthia Griffith; Joshua Taylor,CHEM,2181,1,15,3,0,0,0,0,0,0,0,0,0,18
2025 - 2026,2025 Fall,UGRD,UGRD,Lawton,Seal,Cynthia Griffith; Joshua Taylor,CHEM,2181,1,15,3,0,0,0,0,0,0,0,0,0,18
2025 - 2026,2025 Fall,UGRD,UGRD,He,Dong,Cynthia Griffith; Joshua Taylor,CHEM,2181,2,14,2,1,0,0,0,0,0,0,0,0,17
2025 - 2026,2025 Fall,UGRD,UGRD,Jongyun,Heo,Cynthia Griffith; Joshua Taylor,CHEM,2181,2,14,2,1,0,0,0,0,0,0,0,0,17
2025 - 2026,2025 Fall,UGRD,UGRD,Lawton,Seal,Cynthia Griffith; Joshua Taylor,CHEM,2181,2,14,2,1,0,0,0,0,0,0,0,0,17
2025 - 2026,2025 Fall,UGRD,UGRD,He,Dong,Cynthia Griffith; Joshua Taylor,CHEM,2181,3,15,2,0,0,0,0,0,0,1,0,0,18
2025 - 2026,2025 Fall,UGRD,UGRD,Jongyun,Heo,Cynthia Griffith; Joshua Taylor,CHEM,2181,3,15,2,0,0,0,0,0,0,1,0,0,18
2025 - 2026,2025 Fall,UGRD,UGRD,Lawton,Seal,Cynthia Griffith; Joshua Taylor,CHEM,2181,3,15,2,0,0,0,0,0,0,1,0,0,18
2025 - 2026,2025 Fall,UGRD,UGRD,He,Dong,Cynthia Griffith; Joshua Taylor,CHEM,2181,4,16,1,0,0,0,0,0,0,0,0,0,17
2025 - 2026,2025 Fall,UGRD,UGRD,Jongyun,Heo,Cynthia Griffith; Joshua Taylor,CHEM,2181,4,16,1,0,0,0,0,0,0,0,0,0,17
2025 - 2026,2025 Fall,UGRD,UGRD,Lawton,Seal,Cynthia Griffith; Joshua Taylor,CHEM,2181,4,16,1,0,0,0,0,0,0,0,0,0,17
2025 - 2026,2025 Fall,UGRD,UGRD,He,Dong,Cynthia Griffith; Joshua Taylor,CHEM,2181,5,13,4,0,0,0,0,0,0,1,0,0,18
2025 - 2026,2025 Fall,UGRD,UGRD,Jongyun,Heo,Cynthia Griffith; Joshua Taylor,CHEM,2181,5,13,4,0,0,0,0,0,0,1,0,0,18
2025 - 2026,2025 Fall,UGRD,UGRD,Lawton,Seal,Cynthia Griffith; Joshua Taylor,CHEM,2181,5,13,4,0,0,0,0,0,0,1,0,0,18
2025 - 2026,2025 Fall,UGRD,UGRD,He,Dong,Cynthia Griffith; Joshua Taylor,CHEM,2181,6,15,3,0,0,0,0,0,0,0,0,0,18
2025 - 2026,2025 Fall,UGRD,UGRD,Jongyun,Heo,Cynthia Griffith; Joshua Taylor,CHEM,2181,6,15,3,0,0,0,0,0,0,0,0,0,18
2025 - 2026,2025 Fall,UGRD,UGRD,Lawton,Seal,Cynthia Griffith; Joshua Taylor,CHEM,2181,6,15,3,0,0,0,0,0,0,0,0,0,18
2025 - 2026,2025 Fall,UGRD,UGRD,He,Dong,Cynthia Griffith; Joshua Taylor,CHEM,2181,7,13,3,0,0,0,0,0,0,1,0,0,17
2025 - 2026,2025 Fall,UGRD,UGRD,Jongyun,Heo,Cynthia Griffith; Joshua Taylor,CHEM,2181,7,13,3,0,0,0,0,0,0,1,0,0,17
2025 - 2026,2025 Fall,UGRD,UGRD,Lawton,Seal,Cynthia Griffith; Joshua Taylor,CHEM,2181,7,13,3,0,0,0,0,0,0,1,0,0,17
2025 - 2026,2025 Fall,UGRD,UGRD,He,Dong,Cynthia Griffith; Joshua Taylor,CHEM,2181,8,11,5,0,0,0,0,0,0,0,0,0,16
2025 - 2026,2025 Fall,UGRD,UGRD,Jongyun,Heo,Cynthia Griffith; Joshua Taylor,CHEM,2181,8,11,5,0,0,0,0,0,0,0,0,0,16
2025 - 2026,2025 Fall,UGRD,UGRD,Lawton,Seal,Cynthia Griffith; Joshua Taylor,CHEM,2181,8,11,5,0,0,0,0,0,0,0,0,0,16
2025 - 2026,2025 Fall,UGRD,UGRD,He,Dong,Cynthia Griffith; Joshua Taylor,CHEM,2181,9,12,3,1,0,1,0,0,0,1,0,0,18
2025 - 2026,2025 Fall,UGRD,UGRD,Jongyun,Heo,Cynthia Griffith; Joshua Taylor,CHEM,2181,9,12,3,1,0,1,0,0,0,1,0,0,18
2025 - 2026,2025 Fall,UGRD,UGRD,Lawton,Seal,Cynthia Griffith; Joshua Taylor,CHEM,2181,9,12,3,1,0,1,0,0,0,1,0,0,18
2025 - 2026,2025 Fall,UGRD,UGRD,He,Dong,Cynthia Griffith; Joshua Taylor,CHEM,2181,10,14,2,0,0,0,0,0,1,1,0,0,18
2025 - 2026,2025 Fall,UGRD,UGRD,Jongyun,Heo,Cynthia Griffith; Joshua Taylor,CHEM,2181,10,14,2,0,0,0,0,0,1,1,0,0,18
2025 - 2026,2025 Fall,UGRD,UGRD,Lawton,Seal,Cynthia Griffith; Joshua Taylor,CHEM,2181,10,14,2,0,0,0,0,0,1,1,0,0,18
2025 - 2026,2025 Fall,UGRD,UGRD,He,Dong,Cynthia Griffith; Joshua Taylor,CHEM,2181,11,12,4,0,0,1,0,0,0,1,0,0,18
2025 - 2026,2025 Fall,UGRD,UGRD,Jongyun,Heo,Cynthia Griffith; Joshua Taylor,CHEM,2181,11,12,4,0,0,1,0,0,0,1,0,0,18
2025 - 2026,2025 Fall,UGRD,UGRD,Lawton,Seal,Cynthia Griffith; Joshua Taylor,CHEM,2181,11,12,4,0,0,1,0,0,0,1,0,0,18
2025 - 2026,2025 Fall,UGRD,UGRD,He,Dong,Cynthia Griffith; Joshua Taylor,CHEM,2181,12,13,3,0,0,0,0,0,0,1,0,0,17
2025 - 2026,2025 Fall,UGRD,UGRD,Jongyun,Heo,Cynthia Griffith; Joshua Taylor,CHEM,2181,12,13,3,0,0,0,0,0,0,1,0,0,17
2025 - 2026,2025 Fall,UGRD,UGRD,Lawton,Seal,Cynthia Griffith; Joshua Taylor,CHEM,2181,12,13,3,0,0,0,0,0,0,1,0,0,17
2025 - 2026,2025 Fall,UGRD,UGRD,He,Dong,Cynthia Griffith; Joshua Taylor,CHEM,2181,13,17,0,0,0,0,0,0,0,1,0,0,18
2025 - 2026,2025 Fall,UGRD,UGRD,Jongyun,Heo,Cynthia Griffith; Joshua Taylor,CHEM,2181,13,17,0,0,0,0,0,0,0,1,0,0,18
2025 - 2026,2025 Fall,UGRD,UGRD,Lawton,Seal,Cynthia Griffith; Joshua Taylor,CHEM,2181,13,17,0,0,0,0,0,0,0,1,0,0,18
2025 - 2026,2025 Fall,UGRD,UGRD,Subhrangsu,Mandal,Cynthia Griffith; Joshua Taylor,CHEM,2182,1,13,4,0,0,0,0,0,0,1,0,0,18
2025 - 2026,2025 Fall,UGRD,UGRD,Xue,Xu,Cynthia Griffith; Joshua Taylor,CHEM,2182,1,13,4,0,0,0,0,0,0,1,0,0,18
2025 - 2026,2025 Fall,UGRD,UGRD,Subhrangsu,Mandal,Cynthia Griffith; Xue Xu,CHEM,2182,2,13,3,1,1,0,0,0,0,0,0,0,18
2025 - 2026,2025 Fall,UGRD,UGRD,Subhrangsu,Mandal,Cynthia Griffith; Joshua Taylor,CHEM,2182,3,14,2,0,0,0,0,0,0,1,0,0,17
2025 - 2026,2025 Fall,UGRD,UGRD,Xue,Xu,Cynthia Griffith; Joshua Taylor,CHEM,2182,3,14,2,0,0,0,0,0,0,1,0,0,17
2025 - 2026,2025 Fall,UGRD,UGRD,Subhrangsu,Mandal,Cynthia Griffith; Joshua Taylor,CHEM,2182,4,9,4,0,0,0,0,0,0,1,0,0,14
2025 - 2026,2025 Fall,UGRD,UGRD,Xue,Xu,Cynthia Griffith; Joshua Taylor,CHEM,2182,4,9,4,0,0,0,0,0,0,1,0,0,14
2025 - 2026,2025 Fall,UGRD,UGRD,Subhrangsu,Mandal,Cynthia Griffith; Joshua Taylor,CHEM,2182,5,11,6,0,0,0,0,0,0,0,0,0,17
2025 - 2026,2025 Fall,UGRD,UGRD,Xue,Xu,Cynthia Griffith; Joshua Taylor,CHEM,2182,5,11,6,0,0,0,0,0,0,0,0,0,17
2025 - 2026,2025 Fall,UGRD,UGRD,Subhrangsu,Mandal,Cynthia Griffith; Joshua Taylor,CHEM,2182,6,16,1,0,0,0,0,0,0,1,0,0,18
2025 - 2026,2025 Fall,UGRD,UGRD,Xue,Xu,Cynthia Griffith; Joshua Taylor,CHEM,2182,6,16,1,0,0,0,0,0,0,1,0,0,18
2025 - 2026,2025 Fall,UGRD,UGRD,Subhrangsu,Mandal,Cynthia Griffith; Joshua Taylor,CHEM,2182,7,14,2,0,0,0,0,0,0,1,0,0,17
2025 - 2026,2025 Fall,UGRD,UGRD,Xue,Xu,Cynthia Griffith; Joshua Taylor,CHEM,2182,7,14,2,0,0,0,0,0,0,1,0,0,17
2025 - 2026,2025 Fall,UGRD,UGRD,William,Cleaver,,CHEM,2283,1,10,3,2,0,2,0,0,0,0,0,0,17
2025 - 2026,2025 Fall,UGRD,UGRD,William,Cleaver,,CHEM,2283,2,12,4,0,0,1,0,0,0,0,0,0,17
2025 - 2026,2025 Fall,UGRD,UGRD,Purnendu,Dasgupta,,CHEM,2285,1,2,7,1,0,0,0,0,0,0,0,0,10
2025 - 2026,2025 Fall,UGRD,UGRD,Xue,Xu,,CHEM,2321,1,22,16,33,11,7,0,0,1,9,0,0,99
2025 - 2026,2025 Fall,UGRD,UGRD,Lawton,Seal,,CHEM,2321,2,38,12,26,2,7,0,0,0,9,0,0,94
2025 - 2026,2025 Fall,UGRD,UGRD,He,Dong,,CHEM,2321,3,13,5,21,5,5,0,0,0,10,0,0,59
2025 - 2026,2025 Fall,UGRD,UGRD,Lawton,Seal,,CHEM,2321,4,15,11,20,1,6,0,0,3,6,0,0,62
2025 - 2026,2025 Fall,UGRD,UGRD,Xue,Xu,,CHEM,2321,5,14,7,6,2,4,0,0,1,0,0,0,34
2025 - 2026,2025 Fall,UGRD,UGRD,Xue,Xu,,CHEM,2322,1,19,13,16,2,9,0,0,0,6,0,0,65
2025 - 2026,2025 Fall,UGRD,UGRD,Lawton,Seal,,CHEM,2322,2,16,23,38,2,5,0,0,0,7,0,0,91
2025 - 2026,2025 Fall,UGRD,UGRD,Purnendu,Dasgupta,,CHEM,2335,1,8,13,18,2,4,0,0,2,6,0,0,53
2025 - 2026,2025 Fall,UGRD,UGRD,Peter,Kroll,,CHEM,3181,1,1,2,2,0,3,0,0,1,0,0,0,9
2025 - 2026,2025 Fall,UGRD,UGRD,Peter,Kroll,,CHEM,3181,2,5,2,3,0,0,0,0,0,0,0,0,10
2025 - 2026,2025 Fall,UGRD,UGRD,Peter,Kroll,,CHEM,3181,3,7,0,0,2,0,0,0,0,0,0,0,9
2025 - 2026,2025 Fall,UGRD,UGRD,Peter,Kroll,,CHEM,3321,1,4,7,9,2,2,0,0,1,3,0,0,28
2025 - 2026,2025 Fall,UGRD,UGRD,Robin,Macaluso,,CHEM,4101,1,20,1,1,0,1,0,0,1,0,0,0,24
2025 - 2026,2025 Fall,UGRD,UGRD,Joshua,Crowell,,CHEM,4311,1,43,26,13,3,1,0,0,0,11,0,0,97
2025 - 2026,2025 Fall,UGRD,UGRD,Jongyun,Heo,,CHEM,4311,2,3,14,13,1,7,0,0,0,12,0,0,50
2025 - 2026,2025 Fall,UGRD,UGRD,Joshua,Crowell,,CHEM,4312,1,15,3,13,2,0,0,0,0,2,0,0,35
2025 - 2026,2025 Fall,UGRD,UGRD,Subhrangsu,Mandal,,CHEM,4313,1,13,8,0,0,0,0,0,0,2,0,0,23
2025 - 2026,2025 Fall,UGRD,UGRD,Frederick,Macdonnell,,CHEM,4318,1,7,14,5,4,0,0,0,1,2,0,0,33
2025 - 2026,2025 Fall,UGRD,UGRD,Frederick,Macdonnell,,CHEM,4346,1,12,4,1,0,0,0,0,0,0,0,0,17
2025 - 2026,2025 Fall,UGRD,UGRD,Junha,Jeon,,CHEM,4346,1,12,4,1,0,0,0,0,0,0,0,0,17
2025 - 2026,2025 Fall,UGRD,UGRD,Xue,Xu,,CHEM,4385,30,19,0,0,0,0,0,0,0,0,0,0,19
2025 - 2026,2025 Fall,UGRD,UGRD,Kevin,Schug,,CHEM,4461,1,5,9,5,0,0,0,0,0,1,0,0,20
2025 - 2026,2025 Fall,UGRD,UGRD,Ju-Chen,Hsiao,,CHIN,1441,1,5,7,1,0,1,0,0,1,1,0,0,16
2025 - 2026,2025 Fall,UGRD,UGRD,Ju-Chen,Hsiao,,CHIN,1441,2,3,6,2,0,0,0,0,0,0,0,0,11
2025 - 2026,2025 Fall,UGRD,UGRD,Szu-Yen,Liang,,CHIN,2310,1,15,8,0,0,1,0,0,0,0,0,0,24
2025 - 2026,2025 Fall,UGRD,UGRD,Ju-Chen,Hsiao,,CHIN,2313,1,5,2,2,0,0,0,0,0,1,0,0,10
2025 - 2026,2025 Fall,UGRD,UGRD,Szu-Yen,Liang,,CHIN,3303,1,8,0,2,0,0,0,0,0,0,0,0,10
2025 - 2026,2025 Fall,UGRD,UGRD,Szu-Yen,Liang,,CHIN,4334,1,25,2,0,0,1,0,0,0,2,0,0,30
2025 - 2026,2025 Fall,UGRD,UGRD,Szu-Yen,Liang,,CHIN,4336,1,5,5,0,0,0,0,0,0,0,0,0,10
2025 - 2026,2025 Fall,UGRD,UGRD,Michael,McShane,,CLAS,1300,4,4,14,4,0,4,0,0,0,2,0,0,28
2025 - 2026,2025 Fall,UGRD,UGRD,Michael,McShane,,CLAS,1300,5,2,10,8,3,3,0,0,0,2,0,0,28
2025 - 2026,2025 Fall,UGRD,UGRD,Michael,McShane,,CLAS,1300,6,5,12,5,4,1,0,0,0,1,0,0,28
2025 - 2026,2025 Fall,UGRD,UGRD,Rasoul,Abbas,,CM,1311,1,23,3,1,0,2,0,0,0,0,0,0,29
2025 - 2026,2025 Fall,UGRD,UGRD,Rasoul,Abbas,,CM,1311,2,21,5,0,0,0,0,0,0,2,0,0,28
2025 - 2026,2025 Fall,UGRD,UGRD,Khatere,Karbassi,,CM,1311,3,29,0,0,0,0,0,0,0,0,0,0,29
2025 - 2026,2025 Fall,UGRD,UGRD,Rasoul,Abbas,,CM,1311,6,16,4,1,0,4,0,0,0,3,0,0,28
2025 - 2026,2025 Fall,UGRD,UGRD,Rasoul,Abbas,,CM,1311,7,22,2,3,0,2,0,0,0,1,0,0,30
2025 - 2026,2025 Fall,UGRD,UGRD,Rasoul,Abbas,,CM,1311,8,7,7,1,0,5,0,0,0,1,0,0,21
2025 - 2026,2025 Fall,UGRD,UGRD,Farah,Naz,,CM,1331,1,56,8,3,1,7,0,0,0,3,0,0,78
2025 - 2026,2025 Fall,UGRD,UGRD,Madhuri,Arjun,,CM,1331,1,56,8,3,1,7,0,0,0,3,0,0,78
2025 - 2026,2025 Fall,UGRD,UGRD,Zahra,Kohankar Kouchesfehani,,CM,2311,1,49,24,29,13,9,0,0,1,0,0,0,125
2025 - 2026,2025 Fall,UGRD,UGRD,Zahra,Kohankar Kouchesfehani,,CM,2311,101,12,17,14,5,11,0,0,0,0,0,0,59
2025 - 2026,2025 Fall,UGRD,UGRD,Ahmad Kamal,Bani Hani,,CM,2313,1,31,9,8,2,4,0,0,0,0,0,0,54
2025 - 2026,2025 Fall,UGRD,UGRD,Ahmad Kamal,Bani Hani,,CM,2313,101,8,8,2,0,1,0,0,0,1,0,0,20
2025 - 2026,2025 Fall,UGRD,UGRD,Vinayak,Kaushal,,CM,2315,1,45,22,8,3,3,0,0,1,3,0,0,85
2025 - 2026,2025 Fall,UGRD,UGRD,Madhuri,Arjun,,CM,2331,1,25,6,3,0,0,0,0,1,0,0,0,35
2025 - 2026,2025 Fall,UGRD,UGRD,Madhuri,Arjun,,CM,2331,101,12,15,6,0,1,0,0,0,0,0,0,34
2025 - 2026,2025 Fall,UGRD,UGRD,Karthikeyan,Loganathan,,CM,3313,1,25,20,18,6,2,0,0,0,2,0,0,73
2025 - 2026,2025 Fall,UGRD,UGRD,Abeer,Almughrabi,,CM,3315,1,30,7,1,0,3,0,0,0,0,0,0,41
2025 - 2026,2025 Fall,UGRD,UGRD,Abeer,Almughrabi,,CM,3315,101,45,17,6,0,0,0,0,1,0,0,0,69
2025 - 2026,2025 Fall,UGRD,UGRD,Ahmad Kamal,Bani Hani,,CM,3331,1,46,27,5,3,1,0,0,0,0,0,0,82
2025 - 2026,2025 Fall,UGRD,UGRD,Ahmad Kamal,Bani Hani,,CM,3335,2,40,23,15,1,0,0,0,0,0,0,0,79
2025 - 2026,2025 Fall,UGRD,UGRD,Abeer,Almughrabi,,CM,3337,1,14,2,1,0,1,0,0,1,0,0,0,19
2025 - 2026,2025 Fall,UGRD,UGRD,Abeer,Almughrabi,,CM,3337,101,15,15,1,0,0,0,0,0,0,0,0,31
2025 - 2026,2025 Fall,UGRD,UGRD,Ahmad Kamal,Bani Hani,,CM,3339,2,49,25,5,0,0,0,0,0,0,0,0,79
2025 - 2026,2025 Fall,UGRD,UGRD,Vinayak,Kaushal,,CM,3341,1,17,3,1,2,0,0,0,0,0,0,0,23
2025 - 2026,2025 Fall,UGRD,UGRD,Vinayak,Kaushal,,CM,3341,101,33,10,0,1,1,0,0,0,0,0,0,45
2025 - 2026,2025 Fall,UGRD,UGRD,Vinayak,Kaushal,,CM,4306,1,1,7,13,0,1,0,0,0,1,0,0,23
2025 - 2026,2025 Fall,UGRD,UGRD,Karthikeyan,Loganathan,,CM,4315,1,26,15,4,2,1,0,0,1,0,0,0,49
2025 - 2026,2025 Fall,UGRD,UGRD,Karthikeyan,Loganathan,,CM,4315,101,12,4,1,0,0,0,0,0,0,0,0,17
2025 - 2026,2025 Fall,UGRD,UGRD,Kyeong Rok,Ryu,,CM,4317,1,23,4,1,0,1,0,0,1,0,0,0,30
2025 - 2026,2025 Fall,UGRD,UGRD,Kyeong Rok,Ryu,,CM,4317,2,12,13,5,0,0,0,0,0,0,0,0,30
2025 - 2026,2025 Fall,UGRD,UGRD,Bijan,Shapoorian,,CM,4331,1,13,9,1,0,0,0,0,0,0,0,0,23
2025 - 2026,2025 Fall,UGRD,UGRD,Abeer,Almughrabi,,CM,4337,1,6,1,0,0,0,0,0,0,0,0,0,7
2025 - 2026,2025 Fall,UGRD,UGRD,Abeer,Almughrabi,,CM,4337,101,14,3,0,0,0,0,0,0,0,0,0,17
2025 - 2026,2025 Fall,UGRD,UGRD,Madhuri,Arjun,,CM,4351,1,26,2,1,0,0,0,0,1,0,0,0,30
2025 - 2026,2025 Fall,UGRD,UGRD,Madhuri,Arjun,,CM,4351,2,14,4,3,0,0,0,0,0,0,0,0,21
2025 - 2026,2025 Fall,UGRD,UGRD,Zaid,Alfayez,,CM,4353,101,18,1,1,0,0,0,0,0,0,0,0,20
2025 - 2026,2025 Fall,UGRD,UGRD,Madhuri,Arjun,,CM,4357,1,21,12,0,0,0,0,0,0,0,0,0,33
2025 - 2026,2025 Fall,UGRD,UGRD,Bijan,Shapoorian,,CM,4359,1,15,5,0,0,0,0,0,0,0,0,0,20
2025 - 2026,2025 Fall,UGRD,UGRD,Bijan,Shapoorian,,CM,4360,1,21,8,1,0,1,0,0,0,0,0,0,31
2025 - 2026,2025 Fall,UGRD,UGRD,Marti,Harvey,,COMM,2311,1,6,5,7,0,2,0,0,0,0,0,0,20
2025 - 2026,2025 Fall,UGRD,UGRD,Marti,Harvey,,COMM,2311,2,4,11,4,1,0,0,0,0,0,0,0,20
2025 - 2026,2025 Fall,UGRD,UGRD,Geoffrey,Campbell,,COMM,2311,4,6,8,4,0,1,0,0,0,1,0,0,20
2025 - 2026,2025 Fall,UGRD,UGRD,Brad,Loper,,COMM,2311,8,6,10,1,2,0,0,0,0,0,0,0,19
2025 - 2026,2025 Fall,UGRD,UGRD,Brad,Loper,,COMM,2311,9,6,7,6,1,0,0,0,0,0,0,0,20
2025 - 2026,2025 Fall,UGRD,UGRD,Geoffrey,Campbell,,COMM,2311,10,2,5,0,0,0,0,0,0,0,0,0,7
2025 - 2026,2025 Fall,UGRD,UGRD,Marti,Harvey,,COMM,2313,1,21,24,7,2,3,0,0,0,1,0,0,58
2025 - 2026,2025 Fall,UGRD,UGRD,Chunke,Su,,COMM,3300,1,50,30,15,2,0,0,0,0,3,0,0,100
2025 - 2026,2025 Fall,UGRD,UGRD,Brian,Horton,,COMM,3303,1,6,8,4,1,0,0,0,0,0,0,0,19
2025 - 2026,2025 Fall,UGRD,UGRD,Roby,McEuen,,COMM,3303,2,5,10,2,0,1,0,0,0,0,0,0,18
2025 - 2026,2025 Fall,UGRD,UGRD,George,Weems,,COMM,3303,3,13,5,1,0,0,0,0,0,1,0,0,20
2025 - 2026,2025 Fall,UGRD,UGRD,George,Weems,,COMM,3303,4,13,5,1,0,0,0,0,0,0,0,0,19
2025 - 2026,2025 Fall,UGRD,UGRD,George,Weems,,COMM,3303,5,19,1,0,0,0,0,0,0,0,0,0,20
2025 - 2026,2025 Fall,UGRD,UGRD,George,Weems,,COMM,3303,6,20,0,0,0,0,0,0,0,0,0,0,20
2025 - 2026,2025 Fall,UGRD,UGRD,Andrew,Clark,,COMM,3310,1,80,25,10,1,3,0,0,0,0,0,0,119
2025 - 2026,2025 Fall,UGRD,UGRD,Karishma,Chatterjee,,COMM,3315,1,43,30,15,5,4,0,0,0,1,0,0,98
2025 - 2026,2025 Fall,UGRD,UGRD,Grace,Brannon,,COMM,3350,1,11,7,1,3,1,0,0,0,0,0,0,23
2025 - 2026,2025 Fall,UGRD,UGRD,Kelsey,Binion,,COMM,4300,1,11,4,1,1,2,0,0,0,0,0,0,19
2025 - 2026,2025 Fall,UGRD,UGRD,Dustin,Harp,,COMM,4306,1,8,2,1,0,0,0,0,0,0,0,0,11
2025 - 2026,2025 Fall,UGRD,UGRD,Karishma,Chatterjee,,COMM,4335,1,4,5,2,0,1,0,0,0,1,0,0,13
2025 - 2026,2025 Fall,UGRD,UGRD,Kelsey,Binion,,COMM,4335,1,4,5,2,0,1,0,0,0,1,0,0,13
2025 - 2026,2025 Fall,UGRD,UGRD,Jennifer,Lanter,,COMM,4391,46,8,0,0,0,0,0,0,0,0,0,0,8
2025 - 2026,2025 Fall,UGRD,UGRD,Tom,Ingram,,COMM,4392,19,6,0,0,0,0,0,0,0,0,0,0,6
2025 - 2026,2025 Fall,UGRD,UGRD,Gregory,McCown,,COMS,1301,1,20,3,1,0,0,0,0,0,1,0,0,25
2025 - 2026,2025 Fall,UGRD,UGRD,Taniedra,Wooten Young,,COMS,1301,2,13,6,2,3,0,0,0,1,2,0,0,27
2025 - 2026,2025 Fall,UGRD,UGRD,Taniedra,Wooten Young,,COMS,1301,4,15,2,8,3,0,0,0,0,0,0,0,28
2025 - 2026,2025 Fall,UGRD,UGRD,Taniedra,Wooten Young,,COMS,1301,7,11,9,5,2,0,0,0,0,0,0,0,27
2025 - 2026,2025 Fall,UGRD,UGRD,Taniedra,Wooten Young,,COMS,1301,10,21,1,2,1,2,0,0,0,0,0,0,27
2025 - 2026,2025 Fall,UGRD,UGRD,Varaidzo,Nyamandi,,COMS,1301,11,24,1,1,0,2,0,0,0,0,0,0,28
2025 - 2026,2025 Fall,UGRD,UGRD,Carie,Kapellusch,,COMS,1301,13,20,3,0,0,2,0,0,1,2,0,0,28
2025 - 2026,2025 Fall,UGRD,UGRD,Donna,Pirkle,,COMS,1301,15,25,1,1,0,0,0,0,0,1,0,0,28
2025 - 2026,2025 Fall,UGRD,UGRD,Donna,Pirkle,,COMS,1301,16,27,0,0,0,0,0,0,0,1,0,0,28
2025 - 2026,2025 Fall,UGRD,UGRD,Donna,Pirkle,,COMS,1301,18,22,2,1,0,3,0,0,0,0,0,0,28
2025 - 2026,2025 Fall,UGRD,UGRD,Carie,Kapellusch,,COMS,1301,19,13,9,1,3,1,0,0,0,0,0,0,27
2025 - 2026,2025 Fall,UGRD,UGRD,Varaidzo,Nyamandi,,COMS,1301,20,24,2,0,0,1,0,0,0,0,0,0,27
2025 - 2026,2025 Fall,UGRD,UGRD,Carie,Kapellusch,,COMS,1301,21,2,10,3,1,3,0,0,1,0,0,0,20
2025 - 2026,2025 Fall,UGRD,UGRD,Melanie,Mason,,COMS,1302,1,19,7,1,0,0,0,0,0,1,0,0,28
2025 - 2026,2025 Fall,UGRD,UGRD,Damla,Ricks,,COMS,2302,1,14,11,0,0,0,0,0,0,2,0,0,27
2025 - 2026,2025 Fall,UGRD,UGRD,Jill,James,,COMS,2302,2,22,4,0,0,0,0,0,0,2,0,0,28
2025 - 2026,2025 Fall,UGRD,UGRD,Richard,White,,COMS,2302,3,1,15,6,1,1,0,0,0,3,0,0,27
2025 - 2026,2025 Fall,UGRD,UGRD,Richard,White,,COMS,2302,4,1,11,8,1,4,0,0,0,2,0,0,27
2025 - 2026,2025 Fall,UGRD,UGRD,Richard,White,,COMS,2302,5,3,12,9,1,1,0,0,1,1,0,0,28
2025 - 2026,2025 Fall,UGRD,UGRD,Richard,White,,COMS,2302,6,2,10,10,1,0,0,0,0,3,0,0,26
2025 - 2026,2025 Fall,UGRD,UGRD,Damla,Ricks,,COMS,2302,7,19,6,1,0,0,0,0,1,0,0,0,27
2025 - 2026,2025 Fall,UGRD,UGRD,Jill,James,,COMS,2302,8,20,5,1,0,1,0,0,0,1,0,0,28
2025 - 2026,2025 Fall,UGRD,UGRD,Melinda,Long,,COMS,2302,9,7,16,3,0,0,0,0,1,0,0,0,27
2025 - 2026,2025 Fall,UGRD,UGRD,Robert,Ortiz,,COMS,2302,10,18,8,0,0,0,0,0,1,0,0,0,27
2025 - 2026,2025 Fall,UGRD,UGRD,Robert,Ortiz,,COMS,2302,11,25,2,0,0,1,0,0,0,0,0,0,28
2025 - 2026,2025 Fall,UGRD,UGRD,Abigail,Dase,,COMS,2302,12,25,1,0,1,0,0,0,0,1,0,0,28
2025 - 2026,2025 Fall,UGRD,UGRD,Abigail,Dase,,COMS,2302,13,25,1,0,0,0,0,0,0,0,0,0,26
2025 - 2026,2025 Fall,UGRD,UGRD,Robert,Ortiz,,COMS,2302,14,25,3,0,0,0,0,0,0,0,0,0,28
2025 - 2026,2025 Fall,UGRD,UGRD,Abigail,Dase,,COMS,2302,15,24,3,0,0,1,0,0,0,0,0,0,28
2025 - 2026,2025 Fall,UGRD,UGRD,Abigail,Dase,,COMS,2302,16,27,0,0,0,0,0,0,0,0,0,0,27
2025 - 2026,2025 Fall,UGRD,UGRD,Melinda,Long,,COMS,2302,17,13,12,0,0,0,0,0,0,1,0,0,26
2025 - 2026,2025 Fall,UGRD,UGRD,James,Ruedlinger,,COMS,2302,18,26,1,0,0,1,0,0,0,0,0,0,28
2025 - 2026,2025 Fall,UGRD,UGRD,Varaidzo,Nyamandi,,COMS,2302,19,26,2,0,0,0,0,0,0,0,0,0,28
2025 - 2026,2025 Fall,UGRD,UGRD,Damla,Ricks,,COMS,2302,20,18,8,0,0,0,0,0,0,1,0,0,27
2025 - 2026,2025 Fall,UGRD,UGRD,Gregory,McCown,,COMS,2302,21,24,0,0,1,2,0,0,0,1,0,0,28
2025 - 2026,2025 Fall,UGRD,UGRD,Varaidzo,Nyamandi,,COMS,2302,22,25,0,0,0,2,0,0,0,0,0,0,27
2025 - 2026,2025 Fall,UGRD,UGRD,Damla,Ricks,,COMS,2302,23,15,10,1,0,2,0,0,0,0,0,0,28
2025 - 2026,2025 Fall,UGRD,UGRD,Gregory,McCown,,COMS,2302,24,24,2,0,0,1,0,0,0,1,0,0,28
2025 - 2026,2025 Fall,UGRD,UGRD,Varaidzo,Nyamandi,,COMS,2302,25,23,4,0,0,0,0,0,1,0,0,0,28
2025 - 2026,2025 Fall,UGRD,UGRD,Gregory,McCown,,COMS,2302,26,26,0,0,0,2,0,0,0,0,0,0,28
2025 - 2026,2025 Fall,UGRD,UGRD,April,Blount,,COMS,2302,27,12,11,4,0,0,0,0,1,0,0,0,28
2025 - 2026,2025 Fall,UGRD,UGRD,Jill,James,,COMS,2302,28,15,9,2,0,0,0,0,2,0,0,0,28
2025 - 2026,2025 Fall,UGRD,UGRD,Robert,Ortiz,,COMS,2302,29,20,5,2,0,1,0,0,0,0,0,0,28
2025 - 2026,2025 Fall,UGRD,UGRD,April,Blount,,COMS,2302,30,17,8,1,0,2,0,0,0,0,0,0,28
2025 - 2026,2025 Fall,UGRD,UGRD,April,Blount,,COMS,2304,2,19,10,1,0,0,0,0,0,1,0,0,31
2025 - 2026,2025 Fall,UGRD,UGRD,Jill,James,,COMS,2305,2,13,8,5,1,1,0,0,0,0,0,0,28
2025 - 2026,2025 Fall,UGRD,UGRD,Carie,Kapellusch,,COMS,2305,3,7,14,3,0,2,0,0,0,1,0,0,27
2025 - 2026,2025 Fall,UGRD,UGRD,Carie,Kapellusch,,COMS,2305,5,4,17,3,1,1,0,0,0,1,0,0,27
2025 - 2026,2025 Fall,UGRD,UGRD,Mengqi,Zhan,,COMS,3309,1,6,3,0,0,2,0,0,0,0,0,0,11
2025 - 2026,2025 Fall,UGRD,UGRD,Grace,Brannon,,COMS,3315,1,9,4,1,1,0,0,0,0,2,0,0,17
2025 - 2026,2025 Fall,UGRD,UGRD,Damla,Ricks,,COMS,3320,1,13,5,1,0,0,0,0,0,0,0,0,19
2025 - 2026,2025 Fall,UGRD,UGRD,Alaina,Spiers,,COMS,4315,1,5,11,0,2,0,0,0,0,0,0,0,18
2025 - 2026,2025 Fall,UGRD,UGRD,Mengqi,Zhan,,COMS,4320,1,10,1,1,0,0,0,0,0,0,0,0,12
2025 - 2026,2025 Fall,UGRD,UGRD,Karishma,Chatterjee,,COMS,4322,1,19,5,0,0,0,0,0,0,0,0,0,24
2025 - 2026,2025 Fall,UGRD,UGRD,Zerita,Hall,,CRCJ,2334,1,52,15,10,2,4,0,0,0,0,0,0,83
2025 - 2026,2025 Fall,UGRD,UGRD,Jay,Tillerson,,CRCJ,2334,2,43,20,15,6,13,0,0,1,3,0,0,101
2025 - 2026,2025 Fall,UGRD,UGRD,Zerita,Hall,,CRCJ,2335,1,45,26,4,2,1,0,0,0,2,0,0,80
2025 - 2026,2025 Fall,UGRD,UGRD,Zerita,Hall,,CRCJ,2335,2,39,28,7,4,1,0,0,0,0,0,0,79
2025 - 2026,2025 Fall,UGRD,UGRD,Keith,Owens,,CRCJ,2340,1,62,11,4,1,0,0,0,0,0,0,0,78
2025 - 2026,2025 Fall,UGRD,UGRD,Christi,Gullion,,CRCJ,2350,1,32,35,6,5,0,0,0,0,0,0,0,78
2025 - 2026,2025 Fall,UGRD,UGRD,Jennifer,LaPrade,,CRCJ,3300,1,41,8,5,2,0,0,0,0,1,0,0,57
2025 - 2026,2025 Fall,UGRD,UGRD,Robert,Bing,,CRCJ,3300,3,8,6,1,2,2,0,0,0,0,0,0,19
2025 - 2026,2025 Fall,UGRD,UGRD,Fangzhou,Wang,,CRCJ,3320,1,68,5,1,2,1,0,0,0,0,0,0,77
2025 - 2026,2025 Fall,UGRD,UGRD,Zerita,Hall,,CRCJ,3338,1,48,21,5,2,3,0,0,0,0,0,0,79
2025 - 2026,2025 Fall,UGRD,UGRD,Jeremy,Burrell,,CRCJ,3338,2,42,23,8,2,2,0,0,1,2,0,0,80
2025 - 2026,2025 Fall,UGRD,UGRD,Seokjin,Jeong,,CRCJ,3340,1,30,8,1,0,0,0,0,0,0,0,0,39
2025 - 2026,2025 Fall,UGRD,UGRD,Kaitlyn,Pederson,,CRCJ,3350,1,8,19,10,1,0,0,0,0,0,0,0,38
2025 - 2026,2025 Fall,UGRD,UGRD,Roger,Metcalf,,CRCJ,3350,2,36,5,3,1,0,0,0,1,0,0,0,46
2025 - 2026,2025 Fall,UGRD,UGRD,Roger,Metcalf,,CRCJ,3370,1,69,6,4,1,1,0,0,2,0,0,0,83
2025 - 2026,2025 Fall,UGRD,UGRD,Xavier,Aranda,,CRCJ,3370,3,46,3,1,3,1,0,0,0,0,0,0,54
2025 - 2026,2025 Fall,UGRD,UGRD,Patricia,Eddings,,CRCJ,3371,1,15,1,2,1,0,0,0,0,0,0,0,19
2025 - 2026,2025 Fall,UGRD,UGRD,Robert,Bing,,CRCJ,3380,1,11,46,7,2,0,0,0,2,1,0,0,69
2025 - 2026,2025 Fall,UGRD,UGRD,Jaya,Davis,,CRCJ,3385,1,46,14,3,4,1,0,0,0,1,0,0,69
2025 - 2026,2025 Fall,UGRD,UGRD,Vincent,Wisely,,CRCJ,4301,2,72,6,1,0,0,0,0,0,0,0,0,79
2025 - 2026,2025 Fall,UGRD,UGRD,Jennifer,LaPrade,,CRCJ,4302,1,21,7,0,0,0,0,0,0,1,0,0,29
2025 - 2026,2025 Fall,UGRD,UGRD,Derick,Miller,,CRCJ,4313,1,34,32,8,2,1,0,0,1,2,0,0,80
2025 - 2026,2025 Fall,UGRD,UGRD,Kyrus,Branch,,CRCJ,4325,1,46,11,0,3,1,0,0,0,0,0,0,61
2025 - 2026,2025 Fall,UGRD,UGRD,Kaitlyn,Pederson,,CRCJ,4332,1,27,26,18,3,2,0,0,0,0,0,0,76
2025 - 2026,2025 Fall,UGRD,UGRD,Kaitlyn,Pederson,,CRCJ,4333,1,30,12,3,0,4,0,0,1,0,0,0,50
2025 - 2026,2025 Fall,UGRD,UGRD,Patricia,Eddings,,CRCJ,4342,1,11,4,2,0,1,0,0,0,1,0,0,19
2025 - 2026,2025 Fall,UGRD,UGRD,Roger,Metcalf,,CRCJ,4343,1,37,0,2,1,0,0,0,0,0,0,0,40
2025 - 2026,2025 Fall,UGRD,UGRD,Estevan,Gomez,,CRCJ,4352,1,51,14,7,6,1,0,0,0,1,0,0,80
2025 - 2026,2025 Fall,UGRD,UGRD,Brook,Rollins,,CRCJ,4380,1,37,33,11,1,0,0,0,1,0,0,0,83
2025 - 2026,2025 Fall,UGRD,UGRD,Patricia,Eddings,,CRCJ,4387,2,14,0,0,0,0,0,0,0,0,0,0,14
2025 - 2026,2025 Fall,UGRD,UGRD,Keith,Owens,,CRCJ,4387,3,25,1,0,0,1,0,0,0,0,0,0,27
2025 - 2026,2025 Fall,UGRD,UGRD,Roger,Metcalf,,CRCJ,4387,4,25,7,4,1,0,0,0,0,0,0,0,37
2025 - 2026,2025 Fall,UGRD,UGRD,Keith,Owens,,CRCJ,4390,1,36,0,0,0,0,0,0,0,0,0,0,36
2025 - 2026,2025 Fall,UGRD,UGRD,Keith,Owens,,CRCJ,4390,2,10,0,0,0,0,0,0,0,0,0,0,10
2025 - 2026,2025 Fall,UGRD,UGRD,Shawn,Gieser,,CSE,1106,1,22,2,1,0,1,0,0,0,1,0,0,27
2025 - 2026,2025 Fall,UGRD,UGRD,Shawn,Gieser,,CSE,1106,2,20,6,2,0,1,0,0,0,1,0,0,30
2025 - 2026,2025 Fall,UGRD,UGRD,Shawn,Gieser,,CSE,1106,3,10,7,1,0,3,0,0,0,2,0,0,23
2025 - 2026,2025 Fall,UGRD,UGRD,Shawn,Gieser,,CSE,1106,4,6,1,0,0,1,0,0,0,1,0,0,9
2025 - 2026,2025 Fall,UGRD,UGRD,Shawn,Gieser,,CSE,1106,5,15,2,3,0,5,0,0,2,2,0,0,29
2025 - 2026,2025 Fall,UGRD,UGRD,Shawn,Gieser,,CSE,1106,6,4,0,0,0,2,0,0,0,2,0,0,8
2025 - 2026,2025 Fall,UGRD,UGRD,Shawn,Gieser,,CSE,1106,7,19,3,3,0,4,0,0,0,0,0,0,29
2025 - 2026,2025 Fall,UGRD,UGRD,Shawn,Gieser,,CSE,1106,8,6,1,0,0,1,0,0,0,0,0,0,8
2025 - 2026,2025 Fall,UGRD,UGRD,Shawn,Gieser,,CSE,1106,9,12,3,1,0,2,0,0,0,0,0,0,18
2025 - 2026,2025 Fall,UGRD,UGRD,Shawn,Gieser,,CSE,1106,10,22,3,3,0,1,0,0,0,0,0,0,29
2025 - 2026,2025 Fall,UGRD,UGRD,Shawn,Gieser,,CSE,1106,11,5,6,0,1,2,0,0,0,0,0,0,14
2025 - 2026,2025 Fall,UGRD,UGRD,Shawn,Gieser,,CSE,1106,12,5,2,2,0,1,0,0,0,0,0,0,10
2025 - 2026,2025 Fall,UGRD,UGRD,Shawn,Gieser,,CSE,1106,13,18,1,2,0,0,0,0,0,2,0,0,23
2025 - 2026,2025 Fall,UGRD,UGRD,Shawn,Gieser,,CSE,1106,14,24,3,0,0,2,0,0,0,1,0,0,30
2025 - 2026,2025 Fall,UGRD,UGRD,Shawn,Gieser,,CSE,1106,15,6,2,0,0,0,0,0,1,0,0,0,9
2025 - 2026,2025 Fall,UGRD,UGRD,Shawn,Gieser,,CSE,1106,16,4,1,0,0,1,0,0,0,0,0,0,6
2025 - 2026,2025 Fall,UGRD,UGRD,Shawn,Gieser,,CSE,1106,17,5,1,0,0,0,0,0,0,0,0,0,6
2025 - 2026,2025 Fall,UGRD,UGRD,Shawn,Gieser,,CSE,1106,18,23,4,1,1,0,0,0,0,1,0,0,30
2025 - 2026,2025 Fall,UGRD,UGRD,Md Salik,Parwez,,CSE,1310,1,14,3,3,5,6,0,0,1,2,0,0,34
2025 - 2026,2025 Fall,UGRD,UGRD,Marnim,Galib,,CSE,1310,2,46,6,2,2,2,0,0,1,0,0,0,59
2025 - 2026,2025 Fall,UGRD,UGRD,Donna,French,,CSE,1310,3,26,9,1,3,5,0,0,1,4,0,0,49
2025 - 2026,2025 Fall,UGRD,UGRD,Alexandra,Stefan,,CSE,1310,4,15,13,5,6,8,0,0,2,3,0,0,52
2025 - 2026,2025 Fall,UGRD,UGRD,Donna,French,,CSE,1310,5,35,10,6,2,3,0,0,0,2,0,0,58
2025 - 2026,2025 Fall,UGRD,UGRD,Marnim,Galib,,CSE,1310,6,38,11,6,1,2,0,0,0,2,0,0,60
2025 - 2026,2025 Fall,UGRD,UGRD,Farnaz,Farahanipad,,CSE,1310,8,15,7,5,3,3,0,0,0,4,0,0,37
2025 - 2026,2025 Fall,UGRD,UGRD,Donna,French,,CSE,1310,9,20,9,8,4,6,0,0,0,1,0,0,48
2025 - 2026,2025 Fall,UGRD,UGRD,Marnim,Galib,,CSE,1310,10,37,6,7,3,5,0,0,0,2,0,0,60
2025 - 2026,2025 Fall,UGRD,UGRD,Cesar,Torres,,CSE,1320,1,9,11,12,13,7,0,0,1,3,0,0,56
2025 - 2026,2025 Fall,UGRD,UGRD,Marika,Apostolova,,CSE,1320,2,10,8,9,0,7,0,0,0,0,0,0,34
2025 - 2026,2025 Fall,UGRD,UGRD,Donna,French,,CSE,1320,3,17,17,11,5,5,0,0,1,3,0,0,59
2025 - 2026,2025 Fall,UGRD,UGRD,Jiandong,Wang,,CSE,1320,4,7,5,16,3,9,0,0,5,12,0,0,57
2025 - 2026,2025 Fall,UGRD,UGRD,Marika,Apostolova,,CSE,1320,5,10,9,9,2,9,0,0,0,3,0,0,42
2025 - 2026,2025 Fall,UGRD,UGRD,Alex,Dillhoff,,CSE,1320,6,12,16,17,3,4,0,0,0,6,0,0,58
2025 - 2026,2025 Fall,UGRD,UGRD,George,Rice,,CSE,1325,1,20,8,14,7,6,0,0,0,4,0,0,59
2025 - 2026,2025 Fall,UGRD,UGRD,George,Rice,,CSE,1325,2,28,17,9,5,3,0,0,1,0,0,0,63
2025 - 2026,2025 Fall,UGRD,UGRD,Jiandong,Wang,,CSE,1325,3,44,9,0,3,0,0,0,0,0,0,0,56
2025 - 2026,2025 Fall,UGRD,UGRD,Marika,Apostolova,,CSE,1325,5,49,16,9,0,1,0,0,2,1,0,0,78
2025 - 2026,2025 Fall,UGRD,UGRD,Marika,Apostolova,,CSE,1325,6,30,14,15,3,2,0,0,1,0,0,0,65
2025 - 2026,2025 Fall,UGRD,UGRD,Jimmie,Davis,,CSE,1326,1,7,1,1,0,0,0,0,0,0,0,0,9
2025 - 2026,2025 Fall,UGRD,UGRD,Muhammad Rashedul Haq,Rashed,,CSE,2312,1,31,7,4,2,2,0,0,0,3,0,0,49
2025 - 2026,2025 Fall,UGRD,UGRD,Xiaojun,Shang,,CSE,2312,2,42,6,2,2,0,0,0,1,1,0,0,54
2025 - 2026,2025 Fall,UGRD,UGRD,Dianqi,Han,,CSE,2312,3,39,14,4,0,0,0,0,0,2,0,0,59
2025 - 2026,2025 Fall,UGRD,UGRD,Muhammad Rashedul Haq,Rashed,,CSE,2312,4,40,9,1,0,2,0,0,0,0,0,0,52
2025 - 2026,2025 Fall,UGRD,UGRD,Chenxi,Wang,,CSE,2312,5,18,11,17,5,2,0,0,0,1,0,0,54
2025 - 2026,2025 Fall,UGRD,UGRD,Chenxi,Wang,,CSE,2312,6,7,12,15,7,7,0,0,0,1,0,0,49
2025 - 2026,2025 Fall,UGRD,UGRD,Peiran,Yu,,CSE,2315,1,6,20,11,8,4,0,0,1,0,0,0,50
2025 - 2026,2025 Fall,UGRD,UGRD,Abhishek,Santra,,CSE,2315,2,11,22,12,0,1,0,0,1,2,0,0,49
2025 - 2026,2025 Fall,UGRD,UGRD,Darin,Brezeale,,CSE,2315,3,5,8,2,7,4,0,0,0,2,0,0,28
2025 - 2026,2025 Fall,UGRD,UGRD,Vamsikrishna,Gopikrishna,,CSE,2315,4,9,10,5,0,3,0,0,0,8,0,0,35
2025 - 2026,2025 Fall,UGRD,UGRD,Abhishek,Santra,,CSE,2315,5,17,16,13,1,2,0,0,1,0,0,0,50
2025 - 2026,2025 Fall,UGRD,UGRD,Manfred,Huber,,CSE,2315,6,11,17,7,4,0,0,0,0,2,0,0,41
2025 - 2026,2025 Fall,UGRD,UGRD,Md Salik,Parwez,,CSE,2440,1,25,15,7,0,0,0,0,0,0,0,0,47
2025 - 2026,2025 Fall,UGRD,UGRD,Bill,Carroll,,CSE,2441,1,13,15,10,5,3,0,0,2,3,0,0,51
2025 - 2026,2025 Fall,UGRD,UGRD,Kelly,French,,CSE,3302,1,29,24,3,1,0,0,0,1,1,0,0,59
2025 - 2026,2025 Fall,UGRD,UGRD,Jiandong,Wang,,CSE,3302,2,42,6,2,1,1,0,0,0,1,0,0,53
2025 - 2026,2025 Fall,UGRD,UGRD,Kelly,French,,CSE,3302,3,33,18,5,1,1,0,0,0,1,0,0,59
2025 - 2026,2025 Fall,UGRD,UGRD,Kenny,Zhu,,CSE,3302,4,6,6,7,0,5,0,0,2,8,0,0,34
2025 - 2026,2025 Fall,UGRD,UGRD,Jiandong,Wang,,CSE,3302,5,29,9,3,0,2,0,0,0,1,0,0,44
2025 - 2026,2025 Fall,UGRD,UGRD,Bahra,Khalili Najafabadi,,CSE,3310,1,24,28,2,0,0,0,0,0,1,0,0,55
2025 - 2026,2025 Fall,UGRD,UGRD,Mike,Siok,,CSE,3310,2,23,22,0,0,0,0,0,2,1,0,0,48
2025 - 2026,2025 Fall,UGRD,UGRD,Bhanu,Jain,,CSE,3310,4,16,36,0,0,0,0,0,0,0,0,0,52
2025 - 2026,2025 Fall,UGRD,UGRD,Jimmie,Davis,,CSE,3310,5,17,9,4,1,4,0,0,0,1,0,0,36
2025 - 2026,2025 Fall,UGRD,UGRD,Christoph,Csallner,,CSE,3311,1,6,25,4,0,0,0,0,0,2,0,0,37
2025 - 2026,2025 Fall,UGRD,UGRD,Christoph,Csallner,,CSE,3311,2,8,29,2,0,0,0,0,0,1,0,0,40
2025 - 2026,2025 Fall,UGRD,UGRD,Stoddard,Rosenkrantz,,CSE,3311,3,16,0,2,0,0,0,0,0,0,0,0,18
2025 - 2026,2025 Fall,UGRD,UGRD,Jon,Mitchell,,CSE,3313,1,39,9,3,0,0,0,0,0,1,0,0,52
2025 - 2026,2025 Fall,UGRD,UGRD,Nomaan,Mufti,,CSE,3313,2,10,10,9,5,0,0,0,0,3,0,0,37
2025 - 2026,2025 Fall,UGRD,UGRD,Francklin,Rivas,,CSE,3314,1,49,4,0,1,0,0,0,0,0,0,0,54
2025 - 2026,2025 Fall,UGRD,UGRD,Francklin,Rivas,,CSE,3314,2,52,3,0,0,0,0,0,0,0,0,0,55
2025 - 2026,2025 Fall,UGRD,UGRD,George,Rice,,CSE,3314,3,29,18,0,0,1,0,0,0,0,0,0,48
2025 - 2026,2025 Fall,UGRD,UGRD,Nomaan,Mufti,,CSE,3314,4,27,19,3,0,1,0,0,0,0,0,0,50
2025 - 2026,2025 Fall,UGRD,UGRD,Nomaan,Mufti,,CSE,3314,6,21,20,4,1,2,0,0,0,1,0,0,49
2025 - 2026,2025 Fall,UGRD,UGRD,Linda,Barasch,Mary Koone; Md Hasanuzzaman Noor,CSE,3315,1,6,5,14,14,5,0,0,2,11,0,0,57
2025 - 2026,2025 Fall,UGRD,UGRD,Linda,Barasch,Mary Koone,CSE,3315,2,15,16,13,2,2,0,0,0,11,0,0,59
2025 - 2026,2025 Fall,UGRD,UGRD,Mary,Koone,Linda Barasch,CSE,3315,3,14,18,15,4,5,0,0,0,3,0,0,59
2025 - 2026,2025 Fall,UGRD,UGRD,Mary,Koone,Linda Barasch,CSE,3315,4,6,8,15,10,6,0,0,1,10,0,0,56
2025 - 2026,2025 Fall,UGRD,UGRD,Alexandra,Stefan,,CSE,3318,1,10,15,16,11,6,0,0,1,12,0,0,71
2025 - 2026,2025 Fall,UGRD,UGRD,Alexandra,Stefan,,CSE,3318,2,13,17,22,10,4,0,0,0,12,0,0,78
2025 - 2026,2025 Fall,UGRD,UGRD,Bob,Weems,,CSE,3318,3,13,9,7,1,5,0,0,1,5,0,0,41
2025 - 2026,2025 Fall,UGRD,UGRD,Bob,Weems,,CSE,3318,4,6,6,6,2,4,0,0,0,6,0,0,30
2025 - 2026,2025 Fall,UGRD,UGRD,Allison,Sullivan,,CSE,3318,5,13,23,8,1,1,0,0,0,4,0,0,50
2025 - 2026,2025 Fall,UGRD,UGRD,Darin,Brezeale,,CSE,3318,6,10,14,5,8,9,0,0,0,4,0,0,50
2025 - 2026,2025 Fall,UGRD,UGRD,Jude,Agujiobi,,CSE,3320,1,32,10,5,1,1,0,0,1,0,0,0,50
2025 - 2026,2025 Fall,UGRD,UGRD,Trevor,Bakker,,CSE,3320,2,28,18,5,2,4,0,0,0,2,0,0,59
2025 - 2026,2025 Fall,UGRD,UGRD,Trevor,Bakker,,CSE,3320,3,42,6,4,3,2,0,0,0,2,0,0,59
2025 - 2026,2025 Fall,UGRD,UGRD,Jude,Agujiobi,,CSE,3320,4,33,5,5,1,0,0,0,2,0,0,0,46
2025 - 2026,2025 Fall,UGRD,UGRD,Hui,Lu,,CSE,3320,5,21,26,5,0,1,0,0,2,0,0,0,55
2025 - 2026,2025 Fall,UGRD,UGRD,Jia,Rao,,CSE,3320,6,8,9,8,0,1,0,0,2,1,0,0,29
2025 - 2026,2025 Fall,UGRD,UGRD,William,Meszko,,CSE,3323,1,11,11,11,0,4,0,0,1,4,0,0,42
2025 - 2026,2025 Fall,UGRD,UGRD,Ashraf,Aboulnaga,,CSE,3330,1,35,13,11,0,1,0,0,0,0,0,0,60
2025 - 2026,2025 Fall,UGRD,UGRD,Ravi,Badrachalam,,CSE,3330,2,42,11,1,0,0,0,0,0,2,0,0,56
2025 - 2026,2025 Fall,UGRD,UGRD,Bhanu,Jain,,CSE,3330,3,33,20,1,0,1,0,0,0,3,0,0,58
2025 - 2026,2025 Fall,UGRD,UGRD,Bhanu,Jain,,CSE,3330,4,18,25,1,0,0,0,0,0,3,0,0,47
2025 - 2026,2025 Fall,UGRD,UGRD,Bill,Carroll,,CSE,3341,1,17,8,4,2,1,0,0,2,9,0,0,43
2025 - 2026,2025 Fall,UGRD,UGRD,Alex,Dillhoff,,CSE,3380,1,19,21,5,0,1,0,0,1,3,0,0,50
2025 - 2026,2025 Fall,UGRD,UGRD,Alex,Dillhoff,,CSE,3380,2,17,22,6,0,3,0,0,0,2,0,0,50
2025 - 2026,2025 Fall,UGRD,UGRD,Francklin,Rivas,,CSE,3380,3,36,10,3,0,1,0,0,0,0,0,0,50
2025 - 2026,2025 Fall,UGRD,UGRD,Francklin,Rivas,,CSE,3380,4,32,11,2,1,1,0,0,1,1,0,0,49
2025 - 2026,2025 Fall,UGRD,UGRD,Harry,Shomer,,CSE,3380,5,17,10,4,1,6,0,0,0,0,0,0,38
2025 - 2026,2025 Fall,UGRD,UGRD,Jimmie,Davis,,CSE,3442,6,7,4,5,0,3,0,0,0,0,0,0,19
2025 - 2026,2025 Fall,UGRD,UGRD,Jimmie,Davis,,CSE,3442,7,9,7,4,0,3,0,0,1,1,0,0,25
2025 - 2026,2025 Fall,UGRD,UGRD,Farhad,Kamangar,,CSE,4303,1,7,21,12,6,1,0,0,0,8,0,0,55
2025 - 2026,2025 Fall,UGRD,UGRD,Benjamin,Wagley,,CSE,4304,1,24,19,2,1,1,0,0,0,2,0,0,49
2025 - 2026,2025 Fall,UGRD,UGRD,Leonidas,Fegaras,,CSE,4305,1,19,21,11,5,2,0,0,0,6,0,0,64
2025 - 2026,2025 Fall,UGRD,UGRD,Miao,Yin,,CSE,4308,1,34,0,0,0,0,0,0,0,0,0,0,34
2025 - 2026,2025 Fall,UGRD,UGRD,Sihong,He,,CSE,4308,2,39,4,0,0,0,0,0,0,0,0,0,43
2025 - 2026,2025 Fall,UGRD,UGRD,Vamsikrishna,Gopikrishna,,CSE,4308,3,22,6,1,0,0,0,0,0,1,0,0,30
2025 - 2026,2025 Fall,UGRD,UGRD,Vamsikrishna,Gopikrishna,,CSE,4308,4,5,7,0,0,1,0,0,0,0,0,0,13
2025 - 2026,2025 Fall,UGRD,UGRD,Vamsikrishna,Gopikrishna,,CSE,4308,5,8,9,3,0,1,0,0,0,1,0,0,22
2025 - 2026,2025 Fall,UGRD,UGRD,Vamsikrishna,Gopikrishna,,CSE,4308,6,12,3,3,0,1,0,0,0,2,0,0,21
2025 - 2026,2025 Fall,UGRD,UGRD,Vassilis,Athitsos,,CSE,4309,1,11,28,18,0,1,0,0,0,3,0,0,61
2025 - 2026,2025 Fall,UGRD,UGRD,Francklin,Rivas,,CSE,4309,2,32,0,0,0,0,0,0,0,0,0,0,32
2025 - 2026,2025 Fall,UGRD,UGRD,Meng,Ye,,CSE,4310,1,23,0,0,0,0,0,0,0,0,0,0,23
2025 - 2026,2025 Fall,UGRD,UGRD,Francklin,Rivas,,CSE,4311,1,29,2,0,0,0,0,0,0,0,0,0,31
2025 - 2026,2025 Fall,UGRD,UGRD,Chenxi,Wang,Md Hasanuzzaman Noor,CSE,4316,1,35,1,0,0,0,0,0,0,0,0,0,36
2025 - 2026,2025 Fall,UGRD,UGRD,Chenxi,Wang,,CSE,4316,2,22,9,3,0,1,0,0,0,0,0,0,35
2025 - 2026,2025 Fall,UGRD,UGRD,Christopher,Conly,,CSE,4316,3,33,2,1,0,0,0,0,0,0,0,0,36
2025 - 2026,2025 Fall,UGRD,UGRD,Christopher,Conly,,CSE,4316,4,34,2,1,0,0,0,0,0,0,0,0,37
2025 - 2026,2025 Fall,UGRD,UGRD,Shawn,Gieser,Md Hasanuzzaman Noor,CSE,4316,5,28,7,0,0,0,0,0,0,0,0,0,35
2025 - 2026,2025 Fall,UGRD,UGRD,Shawn,Gieser,,CSE,4316,6,27,5,1,0,1,0,0,0,0,0,0,34
2025 - 2026,2025 Fall,UGRD,UGRD,Shawn,Gieser,,CSE,4316,7,27,5,1,2,0,0,0,1,0,0,0,36
2025 - 2026,2025 Fall,UGRD,UGRD,Christopher,Conly,,CSE,4316,8,37,1,0,0,0,0,0,0,0,0,0,38
2025 - 2026,2025 Fall,UGRD,UGRD,Chenxi,Wang,,CSE,4316,9,34,1,1,0,0,0,0,0,0,0,0,36
2025 - 2026,2025 Fall,UGRD,UGRD,Christopher,Conly,,CSE,4317,1,29,1,0,0,0,0,0,0,0,0,0,30
2025 - 2026,2025 Fall,UGRD,UGRD,Shawn,Gieser,,CSE,4317,2,23,2,0,0,0,0,0,0,0,0,0,25
2025 - 2026,2025 Fall,UGRD,UGRD,Christopher,Conly,,CSE,4317,3,27,0,1,0,0,0,0,0,0,0,0,28
2025 - 2026,2025 Fall,UGRD,UGRD,Chenxi,Wang,,CSE,4317,4,13,5,4,0,0,0,0,0,0,0,0,22
2025 - 2026,2025 Fall,UGRD,UGRD,Binbin,Xie,,CSE,4321,1,20,26,2,0,2,0,0,0,0,0,0,50
2025 - 2026,2025 Fall,UGRD,UGRD,Yu,Lei,,CSE,4321,2,30,17,10,3,1,0,0,0,2,0,0,63
2025 - 2026,2025 Fall,UGRD,UGRD,Bahra,Khalili Najafabadi,,CSE,4322,1,10,7,5,0,0,0,0,0,1,0,0,23
2025 - 2026,2025 Fall,UGRD,UGRD,Mike,Siok,,CSE,4322,2,31,29,0,0,0,0,0,0,0,0,0,60
2025 - 2026,2025 Fall,UGRD,UGRD,Jude,Agujiobi,,CSE,4323,1,34,9,2,0,2,0,0,0,0,0,0,47
2025 - 2026,2025 Fall,UGRD,UGRD,Upendranatha,Chakravarthy,,CSE,4331,1,5,5,2,0,0,0,0,0,2,0,0,14
2025 - 2026,2025 Fall,UGRD,UGRD,Habeeb,Olufowobi,,CSE,4333,1,24,13,5,1,0,0,0,0,1,0,0,44
2025 - 2026,2025 Fall,UGRD,UGRD,Rozsa,Zaruba,,CSE,4334,1,32,16,2,0,0,0,0,0,0,0,0,50
2025 - 2026,2025 Fall,UGRD,UGRD,Elizabeth,Diaz,,CSE,4334,2,7,0,1,0,0,0,0,0,0,0,0,8
2025 - 2026,2025 Fall,UGRD,UGRD,Rohith,Janwadkar,,CSE,4334,2,7,0,1,0,0,0,0,0,0,0,0,8
2025 - 2026,2025 Fall,UGRD,UGRD,Soumaya,Gharsallaoui,,CSE,4334,3,13,4,1,0,0,0,0,0,0,0,0,18
2025 - 2026,2025 Fall,UGRD,UGRD,Muhammad Ozair,Mughal,,CSE,4342,1,22,7,4,1,0,0,0,1,1,0,0,36
2025 - 2026,2025 Fall,UGRD,UGRD,Yonghe,Liu,,CSE,4344,1,37,6,1,0,0,0,0,0,0,0,0,44
2025 - 2026,2025 Fall,UGRD,UGRD,Muhammad Ozair,Mughal,,CSE,4344,2,29,8,1,0,0,0,0,0,0,0,0,38
2025 - 2026,2025 Fall,UGRD,UGRD,Md Salik,Parwez,,CSE,4344,3,11,11,4,0,0,0,0,0,0,0,0,26
2025 - 2026,2025 Fall,UGRD,UGRD,Yoon,Chae,,CSE,4344,4,10,20,8,0,0,0,0,0,0,0,0,38
2025 - 2026,2025 Fall,UGRD,UGRD,Hao,Che,,CSE,4344,5,10,0,0,0,0,0,0,0,0,0,0,10
2025 - 2026,2025 Fall,UGRD,UGRD,Md Salik,Parwez,,CSE,4345,1,3,5,3,1,0,0,0,0,1,0,0,13
2025 - 2026,2025 Fall,UGRD,UGRD,Md Salik,Parwez,,CSE,4345,2,7,0,1,0,0,0,0,0,1,0,0,9
2025 - 2026,2025 Fall,UGRD,UGRD,Jason,Losh,,CSE,4354,1,21,2,4,0,0,0,0,1,2,0,0,30
2025 - 2026,2025 Fall,UGRD,UGRD,Jason,Losh,,CSE,4355,1,16,18,3,0,1,0,0,0,0,0,0,38
2025 - 2026,2025 Fall,UGRD,UGRD,Jason,Losh,,CSE,4356,1,16,8,1,1,5,0,0,1,0,0,0,32
2025 - 2026,2025 Fall,UGRD,UGRD,Nicholas,Gans,,CSE,4360,1,36,9,1,0,0,0,0,0,1,0,0,47
2025 - 2026,2025 Fall,UGRD,UGRD,William,Beksi,,CSE,4360,2,15,13,3,0,1,0,0,0,1,0,0,33
2025 - 2026,2025 Fall,UGRD,UGRD,David,Kung,,CSE,4361,1,35,9,0,0,0,0,0,0,0,0,0,44
2025 - 2026,2025 Fall,UGRD,UGRD,Manfred,Huber,,CSE,4378,1,5,7,2,0,1,0,0,0,3,0,0,18
2025 - 2026,2025 Fall,UGRD,UGRD,Bo,Fang,,CSE,4380,1,10,11,1,2,0,0,0,0,0,0,0,24
2025 - 2026,2025 Fall,UGRD,UGRD,Yuede,Ji,,CSE,4380,3,20,12,1,0,0,0,0,0,0,0,0,33
2025 - 2026,2025 Fall,UGRD,UGRD,Faysal Hossain,Shezan,,CSE,4380,7,8,13,3,0,0,0,0,0,0,0,0,24
2025 - 2026,2025 Fall,UGRD,UGRD,Trevor,Bakker,,CSE,4380,10,34,2,0,0,0,0,0,0,0,0,0,36
2025 - 2026,2025 Fall,UGRD,UGRD,Remi,Chou,,CSE,4381,1,34,8,0,0,0,0,0,0,1,0,0,43
2025 - 2026,2025 Fall,UGRD,UGRD,Ming,Li,,CSE,4381,2,30,2,0,0,0,0,0,0,0,0,0,32
2025 - 2026,2025 Fall,UGRD,UGRD,Stoddard,Rosenkrantz,,CSE,4382,1,53,1,0,0,0,0,0,0,0,0,0,54
2025 - 2026,2025 Fall,UGRD,UGRD,Chengkai,Li,,CSE,4392,1,6,5,2,0,0,0,0,0,0,0,0,13
2025 - 2026,2025 Fall,UGRD,UGRD,Mohammad,Islam,,CSE,4392,2,3,7,1,0,0,0,0,0,1,0,0,12
2025 - 2026,2025 Fall,UGRD,UGRD,Douglas,Stark,,CSE,4392,5,13,0,0,0,0,0,0,0,0,0,0,13
2025 - 2026,2025 Fall,UGRD,UGRD,Amy,Hodges,,CSE,4392,6,11,1,0,0,0,0,0,0,0,0,0,12
2025 - 2026,2025 Fall,UGRD,GRAD,Negin,Fraidouni,,CSE,5301,1,27,17,10,2,2,0,0,0,0,0,0,58
2025 - 2026,2025 Fall,UGRD,GRAD,Negin,Fraidouni,,CSE,5301,3,11,14,11,4,4,0,0,0,5,0,0,49
2025 - 2026,2025 Fall,UGRD,GRAD,Jiayi,Meng,,CSE,5306,4,30,14,1,0,0,0,0,0,1,0,0,46
2025 - 2026,2025 Fall,UGRD,GRAD,Negin,Fraidouni,,CSE,5311,6,32,15,3,0,0,0,0,0,0,0,0,50
2025 - 2026,2025 Fall,UGRD,GRAD,Bhanu,Jain,,CSE,5311,8,33,6,0,0,0,0,0,0,0,0,0,39
2025 - 2026,2025 Fall,UGRD,GRAD,Junzhou,Huang,,CSE,5311,12,16,6,0,0,0,0,0,0,2,0,0,24
2025 - 2026,2025 Fall,UGRD,GRAD,Muhammad Ozair,Mughal,,CSE,5342,1,8,0,0,0,0,0,0,0,0,0,0,8
2025 - 2026,2025 Fall,UGRD,GRAD,Debashri,Roy,,CSE,5344,4,29,1,0,0,0,0,0,0,0,0,0,30
2025 - 2026,2025 Fall,UGRD,GRAD,Vamsikrishna,Gopikrishna,,CSE,5360,2,11,3,0,0,0,0,0,0,0,0,0,14
2025 - 2026,2025 Fall,UGRD,GRAD,Vamsikrishna,Gopikrishna,,CSE,5360,4,16,16,2,0,0,0,0,0,0,0,0,34
2025 - 2026,2025 Fall,UGRD,GRAD,Farhad,Kamangar,,CSE,5365,1,1,5,1,0,1,0,0,0,0,0,0,8
2025 - 2026,2025 Fall,UGRD,GRAD,Thomas,Jones,,CSE,5382,1,12,12,4,3,5,0,0,0,3,0,0,39
2025 - 2026,2025 Fall,UGRD,GRAD,Jason,Losh,,CSE,5392,56,6,0,0,0,0,0,0,0,0,0,0,6
2025 - 2026,2025 Fall,UGRD,UGRD,Chunke,Su,,CTEC,2350,2,9,17,2,0,1,0,0,0,2,0,0,31
2025 - 2026,2025 Fall,UGRD,UGRD,Brian,Horton,,CTEC,3320,1,7,9,2,1,0,0,0,0,0,0,0,19
2025 - 2026,2025 Fall,UGRD,UGRD,Brian,Horton,,CTEC,3323,1,3,7,1,0,2,0,0,0,1,0,0,14
2025 - 2026,2025 Fall,UGRD,UGRD,Chyng-Yang,Jang,,CTEC,3350,1,2,4,7,0,1,0,0,0,1,0,0,15
2025 - 2026,2025 Fall,UGRD,UGRD,Chyng-Yang,Jang,,CTEC,4309,1,8,8,0,0,2,0,0,0,0,0,0,18
2025 - 2026,2025 Fall,UGRD,UGRD,Brian,Horton,,CTEC,4323,1,9,4,4,1,0,0,0,0,0,0,0,18
2025 - 2026,2025 Fall,UGRD,UGRD,Chyng-Yang,Jang,,CTEC,4350,1,3,3,1,0,0,0,0,0,0,0,0,7
2025 - 2026,2025 Fall,UGRD,UGRD,Masoud,Rostami,,DATA,1301,1,35,14,4,0,0,0,0,2,3,0,0,58
2025 - 2026,2025 Fall,UGRD,UGRD,Keaton,Hamm,,DATA,3401,1,77,2,1,0,0,0,0,1,1,0,0,82
2025 - 2026,2025 Fall,UGRD,UGRD,Ce,Bian,,DATA,3402,1,27,10,6,2,3,0,0,0,0,0,0,48
2025 - 2026,2025 Fall,UGRD,UGRD,Qiang,Zheng,,DATA,3421,1,19,6,2,1,0,0,0,0,1,0,0,29
2025 - 2026,2025 Fall,UGRD,UGRD,Mei,Yang,,DATA,3441,1,12,9,14,8,1,0,0,0,1,0,0,45
2025 - 2026,2025 Fall,UGRD,UGRD,Ce,Bian,,DATA,3442,1,0,2,5,0,0,0,0,0,1,0,0,8
2025 - 2026,2025 Fall,UGRD,UGRD,Mei,Yang,,DATA,3461,1,7,3,0,0,0,0,0,0,0,0,0,10
2025 - 2026,2025 Fall,UGRD,UGRD,Masoud,Rostami,,DATA,4380,1,14,11,1,0,0,0,0,0,0,0,0,26
2025 - 2026,2025 Fall,UGRD,UGRD,Masoud,Rostami,,DATA,4381,1,22,7,0,0,0,0,0,0,0,0,0,29
2025 - 2026,2025 Fall,UGRD,UGRD,Masoud,Rostami,,DATA,4381,3,12,9,1,0,0,0,0,0,0,0,0,22
2025 - 2026,2025 Fall,UGRD,UGRD,Julia,Medhurst,,DIVR,2315,1,10,1,1,1,1,0,0,0,0,0,0,14
2025 - 2026,2025 Fall,UGRD,UGRD,Claudia,Pacheco Orcasitas,,DNCE,1131,1,15,0,0,0,0,0,0,0,0,0,0,15
2025 - 2026,2025 Fall,UGRD,UGRD,Meredith,Knight Treminio,,DNCE,1132,1,17,2,2,0,0,0,0,1,0,0,0,22
2025 - 2026,2025 Fall,UGRD,UGRD,Laurie,Taylor,,DNCE,1133,1,8,3,0,0,0,0,0,0,2,0,0,13
2025 - 2026,2025 Fall,UGRD,UGRD,Sarah,Kunce,,DNCE,1134,1,10,7,3,1,0,0,0,0,0,0,0,21
2025 - 2026,2025 Fall,UGRD,UGRD,Sarah,Kunce,,DNCE,1135,1,7,4,1,0,0,0,0,1,0,0,0,13
2025 - 2026,2025 Fall,UGRD,UGRD,Claudia,Pacheco Orcasitas,,DNCE,1139,1,11,0,0,0,0,0,0,0,0,0,0,11
2025 - 2026,2025 Fall,UGRD,UGRD,Meredith,Knight Treminio,,DNCE,1300,1,16,6,6,0,4,0,0,0,1,0,0,33
2025 - 2026,2025 Fall,UGRD,UGRD,Ginny,Wheeler,,DNCE,1300,2,24,9,0,0,2,0,0,0,0,0,0,35
2025 - 2026,2025 Fall,UGRD,UGRD,Claudia,Pacheco Orcasitas,,DNCE,1300,3,25,4,3,0,2,0,0,0,0,0,0,34
2025 - 2026,2025 Fall,UGRD,UGRD,Meredith,Knight Treminio,,DNCE,1300,4,17,8,3,1,3,0,0,0,1,0,0,33
2025 - 2026,2025 Fall,UGRD,UGRD,Ginny,Wheeler,,DNCE,1300,5,33,4,0,2,2,0,0,1,0,0,0,42
2025 - 2026,2025 Fall,UGRD,UGRD,Meredith,Knight Treminio,,DNCE,3232,1,14,3,1,0,0,0,0,0,0,0,0,18
2025 - 2026,2025 Fall,UGRD,UGRD,Jonathan,Eyer,,DNCE,3233,1,16,8,2,0,0,0,0,0,0,0,0,26
2025 - 2026,2025 Fall,UGRD,UGRD,Laurie,Taylor,,DNCE,4191,1,10,0,0,0,0,0,0,0,0,0,0,10
2025 - 2026,2025 Fall,UGRD,UGRD,Morgan,Wood,,DS,4100,1,23,0,0,0,0,0,0,0,0,0,0,23
2025 - 2026,2025 Fall,UGRD,UGRD,Sarah,Rose,,DS,4395,1,6,2,1,0,0,0,0,0,0,0,0,9
2025 - 2026,2025 Fall,UGRD,UGRD,Ronald,Liggett,,ECON,2305,1,31,33,19,15,13,0,0,2,3,0,0,116
2025 - 2026,2025 Fall,UGRD,UGRD,Ronald,Liggett,,ECON,2305,2,27,27,34,10,11,0,0,0,6,0,0,115
2025 - 2026,2025 Fall,UGRD,UGRD,Roger,Wehr,,ECON,2305,3,35,25,27,12,8,0,0,2,8,0,0,117
2025 - 2026,2025 Fall,UGRD,UGRD,Linda,Wilson,,ECON,2305,4,26,43,33,7,4,0,0,0,1,0,0,114
2025 - 2026,2025 Fall,UGRD,UGRD,Brian,Buckles,,ECON,2305,5,25,10,8,5,7,0,0,2,0,0,0,57
2025 - 2026,2025 Fall,UGRD,UGRD,Antonia,Gkergki,,ECON,2305,6,50,35,22,6,3,0,0,1,0,0,0,117
2025 - 2026,2025 Fall,UGRD,UGRD,Jane,Himarios,,ECON,2305,7,74,73,40,29,38,0,0,9,24,0,0,287
2025 - 2026,2025 Fall,UGRD,UGRD,Linda,Wilson,,ECON,2305,10,24,38,29,10,7,0,0,1,2,0,0,111
2025 - 2026,2025 Fall,UGRD,UGRD,Roger,Wehr,,ECON,2305,11,35,29,31,5,9,0,0,0,8,0,0,117
2025 - 2026,2025 Fall,UGRD,UGRD,Roger,Wehr,,ECON,2305,12,38,27,24,9,6,0,0,2,9,0,0,115
2025 - 2026,2025 Fall,UGRD,UGRD,Brian,Buckles,,ECON,2305,13,17,5,8,3,5,0,0,0,0,0,0,38
2025 - 2026,2025 Fall,UGRD,UGRD,Brian,Buckles,,ECON,2305,15,48,26,14,8,9,0,0,3,1,0,0,109
2025 - 2026,2025 Fall,UGRD,UGRD,Antonia,Gkergki,,ECON,2306,1,37,18,5,2,4,0,0,0,1,0,0,67
2025 - 2026,2025 Fall,UGRD,UGRD,Antonia,Gkergki,,ECON,2306,2,37,9,7,3,3,0,0,1,0,0,0,60
2025 - 2026,2025 Fall,UGRD,UGRD,Roger,Meiners,,ECON,2306,3,2,8,7,0,2,0,0,0,0,0,0,19
2025 - 2026,2025 Fall,UGRD,UGRD,Antonia,Gkergki,,ECON,2306,4,23,15,6,8,6,0,0,1,1,0,0,60
2025 - 2026,2025 Fall,UGRD,UGRD,Todd,Gabel,,ECON,2306,5,1,4,8,1,1,0,0,2,1,0,0,18
2025 - 2026,2025 Fall,UGRD,UGRD,Timothy,Wunder,,ECON,2306,6,64,75,42,14,15,0,0,4,4,0,0,218
2025 - 2026,2025 Fall,UGRD,UGRD,David,Quigley,,ECON,2306,9,16,21,14,4,0,0,0,1,1,0,0,57
2025 - 2026,2025 Fall,UGRD,UGRD,Timothy,Wunder,,ECON,2306,10,9,20,16,5,5,0,0,0,0,0,0,55
2025 - 2026,2025 Fall,UGRD,UGRD,Roger,Wehr,,ECON,2306,11,23,14,10,4,2,0,0,0,6,0,0,59
2025 - 2026,2025 Fall,UGRD,UGRD,Christopher,Candreva,,ECON,2306,12,10,8,5,1,1,0,0,0,1,0,0,26
2025 - 2026,2025 Fall,UGRD,UGRD,Tara,Brown,,ECON,2306,13,11,12,7,3,4,0,0,0,0,0,0,37
2025 - 2026,2025 Fall,UGRD,UGRD,Christopher,Candreva,,ECON,2306,14,3,5,1,0,1,0,0,0,0,0,0,10
2025 - 2026,2025 Fall,UGRD,UGRD,Roger,Meiners,,ECON,2306,15,3,4,2,1,0,0,0,0,0,0,0,10
2025 - 2026,2025 Fall,UGRD,UGRD,Christy,Spivey,,ECON,3301,6,32,20,6,2,2,0,0,0,1,0,0,63
2025 - 2026,2025 Fall,UGRD,UGRD,Ronald,Liggett,,ECON,3302,1,12,6,9,2,0,0,0,0,2,0,0,31
2025 - 2026,2025 Fall,UGRD,UGRD,Brian,Buckles,,ECON,3303,1,10,13,10,2,1,0,0,1,0,0,0,37
2025 - 2026,2025 Fall,UGRD,UGRD,Brandon,Vanderford,,ECON,3303,2,34,21,12,1,2,0,0,0,2,0,0,72
2025 - 2026,2025 Fall,UGRD,UGRD,Todd,Gabel,,ECON,3303,3,19,17,24,3,1,0,0,0,7,0,0,71
2025 - 2026,2025 Fall,UGRD,UGRD,Todd,Gabel,,ECON,3303,5,16,16,22,5,1,0,0,1,6,0,0,67
2025 - 2026,2025 Fall,UGRD,UGRD,Rafal,Czajkowski,,ECON,3303,6,4,8,16,0,0,0,0,0,7,0,0,35
2025 - 2026,2025 Fall,UGRD,UGRD,William,Crowder,,ECON,3303,7,48,27,27,8,4,0,0,0,7,0,0,121
2025 - 2026,2025 Fall,UGRD,UGRD,Rafal,Czajkowski,,ECON,3303,9,2,2,5,1,1,0,0,1,3,0,0,15
2025 - 2026,2025 Fall,UGRD,UGRD,Todd,Gabel,,ECON,3305,1,9,5,14,4,2,0,0,0,6,0,0,40
2025 - 2026,2025 Fall,UGRD,UGRD,Ronald,Liggett,,ECON,3306,1,15,28,16,7,0,0,0,1,2,0,0,69
2025 - 2026,2025 Fall,UGRD,UGRD,Tara,Brown,,ECON,3310,1,19,9,8,9,2,0,0,0,6,0,0,53
2025 - 2026,2025 Fall,UGRD,UGRD,Yutong,Chen,,ECON,3310,3,6,10,6,1,0,0,0,0,5,0,0,28
2025 - 2026,2025 Fall,UGRD,UGRD,Chi-Young,Choi,,ECON,3312,1,7,9,12,3,3,0,0,0,3,0,0,37
2025 - 2026,2025 Fall,UGRD,UGRD,Christy,Spivey,,ECON,3317,6,36,18,3,2,1,0,0,0,0,0,0,60
2025 - 2026,2025 Fall,UGRD,UGRD,David,Quigley,,ECON,3318,1,12,13,7,1,0,0,0,0,0,0,0,33
2025 - 2026,2025 Fall,UGRD,UGRD,Roger,Wehr,,ECON,3328,1,22,11,18,4,2,0,0,1,8,0,0,66
2025 - 2026,2025 Fall,UGRD,UGRD,Tatia,Jacobson Jordan,,ECON,4300,6,30,4,1,0,2,0,0,0,0,0,0,37
2025 - 2026,2025 Fall,UGRD,UGRD,Timothy,Wunder,,ECON,4302,1,9,10,5,0,0,0,0,0,0,0,0,24
2025 - 2026,2025 Fall,UGRD,UGRD,David,Quigley,,ECON,4305,6,34,10,1,0,0,0,0,0,0,0,0,45
2025 - 2026,2025 Fall,UGRD,UGRD,Christopher,Candreva,,ECON,4318,1,12,5,0,0,0,0,0,0,0,0,0,17
2025 - 2026,2025 Fall,UGRD,UGRD,Mahmut,Yasar,,ECON,4321,6,16,13,14,1,0,0,0,0,0,0,0,44
2025 - 2026,2025 Fall,UGRD,UGRD,Aaron,Smallwood,,ECON,4325,1,3,3,1,0,0,0,0,0,0,0,0,7
2025 - 2026,2025 Fall,UGRD,UGRD,Mari,Duncan,,EDAD,1130,1,0,0,0,0,5,0,21,0,0,0,0,26
2025 - 2026,2025 Fall,UGRD,UGRD,Stephen,Berg,,EDAD,1130,2,0,0,0,0,0,0,13,0,0,0,0,13
2025 - 2026,2025 Fall,UGRD,UGRD,Quinton,Lane,,EDAD,1130,3,0,0,0,0,1,0,30,0,0,0,0,31
2025 - 2026,2025 Fall,UGRD,UGRD,Sahar,Sattarzadeh,,EDAD,1330,1,10,5,5,0,3,0,0,0,1,0,0,24
2025 - 2026,2025 Fall,UGRD,UGRD,Sahar,Sattarzadeh,,EDAD,2330,1,15,5,2,4,4,0,0,0,3,0,0,33
2025 - 2026,2025 Fall,UGRD,UGRD,Joyce,Myers,,EDUC,2302,2,67,16,4,2,6,0,0,2,1,0,0,98
2025 - 2026,2025 Fall,UGRD,UGRD,Wideline,Seraphin,,EDUC,3301,1,11,3,2,0,0,0,0,0,0,0,0,16
2025 - 2026,2025 Fall,UGRD,UGRD,Hailey,Veron,,EDUC,3301,6,27,16,5,2,0,0,0,0,0,0,0,50
2025 - 2026,2025 Fall,UGRD,UGRD,Jiyoon,Yoon,,EDUC,3333,1,9,0,0,0,0,0,0,0,0,0,0,9
2025 - 2026,2025 Fall,UGRD,UGRD,Hailey,Veron,,EDUC,4318,1,26,18,10,0,0,0,0,0,0,0,0,54
2025 - 2026,2025 Fall,UGRD,UGRD,Martha,Meeks Loyd,,EDUC,4318,2,52,0,0,0,0,0,0,0,0,0,0,52
2025 - 2026,2025 Fall,UGRD,UGRD,Gabriel,Luna,,EDUC,4319,1,14,0,0,0,0,0,0,0,0,0,0,14
2025 - 2026,2025 Fall,UGRD,UGRD,Gabriel,Luna,,EDUC,4319,2,49,3,0,0,0,0,0,0,0,0,0,52
2025 - 2026,2025 Fall,UGRD,UGRD,Emilio,Rios-Jimenez,,EDUC,4319,4,33,5,2,0,0,0,0,0,0,0,0,40
2025 - 2026,2025 Fall,UGRD,UGRD,Karen,Matsler,,EDUC,4331,1,12,5,0,0,0,0,0,0,0,0,0,17
2025 - 2026,2025 Fall,UGRD,UGRD,Marsha,Scott,,EDUC,4331,1,12,5,0,0,0,0,0,0,0,0,0,17
2025 - 2026,2025 Fall,UGRD,UGRD,Bethany,Goerdel,,EDUC,4332,1,7,3,0,0,0,0,0,0,0,0,0,10
2025 - 2026,2025 Fall,UGRD,UGRD,Leeann,Burke,,EDUC,4332,1,7,3,0,0,0,0,0,0,0,0,0,10
2025 - 2026,2025 Fall,UGRD,UGRD,Bethany,Goerdel,,EDUC,4333,1,10,0,1,0,0,0,0,0,0,0,0,11
2025 - 2026,2025 Fall,UGRD,UGRD,Leeann,Burke,,EDUC,4333,1,10,0,1,0,0,0,0,0,0,0,0,11
2025 - 2026,2025 Fall,UGRD,UGRD,Martha,Meeks Loyd,,EDUC,4340,1,47,3,1,0,0,0,0,0,0,0,0,51
2025 - 2026,2025 Fall,UGRD,UGRD,Joo Hi,Lee,,EDUC,4340,4,48,3,1,0,1,0,0,0,0,0,0,53
2025 - 2026,2025 Fall,UGRD,UGRD,Brenda,Jacks,,EDUC,4343,1,9,1,0,0,0,0,0,0,0,0,0,10
2025 - 2026,2025 Fall,UGRD,UGRD,Katherine,Hoover,,EDUC,4344,2,13,0,2,0,0,0,0,0,0,0,0,15
2025 - 2026,2025 Fall,UGRD,UGRD,Patricia,Saenz,,EDUC,4647,1,30,0,0,0,0,0,0,0,0,0,0,30
2025 - 2026,2025 Fall,UGRD,UGRD,Gregory,Turner,,EE,1106,101,8,5,7,0,4,0,0,2,1,0,0,27
2025 - 2026,2025 Fall,UGRD,UGRD,Gregory,Turner,,EE,1106,102,12,11,4,0,1,0,0,0,0,0,0,28
2025 - 2026,2025 Fall,UGRD,UGRD,Gregory,Turner,,EE,1106,103,12,11,4,0,0,0,0,0,1,0,0,28
2025 - 2026,2025 Fall,UGRD,UGRD,Gregory,Turner,,EE,1106,104,10,8,2,0,2,0,0,2,2,0,0,26
2025 - 2026,2025 Fall,UGRD,UGRD,Gregory,Turner,,EE,1106,105,12,8,5,0,1,0,0,0,3,0,0,29
2025 - 2026,2025 Fall,UGRD,UGRD,Gregory,Turner,,EE,1201,1,117,15,3,0,8,0,0,4,6,0,0,153
2025 - 2026,2025 Fall,UGRD,UGRD,Gregory,Turner,,EE,1311,1,15,33,26,0,19,0,0,2,14,0,0,109
2025 - 2026,2025 Fall,UGRD,UGRD,Alexander,Johnston,,EE,2240,1,20,8,0,0,0,0,0,0,0,0,0,28
2025 - 2026,2025 Fall,UGRD,UGRD,Alexander,Johnston,,EE,2240,2,24,3,0,0,0,0,0,0,0,0,0,27
2025 - 2026,2025 Fall,UGRD,UGRD,Michael,Manry,,EE,2301,2,13,10,11,5,2,0,0,2,5,0,0,48
2025 - 2026,2025 Fall,UGRD,UGRD,Robert,Spangler,,EE,2301,2,13,10,11,5,2,0,0,2,5,0,0,48
2025 - 2026,2025 Fall,UGRD,UGRD,Yuze,Sun,,EE,2301,2,13,10,11,5,2,0,0,2,5,0,0,48
2025 - 2026,2025 Fall,UGRD,UGRD,Zeynep,Celik,,EE,2302,1,13,28,28,4,6,0,0,1,6,0,0,86
2025 - 2026,2025 Fall,UGRD,UGRD,Howard,Russell,,EE,2303,1,5,20,13,4,0,0,0,1,2,0,0,45
2025 - 2026,2025 Fall,UGRD,UGRD,Yuze,Sun,,EE,2303,1,5,20,13,4,0,0,0,1,2,0,0,45
2025 - 2026,2025 Fall,UGRD,UGRD,Howard,Russell,,EE,2315,1,25,44,17,2,4,0,0,0,1,0,0,93
2025 - 2026,2025 Fall,UGRD,UGRD,Michael,Vasilyev,,EE,2320,1,37,34,10,1,1,0,0,0,1,0,0,84
2025 - 2026,2025 Fall,UGRD,UGRD,Yuze,Sun,,EE,2320,2,45,24,4,1,4,0,0,2,0,0,0,80
2025 - 2026,2025 Fall,UGRD,UGRD,Jon,Mitchell,,EE,2341,1,65,19,2,0,0,0,0,1,0,0,0,87
2025 - 2026,2025 Fall,UGRD,UGRD,Saibun,Tjuatja,,EE,2347,1,2,8,38,7,2,0,0,0,1,0,0,58
2025 - 2026,2025 Fall,UGRD,UGRD,Michael,Vasilyev,,EE,2440,1,8,5,0,0,0,0,0,0,0,0,0,13
2025 - 2026,2025 Fall,UGRD,UGRD,Yuze,Sun,,EE,2440,2,10,2,2,0,0,0,0,1,0,0,0,15
2025 - 2026,2025 Fall,UGRD,UGRD,Jonathan,Bredow,,EE,3240,1,25,2,0,0,0,0,0,2,0,0,0,29
2025 - 2026,2025 Fall,UGRD,UGRD,Saibun,Tjuatja,,EE,3240,2,10,4,0,0,0,0,0,1,0,0,0,15
2025 - 2026,2025 Fall,UGRD,UGRD,Jon,Mitchell,,EE,3314,1,26,7,2,2,2,0,0,3,0,0,0,42
2025 - 2026,2025 Fall,UGRD,UGRD,Guang-Wen,Pan,,EE,3316,1,21,17,10,4,2,0,0,1,3,0,0,58
2025 - 2026,2025 Fall,UGRD,UGRD,Michael,Manry,,EE,3318,1,13,13,7,1,1,0,0,3,1,0,0,39
2025 - 2026,2025 Fall,UGRD,UGRD,Venkat,Devarajan,,EE,3330,1,31,32,14,5,0,0,0,4,2,0,0,88
2025 - 2026,2025 Fall,UGRD,UGRD,Howard,Russell,,EE,3346,1,10,34,17,4,2,0,0,2,2,0,0,71
2025 - 2026,2025 Fall,UGRD,UGRD,Guang-Wen,Pan,,EE,3407,1,39,25,9,8,3,0,0,4,0,0,0,88
2025 - 2026,2025 Fall,UGRD,UGRD,Saibun,Tjuatja,,EE,3407,1,39,25,9,8,3,0,0,4,0,0,0,88
2025 - 2026,2025 Fall,UGRD,UGRD,David,Wetz,,EE,4149,1,7,7,0,0,0,0,0,0,0,0,0,14
2025 - 2026,2025 Fall,UGRD,UGRD,David,Wetz,,EE,4149,2,12,3,0,0,0,0,0,1,0,0,0,16
2025 - 2026,2025 Fall,UGRD,UGRD,David,Wetz,,EE,4240,1,47,6,0,0,0,0,0,2,0,0,0,55
2025 - 2026,2025 Fall,UGRD,UGRD,Robert,Magnusson,,EE,4302,1,6,8,2,0,0,0,0,0,0,0,0,16
2025 - 2026,2025 Fall,UGRD,UGRD,Venkat,Devarajan,,EE,4302,1,6,8,2,0,0,0,0,0,0,0,0,16
2025 - 2026,2025 Fall,UGRD,UGRD,Jon,Mitchell,,EE,4311,1,8,2,0,0,1,0,0,0,0,0,0,11
2025 - 2026,2025 Fall,UGRD,UGRD,Yijing,Xie,,EE,4314,1,11,8,4,0,0,0,0,1,0,0,0,24
2025 - 2026,2025 Fall,UGRD,UGRD,Zeynep,Celik,,EE,4328,1,1,4,1,0,0,0,0,0,0,0,0,6
2025 - 2026,2025 Fall,UGRD,UGRD,Yichen,Zhang,,EE,4328,3,17,0,0,0,0,0,0,0,0,0,0,17
2025 - 2026,2025 Fall,UGRD,UGRD,Jonathan,Bredow,,EE,4328,5,2,2,3,0,0,0,0,1,0,0,0,8
2025 - 2026,2025 Fall,UGRD,UGRD,Rasool,Kenarangui,,EE,4328,7,3,2,3,0,1,0,0,0,1,0,0,10
2025 - 2026,2025 Fall,UGRD,UGRD,Liwei,Zhou,,EE,4328,9,10,0,0,0,0,0,0,0,0,0,0,10
2025 - 2026,2025 Fall,UGRD,UGRD,Qilian,Liang,,EE,4333,1,6,5,0,0,0,0,0,1,0,0,0,12
2025 - 2026,2025 Fall,UGRD,UGRD,Ali,Davoudi,,EE,4375,1,6,11,3,0,2,0,0,0,2,0,0,24
2025 - 2026,2025 Fall,UGRD,UGRD,Yijing,Xie,,EE,4378,1,1,4,3,1,0,0,0,0,0,0,0,9
2025 - 2026,2025 Fall,UGRD,GRAD,Yan,Wan,,EE,5307,2,6,1,0,0,0,0,0,0,0,0,0,7
2025 - 2026,2025 Fall,UGRD,GRAD,Rasool,Kenarangui,,EE,5308,1,6,2,2,1,0,0,0,0,0,0,0,11
2025 - 2026,2025 Fall,UGRD,GRAD,Chenyun,Pan,,EE,5310,1,12,3,5,0,1,0,0,0,0,0,0,21
2025 - 2026,2025 Fall,UGRD,GRAD,Jon,Mitchell,,EE,5314,1,12,0,0,0,1,0,0,0,0,0,0,13
2025 - 2026,2025 Fall,UGRD,GRAD,Jason,Losh,,EE,5315,1,4,0,2,0,1,0,0,0,1,0,0,8
2025 - 2026,2025 Fall,UGRD,GRAD,Jonathan,Bredow,,EE,5331,1,5,0,2,0,0,0,0,0,0,0,0,7
2025 - 2026,2025 Fall,UGRD,GRAD,Zeynep,Celik,,EE,5343,1,4,6,2,0,0,0,0,0,0,0,0,12
2025 - 2026,2025 Fall,UGRD,GRAD,Ali,Davoudi,,EE,5379,1,3,5,3,0,0,0,0,0,0,0,0,11
2025 - 2026,2025 Fall,UGRD,GRAD,Liwei,Zhou,,EE,5379,2,10,0,0,0,0,0,0,0,0,0,0,10
2025 - 2026,2025 Fall,UGRD,GRAD,Seunghyun,Lee,,EE,5384,1,8,0,0,0,0,0,0,0,0,0,0,8
2025 - 2026,2025 Fall,UGRD,GRAD,Yichen,Zhang,,EE,6373,1,9,0,0,0,0,0,0,0,0,0,0,9
2025 - 2026,2025 Fall,UGRD,GRAD,Weidong,Zhou,,EE,6381,1,10,0,0,0,0,0,0,0,0,0,0,10
2025 - 2026,2025 Fall,UGRD,UGRD,Joo Hi,Lee,,ELED,4311,3,11,2,0,0,0,0,0,0,0,0,0,13
2025 - 2026,2025 Fall,UGRD,UGRD,Katherine,Hoover,,ELED,4312,1,30,1,0,0,0,0,0,0,0,0,0,31
2025 - 2026,2025 Fall,UGRD,UGRD,Katherine,Hoover,,ELED,4312,3,39,4,3,0,0,0,0,0,0,0,0,46
2025 - 2026,2025 Fall,UGRD,UGRD,Joyce,Myers,,ELED,4314,1,24,8,0,0,0,0,0,0,0,0,0,32
2025 - 2026,2025 Fall,UGRD,UGRD,Joyce,Myers,,ELED,4314,2,46,4,0,0,0,0,0,0,0,0,0,50
2025 - 2026,2025 Fall,UGRD,UGRD,Natalie,Gaupp,,ENGL,0100,CO17,0,0,0,0,0,0,10,0,0,0,0,10
2025 - 2026,2025 Fall,UGRD,UGRD,Natalie,Gaupp,,ENGL,0100,CO18,0,0,0,0,0,0,8,2,0,0,0,10
2025 - 2026,2025 Fall,UGRD,UGRD,Sean,Woodard,,ENGL,0100,CO2,0,0,0,0,2,0,7,0,0,0,0,9
2025 - 2026,2025 Fall,UGRD,UGRD,Paula,Wiggins,,ENGL,0100,CO20,0,0,0,0,2,0,5,0,1,0,0,8
2025 - 2026,2025 Fall,UGRD,UGRD,Diana,Bell,,ENGL,0100,CO21,0,0,0,0,0,0,9,0,1,0,0,10
2025 - 2026,2025 Fall,UGRD,UGRD,Diana,Bell,,ENGL,0100,CO22,0,0,0,0,0,0,8,0,0,0,0,8
2025 - 2026,2025 Fall,UGRD,UGRD,Samuel,Mcelroy,,ENGL,0100,CO3,0,0,0,0,1,0,7,1,0,0,0,9
2025 - 2026,2025 Fall,UGRD,UGRD,Jo,Ward,,ENGL,0101,CO76,0,0,0,0,0,0,9,0,1,0,0,10
2025 - 2026,2025 Fall,UGRD,UGRD,Jo,Ward,,ENGL,0101,CO77,0,0,0,0,2,0,15,0,0,0,0,17
2025 - 2026,2025 Fall,UGRD,UGRD,Erik,Warbrouck,,ENGL,0301,C130,0,0,0,0,2,0,7,1,1,0,0,11
2025 - 2026,2025 Fall,UGRD,UGRD,Amanda,Marsh,,ENGL,0301,C132,0,0,0,0,2,0,8,0,0,0,0,10
2025 - 2026,2025 Fall,UGRD,UGRD,Jennifer,Conner,,ENGL,0301,CO11,0,0,0,0,2,0,7,0,0,0,0,9
2025 - 2026,2025 Fall,UGRD,UGRD,Cassandra,Yatron,,ENGL,0301,CO13,0,0,0,0,3,0,5,2,0,0,0,10
2025 - 2026,2025 Fall,UGRD,UGRD,Natalie,Gaupp,,ENGL,0301,CO19,0,0,0,0,1,0,9,0,0,0,0,10
2025 - 2026,2025 Fall,UGRD,UGRD,Diana,Bell,,ENGL,0301,CO23,0,0,0,0,1,0,8,1,0,0,0,10
2025 - 2026,2025 Fall,UGRD,UGRD,Erik,Warbrouck,,ENGL,0301,CO29,0,0,0,0,5,0,4,0,0,0,0,9
2025 - 2026,2025 Fall,UGRD,UGRD,Linda,Oni,,ENGL,0301,CO38,0,0,0,0,3,0,7,0,0,0,0,10
2025 - 2026,2025 Fall,UGRD,UGRD,Jo,Ward,,ENGL,0301,CO5,0,0,0,0,2,0,9,0,0,0,0,11
2025 - 2026,2025 Fall,UGRD,UGRD,John,Tomes,,ENGL,0301,CO64,0,0,0,0,1,0,8,1,0,0,0,10
2025 - 2026,2025 Fall,UGRD,UGRD,Linda,Oni,,ENGL,0301,CO67,0,0,0,0,0,0,9,0,0,0,0,9
2025 - 2026,2025 Fall,UGRD,UGRD,Diana,Bell,,ENGL,0301,CO70,0,0,0,0,0,0,9,0,1,0,0,10
2025 - 2026,2025 Fall,UGRD,UGRD,Joanna,Johnson,,ENGL,1200,1,13,0,1,0,0,0,0,1,0,0,0,15
2025 - 2026,2025 Fall,UGRD,UGRD,Julie,Jones,,ENGL,1301,1,10,4,4,0,2,0,0,0,3,0,0,23
2025 - 2026,2025 Fall,UGRD,UGRD,Eun Jung,Brown,,ENGL,1301,2,7,2,0,0,1,0,0,0,0,0,0,10
2025 - 2026,2025 Fall,UGRD,UGRD,John,Hussman,,ENGL,1301,3,2,3,4,0,0,0,0,0,0,0,0,9
2025 - 2026,2025 Fall,UGRD,UGRD,Eun Jung,Brown,,ENGL,1301,4,12,8,2,0,1,0,0,1,0,0,0,24
2025 - 2026,2025 Fall,UGRD,UGRD,Eun Jung,Brown,,ENGL,1301,5,3,5,1,0,1,0,0,0,0,0,0,10
2025 - 2026,2025 Fall,UGRD,UGRD,Yaroslav,Malyuta,,ENGL,1301,6,11,10,1,0,1,0,0,0,0,0,0,23
2025 - 2026,2025 Fall,UGRD,UGRD,Natalie,Gaupp,,ENGL,1301,7,21,0,0,0,1,0,0,0,1,0,0,23
2025 - 2026,2025 Fall,UGRD,UGRD,Yaroslav,Malyuta,,ENGL,1301,8,9,11,1,0,3,0,0,0,0,0,0,24
2025 - 2026,2025 Fall,UGRD,UGRD,Carolyn,Giles,,ENGL,1301,9,15,9,0,0,0,0,0,0,0,0,0,24
2025 - 2026,2025 Fall,UGRD,UGRD,Dashiva,Francois,,ENGL,1301,10,16,4,0,0,4,0,0,0,0,0,0,24
2025 - 2026,2025 Fall,UGRD,UGRD,Jennifer,Conner,,ENGL,1301,11,3,4,2,0,0,0,0,0,1,0,0,10
2025 - 2026,2025 Fall,UGRD,UGRD,Dashiva,Francois,,ENGL,1301,12,8,7,1,0,2,0,0,0,1,3,0,22
2025 - 2026,2025 Fall,UGRD,UGRD,Cassandra,Yatron,,ENGL,1301,13,9,0,0,0,1,0,0,0,0,0,0,10
2025 - 2026,2025 Fall,UGRD,UGRD,Yaroslav,Malyuta,,ENGL,1301,14,12,9,0,0,2,0,0,0,0,1,0,24
2025 - 2026,2025 Fall,UGRD,UGRD,Matthew,Tettleton,,ENGL,1301,15,16,3,3,0,1,0,0,1,0,0,0,24
2025 - 2026,2025 Fall,UGRD,UGRD,Paul,Lee,,ENGL,1301,16,16,7,1,0,0,0,0,0,0,0,0,24
2025 - 2026,2025 Fall,UGRD,UGRD,John,Hussman,,ENGL,1301,17,5,3,1,0,0,0,0,0,1,0,0,10
2025 - 2026,2025 Fall,UGRD,UGRD,Nicholas,Nicklin,,ENGL,1301,18,5,1,2,0,2,0,0,0,0,0,0,10
2025 - 2026,2025 Fall,UGRD,UGRD,Nicholas,Nicklin,,ENGL,1301,19,7,2,1,0,0,0,0,0,0,0,0,10
2025 - 2026,2025 Fall,UGRD,UGRD,Cindy,Malone,,ENGL,1301,20,2,1,3,0,2,0,0,0,2,0,0,10
2025 - 2026,2025 Fall,UGRD,UGRD,Cindy,Malone,,ENGL,1301,21,4,3,0,0,2,0,0,0,0,0,0,9
2025 - 2026,2025 Fall,UGRD,UGRD,John,Hussman,,ENGL,1301,22,5,4,1,0,0,0,0,0,0,0,0,10
2025 - 2026,2025 Fall,UGRD,UGRD,Joul,Smith,,ENGL,1301,23,8,1,0,0,0,0,0,0,0,0,0,9
2025 - 2026,2025 Fall,UGRD,UGRD,Carolyn,Giles,,ENGL,1301,24,8,7,2,0,6,0,0,1,0,0,0,24
2025 - 2026,2025 Fall,UGRD,UGRD,Eun Jung,Brown,,ENGL,1301,25,8,2,0,0,0,0,0,0,0,0,0,10
2025 - 2026,2025 Fall,UGRD,UGRD,Nicholas,Nicklin,,ENGL,1301,26,10,4,2,0,2,0,0,0,1,0,0,19
2025 - 2026,2025 Fall,UGRD,UGRD,Abigail,Josey,,ENGL,1301,27,8,10,0,0,4,0,0,0,1,0,0,23
2025 - 2026,2025 Fall,UGRD,UGRD,Yaroslav,Malyuta,,ENGL,1301,28,9,12,1,0,0,0,0,1,0,0,0,23
2025 - 2026,2025 Fall,UGRD,UGRD,Erik,Warbrouck,,ENGL,1301,29,5,2,0,0,3,0,0,0,0,0,0,10
2025 - 2026,2025 Fall,UGRD,UGRD,Matthew,Tettleton,,ENGL,1301,30,19,3,0,0,2,0,0,0,0,0,0,24
2025 - 2026,2025 Fall,UGRD,UGRD,Emran,Dorrazehi,,ENGL,1301,31,14,7,1,0,1,0,0,0,0,1,0,24
2025 - 2026,2025 Fall,UGRD,UGRD,Carol-Ann,Vila-Young,,ENGL,1301,32,8,6,3,0,5,0,0,1,0,0,0,23
2025 - 2026,2025 Fall,UGRD,UGRD,Carolyn,Giles,,ENGL,1301,33,18,4,0,0,1,0,0,0,0,0,0,23
2025 - 2026,2025 Fall,UGRD,UGRD,Emran,Dorrazehi,,ENGL,1301,34,17,6,0,0,1,0,0,0,0,0,0,24
2025 - 2026,2025 Fall,UGRD,UGRD,Harry,Ho,,ENGL,1301,35,7,8,4,0,4,0,0,0,1,0,0,24
2025 - 2026,2025 Fall,UGRD,UGRD,John,Tomes,,ENGL,1301,36,15,6,2,0,1,0,0,0,0,0,0,24
2025 - 2026,2025 Fall,UGRD,UGRD,Bethany,Shaffer,,ENGL,1301,37,12,6,1,0,3,0,0,0,0,1,0,23
2025 - 2026,2025 Fall,UGRD,UGRD,Eun Jung,Brown,,ENGL,1301,38,8,0,0,0,0,0,0,0,1,0,0,9
2025 - 2026,2025 Fall,UGRD,UGRD,Jennifer,Conner,,ENGL,1301,39,6,8,4,0,5,0,0,0,1,0,0,24
2025 - 2026,2025 Fall,UGRD,UGRD,Linda,Oni,,ENGL,1301,40,13,6,3,0,1,0,0,0,0,0,0,23
2025 - 2026,2025 Fall,UGRD,UGRD,Samuel,Mcelroy,,ENGL,1301,41,16,2,1,0,4,0,0,1,0,0,0,24
2025 - 2026,2025 Fall,UGRD,UGRD,Nicholas,Nicklin,,ENGL,1301,42,22,0,0,0,2,0,0,0,0,0,0,24
2025 - 2026,2025 Fall,UGRD,UGRD,Gyde,Martin,,ENGL,1301,43,5,10,5,0,2,0,0,1,0,1,0,24
2025 - 2026,2025 Fall,UGRD,UGRD,Jeffrey,Marchand,,ENGL,1301,44,12,9,0,0,2,0,0,1,0,0,0,24
2025 - 2026,2025 Fall,UGRD,UGRD,Sarah,Shelton,,ENGL,1301,45,10,10,3,0,1,0,0,0,0,0,0,24
2025 - 2026,2025 Fall,UGRD,UGRD,Mariah,Hawkins,,ENGL,1301,46,11,7,4,0,2,0,0,0,0,0,0,24
2025 - 2026,2025 Fall,UGRD,UGRD,Richard,Mejia,,ENGL,1301,47,3,10,7,0,2,0,0,0,2,0,0,24
2025 - 2026,2025 Fall,UGRD,UGRD,Pacificah,Mariita,,ENGL,1301,48,21,1,1,0,1,0,0,0,0,0,0,24
2025 - 2026,2025 Fall,UGRD,UGRD,Richard,Mejia,,ENGL,1301,49,9,11,4,0,0,0,0,0,0,0,0,24
2025 - 2026,2025 Fall,UGRD,UGRD,Diana,Bell,,ENGL,1301,50,22,0,0,0,0,0,0,0,0,0,0,22
2025 - 2026,2025 Fall,UGRD,UGRD,Afsana,Afsar Tuly,,ENGL,1301,51,7,8,1,0,6,0,0,0,2,0,0,24
2025 - 2026,2025 Fall,UGRD,UGRD,Pacificah,Mariita,,ENGL,1301,52,17,3,3,0,0,0,0,0,1,0,0,24
2025 - 2026,2025 Fall,UGRD,UGRD,Matthew,Tettleton,,ENGL,1301,53,21,2,0,0,0,0,0,1,0,0,0,24
2025 - 2026,2025 Fall,UGRD,UGRD,Sean,Woodard,,ENGL,1301,54,13,8,1,0,1,0,0,0,0,0,0,23
2025 - 2026,2025 Fall,UGRD,UGRD,Mariah,Hawkins,,ENGL,1301,55,12,5,3,0,3,0,0,0,1,0,0,24
2025 - 2026,2025 Fall,UGRD,UGRD,Daniel,Kasper,,ENGL,1301,56,14,3,4,0,1,0,0,0,0,1,0,23
2025 - 2026,2025 Fall,UGRD,UGRD,Jeffrey,Marchand,,ENGL,1301,57,10,7,2,0,4,0,0,0,0,1,0,24
2025 - 2026,2025 Fall,UGRD,UGRD,Nicholas,Nicklin,,ENGL,1301,58,18,0,0,0,0,0,0,0,0,0,0,18
2025 - 2026,2025 Fall,UGRD,UGRD,Sophia,Johnson,,ENGL,1301,59,12,6,3,0,2,0,0,0,1,0,0,24
2025 - 2026,2025 Fall,UGRD,UGRD,Diana,Bell,,ENGL,1301,60,20,1,1,0,1,0,0,1,0,0,0,24
2025 - 2026,2025 Fall,UGRD,UGRD,Joul,Smith,,ENGL,1301,61,21,3,0,0,0,0,0,0,0,0,0,24
2025 - 2026,2025 Fall,UGRD,UGRD,Christopher,Atkins,,ENGL,1301,62,14,5,0,0,3,0,0,0,0,0,0,22
2025 - 2026,2025 Fall,UGRD,UGRD,Paul,Lee,,ENGL,1301,63,11,3,4,0,4,0,0,1,0,1,0,24
2025 - 2026,2025 Fall,UGRD,UGRD,Cindy,Malone,,ENGL,1301,64,5,3,0,0,2,0,0,0,0,0,0,10
2025 - 2026,2025 Fall,UGRD,UGRD,Samuel,Mcelroy,,ENGL,1301,65,16,4,1,0,3,0,0,0,0,0,0,24
2025 - 2026,2025 Fall,UGRD,UGRD,Samuel,Mcelroy,,ENGL,1301,66,18,3,1,0,2,0,0,0,0,0,0,24
2025 - 2026,2025 Fall,UGRD,UGRD,Linda,Oni,,ENGL,1301,67,4,2,2,0,0,0,0,0,1,1,0,10
2025 - 2026,2025 Fall,UGRD,UGRD,Carol-Ann,Vila-Young,,ENGL,1301,68,9,11,0,0,0,0,0,2,1,0,0,23
2025 - 2026,2025 Fall,UGRD,UGRD,Natalie,Gaupp,,ENGL,1301,69,22,1,0,0,0,0,0,1,0,0,0,24
2025 - 2026,2025 Fall,UGRD,UGRD,Cindy,Malone,,ENGL,1301,70,6,0,1,0,3,0,0,0,0,0,0,10
2025 - 2026,2025 Fall,UGRD,UGRD,Daniel,Kasper,,ENGL,1301,71,13,9,1,0,0,0,0,0,1,0,0,24
2025 - 2026,2025 Fall,UGRD,UGRD,Mahendra Bahadur,Thapa,,ENGL,1301,72,20,2,1,0,0,0,0,0,0,0,0,23
2025 - 2026,2025 Fall,UGRD,UGRD,Natalie,Gaupp,,ENGL,1301,73,23,0,0,0,1,0,0,0,0,0,0,24
2025 - 2026,2025 Fall,UGRD,UGRD,Julie,Jones,,ENGL,1301,74,12,5,4,0,2,0,0,1,0,0,0,24
2025 - 2026,2025 Fall,UGRD,UGRD,Susan,Midwood,,ENGL,1301,75,8,8,1,0,0,0,0,1,4,2,0,24
2025 - 2026,2025 Fall,UGRD,UGRD,Kamille,Stone-Stanton,,ENGL,1301,76,7,10,2,0,2,0,0,1,2,0,0,24
2025 - 2026,2025 Fall,UGRD,UGRD,Kamille,Stone-Stanton,,ENGL,1301,77,9,12,0,0,2,0,0,0,1,0,0,24
2025 - 2026,2025 Fall,UGRD,UGRD,Kayla,Kassakatis,,ENGL,1301,78,17,2,2,0,0,0,0,0,1,0,0,22
2025 - 2026,2025 Fall,UGRD,UGRD,Kayla,Kassakatis,,ENGL,1301,79,18,2,2,0,1,0,0,0,0,0,0,23
2025 - 2026,2025 Fall,UGRD,UGRD,Jessica,Le,,ENGL,1301,80,4,8,4,0,5,0,0,2,1,0,0,24
2025 - 2026,2025 Fall,UGRD,UGRD,Jeffrey,Marchand,,ENGL,1301,81,9,8,3,0,3,0,0,0,0,0,0,23
2025 - 2026,2025 Fall,UGRD,UGRD,Ricardo,Gonzalez,,ENGL,1301,82,7,3,6,0,5,0,0,0,3,0,0,24
2025 - 2026,2025 Fall,UGRD,UGRD,Ricardo,Gonzalez,,ENGL,1301,83,5,5,10,0,1,0,0,0,2,0,0,23
2025 - 2026,2025 Fall,UGRD,UGRD,Yaroslav,Malyuta,,ENGL,1301,85,16,4,2,0,1,0,0,0,0,0,0,23
2025 - 2026,2025 Fall,UGRD,UGRD,Natalie,Gaupp,,ENGL,1301,86,23,0,0,0,1,0,0,0,0,0,0,24
2025 - 2026,2025 Fall,UGRD,UGRD,Carolyn,Giles,,ENGL,1301,87,16,6,0,0,2,0,0,0,0,0,0,24
2025 - 2026,2025 Fall,UGRD,UGRD,Amar,Sherma,,ENGL,1301,88,11,5,0,0,5,0,0,2,1,0,0,24
2025 - 2026,2025 Fall,UGRD,UGRD,Gyde,Martin,,ENGL,1301,89,6,12,4,0,0,0,0,0,1,1,0,24
2025 - 2026,2025 Fall,UGRD,UGRD,Andrea,Perez,,ENGL,1301,90,9,5,4,0,5,0,0,0,1,0,0,24
2025 - 2026,2025 Fall,UGRD,UGRD,Afsana,Afsar Tuly,,ENGL,1301,91,8,13,1,0,1,0,0,0,0,0,0,23
2025 - 2026,2025 Fall,UGRD,UGRD,Kathryn,Warren,,ENGL,1301,92,13,5,0,0,0,0,0,0,0,0,0,18
2025 - 2026,2025 Fall,UGRD,UGRD,Andrea,Perez,,ENGL,1301,93,8,4,6,0,4,0,0,0,1,0,0,23
2025 - 2026,2025 Fall,UGRD,UGRD,Andrea,Perez,,ENGL,1301,94,6,5,6,0,6,0,0,0,1,0,0,24
2025 - 2026,2025 Fall,UGRD,UGRD,Jeffrey,Marchand,,ENGL,1301,95,9,8,2,0,3,0,0,0,1,0,0,23
2025 - 2026,2025 Fall,UGRD,UGRD,Joul,Smith,,ENGL,1301,96,21,1,2,0,0,0,0,0,0,0,0,24
2025 - 2026,2025 Fall,UGRD,UGRD,Carol-Ann,Vila-Young,,ENGL,1301,97,4,13,4,0,1,0,0,1,0,0,0,23
2025 - 2026,2025 Fall,UGRD,UGRD,Abigail,Josey,,ENGL,1301,98,8,7,4,0,4,0,0,0,0,0,0,23
2025 - 2026,2025 Fall,UGRD,UGRD,Sean,Woodard,,ENGL,1301,99,10,9,1,0,2,0,0,1,0,1,0,24
2025 - 2026,2025 Fall,UGRD,UGRD,Carolyn,Giles,,ENGL,1301,100,10,9,3,0,1,0,0,0,1,0,0,24
2025 - 2026,2025 Fall,UGRD,UGRD,Cindy,Malone,,ENGL,1301,101,14,4,2,0,3,0,0,1,0,0,0,24
2025 - 2026,2025 Fall,UGRD,UGRD,Sean,Woodard,,ENGL,1301,102,17,6,0,0,1,0,0,0,0,0,0,24
2025 - 2026,2025 Fall,UGRD,UGRD,Jennifer,Armstrong,,ENGL,1301,103,14,6,2,0,1,0,0,0,0,1,0,24
2025 - 2026,2025 Fall,UGRD,UGRD,Calvin,Hoekstra,,ENGL,1301,104,4,4,10,0,3,0,0,1,1,0,0,23
2025 - 2026,2025 Fall,UGRD,UGRD,Amanda,Marsh,,ENGL,1301,105,13,2,3,0,5,0,0,1,0,0,0,24
2025 - 2026,2025 Fall,UGRD,UGRD,Jarah Mahzabeen,Fatima,,ENGL,1301,106,7,9,4,0,0,0,0,0,0,3,0,23
2025 - 2026,2025 Fall,UGRD,UGRD,Jarah Mahzabeen,Fatima,,ENGL,1301,107,7,6,5,0,0,0,0,0,0,5,0,23
2025 - 2026,2025 Fall,UGRD,UGRD,Jennifer,Armstrong,,ENGL,1301,108,11,6,3,0,3,0,0,0,0,1,0,24
2025 - 2026,2025 Fall,UGRD,UGRD,Linet,Maranga,,ENGL,1301,109,14,4,3,0,1,0,0,0,2,0,0,24
2025 - 2026,2025 Fall,UGRD,UGRD,Linet,Maranga,,ENGL,1301,110,9,9,1,0,1,0,0,0,1,2,0,23
2025 - 2026,2025 Fall,UGRD,UGRD,Nicholas,Nicklin,,ENGL,1301,111,15,5,3,0,1,0,0,0,0,0,0,24
2025 - 2026,2025 Fall,UGRD,UGRD,Calvin,Hoekstra,,ENGL,1301,112,3,3,10,0,7,0,0,0,1,0,0,24
2025 - 2026,2025 Fall,UGRD,UGRD,Paul,Lee,,ENGL,1301,113,12,2,5,0,2,0,0,0,0,3,0,24
2025 - 2026,2025 Fall,UGRD,UGRD,Ahmed,Aljaberi,,ENGL,1301,114,11,2,5,0,5,0,0,1,0,0,0,24
2025 - 2026,2025 Fall,UGRD,UGRD,Ahmed,Aljaberi,,ENGL,1301,115,11,5,3,0,4,0,0,1,0,0,0,24
2025 - 2026,2025 Fall,UGRD,UGRD,Ahmed,Aljaberi,,ENGL,1301,116,12,4,4,0,4,0,0,0,0,0,0,24
2025 - 2026,2025 Fall,UGRD,UGRD,Amanda,Marsh,,ENGL,1301,117,15,4,1,0,2,0,0,0,1,0,0,23
2025 - 2026,2025 Fall,UGRD,UGRD,Ahmed,Aljaberi,,ENGL,1301,118,14,4,5,0,1,0,0,0,0,0,0,24
2025 - 2026,2025 Fall,UGRD,UGRD,Kayla,Kassakatis,,ENGL,1301,119,19,1,1,0,3,0,0,0,0,0,0,24
2025 - 2026,2025 Fall,UGRD,UGRD,Kamille,Stone-Stanton,,ENGL,1301,120,13,4,1,0,4,0,0,2,0,0,0,24
2025 - 2026,2025 Fall,UGRD,UGRD,Clayton,Dillard,,ENGL,1301,121,7,8,1,0,4,0,0,2,1,1,0,24
2025 - 2026,2025 Fall,UGRD,UGRD,Ricardo,Gonzalez,,ENGL,1301,122,4,6,5,0,8,0,0,0,0,0,0,23
2025 - 2026,2025 Fall,UGRD,UGRD,Kayla,Kassakatis,,ENGL,1301,123,15,3,1,0,2,0,0,2,0,0,0,23
2025 - 2026,2025 Fall,UGRD,UGRD,Julie,Jones,,ENGL,1301,124,7,3,2,0,5,0,0,2,2,0,0,21
2025 - 2026,2025 Fall,UGRD,UGRD,Susan,Midwood,,ENGL,1301,125,6,5,4,0,4,0,0,0,0,4,0,23
2025 - 2026,2025 Fall,UGRD,UGRD,Kamille,Stone-Stanton,,ENGL,1301,126,9,2,7,0,5,0,0,0,0,0,0,23
2025 - 2026,2025 Fall,UGRD,UGRD,Erik,Warbrouck,,ENGL,1301,130,6,2,1,0,0,0,0,0,1,0,0,10
2025 - 2026,2025 Fall,UGRD,UGRD,Daniel,Kasper,,ENGL,1301,131,10,4,1,0,1,0,0,0,0,1,0,17
2025 - 2026,2025 Fall,UGRD,UGRD,Erik,Warbrouck,,ENGL,1301,132,4,2,3,0,0,0,0,0,0,1,0,10
2025 - 2026,2025 Fall,UGRD,UGRD,Amanda,Marsh,,ENGL,1301,133,18,3,0,0,3,0,0,0,0,0,0,24
2025 - 2026,2025 Fall,UGRD,UGRD,Amanda,Marsh,,ENGL,1301,134,14,6,0,0,4,0,0,0,0,0,0,24
2025 - 2026,2025 Fall,UGRD,UGRD,Samuel,Mcelroy,,ENGL,1301,137,12,4,2,0,2,0,0,0,0,0,0,20
2025 - 2026,2025 Fall,UGRD,UGRD,Samuel,Mcelroy,,ENGL,1301,138,10,3,2,0,5,0,0,1,0,1,0,22
2025 - 2026,2025 Fall,UGRD,UGRD,Sean,Woodard,,ENGL,1301,176,3,4,0,0,0,0,0,1,0,0,0,8
2025 - 2026,2025 Fall,UGRD,UGRD,Julie,Jones,,ENGL,1301,700,30,17,4,0,2,0,0,1,2,0,0,56
2025 - 2026,2025 Fall,UGRD,UGRD,Erik,Warbrouck,,ENGL,1301,C130,2,3,2,0,2,0,0,1,1,0,0,11
2025 - 2026,2025 Fall,UGRD,UGRD,Erik,Warbrouck,,ENGL,1301,C132,1,3,3,0,3,0,0,0,0,0,0,10
2025 - 2026,2025 Fall,UGRD,UGRD,Jennifer,Conner,,ENGL,1301,CO11,1,5,1,0,2,0,0,0,0,0,0,9
2025 - 2026,2025 Fall,UGRD,UGRD,Cassandra,Yatron,,ENGL,1301,CO13,2,1,0,0,5,0,0,2,0,0,0,10
2025 - 2026,2025 Fall,UGRD,UGRD,John,Hussman,,ENGL,1301,CO17,0,6,4,0,0,0,0,0,0,0,0,10
2025 - 2026,2025 Fall,UGRD,UGRD,Nicholas,Nicklin,,ENGL,1301,CO18,4,2,1,0,1,0,0,2,0,0,0,10
2025 - 2026,2025 Fall,UGRD,UGRD,Nicholas,Nicklin,,ENGL,1301,CO19,3,2,1,0,4,0,0,0,0,0,0,10
2025 - 2026,2025 Fall,UGRD,UGRD,Eun Jung,Brown,,ENGL,1301,CO2,3,3,3,0,0,0,0,0,0,0,0,9
2025 - 2026,2025 Fall,UGRD,UGRD,Cindy,Malone,,ENGL,1301,CO20,1,2,1,0,3,0,0,0,1,0,0,8
2025 - 2026,2025 Fall,UGRD,UGRD,Cindy,Malone,,ENGL,1301,CO21,4,2,0,0,3,0,0,0,1,0,0,10
2025 - 2026,2025 Fall,UGRD,UGRD,John,Hussman,,ENGL,1301,CO22,0,2,4,0,2,0,0,0,0,0,0,8
2025 - 2026,2025 Fall,UGRD,UGRD,Joul,Smith,,ENGL,1301,CO23,3,3,1,0,2,0,0,1,0,0,0,10
2025 - 2026,2025 Fall,UGRD,UGRD,Erik,Warbrouck,,ENGL,1301,CO29,0,2,4,0,3,0,0,0,0,0,0,9
2025 - 2026,2025 Fall,UGRD,UGRD,John,Hussman,,ENGL,1301,CO3,0,2,6,0,0,0,0,1,0,0,0,9
2025 - 2026,2025 Fall,UGRD,UGRD,Eun Jung,Brown,,ENGL,1301,CO38,3,2,3,0,2,0,0,0,0,0,0,10
2025 - 2026,2025 Fall,UGRD,UGRD,Eun Jung,Brown,,ENGL,1301,CO5,4,2,3,0,2,0,0,0,0,0,0,11
2025 - 2026,2025 Fall,UGRD,UGRD,Cindy,Malone,,ENGL,1301,CO64,2,1,4,0,2,0,0,1,0,0,0,10
2025 - 2026,2025 Fall,UGRD,UGRD,Linda,Oni,,ENGL,1301,CO67,3,6,1,0,0,0,0,0,0,0,0,10
2025 - 2026,2025 Fall,UGRD,UGRD,Cindy,Malone,,ENGL,1301,CO70,6,1,2,0,0,0,0,0,1,0,0,10
2025 - 2026,2025 Fall,UGRD,UGRD,Sean,Woodard,,ENGL,1301,CO76,4,5,0,0,0,0,0,0,1,0,0,10
2025 - 2026,2025 Fall,UGRD,UGRD,John,Hussman,,ENGL,1301,CO77,3,7,6,0,1,0,0,0,0,0,0,17
2025 - 2026,2025 Fall,UGRD,UGRD,Harry,Ho,,ENGL,1302,1,2,3,8,0,6,0,0,0,3,1,0,23
2025 - 2026,2025 Fall,UGRD,UGRD,John,Tomes,,ENGL,1302,2,7,9,4,0,2,0,0,1,1,0,0,24
2025 - 2026,2025 Fall,UGRD,UGRD,Katherine,Abelanet,,ENGL,1302,3,11,8,3,0,2,0,0,0,0,0,0,24
2025 - 2026,2025 Fall,UGRD,UGRD,Harry,Ho,,ENGL,1302,5,2,2,4,0,12,0,0,1,1,1,0,23
2025 - 2026,2025 Fall,UGRD,UGRD,Alex,Harvey,,ENGL,1302,6,10,3,2,0,4,0,0,1,2,0,0,22
2025 - 2026,2025 Fall,UGRD,UGRD,James,Perrin,,ENGL,1302,7,9,5,2,0,3,0,0,0,4,1,0,24
2025 - 2026,2025 Fall,UGRD,UGRD,Alex,Harvey,,ENGL,1302,8,9,4,4,0,5,0,0,0,0,0,0,22
2025 - 2026,2025 Fall,UGRD,UGRD,Harry,Ho,,ENGL,1302,9,5,6,6,0,5,0,0,0,1,0,0,23
2025 - 2026,2025 Fall,UGRD,UGRD,Amanda,Marsh,,ENGL,1302,10,18,1,1,0,2,0,0,0,1,0,0,23
2025 - 2026,2025 Fall,UGRD,UGRD,Harry,Ho,,ENGL,1302,11,4,6,4,0,5,0,0,1,4,0,0,24
2025 - 2026,2025 Fall,UGRD,UGRD,Dashiva,Francois,,ENGL,1302,12,9,4,2,0,5,0,0,0,2,1,0,23
2025 - 2026,2025 Fall,UGRD,UGRD,Sean,Woodard,,ENGL,1302,13,13,8,2,0,0,0,0,1,0,0,0,24
2025 - 2026,2025 Fall,UGRD,UGRD,Olivia,Arroyo,,ENGL,1302,16,17,2,1,0,1,0,0,0,1,2,0,24
2025 - 2026,2025 Fall,UGRD,UGRD,Mahendra Bahadur,Thapa,,ENGL,1302,18,20,1,0,0,1,0,0,0,1,0,0,23
2025 - 2026,2025 Fall,UGRD,UGRD,Amar,Sherma,,ENGL,1302,19,8,8,4,0,1,0,0,0,1,0,0,22
2025 - 2026,2025 Fall,UGRD,UGRD,Sean,Woodard,,ENGL,1302,20,8,11,0,0,0,0,0,1,1,2,0,23
2025 - 2026,2025 Fall,UGRD,UGRD,Michael,Raines,,ENGL,1302,21,11,1,0,0,0,0,0,1,2,2,0,17
2025 - 2026,2025 Fall,UGRD,UGRD,Jeffrey,Marchand,,ENGL,1302,22,11,6,4,0,0,0,0,1,2,0,0,24
2025 - 2026,2025 Fall,UGRD,UGRD,Jeffrey,Marchand,,ENGL,1302,23,11,8,0,0,3,0,0,0,1,0,0,23
2025 - 2026,2025 Fall,UGRD,UGRD,Joanna,Johnson,,ENGL,1302,24,15,0,1,0,0,0,0,0,2,0,0,18
2025 - 2026,2025 Fall,UGRD,UGRD,Sean,Hooks,,ENGL,1302,25,4,11,6,0,3,0,0,0,0,0,0,24
2025 - 2026,2025 Fall,UGRD,UGRD,Adrian,Thompson,,ENGL,1302,26,22,0,0,0,0,0,0,0,1,0,0,23
2025 - 2026,2025 Fall,UGRD,UGRD,Linda,Oni,,ENGL,1302,27,10,6,3,0,0,0,0,1,1,1,0,22
2025 - 2026,2025 Fall,UGRD,UGRD,Sean,Hooks,,ENGL,1302,28,4,9,4,0,4,0,0,0,2,0,0,23
2025 - 2026,2025 Fall,UGRD,UGRD,Adrian,Thompson,,ENGL,1302,29,24,0,0,0,0,0,0,0,0,0,0,24
2025 - 2026,2025 Fall,UGRD,UGRD,Sean,Hooks,,ENGL,1302,30,5,15,1,0,1,0,0,0,2,0,0,24
2025 - 2026,2025 Fall,UGRD,UGRD,Christopher,Atkins,,ENGL,1302,31,16,1,2,0,3,0,0,0,2,0,0,24
2025 - 2026,2025 Fall,UGRD,UGRD,Christopher,Atkins,,ENGL,1302,32,8,5,3,0,6,0,0,1,1,0,0,24
2025 - 2026,2025 Fall,UGRD,UGRD,Diana,Bell,,ENGL,1302,33,18,1,4,0,1,0,0,0,0,0,0,24
2025 - 2026,2025 Fall,UGRD,UGRD,Alex,Harvey,,ENGL,1302,34,9,6,3,0,4,0,0,0,2,0,0,24
2025 - 2026,2025 Fall,UGRD,UGRD,Ji Nang,Kim,,ENGL,1302,36,15,5,0,0,2,0,0,0,2,0,0,24
2025 - 2026,2025 Fall,UGRD,UGRD,Sophie,Spruce,,ENGL,1302,39,2,9,6,0,5,0,0,1,0,0,0,23
2025 - 2026,2025 Fall,UGRD,UGRD,Michael,Raines,,ENGL,1302,40,4,8,4,0,0,0,0,0,4,4,0,24
2025 - 2026,2025 Fall,UGRD,UGRD,Susan,Midwood,,ENGL,1302,41,3,7,7,0,1,0,0,1,4,1,0,24
2025 - 2026,2025 Fall,UGRD,UGRD,Susan,Midwood,,ENGL,1302,42,3,7,3,0,2,0,0,0,6,2,0,23
2025 - 2026,2025 Fall,UGRD,UGRD,Kayla,Kassakatis,,ENGL,1302,43,22,0,0,0,1,0,0,0,0,0,0,23
2025 - 2026,2025 Fall,UGRD,UGRD,Sophie,Spruce,,ENGL,1302,44,6,7,8,0,2,0,0,0,1,0,0,24
2025 - 2026,2025 Fall,UGRD,UGRD,Clayton,Dillard,,ENGL,1302,45,12,7,3,0,0,0,0,1,0,1,0,24
2025 - 2026,2025 Fall,UGRD,UGRD,Rachel,Key,,ENGL,1302,46,5,9,5,0,4,0,0,0,1,0,0,24
2025 - 2026,2025 Fall,UGRD,UGRD,Rachel,Key,,ENGL,1302,47,4,13,4,0,1,0,0,0,1,1,0,24
2025 - 2026,2025 Fall,UGRD,UGRD,James,Perrin,,ENGL,1302,48,8,8,3,0,1,0,0,0,1,3,0,24
2025 - 2026,2025 Fall,UGRD,UGRD,Susan,Midwood,,ENGL,1302,700,33,24,10,0,7,0,0,3,7,3,0,87
2025 - 2026,2025 Fall,UGRD,UGRD,Susan,Midwood,,ENGL,1302,701,32,35,12,0,3,0,0,1,5,1,0,89
2025 - 2026,2025 Fall,UGRD,UGRD,Olivia,Arroyo,,ENGL,1350,1,15,3,1,0,0,0,0,0,0,0,0,19
2025 - 2026,2025 Fall,UGRD,UGRD,Neill,Matheson,,ENGL,1350,2,5,7,3,1,2,0,0,1,1,0,0,20
2025 - 2026,2025 Fall,UGRD,UGRD,Daniel,Kasper,,ENGL,1350,3,7,3,4,0,5,0,0,0,1,0,0,20
2025 - 2026,2025 Fall,UGRD,UGRD,Neill,Matheson,,ENGL,1350,4,6,8,2,2,0,0,0,1,1,0,0,20
2025 - 2026,2025 Fall,UGRD,UGRD,Olivia,Arroyo,,ENGL,1375,1,15,0,1,0,0,0,0,0,0,0,0,16
2025 - 2026,2025 Fall,UGRD,UGRD,Sean,Hooks,,ENGL,1375,2,4,6,4,0,2,0,0,0,0,0,0,16
2025 - 2026,2025 Fall,UGRD,UGRD,Olivia,Arroyo,,ENGL,1375,3,11,1,1,0,3,0,0,0,0,0,0,16
2025 - 2026,2025 Fall,UGRD,UGRD,Ji Nang,Kim,,ENGL,1375,4,11,2,3,0,0,0,0,0,0,0,0,16
2025 - 2026,2025 Fall,UGRD,UGRD,Laura,Kopchick,,ENGL,1375,5,7,4,0,1,3,0,0,0,1,0,0,16
2025 - 2026,2025 Fall,UGRD,UGRD,Laura,Kopchick,,ENGL,1375,6,6,3,4,2,0,0,0,0,1,0,0,16
2025 - 2026,2025 Fall,UGRD,UGRD,Sean,Hooks,,ENGL,1375,7,6,2,3,2,2,0,0,0,1,0,0,16
2025 - 2026,2025 Fall,UGRD,UGRD,Amy,Bernhard,,ENGL,1375,8,8,1,1,0,4,0,0,1,0,0,0,15
2025 - 2026,2025 Fall,UGRD,UGRD,Amy,Bernhard,,ENGL,1375,9,12,2,2,0,0,0,0,0,0,0,0,16
2025 - 2026,2025 Fall,UGRD,UGRD,Joanna,Johnson,,ENGL,1375,10,7,5,1,1,0,0,0,0,0,0,0,14
2025 - 2026,2025 Fall,UGRD,UGRD,Kathryn,Warren,,ENGL,2300,1,19,1,1,0,0,0,0,0,0,0,0,21
2025 - 2026,2025 Fall,UGRD,UGRD,Rachael,Mariboho,,ENGL,2303,3,23,5,1,0,0,0,0,1,0,0,0,30
2025 - 2026,2025 Fall,UGRD,UGRD,Kristen,Spaeth,,ENGL,2303,10,20,4,1,3,2,0,0,0,1,0,0,31
2025 - 2026,2025 Fall,UGRD,UGRD,Bethany,Shaffer,Janice Tiernan,ENGL,2303,11,21,5,0,0,1,0,0,1,0,0,0,28
2025 - 2026,2025 Fall,UGRD,UGRD,Joanna,Johnson,,ENGL,2303,14,17,13,2,0,0,0,0,0,1,0,0,33
2025 - 2026,2025 Fall,UGRD,UGRD,Joul,Smith,,ENGL,2309,10,31,0,0,0,1,0,0,0,2,0,0,34
2025 - 2026,2025 Fall,UGRD,UGRD,Rachael,Mariboho,,ENGL,2309,13,20,11,1,0,2,0,0,0,0,0,0,34
2025 - 2026,2025 Fall,UGRD,UGRD,Bethany,Shaffer,,ENGL,2309,15,20,9,1,1,1,0,0,1,1,0,0,34
2025 - 2026,2025 Fall,UGRD,UGRD,Rachael,Mariboho,,ENGL,2319,10,16,12,3,1,1,0,0,0,1,0,0,34
2025 - 2026,2025 Fall,UGRD,UGRD,Kayla,Kassakatis,,ENGL,2319,11,27,4,0,1,0,0,0,1,1,0,0,34
2025 - 2026,2025 Fall,UGRD,UGRD,Rechelle,Christie,,ENGL,2319,700,11,22,7,1,3,0,0,0,0,0,0,44
2025 - 2026,2025 Fall,UGRD,UGRD,Julie,Jones,,ENGL,2319,701,24,14,0,0,0,0,0,0,2,0,0,40
2025 - 2026,2025 Fall,UGRD,UGRD,Bethany,Shaffer,,ENGL,2329,1,17,9,1,0,2,0,0,0,0,0,0,29
2025 - 2026,2025 Fall,UGRD,UGRD,Matthew,Tettleton,,ENGL,2329,2,24,5,2,1,1,0,0,0,1,0,0,34
2025 - 2026,2025 Fall,UGRD,UGRD,Ji Nang,Kim,,ENGL,2329,16,30,2,0,0,1,0,0,1,0,0,0,34
2025 - 2026,2025 Fall,UGRD,UGRD,Clayton,Dillard,,ENGL,2329,17,18,9,3,1,2,0,0,0,0,0,0,33
2025 - 2026,2025 Fall,UGRD,UGRD,Michael,Raines,,ENGL,2338,2,10,1,0,0,0,0,0,0,0,0,0,11
2025 - 2026,2025 Fall,UGRD,UGRD,Julie,Jones,,ENGL,2338,18,12,4,2,1,3,0,0,0,0,0,0,22
2025 - 2026,2025 Fall,UGRD,UGRD,Dana,Brewer,,ENGL,2338,20,3,9,2,2,1,0,0,1,2,0,0,20
2025 - 2026,2025 Fall,UGRD,UGRD,Laura,Kopchick,,ENGL,2375,1,7,6,0,1,1,0,0,1,1,0,0,17
2025 - 2026,2025 Fall,UGRD,UGRD,Amy,Bernhard,,ENGL,2375,2,17,2,0,0,0,0,0,0,0,0,0,19
2025 - 2026,2025 Fall,UGRD,UGRD,Ji Nang,Kim,,ENGL,3300,2,20,3,3,0,0,0,0,0,0,0,0,26
2025 - 2026,2025 Fall,UGRD,UGRD,Amy,Bernhard,,ENGL,3336,1,12,4,0,0,0,0,0,0,0,0,0,16
2025 - 2026,2025 Fall,UGRD,UGRD,Cedrick,May,,ENGL,3340,1,19,3,0,0,1,0,0,0,1,0,0,24
2025 - 2026,2025 Fall,UGRD,UGRD,Stephanie,Kinzinger,,ENGL,3340,2,11,3,1,0,0,0,0,0,0,0,0,15
2025 - 2026,2025 Fall,UGRD,UGRD,Barbara,Chiarello,,ENGL,3347,1,18,7,1,0,0,0,0,0,1,0,0,27
2025 - 2026,2025 Fall,UGRD,UGRD,Sarah,Shelton,,ENGL,3350,3,16,4,1,0,1,0,0,0,1,0,0,23
2025 - 2026,2025 Fall,UGRD,UGRD,Kaci,O'Donnell,,ENGL,3350,4,13,3,0,0,0,0,0,1,1,0,0,18
2025 - 2026,2025 Fall,UGRD,UGRD,Kaci,O'Donnell,,ENGL,3351,1,24,3,0,0,0,0,0,0,0,0,0,27
2025 - 2026,2025 Fall,UGRD,UGRD,Timothy,Morris,,ENGL,3361,1,16,6,2,0,0,0,0,0,0,0,0,24
2025 - 2026,2025 Fall,UGRD,UGRD,Kevin,Porter,,ENGL,3371,1,7,10,4,0,0,0,0,0,0,0,0,21
2025 - 2026,2025 Fall,UGRD,UGRD,Gabriel,Aguilar,,ENGL,3376,1,24,0,0,0,0,0,0,0,0,0,0,24
2025 - 2026,2025 Fall,UGRD,UGRD,Timothy,Richardson,,ENGL,3380,1,16,5,0,0,0,0,0,0,1,0,0,22
2025 - 2026,2025 Fall,UGRD,UGRD,Michael,Raines,,ENGL,3384,3,9,6,3,0,1,0,0,0,0,0,0,19
2025 - 2026,2025 Fall,UGRD,UGRD,Michael,Brittain,,ENGL,3387,1,20,3,1,0,0,0,0,0,0,0,0,24
2025 - 2026,2025 Fall,UGRD,UGRD,Gyde,Martin,,ENGL,4301,1,9,3,4,2,1,0,0,0,1,0,0,20
2025 - 2026,2025 Fall,UGRD,UGRD,Neill,Matheson,,ENGL,4335,1,10,6,2,0,0,0,0,0,0,0,0,18
2025 - 2026,2025 Fall,UGRD,UGRD,Lonny,Harrison,,ENGL,4337,1,8,2,0,0,0,0,0,0,0,0,0,10
2025 - 2026,2025 Fall,UGRD,UGRD,Cedrick,May,,ENGL,4352,1,9,2,1,0,0,0,0,0,0,0,0,12
2025 - 2026,2025 Fall,UGRD,UGRD,Gyde,Martin,,ENGL,4365,1,5,3,2,1,2,0,0,0,0,0,0,13
2025 - 2026,2025 Fall,UGRD,UGRD,James,Warren,,ENGL,4370,1,6,13,1,0,0,0,0,0,0,0,0,20
2025 - 2026,2025 Fall,UGRD,UGRD,Douglas,Stark,,ENGL,4375,1,13,0,0,0,0,0,0,0,0,0,0,13
2025 - 2026,2025 Fall,UGRD,UGRD,Amy,Hodges,,ENGL,4375,2,8,1,1,0,0,0,0,0,0,0,0,10
2025 - 2026,2025 Fall,UGRD,UGRD,Sarah,Shelton,,ENGL,4390,1,10,0,0,0,0,0,0,0,0,0,0,10
2025 - 2026,2025 Fall,UGRD,UGRD,Jacqueline,Fay,,ENGL,4399,1,10,1,0,0,1,0,0,0,0,0,0,12
2025 - 2026,2025 Fall,UGRD,UGRD,Douglas,Stark,,ENGL,4399,2,9,1,1,0,0,0,0,0,0,0,0,11
2025 - 2026,2025 Fall,UGRD,UGRD,Janice,Tiernan,,ENGR,1101,1,116,50,25,26,8,0,0,4,1,0,0,230
2025 - 2026,2025 Fall,UGRD,UGRD,Janice,Tiernan,,ENGR,1101,2,115,51,35,21,5,0,0,6,5,0,0,238
2025 - 2026,2025 Fall,UGRD,UGRD,Lynn,Peterson,,ENGR,2100,1,0,0,0,0,0,0,14,0,0,0,0,14
2025 - 2026,2025 Fall,UGRD,UGRD,Robert,Magnusson,,ENGR,4302,1,20,22,5,0,0,0,0,0,0,0,0,47
2025 - 2026,2025 Fall,UGRD,UGRD,Venkat,Devarajan,,ENGR,4302,1,20,22,5,0,0,0,0,0,0,0,0,47
2025 - 2026,2025 Fall,UGRD,UGRD,Pyayt,Oo,,ENTR,3325,1,10,11,0,0,1,0,0,0,0,0,0,22
2025 - 2026,2025 Fall,UGRD,UGRD,Pyayt,Oo,,ENTR,3325,4,20,12,0,0,1,0,0,1,0,0,0,34
2025 - 2026,2025 Fall,UGRD,UGRD,Elsa,Pirouz,,ENVR,1101,1,0,0,0,0,0,0,9,1,0,0,0,10
2025 - 2026,2025 Fall,UGRD,UGRD,Yike,Shen,,ENVR,1101,1,0,0,0,0,0,0,9,1,0,0,0,10
2025 - 2026,2025 Fall,UGRD,UGRD,Andrew,Hunt,,ENVR,1301,1,31,14,8,2,0,0,0,0,1,0,0,56
2025 - 2026,2025 Fall,UGRD,UGRD,Joshua,Pulcinella,,ENVR,1301,45,108,24,13,3,5,0,0,0,4,0,0,157
2025 - 2026,2025 Fall,UGRD,UGRD,Joshua,Pulcinella,,ENVR,1301,46,26,5,2,1,5,0,0,0,1,0,0,40
2025 - 2026,2025 Fall,UGRD,UGRD,Cornelia,Winguth,,ENVR,1330,1,10,11,9,0,0,0,0,0,0,0,0,30
2025 - 2026,2025 Fall,UGRD,UGRD,Andrew,Hunt,,ENVR,2314,1,18,6,2,1,1,0,0,1,0,0,0,29
2025 - 2026,2025 Fall,UGRD,UGRD,Ricardo,Sanchez Murillo,,ENVR,3317,1,7,0,1,0,0,0,0,0,0,0,0,8
2025 - 2026,2025 Fall,UGRD,UGRD,Elsa,Pirouz,,ENVR,3454,1,6,6,2,0,0,0,0,0,0,0,0,14
2025 - 2026,2025 Fall,UGRD,UGRD,Un-Jung,Kim,,ENVR,4313,1,4,8,5,2,0,0,0,0,0,0,0,19
2025 - 2026,2025 Fall,UGRD,UGRD,Yike,Shen,,ENVR,4455,1,13,0,0,0,0,0,0,0,0,0,0,13
2025 - 2026,2025 Fall,UGRD,UGRD,Brian,Dangelmaier,,EXSA,0170,2,11,4,3,1,3,0,0,0,1,0,0,23
2025 - 2026,2025 Fall,UGRD,UGRD,Brian,Dangelmaier,,EXSA,0172,1,6,3,2,0,2,0,0,0,0,0,0,13
2025 - 2026,2025 Fall,UGRD,UGRD,Rhonda,Prisby,,EXSA,1247,1,94,8,7,0,5,0,0,2,2,0,0,118
2025 - 2026,2025 Fall,UGRD,UGRD,Steve,Isbell,,FINA,2330,1,16,7,6,0,2,0,0,0,0,0,0,31
2025 - 2026,2025 Fall,UGRD,UGRD,Steve,Isbell,,FINA,2330,5,34,29,14,2,7,0,0,0,3,0,0,89
2025 - 2026,2025 Fall,UGRD,UGRD,Ramya,Aroul,,FINA,3311,1,19,20,16,8,2,0,0,0,6,0,0,71
2025 - 2026,2025 Fall,UGRD,UGRD,Sima,Jannati,,FINA,3313,1,37,21,10,0,1,0,0,1,3,0,0,73
2025 - 2026,2025 Fall,UGRD,UGRD,Dilruba,Moutusi,,FINA,3313,2,11,22,20,13,4,0,0,1,3,0,0,74
2025 - 2026,2025 Fall,UGRD,UGRD,Richard,Berard,,FINA,3313,3,21,17,17,12,2,0,0,1,3,0,0,73
2025 - 2026,2025 Fall,UGRD,UGRD,Richard,Berard,,FINA,3313,4,14,20,24,13,2,0,0,0,0,0,0,73
2025 - 2026,2025 Fall,UGRD,UGRD,Dilruba,Moutusi,,FINA,3313,5,11,21,27,8,4,0,0,0,3,0,0,74
2025 - 2026,2025 Fall,UGRD,UGRD,Dilruba,Moutusi,,FINA,3313,6,11,26,21,6,8,0,0,0,3,0,0,75
2025 - 2026,2025 Fall,UGRD,UGRD,Cherie,Chiu,Richard Berard,FINA,3313,7,11,21,27,12,2,0,0,0,1,0,0,74
2025 - 2026,2025 Fall,UGRD,UGRD,Richard,Berard,,FINA,3313,8,14,20,18,15,3,0,0,1,3,0,0,74
2025 - 2026,2025 Fall,UGRD,UGRD,John,Adams,,FINA,3315,1,8,29,8,1,0,0,0,0,1,0,0,47
2025 - 2026,2025 Fall,UGRD,UGRD,Sima,Jannati,,FINA,3315,2,19,41,9,1,0,0,0,1,0,0,0,71
2025 - 2026,2025 Fall,UGRD,UGRD,Sima,Jannati,,FINA,3315,3,7,15,6,0,1,0,0,0,2,0,0,31
2025 - 2026,2025 Fall,UGRD,UGRD,Trang,Thai,,FINA,3317,1,8,29,13,2,0,0,0,0,1,0,0,53
2025 - 2026,2025 Fall,UGRD,UGRD,Trang,Thai,,FINA,3317,2,20,39,9,0,0,0,0,0,1,0,0,69
2025 - 2026,2025 Fall,UGRD,UGRD,Noura Khadidja,Kone,,FINA,3317,3,4,12,9,0,0,0,0,0,1,0,0,26
2025 - 2026,2025 Fall,UGRD,UGRD,David,Rakowski,,FINA,4311,1,5,17,11,0,0,0,0,0,0,0,0,33
2025 - 2026,2025 Fall,UGRD,UGRD,Yibing,Du,,FINA,4315,2,10,21,10,2,0,0,0,0,0,0,0,43
2025 - 2026,2025 Fall,UGRD,UGRD,Richard,Berard,,FINA,4315,3,16,35,19,0,0,0,0,0,0,0,0,70
2025 - 2026,2025 Fall,UGRD,UGRD,Teng,Wang,,FINA,4317,1,9,7,1,0,0,0,0,0,0,0,0,17
2025 - 2026,2025 Fall,UGRD,UGRD,Edwin,Altomare,,FINA,4318,1,12,15,6,0,0,0,0,0,1,0,0,34
2025 - 2026,2025 Fall,UGRD,UGRD,Yibing,Du,,FINA,4319,1,6,3,0,0,0,0,0,0,0,0,0,9
2025 - 2026,2025 Fall,UGRD,UGRD,Noura Khadidja,Kone,,FINA,4324,1,8,16,5,1,0,0,0,0,0,0,0,30
2025 - 2026,2025 Fall,UGRD,UGRD,Edwin,Altomare,,FINA,4324,2,19,5,1,1,0,0,0,0,1,0,0,27
2025 - 2026,2025 Fall,UGRD,UGRD,Trang,Thai,,FINA,4328,1,4,3,0,0,0,0,0,0,3,0,0,10
2025 - 2026,2025 Fall,UGRD,UGRD,Steve,Isbell,,FINA,4393,1,0,0,0,0,0,0,6,0,0,0,0,6
2025 - 2026,2025 Fall,UGRD,UGRD,Alexandria,Gray,,FREN,1441,1,20,1,0,0,1,0,0,1,1,0,0,24
2025 - 2026,2025 Fall,UGRD,UGRD,Alexandria,Gray,,FREN,1441,2,21,2,1,1,1,0,0,0,0,0,0,26
2025 - 2026,2025 Fall,UGRD,UGRD,Najia,Alameddin,,FREN,1441,3,9,6,5,1,1,0,0,0,1,0,0,23
2025 - 2026,2025 Fall,UGRD,UGRD,Najia,Alameddin,,FREN,1441,4,10,4,4,2,2,0,0,0,1,0,0,23
2025 - 2026,2025 Fall,UGRD,UGRD,Alicia,Soueid,,FREN,1441,5,5,8,5,2,3,0,0,0,2,0,0,25
2025 - 2026,2025 Fall,UGRD,UGRD,Brooke,Cunningham-Koss,,FREN,1441,5,5,8,5,2,3,0,0,0,2,0,0,25
2025 - 2026,2025 Fall,UGRD,UGRD,Alexandria,Gray,,FREN,1442,1,12,2,1,0,1,0,0,0,1,0,0,17
2025 - 2026,2025 Fall,UGRD,UGRD,Najia,Alameddin,,FREN,1442,2,4,3,2,0,1,0,0,0,1,0,0,11
2025 - 2026,2025 Fall,UGRD,UGRD,Aimee,Israel-Pelletier,,FREN,2310,1,7,5,3,0,1,0,0,0,0,0,0,16
2025 - 2026,2025 Fall,UGRD,UGRD,Alicia,Soueid,,FREN,2310,2,8,6,4,2,4,0,0,1,0,0,0,25
2025 - 2026,2025 Fall,UGRD,UGRD,Alicia,Soueid,,FREN,2310,3,14,5,3,0,1,0,0,0,1,0,0,24
2025 - 2026,2025 Fall,UGRD,UGRD,Najia,Alameddin,,FREN,2313,1,7,3,1,1,1,0,0,0,2,0,0,15
2025 - 2026,2025 Fall,UGRD,UGRD,Alicia,Soueid,,FREN,2314,1,3,4,0,0,0,0,0,0,0,0,0,7
2025 - 2026,2025 Fall,UGRD,UGRD,Cynthia,Laborde,,FREN,4335,1,14,1,0,0,0,0,0,0,0,0,0,15
2025 - 2026,2025 Fall,UGRD,UGRD,Aimee,Israel-Pelletier,,FREN,4338,1,12,1,0,0,0,0,0,0,1,0,0,14
2025 - 2026,2025 Fall,UGRD,UGRD,Charles,Travis,,GEOG,2301,1,36,8,0,0,2,0,0,0,0,0,0,46
2025 - 2026,2025 Fall,UGRD,UGRD,Andrew,Milson,,GEOG,2302,1,7,8,4,0,1,0,0,0,0,0,0,20
2025 - 2026,2025 Fall,UGRD,UGRD,Elizabeth,Nelson,,GEOG,2302,2,25,5,5,0,4,0,0,0,1,0,0,40
2025 - 2026,2025 Fall,UGRD,UGRD,Taylor,Tappan,,GEOG,2303,1,7,5,1,0,1,0,0,2,0,0,0,16
2025 - 2026,2025 Fall,UGRD,UGRD,Elizabeth,Nelson,,GEOG,2303,2,11,15,3,3,3,0,0,0,2,0,0,37
2025 - 2026,2025 Fall,UGRD,UGRD,Imre,Demhardt,,GEOG,3305,1,8,6,0,0,0,0,0,0,1,0,0,15
2025 - 2026,2025 Fall,UGRD,UGRD,Taylor,Tappan,,GEOG,3315,1,6,5,0,0,0,0,0,0,1,0,0,12
2025 - 2026,2025 Fall,UGRD,UGRD,Charles,Travis,,GEOG,4330,1,6,0,0,0,1,0,0,0,0,0,0,7
2025 - 2026,2025 Fall,UGRD,UGRD,Elsa,Pirouz,,GEOL,1101,1,0,0,0,0,0,0,8,0,0,0,0,8
2025 - 2026,2025 Fall,UGRD,UGRD,Yike,Shen,,GEOL,1101,1,0,0,0,0,0,0,8,0,0,0,0,8
2025 - 2026,2025 Fall,UGRD,UGRD,Majie,Fan,,GEOL,1301,1,33,37,10,13,2,0,0,0,2,0,0,97
2025 - 2026,2025 Fall,UGRD,UGRD,Megan,Korchinski,,GEOL,1301,2,27,24,9,11,3,0,0,1,0,0,0,75
2025 - 2026,2025 Fall,UGRD,UGRD,Cornelia,Winguth,,GEOL,1301,45,86,42,15,11,1,0,0,0,2,0,0,157
2025 - 2026,2025 Fall,UGRD,UGRD,Cornelia,Winguth,,GEOL,1301,46,38,23,8,1,5,0,0,2,1,0,0,78
2025 - 2026,2025 Fall,UGRD,UGRD,Andrew,Hunt,,GEOL,1302,1,42,34,6,2,3,0,0,0,2,0,0,89
2025 - 2026,2025 Fall,UGRD,UGRD,Cornelia,Winguth,,GEOL,1330,1,8,18,9,2,2,0,0,1,6,0,0,46
2025 - 2026,2025 Fall,UGRD,UGRD,Cornelia,Winguth,,GEOL,1330,45,54,36,14,5,4,0,0,1,2,0,0,116
2025 - 2026,2025 Fall,UGRD,UGRD,Joshua,Pulcinella,,GEOL,1340,1,24,13,4,4,2,0,0,0,0,0,0,47
2025 - 2026,2025 Fall,UGRD,UGRD,Nathan,Brown,,GEOL,2445,1,9,4,4,0,2,0,0,0,0,0,0,19
2025 - 2026,2025 Fall,UGRD,UGRD,Elsa,Pirouz,,GEOL,3340,1,35,36,6,1,1,0,0,0,1,0,0,80
2025 - 2026,2025 Fall,UGRD,UGRD,Christopher,McCauley,,GEOL,3441,1,6,9,2,0,0,0,0,0,0,0,0,17
2025 - 2026,2025 Fall,UGRD,UGRD,Megan,Korchinski,,GEOL,3443,1,8,2,2,1,0,0,0,0,1,0,0,14
2025 - 2026,2025 Fall,UGRD,UGRD,Elsa,Pirouz,,GEOL,3454,1,8,4,1,0,0,0,0,0,0,0,0,13
2025 - 2026,2025 Fall,UGRD,UGRD,Majie,Fan,,GEOL,4081,10,0,0,0,0,1,0,3,0,3,0,0,7
2025 - 2026,2025 Fall,UGRD,UGRD,Elsa,Pirouz,,GEOL,4330,45,24,4,1,0,2,0,0,0,0,0,0,31
2025 - 2026,2025 Fall,UGRD,UGRD,Elsa,Pirouz,,GEOL,4331,45,5,4,1,1,2,0,0,0,0,0,0,13
2025 - 2026,2025 Fall,UGRD,UGRD,Arne,Winguth,,GEOL,4405,1,5,6,1,0,0,0,0,0,2,0,0,14
2025 - 2026,2025 Fall,UGRD,UGRD,Gayane,Paul,,GERM,1441,2,18,5,1,0,0,0,0,0,1,0,0,25
2025 - 2026,2025 Fall,UGRD,UGRD,Ketevan,Karukhnishvili,,GERM,1441,4,19,3,0,0,2,0,0,0,0,0,0,24
2025 - 2026,2025 Fall,UGRD,UGRD,Ketevan,Karukhnishvili,,GERM,1442,2,8,0,2,0,0,0,0,0,0,0,0,10
2025 - 2026,2025 Fall,UGRD,UGRD,Reem,Shishakly,,GLOBAL,2301,1,17,5,0,0,1,0,0,0,1,0,0,24
2025 - 2026,2025 Fall,UGRD,UGRD,Alexandria,Gray,,GLOBAL,2301,2,22,3,0,0,0,0,0,0,0,0,0,25
2025 - 2026,2025 Fall,UGRD,UGRD,Alicia,Garza,,GLOBAL,2301,3,17,4,0,0,2,0,0,0,1,0,0,24
2025 - 2026,2025 Fall,UGRD,UGRD,Solymar,Torres-Garcia,,GLOBAL,2301,4,24,3,0,0,0,0,0,0,0,0,0,27
2025 - 2026,2025 Fall,UGRD,UGRD,Lonny,Harrison,,GLOBAL,2301,5,12,8,3,0,0,0,0,0,1,0,0,24
2025 - 2026,2025 Fall,UGRD,UGRD,Yeon Mi,Choi,,GLOBAL,2301,6,18,4,0,1,0,0,0,1,0,0,0,24
2025 - 2026,2025 Fall,UGRD,UGRD,Samuel,Smith,,GLOBAL,4312,1,11,0,0,0,0,0,0,0,0,0,0,11
2025 - 2026,2025 Fall,UGRD,UGRD,Jennifer,Conner,,GWSS,2310,1,18,13,2,3,9,0,0,0,2,0,0,47
2025 - 2026,2025 Fall,UGRD,UGRD,Alicia,Garza,,GWSS,2310,2,64,4,5,2,3,0,0,1,0,0,0,79
2025 - 2026,2025 Fall,UGRD,UGRD,Julia,Medhurst,,GWSS,2315,1,9,2,1,2,0,0,0,1,0,0,0,15
2025 - 2026,2025 Fall,UGRD,UGRD,Rebecca,Escoto,,GWSS,2317,1,7,0,0,0,0,0,0,0,0,0,0,7
2025 - 2026,2025 Fall,UGRD,UGRD,Alicia,Garza,,GWSS,3301,1,33,1,0,0,2,0,0,1,2,0,0,39
2025 - 2026,2025 Fall,UGRD,UGRD,Stephanie,Spohr,,GWSS,3305,2,13,3,1,0,0,0,0,0,0,0,0,17
2025 - 2026,2025 Fall,UGRD,UGRD,Caitlin,Maynard,,HEED,1301,1,13,18,8,1,0,0,0,0,0,0,0,40
2025 - 2026,2025 Fall,UGRD,UGRD,Rebecca,Escoto,,HEED,2317,1,5,2,0,0,0,0,0,0,0,0,0,7
2025 - 2026,2025 Fall,UGRD,UGRD,Tyler,Garner,,HEED,3301,1,48,44,6,1,3,0,0,1,1,0,0,104
2025 - 2026,2025 Fall,UGRD,UGRD,Stephen,Lomber,,HEED,3303,1,3,6,1,3,0,0,0,1,1,0,0,15
2025 - 2026,2025 Fall,UGRD,UGRD,Stephanie,Spohr,,HEED,3305,2,55,44,15,1,4,0,0,1,1,0,0,121
2025 - 2026,2025 Fall,UGRD,UGRD,Amanda,English,,HEED,3305,500,46,7,1,0,1,0,0,1,1,0,0,57
2025 - 2026,2025 Fall,UGRD,UGRD,Rebecca,Garner,,HEED,3330,1,53,9,4,0,3,0,0,0,0,0,0,69
2025 - 2026,2025 Fall,UGRD,UGRD,Rebecca,Garner,,HEED,3330,500,42,7,6,1,0,0,0,0,2,0,0,58
2025 - 2026,2025 Fall,UGRD,UGRD,Laura,Phipps,,HEED,4311,1,24,17,6,0,0,0,0,0,0,0,0,47
2025 - 2026,2025 Fall,UGRD,UGRD,Tyler,Garner,,HEED,4312,500,89,22,9,2,5,0,0,0,2,0,0,129
2025 - 2026,2025 Fall,UGRD,UGRD,Tiffany,Kindratt,,HEED,4320,2,56,11,2,5,1,0,0,0,0,0,0,75
2025 - 2026,2025 Fall,UGRD,UGRD,Yeonwoo,Kim,,HEED,4320,3,50,12,5,1,2,0,0,1,2,0,0,73
2025 - 2026,2025 Fall,UGRD,UGRD,Jay,Ransom,,HIST,1301,1,24,9,4,0,3,0,0,0,0,0,0,40
2025 - 2026,2025 Fall,UGRD,UGRD,Wendell,Hunnicutt,,HIST,1301,2,87,31,9,5,11,0,0,1,0,0,0,144
2025 - 2026,2025 Fall,UGRD,UGRD,Jonathan,Steplyk,,HIST,1301,3,44,35,35,19,8,0,0,3,1,0,0,145
2025 - 2026,2025 Fall,UGRD,UGRD,Jonathan,Steplyk,,HIST,1301,4,52,29,31,11,13,0,0,2,3,0,0,141
2025 - 2026,2025 Fall,UGRD,UGRD,Candace,Carlisle Vilas,,HIST,1301,6,40,39,21,7,7,0,0,2,5,0,0,121
2025 - 2026,2025 Fall,UGRD,UGRD,Sara,Collini,,HIST,1301,7,41,49,31,6,9,0,0,2,3,0,0,141
2025 - 2026,2025 Fall,UGRD,UGRD,Daniel,Degges,,HIST,1301,10,110,21,9,0,4,0,0,0,2,0,0,146
2025 - 2026,2025 Fall,UGRD,UGRD,Delaina,Price,,HIST,1301,11,53,47,28,9,1,0,0,1,7,0,0,146
2025 - 2026,2025 Fall,UGRD,UGRD,Angela,Austin,,HIST,1301,12,20,7,7,2,3,0,0,0,0,0,0,39
2025 - 2026,2025 Fall,UGRD,UGRD,Daniel,Degges,,HIST,1301,13,99,26,12,2,4,0,0,0,1,0,0,144
2025 - 2026,2025 Fall,UGRD,UGRD,Daniel,Degges,,HIST,1301,15,46,2,0,0,1,0,0,0,1,0,0,50
2025 - 2026,2025 Fall,UGRD,UGRD,Angela,Austin,,HIST,1301,17,38,6,2,0,0,0,0,0,2,0,0,48
2025 - 2026,2025 Fall,UGRD,UGRD,Angela,Austin,,HIST,1301,18,35,9,2,2,0,0,0,2,0,0,0,50
2025 - 2026,2025 Fall,UGRD,UGRD,Kevin,Smant,,HIST,1301,19,9,21,12,1,4,0,0,2,1,0,0,50
2025 - 2026,2025 Fall,UGRD,UGRD,Kevin,Smant,,HIST,1301,20,5,19,12,6,6,0,0,2,0,0,0,50
2025 - 2026,2025 Fall,UGRD,UGRD,Angela,Austin,,HIST,1301,21,22,7,5,1,5,0,0,0,0,0,0,40
2025 - 2026,2025 Fall,UGRD,UGRD,Christopher,Morris,,HIST,1301,23,27,39,23,15,21,0,0,3,17,0,0,145
2025 - 2026,2025 Fall,UGRD,UGRD,Margaret,Keller Garnett,,HIST,1301,700,91,23,9,2,2,0,0,2,1,0,0,130
2025 - 2026,2025 Fall,UGRD,UGRD,Nathaniel,Goodwin,,HIST,1301,701,115,18,8,4,7,0,0,0,5,0,0,157
2025 - 2026,2025 Fall,UGRD,UGRD,Jonathan,Steplyk,,HIST,1302,1,56,33,28,5,16,0,0,1,4,0,0,143
2025 - 2026,2025 Fall,UGRD,UGRD,Ashley,Umphenour,,HIST,1302,2,31,63,29,7,9,0,0,1,3,0,0,143
2025 - 2026,2025 Fall,UGRD,UGRD,Halen,Watkins,,HIST,1302,3,40,74,34,3,6,0,0,1,3,0,0,161
2025 - 2026,2025 Fall,UGRD,UGRD,Karen,Beasley,,HIST,1302,4,40,45,36,14,8,0,0,1,0,0,0,144
2025 - 2026,2025 Fall,UGRD,UGRD,Cristina,Salinas,,HIST,1302,5,42,46,24,10,19,0,0,2,4,0,0,147
2025 - 2026,2025 Fall,UGRD,UGRD,David,LaFevor,,HIST,1302,6,50,45,19,13,9,0,0,2,7,0,0,145
2025 - 2026,2025 Fall,UGRD,UGRD,Ashley,Umphenour,,HIST,1302,8,12,14,9,1,1,0,0,1,0,0,0,38
2025 - 2026,2025 Fall,UGRD,UGRD,Karen,Beasley,,HIST,1302,9,10,10,11,2,5,0,0,0,1,0,0,39
2025 - 2026,2025 Fall,UGRD,UGRD,Daniel,Degges,,HIST,1302,10,41,4,2,0,1,0,0,0,1,0,0,49
2025 - 2026,2025 Fall,UGRD,UGRD,Kevin,Smant,,HIST,1302,12,10,24,9,0,5,0,0,0,1,0,0,49
2025 - 2026,2025 Fall,UGRD,UGRD,Kevin,Smant,,HIST,1302,13,3,26,10,1,8,0,0,0,0,0,0,48
2025 - 2026,2025 Fall,UGRD,UGRD,Bobby,Oliver,,HIST,1302,15,23,15,7,1,4,0,0,0,0,0,0,50
2025 - 2026,2025 Fall,UGRD,UGRD,Karen,Beasley,,HIST,1302,16,8,8,8,2,6,0,0,2,0,0,0,34
2025 - 2026,2025 Fall,UGRD,UGRD,Aaron,Johnson,,HIST,1302,700,67,43,15,5,2,0,0,3,2,0,0,137
2025 - 2026,2025 Fall,UGRD,UGRD,Aaron,Johnson,,HIST,1302,701,56,41,13,3,4,0,0,0,5,0,0,122
2025 - 2026,2025 Fall,UGRD,UGRD,Alexandra,Rains,,HIST,1331,1,92,13,25,9,16,0,0,3,5,0,0,163
2025 - 2026,2025 Fall,UGRD,UGRD,Merry,Jett,,HIST,1331,2,19,8,8,6,3,0,0,0,3,0,0,47
2025 - 2026,2025 Fall,UGRD,UGRD,Merry,Jett,,HIST,1331,4,19,5,6,8,5,0,0,0,5,0,0,48
2025 - 2026,2025 Fall,UGRD,UGRD,Leah,Bouas,,HIST,1331,5,58,51,16,7,6,0,0,3,4,0,0,145
2025 - 2026,2025 Fall,UGRD,UGRD,Ryan,Nash,,HIST,1332,1,40,29,26,10,15,0,0,5,1,0,0,126
2025 - 2026,2025 Fall,UGRD,UGRD,Eric,Spenk,,HIST,1332,2,27,15,5,1,1,0,0,0,0,0,0,49
2025 - 2026,2025 Fall,UGRD,UGRD,Kimberly,Breuer,,HIST,1332,5,38,22,24,3,8,0,0,0,0,0,0,95
2025 - 2026,2025 Fall,UGRD,UGRD,Ashley,Umphenour,,HIST,2321,1,21,8,4,0,4,0,0,1,2,0,0,40
2025 - 2026,2025 Fall,UGRD,UGRD,Marie,Hartono,,HIST,2322,1,14,6,4,0,1,0,0,1,0,0,0,26
2025 - 2026,2025 Fall,UGRD,UGRD,John,Garrigus,,HIST,3300,3,14,3,0,0,1,0,0,0,0,0,0,18
2025 - 2026,2025 Fall,UGRD,UGRD,David,Baillargeon,,HIST,3300,6,12,2,0,1,1,0,0,2,0,0,0,18
2025 - 2026,2025 Fall,UGRD,UGRD,Kenyon,Zimmer,,HIST,3300,7,14,4,1,0,1,0,0,0,1,0,0,21
2025 - 2026,2025 Fall,UGRD,UGRD,Scott,Palmer,,HIST,3303,1,10,10,6,3,3,0,0,0,2,0,0,34
2025 - 2026,2025 Fall,UGRD,UGRD,Imre,Demhardt,,HIST,3305,1,5,4,0,0,0,0,0,0,0,0,0,9
2025 - 2026,2025 Fall,UGRD,UGRD,Sarah,Rose,,HIST,3307,1,11,9,3,1,2,0,0,0,1,0,0,27
2025 - 2026,2025 Fall,UGRD,UGRD,Paul,Conrad,,HIST,3320,1,9,1,2,0,0,0,0,1,0,0,0,13
2025 - 2026,2025 Fall,UGRD,UGRD,Cristina,Salinas,,HIST,3321,1,9,5,0,1,0,0,0,0,0,0,0,15
2025 - 2026,2025 Fall,UGRD,UGRD,Stephanie,Cole,,HIST,3324,1,6,2,0,0,1,0,0,0,1,0,0,10
2025 - 2026,2025 Fall,UGRD,UGRD,James,Doty,,HIST,3337,1,4,0,4,0,1,0,0,0,2,0,0,11
2025 - 2026,2025 Fall,UGRD,UGRD,Halen,Watkins,,HIST,3345,1,19,3,2,0,1,0,0,0,1,0,0,26
2025 - 2026,2025 Fall,UGRD,UGRD,Halen,Watkins,,HIST,3345,2,27,3,1,1,0,0,0,0,3,0,0,35
2025 - 2026,2025 Fall,UGRD,UGRD,Bobby,Oliver,,HIST,3346,1,16,7,1,0,1,0,0,2,1,0,0,28
2025 - 2026,2025 Fall,UGRD,UGRD,Halen,Watkins,,HIST,3346,2,31,5,1,1,1,0,0,0,0,0,0,39
2025 - 2026,2025 Fall,UGRD,UGRD,John,Garrigus,,HIST,3356,1,15,6,5,0,1,0,0,0,1,0,0,28
2025 - 2026,2025 Fall,UGRD,UGRD,David,Baillargeon,,HIST,3364,1,21,3,1,0,0,0,0,0,0,0,0,25
2025 - 2026,2025 Fall,UGRD,UGRD,Patryk,Babiracki,,HIST,3388,1,12,8,3,0,0,0,0,0,0,0,0,23
2025 - 2026,2025 Fall,UGRD,UGRD,Christopher,Taylor,,HIST,3391,1,16,2,0,0,0,0,0,0,0,0,0,18
2025 - 2026,2025 Fall,UGRD,UGRD,Kimberly,Newcomer-Fitzpatrick,,HIST,3395,23,12,0,0,0,0,0,0,0,0,0,0,12
2025 - 2026,2025 Fall,UGRD,UGRD,Alberto,Ortiz Diaz,,HIST,4307,1,5,1,1,0,0,0,0,0,1,0,0,8
2025 - 2026,2025 Fall,UGRD,UGRD,Grover,Conner,,HIST,4327,2,15,8,1,1,2,0,0,0,3,0,0,30
2025 - 2026,2025 Fall,UGRD,UGRD,Sam,Haynes,,HIST,4340,1,3,3,0,1,0,0,0,0,0,0,0,7
2025 - 2026,2025 Fall,UGRD,UGRD,Wendell,Hunnicutt,,HIST,4359,1,9,5,2,0,0,0,0,0,0,0,0,16
2025 - 2026,2025 Fall,UGRD,UGRD,Michael,Stout,,HIST,4362,1,13,5,1,0,1,0,0,0,0,0,0,20
2025 - 2026,2025 Fall,UGRD,UGRD,David,LaFevor,,HIST,4395,2,11,1,0,0,1,0,0,0,0,0,0,13
2025 - 2026,2025 Fall,UGRD,UGRD,Delaina,Price,,HIST,4395,3,7,2,0,0,0,0,0,0,0,0,0,9
2025 - 2026,2025 Fall,UGRD,UGRD,Gregory,Hale,,HONR,2106,1,16,1,0,0,0,0,0,0,1,0,0,18
2025 - 2026,2025 Fall,UGRD,UGRD,Alexandra,Rains,,HONR,2106,2,12,1,0,0,0,0,0,0,1,0,0,14
2025 - 2026,2025 Fall,UGRD,UGRD,Alexandra,Rains,,HONR,2106,3,9,0,0,0,0,0,0,0,0,0,0,9
2025 - 2026,2025 Fall,UGRD,UGRD,Makenzie,Whitener,,HONR,4000,2,14,0,0,0,2,0,0,0,0,0,0,16
2025 - 2026,2025 Fall,UGRD,UGRD,Makenzie,Whitener,,HONR,4000,3,23,2,0,0,1,0,0,0,1,0,0,27
2025 - 2026,2025 Fall,UGRD,UGRD,Michael,Nalley,,HOSP,3350,1,12,24,9,2,2,0,0,1,1,0,0,51
2025 - 2026,2025 Fall,UGRD,UGRD,Michael,Nalley,,HOSP,3351,1,0,6,5,1,2,0,0,0,1,0,0,15
2025 - 2026,2025 Fall,UGRD,UGRD,Michael,Beeson,,HRMN,3320,1,22,21,3,1,0,0,0,0,0,0,0,47
2025 - 2026,2025 Fall,UGRD,UGRD,Joy,Kanu,,HRMN,3320,2,5,22,9,2,0,0,0,0,0,0,0,38
2025 - 2026,2025 Fall,UGRD,UGRD,Thomas,Graca,,HRMN,3320,4,5,29,1,0,0,0,0,0,0,0,0,35
2025 - 2026,2025 Fall,UGRD,UGRD,Thomas,Graca,,HRMN,3320,5,13,34,11,0,1,0,0,0,0,0,0,59
2025 - 2026,2025 Fall,UGRD,UGRD,Jeanne,Michalski,,HRMN,3320,6,17,35,4,2,1,0,0,1,0,0,0,60
2025 - 2026,2025 Fall,UGRD,UGRD,Thomas,Graca,,HRMN,4320,1,19,10,1,0,0,0,0,0,0,0,0,30
2025 - 2026,2025 Fall,UGRD,UGRD,Lesley,Regalado,,HRMN,4328,1,16,1,1,0,0,0,0,0,0,0,0,18
2025 - 2026,2025 Fall,UGRD,UGRD,Jeanne,Michalski,,HRMN,4342,1,3,27,6,2,1,0,0,0,0,0,0,39
2025 - 2026,2025 Fall,UGRD,UGRD,Ariane,Froidevaux,,HRMN,4343,1,5,9,0,0,0,0,0,0,0,0,0,14
2025 - 2026,2025 Fall,UGRD,UGRD,Steven,Gellman,,HUMA,3300,1,33,1,0,0,0,0,0,1,0,0,0,35
2025 - 2026,2025 Fall,UGRD,UGRD,Michael,McShane,,HUMA,3300,2,7,6,4,1,1,0,0,2,1,0,0,22
2025 - 2026,2025 Fall,UGRD,UGRD,Steven,Gellman,,HUMA,3340,1,29,0,0,0,0,0,0,0,0,0,0,29
2025 - 2026,2025 Fall,UGRD,UGRD,Sampson,Gholston,,IE,1110,1,54,8,3,1,3,0,0,3,0,0,0,72
2025 - 2026,2025 Fall,UGRD,UGRD,Bonnie,Boardman,,IE,1325,1,18,23,16,1,6,0,0,3,5,0,0,72
2025 - 2026,2025 Fall,UGRD,UGRD,Bonnie,Boardman,,IE,2305,1,3,7,11,1,2,0,0,0,2,0,0,26
2025 - 2026,2025 Fall,UGRD,UGRD,Mohammad,Jahanbakht,,IE,2308,1,7,8,8,2,2,0,0,1,5,0,0,33
2025 - 2026,2025 Fall,UGRD,UGRD,Brian,Huff,,IE,2308,2,8,7,6,5,7,0,0,0,0,0,0,33
2025 - 2026,2025 Fall,UGRD,UGRD,Mahmudur,Rahman,,IE,2308,3,14,10,3,2,3,0,0,0,1,0,0,33
2025 - 2026,2025 Fall,UGRD,UGRD,Dervis,Ozay,,IE,2308,4,9,4,10,0,8,0,0,0,4,0,0,35
2025 - 2026,2025 Fall,UGRD,UGRD,Yuan,Zhou,,IE,2308,5,15,15,12,1,1,0,0,0,1,0,0,45
2025 - 2026,2025 Fall,UGRD,UGRD,Mohammad,Jahanbakht,,IE,2308,6,6,9,9,8,1,0,0,0,2,0,0,35
2025 - 2026,2025 Fall,UGRD,UGRD,Shuchisnigdha,Deb,,IE,3301,1,20,10,2,0,0,0,0,0,1,0,0,33
2025 - 2026,2025 Fall,UGRD,UGRD,Maysaa,Hamdan,,IE,3301,3,17,18,6,3,2,0,0,1,2,0,0,49
2025 - 2026,2025 Fall,UGRD,UGRD,Kwok,Tsui,,IE,3301,4,13,10,4,5,2,0,0,0,1,0,0,35
2025 - 2026,2025 Fall,UGRD,UGRD,Aera,LeBoulluec,,IE,3301,6,7,5,7,6,2,0,0,1,2,0,0,30
2025 - 2026,2025 Fall,UGRD,UGRD,Yiran,Yang,,IE,3301,7,30,17,1,0,0,0,0,1,0,0,0,49
2025 - 2026,2025 Fall,UGRD,UGRD,Yiran,Yang,,IE,3301,8,21,19,6,0,2,0,0,0,2,0,0,50
2025 - 2026,2025 Fall,UGRD,UGRD,Aera,LeBoulluec,,IE,3301,9,8,19,12,0,1,0,0,0,2,0,0,42
2025 - 2026,2025 Fall,UGRD,UGRD,Maysaa,Hamdan,,IE,3301,10,14,23,8,1,2,0,0,2,0,0,0,50
2025 - 2026,2025 Fall,UGRD,UGRD,Julia,Bitencourt,,IE,3314,1,16,11,3,0,0,0,0,0,0,0,0,30
2025 - 2026,2025 Fall,UGRD,UGRD,Jaivardhan,Sood,,IE,3315,1,11,2,1,0,3,0,0,0,0,0,0,17
2025 - 2026,2025 Fall,UGRD,UGRD,Erick,Jones,,IE,3315,2,8,12,6,0,1,0,0,4,0,0,0,31
2025 - 2026,2025 Fall,UGRD,UGRD,Aera,LeBoulluec,,IE,3343,1,7,14,5,1,0,0,0,0,0,0,0,27
2025 - 2026,2025 Fall,UGRD,UGRD,Caroline,Krejci,,IE,4303,1,19,5,5,2,0,0,0,0,0,0,0,31
2025 - 2026,2025 Fall,UGRD,UGRD,Subhash,Singhal,,IE,4308,1,9,7,9,6,0,0,0,0,0,0,0,31
2025 - 2026,2025 Fall,UGRD,UGRD,Shuchisnigdha,Deb,,IE,4310,1,10,0,0,0,0,0,0,0,0,0,0,10
2025 - 2026,2025 Fall,UGRD,UGRD,Jay,Rosenberger,,IE,4315,2,13,14,5,0,0,0,0,0,0,0,0,32
2025 - 2026,2025 Fall,UGRD,UGRD,Brian,Huff,,IE,4325,1,4,23,2,0,0,0,0,0,0,0,0,29
2025 - 2026,2025 Fall,UGRD,UGRD,Chen,Kan,,IE,4339,1,13,14,3,0,0,0,0,0,0,0,0,30
2025 - 2026,2025 Fall,UGRD,UGRD,Maysaa,Hamdan,,IE,4343,2,5,19,5,0,0,0,0,0,0,0,0,29
2025 - 2026,2025 Fall,UGRD,UGRD,Katherine,Rogers,,IE,4350,1,8,3,0,0,0,0,0,0,0,0,0,11
2025 - 2026,2025 Fall,UGRD,UGRD,Dale,Sharpe Jenkins,,INSU,4329,1,5,4,0,0,0,0,0,0,0,0,0,9
2025 - 2026,2025 Fall,UGRD,UGRD,Kaiyue,Liu,,INSY,2303,1,15,22,18,4,5,0,0,0,6,0,0,70
2025 - 2026,2025 Fall,UGRD,UGRD,Tianzi,Zheng,,INSY,2303,2,16,24,15,4,5,0,0,1,4,0,0,69
2025 - 2026,2025 Fall,UGRD,UGRD,Karen,Scott,,INSY,2303,3,49,46,18,2,9,0,0,0,4,0,0,128
2025 - 2026,2025 Fall,UGRD,UGRD,Tianzi,Zheng,,INSY,2303,4,25,26,9,1,3,0,0,3,2,0,0,69
2025 - 2026,2025 Fall,UGRD,UGRD,Scott,Johnson,,INSY,2303,7,6,21,25,7,6,0,0,2,3,0,0,70
2025 - 2026,2025 Fall,UGRD,UGRD,Kaiyue,Liu,,INSY,2303,9,15,33,12,6,4,0,0,0,1,0,0,71
2025 - 2026,2025 Fall,UGRD,UGRD,Gajanan,Ganji,,INSY,2303,10,22,31,3,1,4,0,0,0,10,0,0,71
2025 - 2026,2025 Fall,UGRD,UGRD,Scott,Johnson,,INSY,2303,11,5,45,29,20,13,0,0,1,12,0,0,125
2025 - 2026,2025 Fall,UGRD,UGRD,Scott,Johnson,,INSY,2303,12,6,23,43,17,21,0,0,2,10,0,0,122
2025 - 2026,2025 Fall,UGRD,UGRD,Anam,Sahoo,,INSY,3300,1,16,18,11,0,0,0,0,1,4,0,0,50
2025 - 2026,2025 Fall,UGRD,UGRD,Prasad,Chetti,,INSY,3300,2,22,15,6,0,2,0,0,2,2,0,0,49
2025 - 2026,2025 Fall,UGRD,UGRD,Suhash,Sarkar,,INSY,3300,3,10,12,9,2,1,0,0,0,1,0,0,35
2025 - 2026,2025 Fall,UGRD,UGRD,Suhash,Sarkar,,INSY,3300,4,19,8,6,0,1,0,0,0,3,0,0,37
2025 - 2026,2025 Fall,UGRD,UGRD,Prasad,Chetti,,INSY,3300,5,26,15,7,0,1,0,0,0,1,0,0,50
2025 - 2026,2025 Fall,UGRD,UGRD,Mingwei,Sun,,INSY,3300,6,15,19,11,1,1,0,0,0,3,0,0,50
2025 - 2026,2025 Fall,UGRD,UGRD,Naveen,Ramaraju,,INSY,3300,7,28,10,3,1,2,0,0,1,3,0,0,48
2025 - 2026,2025 Fall,UGRD,UGRD,Subhra,Patra,,INSY,3303,1,10,22,10,7,1,0,0,2,0,0,0,52
2025 - 2026,2025 Fall,UGRD,UGRD,Scott,Johnson,,INSY,3303,2,14,25,13,0,1,0,0,0,0,0,0,53
2025 - 2026,2025 Fall,UGRD,UGRD,Scott,Johnson,,INSY,3303,3,16,22,15,1,3,0,0,0,1,0,0,58
2025 - 2026,2025 Fall,UGRD,UGRD,Subhra,Patra,,INSY,3303,4,17,24,11,3,0,0,0,0,1,0,0,56
2025 - 2026,2025 Fall,UGRD,UGRD,Karen,Scott,,INSY,3304,1,13,14,12,4,3,0,0,0,4,0,0,50
2025 - 2026,2025 Fall,UGRD,UGRD,Karen,Scott,,INSY,3304,2,13,15,13,3,4,0,0,0,3,0,0,51
2025 - 2026,2025 Fall,UGRD,UGRD,Subhra,Patra,,INSY,3304,3,13,28,9,0,0,0,0,0,0,0,0,50
2025 - 2026,2025 Fall,UGRD,UGRD,Prasad,Chetti,,INSY,3304,4,11,19,1,0,2,0,0,0,0,0,0,33
2025 - 2026,2025 Fall,UGRD,UGRD,Kevin,Hansen,,INSY,3305,2,18,26,10,0,0,0,0,0,0,0,0,54
2025 - 2026,2025 Fall,UGRD,UGRD,Anil,Singh,,INSY,3305,3,9,18,23,1,2,0,0,1,1,0,0,55
2025 - 2026,2025 Fall,UGRD,UGRD,Kevin,Hansen,,INSY,3305,4,19,23,12,2,0,0,0,0,0,0,0,56
2025 - 2026,2025 Fall,UGRD,UGRD,Karen,Scott,,INSY,3330,1,35,51,24,0,1,0,0,1,4,0,0,116
2025 - 2026,2025 Fall,UGRD,UGRD,Anam,Sahoo,,INSY,4305,1,13,27,4,0,0,0,0,0,1,0,0,45
2025 - 2026,2025 Fall,UGRD,UGRD,Anam,Sahoo,,INSY,4305,2,8,12,2,0,0,0,0,0,1,0,0,23
2025 - 2026,2025 Fall,UGRD,UGRD,Koshy,Vaidyan Joseph,,INSY,4305,3,20,18,15,0,0,0,0,0,2,0,0,55
2025 - 2026,2025 Fall,UGRD,UGRD,Anam,Sahoo,,INSY,4305,4,15,28,3,0,1,0,0,1,5,0,0,53
2025 - 2026,2025 Fall,UGRD,UGRD,Sajib,Datta,,INSY,4306,1,14,31,1,0,0,0,0,0,0,0,0,46
2025 - 2026,2025 Fall,UGRD,UGRD,Sajib,Datta,,INSY,4306,2,18,22,5,0,2,0,0,1,1,0,0,49
2025 - 2026,2025 Fall,UGRD,UGRD,Sajib,Datta,,INSY,4306,3,10,29,9,1,0,0,0,0,1,0,0,50
2025 - 2026,2025 Fall,UGRD,UGRD,Santoso,Budiman,,INSY,4307,1,3,5,4,2,0,0,0,0,2,0,0,16
2025 - 2026,2025 Fall,UGRD,UGRD,Koshy,Vaidyan Joseph,,INSY,4312,1,29,23,1,0,0,0,0,0,0,0,0,53
2025 - 2026,2025 Fall,UGRD,UGRD,Koshy,Vaidyan Joseph,,INSY,4312,3,39,19,6,0,1,0,0,2,0,0,0,67
2025 - 2026,2025 Fall,UGRD,UGRD,Karen,Scott,,INSY,4315,1,8,11,12,2,1,0,0,1,1,0,0,36
2025 - 2026,2025 Fall,UGRD,UGRD,Riyaz,Sikora,,INSY,4325,1,11,38,0,0,0,0,0,0,0,0,0,49
2025 - 2026,2025 Fall,UGRD,UGRD,Jie,Zhang,,INSY,4325,3,30,14,3,0,0,0,0,0,1,0,0,48
2025 - 2026,2025 Fall,UGRD,UGRD,Riyaz,Sikora,,INSY,4325,4,13,32,0,0,0,0,0,0,1,0,0,46
2025 - 2026,2025 Fall,UGRD,UGRD,Kambiz,Saffarizadeh,,INSY,4391,1,8,7,1,0,0,0,0,0,0,0,0,16
2025 - 2026,2025 Fall,UGRD,UGRD,Koshy,Vaidyan Joseph,,INSY,4393,1,0,0,0,0,0,0,6,0,1,0,0,7
2025 - 2026,2025 Fall,UGRD,UGRD,Cheryl,Donaldson,,INTD,1101,1,6,0,0,0,1,0,0,2,0,0,0,9
2025 - 2026,2025 Fall,UGRD,UGRD,Donna,Firouzbakht,,INTD,3321,1,13,14,0,0,0,0,0,0,0,0,0,27
2025 - 2026,2025 Fall,UGRD,UGRD,Somang,Yang,,INTD,3323,1,22,2,2,0,1,0,0,0,0,0,0,27
2025 - 2026,2025 Fall,UGRD,UGRD,Olivia,Jeffries,,INTD,3338,1,5,18,5,0,0,0,0,0,0,0,0,28
2025 - 2026,2025 Fall,UGRD,UGRD,Arden,Stephenson,,INTD,3553,1,13,0,0,0,0,0,0,0,0,0,0,13
2025 - 2026,2025 Fall,UGRD,UGRD,Donna,Firouzbakht,,INTD,3553,2,6,2,4,0,2,0,0,0,0,0,0,14
2025 - 2026,2025 Fall,UGRD,UGRD,Arden,Stephenson,,INTD,4332,1,8,11,0,0,0,0,0,0,0,0,0,19
2025 - 2026,2025 Fall,UGRD,UGRD,Olivia,Jeffries,,INTD,4365,1,4,12,3,0,0,0,0,0,0,0,0,19
2025 - 2026,2025 Fall,UGRD,UGRD,Somang,Yang,,INTD,4368,1,6,9,3,1,0,0,0,0,0,0,0,19
2025 - 2026,2025 Fall,UGRD,UGRD,Barbara,Marini,,INTD,4556,1,0,16,3,0,0,0,0,0,0,0,0,19
2025 - 2026,2025 Fall,UGRD,UGRD,Geoffrey,Campbell,,JOUR,2330,1,19,8,1,0,1,0,0,0,0,0,0,29
2025 - 2026,2025 Fall,UGRD,UGRD,Brad,Loper,,JOUR,2340,1,12,12,2,0,0,0,0,1,0,0,0,27
2025 - 2026,2025 Fall,UGRD,UGRD,Brad,Loper,,JOUR,2340,2,19,8,3,0,0,0,0,0,0,0,0,30
2025 - 2026,2025 Fall,UGRD,UGRD,Marti,Harvey,,JOUR,3345,1,2,3,2,1,0,0,0,0,1,0,0,9
2025 - 2026,2025 Fall,UGRD,UGRD,Dustin,Harp,,JOUR,4326,1,5,6,2,1,1,0,0,0,0,0,0,15
2025 - 2026,2025 Fall,UGRD,UGRD,Erika,Pribanic-Smith,,JOUR,4341,1,10,4,0,0,0,0,0,0,0,0,0,14
2025 - 2026,2025 Fall,UGRD,UGRD,Brad,Heddins,,KINE,1100,1,12,2,1,3,1,0,0,1,0,0,0,20
2025 - 2026,2025 Fall,UGRD,UGRD,Brad,Heddins,,KINE,1100,2,10,4,2,1,2,0,0,0,1,0,0,20
2025 - 2026,2025 Fall,UGRD,UGRD,Brad,Heddins,,KINE,1100,3,12,2,1,1,2,0,0,1,1,0,0,20
2025 - 2026,2025 Fall,UGRD,UGRD,Brad,Heddins,,KINE,1100,4,12,2,1,2,2,0,0,1,0,0,0,20
2025 - 2026,2025 Fall,UGRD,UGRD,Brad,Heddins,,KINE,1100,5,11,5,3,1,0,0,0,0,0,0,0,20
2025 - 2026,2025 Fall,UGRD,UGRD,Brad,Heddins,,KINE,1100,7,10,5,1,1,3,0,0,0,0,0,0,20
2025 - 2026,2025 Fall,UGRD,UGRD,Brad,Heddins,,KINE,1100,8,10,4,3,0,3,0,0,0,0,0,0,20
2025 - 2026,2025 Fall,UGRD,UGRD,Brad,Heddins,,KINE,1100,9,8,5,0,2,5,0,0,0,0,0,0,20
2025 - 2026,2025 Fall,UGRD,UGRD,Brad,Heddins,,KINE,1100,12,13,3,1,0,0,0,0,1,1,0,0,19
2025 - 2026,2025 Fall,UGRD,UGRD,Brad,Heddins,,KINE,1100,13,13,5,2,0,0,0,0,0,0,0,0,20
2025 - 2026,2025 Fall,UGRD,UGRD,Brad,Heddins,,KINE,1100,14,13,2,4,1,0,0,0,0,0,0,0,20
2025 - 2026,2025 Fall,UGRD,UGRD,Brad,Heddins,,KINE,1100,15,7,2,7,2,1,0,0,0,1,0,0,20
2025 - 2026,2025 Fall,UGRD,UGRD,Brad,Heddins,,KINE,1300,1,15,33,25,11,11,0,0,3,3,0,0,101
2025 - 2026,2025 Fall,UGRD,UGRD,Tyler,Garner,,KINE,1300,2,55,22,16,6,10,0,0,2,1,0,0,112
2025 - 2026,2025 Fall,UGRD,UGRD,Charles,White,,KINE,1315,1,19,10,8,0,2,0,0,0,0,0,0,39
2025 - 2026,2025 Fall,UGRD,UGRD,Larry,Nelson,,KINE,2301,1,25,0,0,0,0,0,0,0,0,0,0,25
2025 - 2026,2025 Fall,UGRD,UGRD,Alison,White,,KINE,2302,1,5,7,4,0,0,0,0,0,0,0,0,16
2025 - 2026,2025 Fall,UGRD,UGRD,Cynthia,Trowbridge,,KINE,2330,1,5,27,17,2,4,0,0,0,1,0,0,56
2025 - 2026,2025 Fall,UGRD,UGRD,Cynthia,Trowbridge,,KINE,2330,2,3,9,14,8,2,0,0,0,0,0,0,36
2025 - 2026,2025 Fall,UGRD,UGRD,Rebecca,Garner,,KINE,2350,1,55,9,3,1,3,0,0,2,1,0,0,74
2025 - 2026,2025 Fall,UGRD,UGRD,Anita,Corbitt,,KINE,2350,2,59,8,3,2,3,0,0,0,0,0,0,75
2025 - 2026,2025 Fall,UGRD,UGRD,Denise,Hernandez,,KINE,2350,3,85,19,5,3,3,0,0,2,2,0,0,119
2025 - 2026,2025 Fall,UGRD,UGRD,Anita,Corbitt,,KINE,2350,4,98,11,5,3,0,0,0,0,1,0,0,118
2025 - 2026,2025 Fall,UGRD,UGRD,Ann,Amuta-Jimenez,,KINE,2350,5,52,32,15,5,9,0,0,2,3,0,0,118
2025 - 2026,2025 Fall,UGRD,UGRD,Lauren,Perez,,KINE,2350,6,76,20,14,1,4,0,0,4,0,0,0,119
2025 - 2026,2025 Fall,UGRD,UGRD,Lindsi,Smith,,KINE,2350,500,63,13,6,1,2,0,0,0,3,0,0,88
2025 - 2026,2025 Fall,UGRD,UGRD,Lindsi,Smith,,KINE,2350,501,59,13,1,1,3,0,0,0,1,0,0,78
2025 - 2026,2025 Fall,UGRD,UGRD,Tyler,Garner,,KINE,3300,1,22,31,10,4,11,0,0,0,5,0,0,83
2025 - 2026,2025 Fall,UGRD,UGRD,Tyler,Garner,,KINE,3302,2,94,19,2,1,2,0,0,0,1,0,0,119
2025 - 2026,2025 Fall,UGRD,UGRD,Abu,Yilla,,KINE,3304,1,13,2,0,1,0,0,0,0,0,0,0,16
2025 - 2026,2025 Fall,UGRD,UGRD,Abu,Yilla,,KINE,3307,1,26,13,0,0,0,0,0,0,0,0,0,39
2025 - 2026,2025 Fall,UGRD,UGRD,Larry,Nelson,,KINE,3313,1,8,0,1,0,1,0,0,0,0,0,0,10
2025 - 2026,2025 Fall,UGRD,UGRD,Abu,Yilla,,KINE,3325,1,66,13,1,0,0,0,0,0,0,0,0,80
2025 - 2026,2025 Fall,UGRD,UGRD,Brandie,Green,,KINE,3350,1,36,28,10,4,0,0,0,0,1,0,0,79
2025 - 2026,2025 Fall,UGRD,UGRD,Brandie,Green,,KINE,3350,500,43,39,12,2,4,0,0,0,4,0,0,104
2025 - 2026,2025 Fall,UGRD,UGRD,Ziyad,Ben Taleb,,KINE,3352,1,46,7,6,0,0,0,0,0,0,0,0,59
2025 - 2026,2025 Fall,UGRD,UGRD,Lisa,Sheppard-Goodlett,,KINE,3352,500,13,28,9,3,0,0,0,0,1,0,0,54
2025 - 2026,2025 Fall,UGRD,UGRD,Erin,Carlson,,KINE,3353,1,62,14,6,2,0,0,0,0,0,0,0,84
2025 - 2026,2025 Fall,UGRD,UGRD,Lisa,Sheppard-Goodlett,,KINE,3353,500,31,34,13,4,3,0,0,0,4,0,0,89
2025 - 2026,2025 Fall,UGRD,UGRD,Stephanie,Spohr,,KINE,3355,500,111,36,15,1,5,0,0,0,5,0,0,173
2025 - 2026,2025 Fall,UGRD,UGRD,Tyler,Garner,,KINE,3357,500,36,4,0,1,1,0,0,0,0,0,0,42
2025 - 2026,2025 Fall,UGRD,UGRD,Anita,Corbitt,,KINE,3358,1,75,6,1,0,1,0,0,0,0,0,0,83
2025 - 2026,2025 Fall,UGRD,UGRD,Brandie,Green,,KINE,3358,500,31,13,1,1,0,0,0,0,1,0,0,47
2025 - 2026,2025 Fall,UGRD,UGRD,Alison,White,,KINE,3388,1,5,9,14,4,2,0,0,0,0,0,0,34
2025 - 2026,2025 Fall,UGRD,UGRD,Mark,Ricard,,KINE,3401,1,21,19,35,0,2,0,0,0,1,0,0,78
2025 - 2026,2025 Fall,UGRD,UGRD,Daniel,Trott,,KINE,3415,2,60,30,9,0,1,0,0,0,0,0,0,100
2025 - 2026,2025 Fall,UGRD,UGRD,Xiangli,Gu,,KINE,4317,1,45,8,0,0,0,0,0,0,0,0,0,53
2025 - 2026,2025 Fall,UGRD,UGRD,Larry,Nelson,,KINE,4320,1,4,5,0,0,0,0,0,0,0,0,0,9
2025 - 2026,2025 Fall,UGRD,UGRD,Shikha,Prashad,,KINE,4323,1,26,17,10,1,1,0,0,0,0,0,0,55
2025 - 2026,2025 Fall,UGRD,UGRD,Jeremy,Roden,,KINE,4329,1,3,9,13,1,0,0,0,0,0,0,0,26
2025 - 2026,2025 Fall,UGRD,UGRD,Rebecca,Garner,,KINE,4330,1,26,9,1,0,0,0,0,0,0,0,0,36
2025 - 2026,2025 Fall,UGRD,UGRD,Abu,Yilla,,KINE,4331,1,31,4,0,0,0,0,0,0,0,0,0,35
2025 - 2026,2025 Fall,UGRD,UGRD,Anita,Corbitt,,KINE,4349,1,26,0,0,0,0,0,0,0,1,0,0,27
2025 - 2026,2025 Fall,UGRD,UGRD,Anita,Corbitt,,KINE,4349,500,19,6,2,0,0,0,0,0,0,0,0,27
2025 - 2026,2025 Fall,UGRD,UGRD,Laura,Phipps,,KINE,4351,1,36,8,5,0,1,0,0,0,1,0,0,51
2025 - 2026,2025 Fall,UGRD,UGRD,Lindsi,Smith,,KINE,4351,500,47,11,3,1,3,0,0,0,0,0,0,65
2025 - 2026,2025 Fall,UGRD,UGRD,Tiffany,Kindratt,,KINE,4352,1,46,3,3,1,0,0,0,0,0,0,0,53
2025 - 2026,2025 Fall,UGRD,UGRD,Joy,Jackson,,KINE,4352,500,41,3,0,0,0,0,0,0,0,0,0,44
2025 - 2026,2025 Fall,UGRD,UGRD,Laura,Phipps,,KINE,4353,1,27,14,3,1,1,0,0,0,1,0,0,47
2025 - 2026,2025 Fall,UGRD,UGRD,Stephanie,Spohr,,KINE,4353,500,15,14,3,1,0,0,0,1,0,0,0,34
2025 - 2026,2025 Fall,UGRD,UGRD,Yue,Liao,,KINE,4354,1,32,3,0,0,0,0,0,0,0,0,0,35
2025 - 2026,2025 Fall,UGRD,UGRD,Alexis,Washington,,KINE,4354,500,39,5,1,0,0,0,0,0,0,0,0,45
2025 - 2026,2025 Fall,UGRD,UGRD,Rebecca,Garner,,KINE,4357,1,44,9,2,0,2,0,0,0,0,0,0,57
2025 - 2026,2025 Fall,UGRD,UGRD,Megan,Wesley,,KINE,4357,500,31,8,2,0,0,0,0,1,1,0,0,43
2025 - 2026,2025 Fall,UGRD,UGRD,Lindsi,Smith,,KINE,4358,500,61,6,2,0,0,0,0,0,2,0,0,71
2025 - 2026,2025 Fall,UGRD,UGRD,Brandie,Green,,KINE,4359,1,11,2,2,0,1,0,0,0,0,0,0,16
2025 - 2026,2025 Fall,UGRD,UGRD,Brandie,Green,,KINE,4359,2,18,1,0,0,1,0,0,0,0,0,0,20
2025 - 2026,2025 Fall,UGRD,UGRD,Brandie,Green,,KINE,4359,500,30,10,4,1,0,0,0,1,0,0,0,46
2025 - 2026,2025 Fall,UGRD,UGRD,Denise,Hernandez,,KINE,4396,2,7,0,1,0,0,0,0,0,0,0,0,8
2025 - 2026,2025 Fall,UGRD,UGRD,Judy,Wilson,,KINE,4400,1,9,14,4,0,0,0,0,0,0,0,0,27
2025 - 2026,2025 Fall,UGRD,UGRD,Brad,Heddins,,KINE,4415,1,17,15,4,0,0,0,0,0,0,0,0,36
2025 - 2026,2025 Fall,UGRD,UGRD,Xiangli,Gu,,KINE,4420,1,18,1,0,0,0,0,0,0,0,0,0,19
2025 - 2026,2025 Fall,UGRD,UGRD,Brad,Heddins,,KINE,4490,1,38,0,0,0,0,0,0,0,0,0,0,38
2025 - 2026,2025 Fall,UGRD,UGRD,Brad,Heddins,,KINE,4491,1,19,0,0,0,0,0,0,0,0,0,0,19
2025 - 2026,2025 Fall,UGRD,GRAD,Adam,Annaccone,,KINE,5121,1,25,0,0,0,0,0,0,0,0,0,0,25
2025 - 2026,2025 Fall,UGRD,GRAD,Adam,Annaccone,,KINE,5122,2,23,2,0,0,0,0,0,0,0,0,0,25
2025 - 2026,2025 Fall,UGRD,GRAD,Adam,Annaccone,,KINE,5221,1,25,0,0,0,0,0,0,0,0,0,0,25
2025 - 2026,2025 Fall,UGRD,GRAD,Meredith,Decker,,KINE,5321,1,10,15,0,0,0,0,0,0,0,0,0,25
2025 - 2026,2025 Fall,UGRD,GRAD,Laura,Kunkel,,KINE,5332,1,22,3,0,0,0,0,0,0,0,0,0,25
2025 - 2026,2025 Fall,UGRD,UGRD,Hyuna,Choi,,KORE,1441,1,11,6,5,0,1,0,0,0,1,0,0,24
2025 - 2026,2025 Fall,UGRD,UGRD,Yeon Mi,Choi,,KORE,1441,2,8,5,1,1,1,0,0,0,2,0,0,18
2025 - 2026,2025 Fall,UGRD,UGRD,Yeon Mi,Choi,,KORE,1441,4,6,10,3,0,2,0,0,0,2,0,0,23
2025 - 2026,2025 Fall,UGRD,UGRD,Hyuna,Choi,,KORE,1442,2,8,4,1,0,0,0,0,0,4,0,0,17
2025 - 2026,2025 Fall,UGRD,UGRD,Sok Ju,Kim,,KORE,2310,1,16,6,0,0,2,0,0,1,0,0,0,25
2025 - 2026,2025 Fall,UGRD,UGRD,Yeon Mi,Choi,,KORE,2313,2,7,3,3,1,1,0,0,0,1,0,0,16
2025 - 2026,2025 Fall,UGRD,UGRD,Hyuna,Choi,,KORE,2314,1,3,5,2,0,0,0,0,0,0,0,0,10
2025 - 2026,2025 Fall,UGRD,UGRD,Sok Ju,Kim,,KORE,3303,1,16,7,0,0,3,0,0,0,0,0,0,26
2025 - 2026,2025 Fall,UGRD,UGRD,Samuel,Smith,,KORE,3310,1,10,0,0,0,0,0,0,0,1,0,0,11
2025 - 2026,2025 Fall,UGRD,UGRD,Sok Ju,Kim,,KORE,4321,1,14,3,1,0,0,0,0,0,0,0,0,18
2025 - 2026,2025 Fall,UGRD,UGRD,Samuel,Smith,,KORE,4334,1,5,3,0,0,0,0,0,0,0,0,0,8
2025 - 2026,2025 Fall,UGRD,UGRD,Elnaz,Chitsazzadeh,,LARC,4300,1,24,4,0,0,0,0,0,0,0,0,0,28
2025 - 2026,2025 Fall,UGRD,UGRD,Diane,Allen,,LARC,4301,1,8,1,0,0,0,0,0,0,0,0,0,9
2025 - 2026,2025 Fall,UGRD,UGRD,Austin,Allen,,LARC,4312,1,6,1,0,0,0,0,0,0,0,0,0,7
2025 - 2026,2025 Fall,UGRD,UGRD,Lorie,Kinler,,LARC,4324,1,9,1,0,0,0,0,0,0,0,0,0,10
2025 - 2026,2025 Fall,UGRD,UGRD,Naoko,Witzel,,LING,2301,1,11,6,0,0,2,0,0,0,0,0,0,19
2025 - 2026,2025 Fall,UGRD,UGRD,Daniel,Scarpace,,LING,2301,3,6,3,3,3,2,0,0,1,0,0,0,18
2025 - 2026,2025 Fall,UGRD,UGRD,Laurel,Stvan,,LING,2301,4,10,4,1,1,1,0,0,0,0,0,0,17
2025 - 2026,2025 Fall,UGRD,UGRD,Duaa,Makhoul,,LING,2371,1,6,7,1,1,1,0,0,0,0,0,0,16
2025 - 2026,2025 Fall,UGRD,UGRD,Marie,Bissell,,LING,2371,2,11,3,1,1,0,0,0,0,0,0,0,16
2025 - 2026,2025 Fall,UGRD,UGRD,Peggy,Semingson,,LING,2371,3,19,7,5,1,3,0,0,1,3,0,0,39
2025 - 2026,2025 Fall,UGRD,UGRD,Danielle,Quaye,,LING,2371,4,15,4,3,1,2,0,0,0,0,0,0,25
2025 - 2026,2025 Fall,UGRD,UGRD,Marie,Bissell,,LING,3301,1,17,4,1,1,2,0,0,0,0,0,0,25
2025 - 2026,2025 Fall,UGRD,UGRD,Catharine,Welch,,LING,3309,1,6,6,5,1,2,0,0,0,0,0,0,20
2025 - 2026,2025 Fall,UGRD,UGRD,Daniel,Scarpace,,LING,3311,1,10,4,7,0,2,0,0,0,2,0,0,25
2025 - 2026,2025 Fall,UGRD,UGRD,Ivy,Hauser,,LING,3330,1,13,5,4,1,1,0,0,0,0,0,0,24
2025 - 2026,2025 Fall,UGRD,UGRD,Joseph,Sabbagh,,LING,4303,1,8,4,1,0,1,0,0,0,0,0,0,14
2025 - 2026,2025 Fall,UGRD,UGRD,Naoko,Witzel,,LING,4327,1,16,4,2,0,2,0,0,0,0,0,0,24
2025 - 2026,2025 Fall,UGRD,UGRD,Daniel,Scarpace,,LING,4353,1,6,0,1,0,1,0,0,0,1,0,0,9
2025 - 2026,2025 Fall,UGRD,UGRD,Catharine,Welch,,LING,4395,1,5,0,2,0,0,0,0,0,0,0,0,7
2025 - 2026,2025 Fall,UGRD,GRAD,Catharine,Welch,,LING,5316,1,4,0,0,0,0,0,0,0,0,0,0,4
2025 - 2026,2025 Fall,UGRD,UGRD,Brenda,Jacks,,LIST,4343,1,16,3,1,0,0,0,0,0,1,0,0,21
2025 - 2026,2025 Fall,UGRD,UGRD,Kathleen,Tice,,LIST,4373,1,26,10,6,0,0,0,0,0,0,0,0,42
2025 - 2026,2025 Fall,UGRD,UGRD,Kathleen,Tice,,LIST,4374,1,25,2,0,0,0,0,0,0,0,0,0,27
2025 - 2026,2025 Fall,UGRD,UGRD,Kathleen,Tice,,LIST,4376,1,17,0,0,0,0,0,0,0,0,0,0,17
2025 - 2026,2025 Fall,UGRD,UGRD,Correy,Retzloff,,LSHP,2302,15,23,11,1,0,0,0,0,0,0,0,0,35
2025 - 2026,2025 Fall,UGRD,UGRD,Dragos,Dancila,,MAE,1106,1,12,6,0,1,1,0,0,0,0,0,0,20
2025 - 2026,2025 Fall,UGRD,UGRD,Dragos,Dancila,,MAE,1106,2,12,2,3,0,1,0,0,0,2,0,0,20
2025 - 2026,2025 Fall,UGRD,UGRD,Dragos,Dancila,,MAE,1106,3,8,5,2,0,4,0,0,0,0,0,0,19
2025 - 2026,2025 Fall,UGRD,UGRD,Dragos,Dancila,,MAE,1106,4,9,2,2,3,4,0,0,0,0,0,0,20
2025 - 2026,2025 Fall,UGRD,UGRD,Dragos,Dancila,,MAE,1106,5,11,1,0,0,4,0,0,1,3,0,0,20
2025 - 2026,2025 Fall,UGRD,UGRD,Dragos,Dancila,,MAE,1106,6,7,3,3,1,4,0,0,0,2,0,0,20
2025 - 2026,2025 Fall,UGRD,UGRD,Dragos,Dancila,,MAE,1106,7,9,5,2,1,2,0,0,0,1,0,0,20
2025 - 2026,2025 Fall,UGRD,UGRD,Dragos,Dancila,,MAE,1106,8,4,1,2,2,3,0,0,0,7,0,0,19
2025 - 2026,2025 Fall,UGRD,UGRD,Dragos,Dancila,,MAE,1106,9,6,2,1,3,3,0,0,2,3,0,0,20
2025 - 2026,2025 Fall,UGRD,UGRD,Dragos,Dancila,,MAE,1106,10,9,2,2,1,2,0,0,1,3,0,0,20
2025 - 2026,2025 Fall,UGRD,UGRD,Miguel,Amaya,,MAE,1107,1,33,5,0,0,1,0,0,0,0,0,0,39
2025 - 2026,2025 Fall,UGRD,UGRD,Miguel,Amaya,,MAE,1107,2,24,13,0,0,0,0,0,0,1,0,0,38
2025 - 2026,2025 Fall,UGRD,UGRD,Miguel,Amaya,,MAE,1107,3,35,4,1,0,0,0,0,0,0,0,0,40
2025 - 2026,2025 Fall,UGRD,UGRD,Miguel,Amaya,,MAE,1107,4,33,4,1,0,0,0,0,0,1,0,0,39
2025 - 2026,2025 Fall,UGRD,UGRD,Miguel,Amaya,,MAE,1107,5,31,6,0,0,1,0,0,0,1,0,0,39
2025 - 2026,2025 Fall,UGRD,UGRD,Miguel,Amaya,,MAE,1107,6,32,4,3,1,0,0,0,0,0,0,0,40
2025 - 2026,2025 Fall,UGRD,UGRD,David,Ewing,,MAE,1140,1,15,25,14,11,8,0,0,0,3,0,0,76
2025 - 2026,2025 Fall,UGRD,UGRD,David,Ewing,,MAE,1140,2,7,19,19,4,7,0,0,2,5,0,0,63
2025 - 2026,2025 Fall,UGRD,UGRD,David,Ewing,,MAE,1140,3,13,23,13,8,4,0,0,2,2,0,0,65
2025 - 2026,2025 Fall,UGRD,UGRD,Ian,Maynard,David Ewing,MAE,1140,4,16,11,17,8,8,0,0,1,2,0,0,63
2025 - 2026,2025 Fall,UGRD,UGRD,Ian,Maynard,David Ewing,MAE,1140,5,24,11,13,4,10,0,0,1,2,0,0,65
2025 - 2026,2025 Fall,UGRD,UGRD,Xin,Liu,,MAE,1312,1,21,28,13,1,6,0,0,0,2,0,0,71
2025 - 2026,2025 Fall,UGRD,UGRD,Paul,Davidson,,MAE,1312,2,7,29,21,6,3,0,0,0,3,0,0,69
2025 - 2026,2025 Fall,UGRD,UGRD,Bo,Wang,,MAE,1312,3,1,28,19,5,12,0,0,1,6,0,0,72
2025 - 2026,2025 Fall,UGRD,UGRD,Raul,Fernandez,,MAE,1351,1,7,27,27,41,0,0,0,1,20,0,0,123
2025 - 2026,2025 Fall,UGRD,UGRD,Raul,Fernandez,,MAE,1351,2,10,36,30,32,1,0,0,1,14,0,0,124
2025 - 2026,2025 Fall,UGRD,UGRD,Raul,Fernandez,,MAE,1351,3,10,29,38,35,0,0,0,2,12,0,0,126
2025 - 2026,2025 Fall,UGRD,UGRD,Robert,Woods,,MAE,2010,1,0,0,0,0,0,0,6,0,0,0,0,6
2025 - 2026,2025 Fall,UGRD,UGRD,Md Rassel,Raihan,,MAE,2312,1,6,24,13,1,0,0,0,0,5,0,0,49
2025 - 2026,2025 Fall,UGRD,UGRD,Xin,Liu,,MAE,2312,2,3,13,16,1,4,0,0,1,1,0,0,39
2025 - 2026,2025 Fall,UGRD,UGRD,Catherine,Kilmain,,MAE,2312,3,10,21,10,1,0,0,0,1,4,0,0,47
2025 - 2026,2025 Fall,UGRD,UGRD,Alan,Bowling,Bo Wang,MAE,2323,1,4,16,11,4,8,0,0,3,10,0,0,56
2025 - 2026,2025 Fall,UGRD,UGRD,Bo,Wang,Alan Bowling,MAE,2323,2,6,9,8,3,5,0,0,2,13,0,0,46
2025 - 2026,2025 Fall,UGRD,UGRD,Shuo,Wang,,MAE,2360,1,46,37,17,7,5,0,0,2,5,0,0,119
2025 - 2026,2025 Fall,UGRD,UGRD,Cheng,Luo,,MAE,2360,4,102,23,6,2,2,0,0,1,6,0,0,142
2025 - 2026,2025 Fall,UGRD,UGRD,Aaron,Ameri,,MAE,2381,1,16,36,19,2,1,0,0,1,2,0,0,77
2025 - 2026,2025 Fall,UGRD,UGRD,Aaron,Ameri,,MAE,2381,5,15,30,24,5,0,0,0,1,2,0,0,77
2025 - 2026,2025 Fall,UGRD,UGRD,Dragos,Dancila,,MAE,3181,1,11,4,1,0,0,0,0,0,0,0,0,16
2025 - 2026,2025 Fall,UGRD,UGRD,Dragos,Dancila,,MAE,3181,2,11,3,0,0,0,0,0,0,2,0,0,16
2025 - 2026,2025 Fall,UGRD,UGRD,Dragos,Dancila,,MAE,3181,3,11,2,1,0,0,0,0,1,1,0,0,16
2025 - 2026,2025 Fall,UGRD,UGRD,Dragos,Dancila,,MAE,3181,4,9,4,1,0,0,0,0,0,2,0,0,16
2025 - 2026,2025 Fall,UGRD,UGRD,Dragos,Dancila,,MAE,3181,5,7,7,0,0,0,0,0,0,2,0,0,16
2025 - 2026,2025 Fall,UGRD,UGRD,Dragos,Dancila,,MAE,3181,6,12,2,1,0,0,0,0,0,1,0,0,16
2025 - 2026,2025 Fall,UGRD,UGRD,Vijay,Gopal,,MAE,3182,3,2,6,2,1,0,0,0,1,3,0,0,15
2025 - 2026,2025 Fall,UGRD,UGRD,Vijay,Gopal,,MAE,3182,4,4,6,6,1,1,0,0,0,6,0,0,24
2025 - 2026,2025 Fall,UGRD,UGRD,Thomas,Allsup,,MAE,3183,1,12,4,0,0,0,0,0,0,0,0,0,16
2025 - 2026,2025 Fall,UGRD,UGRD,Thomas,Allsup,,MAE,3183,2,13,3,0,0,0,0,0,0,0,0,0,16
2025 - 2026,2025 Fall,UGRD,UGRD,Thomas,Allsup,,MAE,3183,3,9,7,0,0,0,0,0,0,0,0,0,16
2025 - 2026,2025 Fall,UGRD,UGRD,Thomas,Allsup,,MAE,3185,1,11,8,0,1,0,0,0,1,0,0,0,21
2025 - 2026,2025 Fall,UGRD,UGRD,Thomas,Allsup,,MAE,3185,2,27,7,1,0,0,0,0,0,0,0,0,35
2025 - 2026,2025 Fall,UGRD,UGRD,Thomas,Allsup,,MAE,3185,3,27,4,1,0,0,0,0,0,0,0,0,32
2025 - 2026,2025 Fall,UGRD,UGRD,Yawen,Wang,,MAE,3242,1,31,21,2,0,0,0,0,0,0,0,0,54
2025 - 2026,2025 Fall,UGRD,UGRD,Liwei,Zhang,,MAE,3301,1,6,10,12,5,7,0,0,1,7,0,0,48
2025 - 2026,2025 Fall,UGRD,UGRD,Brian,Dennis,,MAE,3302,1,9,14,13,4,1,0,0,2,3,0,0,46
2025 - 2026,2025 Fall,UGRD,UGRD,Zhen Xue,Han,,MAE,3303,1,2,14,23,4,1,0,0,1,3,0,0,48
2025 - 2026,2025 Fall,UGRD,UGRD,Kamesh,Subbarao,,MAE,3304,1,8,11,17,6,3,0,0,1,7,0,0,53
2025 - 2026,2025 Fall,UGRD,UGRD,Julio,Benavides,,MAE,3305,1,7,2,1,0,0,0,0,0,0,0,0,10
2025 - 2026,2025 Fall,UGRD,UGRD,Ian,Maynard,,MAE,3306,1,3,26,16,3,0,0,0,0,1,0,0,49
2025 - 2026,2025 Fall,UGRD,UGRD,Julio,Benavides,,MAE,3307,1,15,0,0,0,0,0,0,0,0,0,0,15
2025 - 2026,2025 Fall,UGRD,UGRD,Brian,Dennis,,MAE,3309,1,10,20,13,4,6,0,0,2,4,0,0,59
2025 - 2026,2025 Fall,UGRD,UGRD,Qianru,Jia,,MAE,3309,1,10,20,13,4,6,0,0,2,4,0,0,59
2025 - 2026,2025 Fall,UGRD,UGRD,Sunand,Santhanagopalan,,MAE,3310,1,15,22,15,5,6,0,0,1,6,0,0,70
2025 - 2026,2025 Fall,UGRD,UGRD,Sneha,Vanga,,MAE,3310,2,18,26,18,4,0,0,0,0,2,0,0,68
2025 - 2026,2025 Fall,UGRD,UGRD,Sneha,Vanga,,MAE,3311,1,5,9,7,0,2,0,0,0,3,0,0,26
2025 - 2026,2025 Fall,UGRD,UGRD,Dereje,Agonafer,,MAE,3311,2,37,0,0,0,0,0,0,0,1,0,0,38
2025 - 2026,2025 Fall,UGRD,UGRD,Sneha,Vanga,,MAE,3313,1,25,24,2,3,0,0,0,1,0,0,0,55
2025 - 2026,2025 Fall,UGRD,UGRD,Sunand,Santhanagopalan,,MAE,3314,1,26,37,15,3,2,0,0,0,0,0,0,83
2025 - 2026,2025 Fall,UGRD,UGRD,Catherine,Kilmain,,MAE,3315,1,21,15,10,3,1,0,0,0,4,0,0,54
2025 - 2026,2025 Fall,UGRD,UGRD,Daejong,Kim,,MAE,3318,1,28,16,13,5,3,0,0,1,6,0,0,72
2025 - 2026,2025 Fall,UGRD,UGRD,Robert,Woods,,MAE,3319,1,32,27,9,0,0,0,0,0,1,0,0,69
2025 - 2026,2025 Fall,UGRD,UGRD,Nancy,Michael,,MAE,3324,1,8,22,10,4,5,0,0,0,9,0,0,58
2025 - 2026,2025 Fall,UGRD,UGRD,Nancy,Michael,,MAE,3324,2,10,24,19,8,1,0,0,1,6,0,0,69
2025 - 2026,2025 Fall,UGRD,UGRD,Sunand,Santhanagopalan,,MAE,3344,1,24,11,3,0,1,0,0,0,1,0,0,40
2025 - 2026,2025 Fall,UGRD,UGRD,Cheng,Luo,,MAE,3360,1,36,22,4,1,1,0,0,1,5,0,0,70
2025 - 2026,2025 Fall,UGRD,UGRD,David,Hullender,,MAE,3360,2,3,6,7,11,11,0,0,1,20,0,0,59
2025 - 2026,2025 Fall,UGRD,UGRD,Julio,Benavides,,MAE,3405,1,10,9,0,0,0,0,0,1,0,0,0,20
2025 - 2026,2025 Fall,UGRD,UGRD,Bernd,Chudoba,,MAE,4151,1,2,4,5,0,2,0,0,1,0,0,0,14
2025 - 2026,2025 Fall,UGRD,UGRD,Raul,Fernandez,,MAE,4287,1,66,2,1,0,0,0,0,0,0,0,0,69
2025 - 2026,2025 Fall,UGRD,UGRD,Alan,Bowling,,MAE,4301,2,2,4,0,0,0,0,0,0,0,0,0,6
2025 - 2026,2025 Fall,UGRD,UGRD,Raul,Fernandez,,MAE,4301,100,3,24,15,6,0,0,0,0,2,0,0,50
2025 - 2026,2025 Fall,UGRD,UGRD,David,Hullender,,MAE,4310,1,4,9,20,4,6,0,0,1,8,0,0,52
2025 - 2026,2025 Fall,UGRD,UGRD,Dragos,Dancila,,MAE,4314,1,7,14,8,3,2,0,0,2,1,0,0,37
2025 - 2026,2025 Fall,UGRD,UGRD,Sneha,Vanga,,MAE,4321,1,21,17,4,1,0,0,0,0,0,0,0,43
2025 - 2026,2025 Fall,UGRD,UGRD,Robert,Taylor,,MAE,4329,1,10,13,1,0,0,0,0,0,1,0,0,25
2025 - 2026,2025 Fall,UGRD,UGRD,Ratan,Kumar,,MAE,4342,1,19,24,10,1,3,0,0,0,1,0,0,58
2025 - 2026,2025 Fall,UGRD,UGRD,Shiyao,Lin,,MAE,4344,1,20,34,6,0,1,0,0,0,1,0,0,62
2025 - 2026,2025 Fall,UGRD,UGRD,Bernd,Chudoba,,MAE,4350,1,0,4,14,1,2,0,0,2,3,0,0,26
2025 - 2026,2025 Fall,UGRD,UGRD,Brian,Huff,Animesh Chakravarthy,MAE,4378,1,12,18,4,0,0,0,0,0,2,0,0,36
2025 - 2026,2025 Fall,UGRD,UGRD,Marvin,Brittingham,,MANA,1301,1,23,54,18,6,6,0,0,4,3,0,0,114
2025 - 2026,2025 Fall,UGRD,UGRD,Marvin,Brittingham,,MANA,1301,2,18,56,24,8,4,0,0,1,0,0,0,111
2025 - 2026,2025 Fall,UGRD,UGRD,Marvin,Brittingham,,MANA,1301,3,17,43,14,3,0,0,0,0,0,0,0,77
2025 - 2026,2025 Fall,UGRD,UGRD,Marvin,Brittingham,,MANA,1301,4,20,52,27,3,4,0,0,3,3,0,0,112
2025 - 2026,2025 Fall,UGRD,UGRD,David,Shurtleff,,MANA,1301,5,11,52,27,7,5,0,0,1,7,0,0,110
2025 - 2026,2025 Fall,UGRD,UGRD,David,Shurtleff,,MANA,1301,6,7,44,33,8,13,0,0,0,4,0,0,109
2025 - 2026,2025 Fall,UGRD,UGRD,David,Shurtleff,,MANA,1301,7,5,55,25,8,11,0,0,1,5,0,0,110
2025 - 2026,2025 Fall,UGRD,UGRD,David,Shurtleff,,MANA,1301,8,9,58,33,1,9,0,0,1,3,0,0,114
2025 - 2026,2025 Fall,UGRD,UGRD,Mark,Clark,,MANA,1301,9,26,48,13,5,6,0,0,1,13,0,0,112
2025 - 2026,2025 Fall,UGRD,UGRD,Mark,Clark,,MANA,1301,10,32,43,13,2,5,0,0,3,12,0,0,110
2025 - 2026,2025 Fall,UGRD,UGRD,Marvin,Brittingham,,MANA,1301,15,11,16,3,0,0,0,0,0,0,0,0,30
2025 - 2026,2025 Fall,UGRD,UGRD,Correy,Retzloff,,MANA,2302,1,0,8,6,1,1,0,0,0,1,0,0,17
2025 - 2026,2025 Fall,UGRD,UGRD,David,Arena,,MANA,3318,1,55,113,32,6,2,0,0,2,2,0,0,212
2025 - 2026,2025 Fall,UGRD,UGRD,David,Arena,,MANA,3318,2,47,104,47,7,4,0,0,2,2,0,0,213
2025 - 2026,2025 Fall,UGRD,UGRD,Ariane,Froidevaux,,MANA,3318,3,48,62,31,2,0,0,0,0,1,0,0,144
2025 - 2026,2025 Fall,UGRD,UGRD,Ariane,Froidevaux,,MANA,3318,4,29,60,37,10,2,0,0,1,1,0,0,140
2025 - 2026,2025 Fall,UGRD,UGRD,Cynthia,St John,,MANA,3318,5,25,1,1,0,0,0,0,0,0,0,0,27
2025 - 2026,2025 Fall,UGRD,UGRD,Lori,Ramirez,,MANA,3318,6,8,22,6,2,1,0,0,0,0,0,0,39
2025 - 2026,2025 Fall,UGRD,UGRD,Anna-Lisa,Leefers,,MANA,3318,7,3,9,13,4,6,0,0,0,5,0,0,40
2025 - 2026,2025 Fall,UGRD,UGRD,Oyinkansola Oreoluwa,Sodiya,,MANA,3318,8,7,19,11,1,1,0,0,0,1,0,0,40
2025 - 2026,2025 Fall,UGRD,UGRD,Thomas,Brill,,MANA,3319,1,4,7,4,0,0,0,0,0,2,0,0,17
2025 - 2026,2025 Fall,UGRD,UGRD,Thomas,Brill,,MANA,3319,2,8,28,12,0,0,0,0,0,1,0,0,49
2025 - 2026,2025 Fall,UGRD,UGRD,Oyinkansola Oreoluwa,Sodiya,,MANA,3319,3,15,15,5,0,0,0,0,0,0,0,0,35
2025 - 2026,2025 Fall,UGRD,UGRD,Patricia,Parham,,MANA,3319,5,3,5,4,0,1,0,0,0,1,0,0,14
2025 - 2026,2025 Fall,UGRD,UGRD,Patricia,Parham,,MANA,3319,6,13,22,4,0,0,0,0,0,0,0,0,39
2025 - 2026,2025 Fall,UGRD,UGRD,Abdul,Rasheed,,MANA,4321,1,18,22,8,2,0,0,0,0,3,0,0,53
2025 - 2026,2025 Fall,UGRD,UGRD,Reinhard,Janson,,MANA,4321,2,10,26,5,1,0,0,0,0,0,0,0,42
2025 - 2026,2025 Fall,UGRD,UGRD,Angie Lorena,Cabrera Uribe,,MANA,4322,1,18,23,8,0,0,0,0,0,0,0,0,49
2025 - 2026,2025 Fall,UGRD,UGRD,Rick,Nordtvedt,,MANA,4322,2,11,23,12,1,0,0,0,0,0,0,0,47
2025 - 2026,2025 Fall,UGRD,UGRD,Rick,Nordtvedt,,MANA,4322,3,9,18,18,1,1,0,0,0,0,0,0,47
2025 - 2026,2025 Fall,UGRD,UGRD,Reinhard,Janson,,MANA,4322,5,11,23,16,0,0,0,0,0,0,0,0,50
2025 - 2026,2025 Fall,UGRD,UGRD,Reinhard,Janson,,MANA,4322,6,6,23,20,1,0,0,0,0,0,0,0,50
2025 - 2026,2025 Fall,UGRD,UGRD,Courtney,Hart,,MANA,4322,8,39,9,1,0,0,0,0,0,0,0,0,49
2025 - 2026,2025 Fall,UGRD,UGRD,Courtney,Hart,,MANA,4322,9,27,19,2,0,0,0,0,0,0,0,0,48
2025 - 2026,2025 Fall,UGRD,UGRD,Diego,Villalpando de la Garza Evia,,MANA,4322,11,29,22,0,0,0,0,0,0,0,0,0,51
2025 - 2026,2025 Fall,UGRD,UGRD,Mark,Clark,,MANA,4322,12,15,16,3,0,0,0,0,0,1,0,0,35
2025 - 2026,2025 Fall,UGRD,UGRD,Jeffrey,McGee,,MANA,4322,15,14,14,0,0,0,0,0,0,0,0,0,28
2025 - 2026,2025 Fall,UGRD,UGRD,Lori,Ramirez,,MANA,4325,2,8,19,8,0,0,0,0,0,0,0,0,35
2025 - 2026,2025 Fall,UGRD,UGRD,Anna-Lisa,Leefers,,MANA,4325,3,14,15,3,1,0,0,0,0,0,0,0,33
2025 - 2026,2025 Fall,UGRD,UGRD,Faye,Cocchiara,,MANA,4326,1,4,28,12,1,1,0,0,0,2,0,0,48
2025 - 2026,2025 Fall,UGRD,UGRD,Kenyatta,Dawson,,MANA,4326,2,55,1,3,0,1,0,0,0,1,0,0,61
2025 - 2026,2025 Fall,UGRD,UGRD,Kenyatta,Dawson,,MANA,4326,3,57,3,1,0,0,0,0,0,1,0,0,62
2025 - 2026,2025 Fall,UGRD,UGRD,Jade,Walker,,MANA,4326,4,34,8,5,0,1,0,0,0,0,0,0,48
2025 - 2026,2025 Fall,UGRD,UGRD,Kenyatta,Dawson,,MANA,4326,5,55,0,3,1,2,0,0,0,1,0,0,62
2025 - 2026,2025 Fall,UGRD,UGRD,Faye,Cocchiara,,MANA,4326,6,20,34,1,2,0,0,0,1,1,0,0,59
2025 - 2026,2025 Fall,UGRD,UGRD,Alison,Birch,,MANA,4330,1,23,21,1,0,0,0,0,0,0,0,0,45
2025 - 2026,2025 Fall,UGRD,UGRD,Thomas,Graca,,MANA,4340,1,3,13,0,0,0,0,0,0,0,0,0,16
2025 - 2026,2025 Fall,UGRD,UGRD,Mark,Clark,,MANA,4341,1,21,21,2,0,0,0,0,0,3,0,0,47
2025 - 2026,2025 Fall,UGRD,UGRD,Lesley,Regalado,,MANA,4390,2,21,6,1,0,0,0,0,0,1,0,0,29
2025 - 2026,2025 Fall,UGRD,UGRD,Adwait,Khare,,MARK,3321,1,18,23,21,5,3,0,0,0,2,0,0,72
2025 - 2026,2025 Fall,UGRD,UGRD,Jacqueline,Chung,,MARK,3321,2,16,35,13,5,1,0,0,0,1,0,0,71
2025 - 2026,2025 Fall,UGRD,UGRD,Jacqueline,Chung,,MARK,3321,3,15,25,24,6,1,0,0,0,0,0,0,71
2025 - 2026,2025 Fall,UGRD,UGRD,Ray,McGaughey,,MARK,3321,4,15,15,14,2,1,0,0,2,3,0,0,52
2025 - 2026,2025 Fall,UGRD,UGRD,Adwait,Khare,,MARK,3321,5,19,20,25,3,2,0,0,2,1,0,0,72
2025 - 2026,2025 Fall,UGRD,UGRD,Elten,Briggs,,MARK,3321,6,10,16,26,6,6,0,0,1,6,0,0,71
2025 - 2026,2025 Fall,UGRD,UGRD,Anne,Kurzweg,,MARK,3321,7,10,35,19,5,2,0,0,1,0,0,0,72
2025 - 2026,2025 Fall,UGRD,UGRD,Yiyi,Li,,MARK,3321,8,26,25,15,4,1,0,0,0,1,0,0,72
2025 - 2026,2025 Fall,UGRD,UGRD,Ritesh,Saini,,MARK,3321,11,16,14,26,5,4,0,0,0,6,0,0,71
2025 - 2026,2025 Fall,UGRD,UGRD,Yiyi,Li,,MARK,3321,14,17,35,18,0,2,0,0,0,0,0,0,72
2025 - 2026,2025 Fall,UGRD,UGRD,Lauren,Brewer,,MARK,3321,31,32,34,10,1,0,0,0,0,3,0,0,80
2025 - 2026,2025 Fall,UGRD,UGRD,Michael,Richarme,,MARK,3321,32,14,30,14,7,2,0,0,1,11,0,0,79
2025 - 2026,2025 Fall,UGRD,UGRD,Traci,Freling,,MARK,3321,33,10,32,29,1,2,0,0,1,3,0,0,78
2025 - 2026,2025 Fall,UGRD,UGRD,Gregory,Wicklman,,MARK,3322,1,3,11,4,0,0,0,0,0,3,0,0,21
2025 - 2026,2025 Fall,UGRD,UGRD,Lawrence,Chonko,,MARK,3322,2,7,20,6,1,2,0,0,0,3,0,0,39
2025 - 2026,2025 Fall,UGRD,UGRD,Gregory,Wicklman,,MARK,3322,3,5,7,2,0,0,0,0,0,1,0,0,15
2025 - 2026,2025 Fall,UGRD,UGRD,Traci,Freling,,MARK,3323,1,5,8,5,0,1,0,0,0,0,0,0,19
2025 - 2026,2025 Fall,UGRD,UGRD,Devika,Sharma,,MARK,3324,1,15,25,6,0,2,0,0,0,1,0,0,49
2025 - 2026,2025 Fall,UGRD,UGRD,Traci,Freling,,MARK,3324,2,4,9,4,0,0,0,0,0,0,0,0,17
2025 - 2026,2025 Fall,UGRD,UGRD,Heather,Philip,,MARK,3324,31,12,29,14,4,3,0,0,0,2,0,0,64
2025 - 2026,2025 Fall,UGRD,UGRD,Michael,Richarme,,MARK,3324,32,25,17,11,3,0,0,0,0,6,0,0,62
2025 - 2026,2025 Fall,UGRD,UGRD,Nichole,Santee,,MARK,3370,1,18,19,2,1,5,0,0,0,0,0,0,45
2025 - 2026,2025 Fall,UGRD,UGRD,Nichole,Santee,,MARK,3370,31,22,26,8,3,2,0,0,1,1,0,0,63
2025 - 2026,2025 Fall,UGRD,UGRD,Nichole,Santee,,MARK,3370,32,16,30,15,0,0,0,0,0,2,0,0,63
2025 - 2026,2025 Fall,UGRD,UGRD,Maria,Albrecht,,MARK,3370,33,9,18,6,1,1,0,0,1,0,0,0,36
2025 - 2026,2025 Fall,UGRD,UGRD,Gregory,Wicklman,,MARK,4303,1,5,9,5,0,0,0,0,0,2,0,0,21
2025 - 2026,2025 Fall,UGRD,UGRD,Heather,Philip,,MARK,4310,31,19,24,17,3,1,0,0,0,2,0,0,66
2025 - 2026,2025 Fall,UGRD,UGRD,Heather,Philip,,MARK,4310,32,8,18,15,4,7,0,0,0,6,0,0,58
2025 - 2026,2025 Fall,UGRD,UGRD,Michaela,Mora Suarez,,MARK,4311,1,4,9,7,1,0,0,0,0,0,0,0,21
2025 - 2026,2025 Fall,UGRD,UGRD,Jorge,Martinez Garcia,,MARK,4311,2,7,18,2,1,1,0,0,0,0,0,0,29
2025 - 2026,2025 Fall,UGRD,UGRD,Jorge,Martinez Garcia,,MARK,4311,3,12,24,6,0,0,0,0,1,0,0,0,43
2025 - 2026,2025 Fall,UGRD,UGRD,Alexis,Cook,,MARK,4322,1,20,7,1,0,0,0,0,0,0,0,0,28
2025 - 2026,2025 Fall,UGRD,UGRD,Anne,Kurzweg,,MARK,4322,2,15,30,0,0,0,0,0,0,0,0,0,45
2025 - 2026,2025 Fall,UGRD,UGRD,Anne,Kurzweg,,MARK,4322,3,12,25,1,0,1,0,0,0,0,0,0,39
2025 - 2026,2025 Fall,UGRD,UGRD,Zahra,Babazadeh,,MARK,4325,1,11,11,2,1,0,0,0,0,1,0,0,26
2025 - 2026,2025 Fall,UGRD,UGRD,Anne,Kurzweg,,MARK,4325,31,30,34,4,1,0,0,0,0,0,0,0,69
2025 - 2026,2025 Fall,UGRD,UGRD,Chien,Le,,MARK,4393,1,0,0,0,0,0,0,10,0,0,0,0,10
2025 - 2026,2025 Fall,UGRD,UGRD,Erin,Murrah-Mandril,,MAS,2300,1,20,9,5,0,0,0,0,0,1,0,0,35
2025 - 2026,2025 Fall,UGRD,UGRD,Jose,Ayala-Rodriguez,,MAS,2300,2,19,11,1,4,0,0,0,0,0,0,0,35
2025 - 2026,2025 Fall,UGRD,UGRD,Emmanuel,Carrasco Hernandez,,MAS,4350,7,13,1,0,0,0,0,0,0,0,0,0,14
2025 - 2026,2025 Fall,UGRD,UGRD,Xavier,Vidal,,MAS,4393,1,6,0,0,0,0,0,0,0,0,0,0,6
2025 - 2026,2025 Fall,UGRD,UGRD,Emran,Hossen,,MATH,0101,CO41,0,0,0,0,6,0,33,0,2,0,0,41
2025 - 2026,2025 Fall,UGRD,UGRD,Emily,Jones,,MATH,0102,CO41,0,0,0,0,12,0,22,1,0,0,0,35
2025 - 2026,2025 Fall,UGRD,UGRD,Emran,Hossen,,MATH,0115,CO41,0,0,0,0,5,0,20,3,2,0,0,30
2025 - 2026,2025 Fall,UGRD,UGRD,Jeremy,Glass,,MATH,0311,5C1,0,0,0,0,9,0,16,0,4,1,0,30
2025 - 2026,2025 Fall,UGRD,UGRD,Tequita,Azantilow,,MATH,0311,CO1,0,0,0,0,3,0,47,2,0,3,0,55
2025 - 2026,2025 Fall,UGRD,UGRD,Addison,Silva,,MATH,0311,CO2,0,0,0,0,15,0,27,2,3,4,0,51
2025 - 2026,2025 Fall,UGRD,UGRD,Te'a,Riley,,MATH,0311,CO3,0,0,0,0,3,0,37,1,3,3,0,47
2025 - 2026,2025 Fall,UGRD,UGRD,Deysi,Delgado,,MATH,0312,CO3,0,0,0,0,9,0,18,1,4,6,0,38
2025 - 2026,2025 Fall,UGRD,UGRD,Michelle,Burt,,MATH,0312,CO6,0,0,0,0,16,0,15,0,4,3,0,38
2025 - 2026,2025 Fall,UGRD,UGRD,Michelle,Burt,,MATH,0312,CO8,0,0,0,0,12,0,14,1,5,6,0,38
2025 - 2026,2025 Fall,UGRD,UGRD,Eriberto,Estrada,,MATH,0315,CO1,0,0,0,0,9,0,4,1,2,7,0,23
2025 - 2026,2025 Fall,UGRD,UGRD,Heather,Hewer,,MATH,0315,CO2,0,0,0,0,19,0,21,2,3,4,0,49
2025 - 2026,2025 Fall,UGRD,UGRD,Joseph,Wood,,MATH,1301,1,24,12,10,3,2,0,0,0,4,0,0,55
2025 - 2026,2025 Fall,UGRD,UGRD,Olusola,Dehinsilu,,MATH,1301,2,19,14,13,3,4,0,0,1,1,0,0,55
2025 - 2026,2025 Fall,UGRD,UGRD,Tahani,Altaji,,MATH,1301,3,40,10,3,1,0,0,0,0,0,0,0,54
2025 - 2026,2025 Fall,UGRD,UGRD,Tequita,Azantilow,,MATH,1301,4,26,11,8,3,4,0,0,0,1,0,0,53
2025 - 2026,2025 Fall,UGRD,UGRD,Tequita,Azantilow,,MATH,1301,5,31,14,5,0,4,0,0,1,1,0,0,56
2025 - 2026,2025 Fall,UGRD,UGRD,Ren-Cang,Li,,MATH,1301,6,21,13,13,4,3,0,0,0,2,0,0,56
2025 - 2026,2025 Fall,UGRD,UGRD,Heather,Hewer,,MATH,1301,7,32,11,4,3,4,0,0,0,1,0,0,55
2025 - 2026,2025 Fall,UGRD,UGRD,Mohammad,Murad,,MATH,1301,8,21,14,8,3,5,0,0,1,1,0,0,53
2025 - 2026,2025 Fall,UGRD,UGRD,Don,Wilathgamuwa,,MATH,1301,9,21,8,15,1,5,0,0,4,1,0,0,55
2025 - 2026,2025 Fall,UGRD,UGRD,Julio Cesar,Enciso Alva,,MATH,1301,10,13,14,11,7,9,0,0,0,0,0,0,54
2025 - 2026,2025 Fall,UGRD,UGRD,Olusola,Dehinsilu,,MATH,1301,10,13,14,11,7,9,0,0,0,0,0,0,54
2025 - 2026,2025 Fall,UGRD,UGRD,Don,Wilathgamuwa,,MATH,1301,11,22,18,5,4,3,0,0,0,3,0,0,55
2025 - 2026,2025 Fall,UGRD,UGRD,Tahani,Altaji,,MATH,1301,12,20,15,10,3,5,0,0,0,2,0,0,55
2025 - 2026,2025 Fall,UGRD,UGRD,Joseph,Wood,,MATH,1301,13,27,17,7,1,3,0,0,0,0,0,0,55
2025 - 2026,2025 Fall,UGRD,UGRD,Tequita,Azantilow,,MATH,1301,14,25,16,7,2,3,0,0,1,1,0,0,55
2025 - 2026,2025 Fall,UGRD,UGRD,Deysi,Delgado,,MATH,1301,15,34,11,5,2,2,0,0,1,0,0,0,55
2025 - 2026,2025 Fall,UGRD,UGRD,Joseph,Wood,,MATH,1301,16,24,20,5,0,4,0,0,2,0,0,0,55
2025 - 2026,2025 Fall,UGRD,UGRD,Alice,Lubbe,,MATH,1301,17,23,19,5,2,6,0,0,0,0,0,0,55
2025 - 2026,2025 Fall,UGRD,UGRD,Julio Cesar,Enciso Alva,,MATH,1301,18,14,16,9,7,7,0,0,0,0,0,0,53
2025 - 2026,2025 Fall,UGRD,UGRD,Will,Chen,,MATH,1301,18,14,16,9,7,7,0,0,0,0,0,0,53
2025 - 2026,2025 Fall,UGRD,UGRD,Te'a,Riley,,MATH,1301,19,14,19,12,8,1,0,0,0,0,0,0,54
2025 - 2026,2025 Fall,UGRD,UGRD,Erica,Bajo Calderon,,MATH,1301,20,18,19,6,5,7,0,0,0,0,0,0,55
2025 - 2026,2025 Fall,UGRD,UGRD,Jeremy,Glass,,MATH,1301,88,21,16,6,4,11,0,0,1,4,0,0,63
2025 - 2026,2025 Fall,UGRD,UGRD,Juan,Silva,,MATH,1301,500,57,37,13,6,17,0,0,3,10,0,0,143
2025 - 2026,2025 Fall,UGRD,UGRD,Jeremy,Glass,,MATH,1301,501,18,18,10,1,7,0,0,2,7,0,0,63
2025 - 2026,2025 Fall,UGRD,UGRD,Jeffrey,Tschoepe,,MATH,1301,502,49,40,19,9,23,0,0,2,15,0,0,157
2025 - 2026,2025 Fall,UGRD,UGRD,Jeremy,Glass,,MATH,1301,5C1,3,7,6,1,9,0,0,0,4,0,0,30
2025 - 2026,2025 Fall,UGRD,UGRD,Tequita,Azantilow,,MATH,1301,CO1,10,21,12,4,3,0,0,2,0,3,0,55
2025 - 2026,2025 Fall,UGRD,UGRD,Addison,Silva,,MATH,1301,CO2,6,10,11,1,13,0,0,2,4,4,0,51
2025 - 2026,2025 Fall,UGRD,UGRD,Te'a,Riley,,MATH,1301,CO3,5,15,11,6,3,0,0,1,3,3,0,47
2025 - 2026,2025 Fall,UGRD,UGRD,Emran,Hossen,,MATH,1301,CO41,8,7,14,4,6,0,0,0,2,0,0,41
2025 - 2026,2025 Fall,UGRD,UGRD,Deysi,Delgado,,MATH,1302,CO3,2,4,5,7,9,0,0,1,4,6,0,38
2025 - 2026,2025 Fall,UGRD,UGRD,Emily,Jones,,MATH,1302,CO41,3,4,9,7,12,0,0,1,0,0,0,36
2025 - 2026,2025 Fall,UGRD,UGRD,Michelle,Burt,,MATH,1302,CO6,2,2,5,6,16,0,0,0,4,3,0,38
2025 - 2026,2025 Fall,UGRD,UGRD,Michelle,Burt,,MATH,1302,CO8,1,3,6,4,13,0,0,1,5,5,0,38
2025 - 2026,2025 Fall,UGRD,UGRD,Venkata Sai Manisha,Varahagiri,,MATH,1303,1,8,11,16,7,6,0,0,0,6,0,0,54
2025 - 2026,2025 Fall,UGRD,UGRD,Venkata Sai Manisha,Varahagiri,,MATH,1303,2,16,9,9,6,11,0,0,1,3,0,0,55
2025 - 2026,2025 Fall,UGRD,UGRD,Daniel,Warren,,MATH,1303,3,7,12,13,7,4,0,0,1,10,0,0,54
2025 - 2026,2025 Fall,UGRD,UGRD,Blake,Norman,,MATH,1303,4,6,15,9,12,4,0,0,0,8,0,0,54
2025 - 2026,2025 Fall,UGRD,UGRD,Esteban,Diaz,,MATH,1303,5,6,8,16,8,2,0,0,1,0,0,0,41
2025 - 2026,2025 Fall,UGRD,UGRD,Michelle,Burt,,MATH,1308,88,12,13,24,13,16,0,0,0,12,0,0,90
2025 - 2026,2025 Fall,UGRD,UGRD,Brandon,Watson,,MATH,1308,100,30,39,21,12,19,0,0,3,7,0,0,131
2025 - 2026,2025 Fall,UGRD,UGRD,Charles,Nottage,,MATH,1308,150,38,35,15,13,18,0,0,1,8,0,0,128
2025 - 2026,2025 Fall,UGRD,UGRD,Michelle,Burt,,MATH,1308,188,7,12,6,4,6,0,0,3,8,0,0,46
2025 - 2026,2025 Fall,UGRD,UGRD,Charles,Nottage,,MATH,1308,250,28,31,25,19,13,0,0,3,4,0,0,123
2025 - 2026,2025 Fall,UGRD,UGRD,Brandon,Watson,,MATH,1308,300,48,28,20,9,13,0,0,2,8,0,0,128
2025 - 2026,2025 Fall,UGRD,UGRD,Lisa,Stabler,,MATH,1308,350,46,34,23,14,8,0,0,1,3,0,0,129
2025 - 2026,2025 Fall,UGRD,UGRD,Kristin,Seale,,MATH,1308,500,29,46,29,6,27,0,0,7,40,0,0,184
2025 - 2026,2025 Fall,UGRD,UGRD,Steven,Alferink,,MATH,1308,501,12,29,13,6,7,0,0,3,10,0,0,80
2025 - 2026,2025 Fall,UGRD,UGRD,Aida,Allen,,MATH,1308,502,40,43,37,12,17,0,0,2,38,0,0,189
2025 - 2026,2025 Fall,UGRD,UGRD,Yolanda,Parker,,MATH,1308,512,6,8,4,3,11,0,0,0,4,0,0,36
2025 - 2026,2025 Fall,UGRD,UGRD,Alice,Lubbe,,MATH,1309,200,21,19,19,5,13,0,0,0,5,0,0,82
2025 - 2026,2025 Fall,UGRD,UGRD,Deysi,Delgado,,MATH,1315,1,18,17,17,4,6,0,0,1,7,0,0,70
2025 - 2026,2025 Fall,UGRD,UGRD,Deysi,Delgado,,MATH,1315,2,18,18,14,12,3,0,0,2,4,0,0,71
2025 - 2026,2025 Fall,UGRD,UGRD,Efrain,Diaz,,MATH,1315,3,3,9,28,11,4,0,0,0,2,0,0,57
2025 - 2026,2025 Fall,UGRD,UGRD,Ivan,Toledo,,MATH,1315,4,7,8,18,10,7,0,0,4,5,0,0,59
2025 - 2026,2025 Fall,UGRD,UGRD,Hollie,Dyer,,MATH,1315,5,10,20,15,18,19,0,0,1,5,0,0,88
2025 - 2026,2025 Fall,UGRD,UGRD,Heather,Hewer,,MATH,1315,6,11,20,20,7,12,0,0,0,7,0,0,77
2025 - 2026,2025 Fall,UGRD,UGRD,Efrain,Diaz,,MATH,1315,7,7,12,23,6,8,0,0,0,3,0,0,59
2025 - 2026,2025 Fall,UGRD,UGRD,Juan,Silva,,MATH,1315,8,7,10,13,13,7,0,0,0,4,0,0,54
2025 - 2026,2025 Fall,UGRD,UGRD,Aida,Allen,,MATH,1315,88,8,13,15,19,9,0,0,3,12,0,0,79
2025 - 2026,2025 Fall,UGRD,UGRD,Eriberto,Estrada,,MATH,1315,CO1,0,1,0,3,9,0,0,1,2,7,0,23
2025 - 2026,2025 Fall,UGRD,UGRD,Heather,Hewer,,MATH,1315,CO2,0,1,6,14,19,0,0,2,3,4,0,49
2025 - 2026,2025 Fall,UGRD,UGRD,Emran,Hossen,,MATH,1315,CO41,0,1,7,12,5,0,0,3,2,0,0,30
2025 - 2026,2025 Fall,UGRD,UGRD,Brandon,Watson,,MATH,1316,1,20,25,14,5,8,0,0,1,6,0,0,79
2025 - 2026,2025 Fall,UGRD,UGRD,Hollie,Dyer,,MATH,1316,2,10,20,16,11,5,0,0,4,11,0,0,77
2025 - 2026,2025 Fall,UGRD,UGRD,Brandon,Watson,,MATH,1316,4,14,25,14,7,1,0,0,0,9,0,0,70
2025 - 2026,2025 Fall,UGRD,UGRD,Tahani,Altaji,,MATH,1316,5,47,20,6,0,0,0,0,0,1,0,0,74
2025 - 2026,2025 Fall,UGRD,UGRD,Daniel,Warren,,MATH,1316,6,18,23,23,7,2,0,0,0,5,0,0,78
2025 - 2026,2025 Fall,UGRD,UGRD,Charles,Nottage,,MATH,1316,7,13,21,19,10,7,0,0,0,6,0,0,76
2025 - 2026,2025 Fall,UGRD,UGRD,Kevin,Barlow,,MATH,1327,1,11,11,7,3,5,0,0,0,4,0,0,41
2025 - 2026,2025 Fall,UGRD,UGRD,Esteban,Diaz,,MATH,1327,2,8,5,8,0,6,0,0,0,3,0,0,30
2025 - 2026,2025 Fall,UGRD,UGRD,ShaTara,Hall,,MATH,1330,1,11,13,10,0,3,0,0,1,1,0,0,39
2025 - 2026,2025 Fall,UGRD,UGRD,ShaTara,Hall,,MATH,1330,2,15,16,4,0,0,0,0,0,4,0,0,39
2025 - 2026,2025 Fall,UGRD,UGRD,Erica,Bajo Calderon,,MATH,1332,2,11,20,11,2,0,0,0,0,1,0,0,45
2025 - 2026,2025 Fall,UGRD,UGRD,Ashley,Alfred,,MATH,1402,88,9,4,17,7,15,0,0,2,12,0,0,66
2025 - 2026,2025 Fall,UGRD,UGRD,Michelle,Burt,,MATH,1402,88,9,4,17,7,15,0,0,2,12,0,0,66
2025 - 2026,2025 Fall,UGRD,UGRD,Mohammad,Murad,,MATH,1402,100,9,18,2,4,10,0,0,1,13,0,0,57
2025 - 2026,2025 Fall,UGRD,UGRD,Ahmed,Ali,,MATH,1402,110,9,8,13,11,14,0,0,0,4,0,0,59
2025 - 2026,2025 Fall,UGRD,UGRD,Joseph,Wood,,MATH,1402,120,15,12,10,8,8,0,0,1,7,0,0,61
2025 - 2026,2025 Fall,UGRD,UGRD,Tatheer,Ajani,,MATH,1402,130,15,17,10,5,11,0,0,1,0,0,0,59
2025 - 2026,2025 Fall,UGRD,UGRD,ShaTara,Hall,,MATH,1402,140,7,9,9,3,6,0,0,0,5,0,0,39
2025 - 2026,2025 Fall,UGRD,UGRD,Ivan,Toledo,,MATH,1402,150,8,8,11,6,15,0,0,3,8,0,0,59
2025 - 2026,2025 Fall,UGRD,UGRD,Mohammad,Murad,,MATH,1402,160,12,8,9,3,15,0,0,2,8,0,0,57
2025 - 2026,2025 Fall,UGRD,UGRD,Ivan,Toledo,,MATH,1402,170,8,6,8,6,17,0,0,3,8,0,0,56
2025 - 2026,2025 Fall,UGRD,UGRD,Jordan,Rodriguez,,MATH,1402,180,12,11,13,8,6,0,0,2,6,0,0,58
2025 - 2026,2025 Fall,UGRD,UGRD,Maleny,Calderon Moya,,MATH,1402,190,10,13,12,5,11,0,0,2,6,0,0,59
2025 - 2026,2025 Fall,UGRD,UGRD,Joseph,Wood,,MATH,1402,200,15,10,8,5,13,0,0,2,8,0,0,61
2025 - 2026,2025 Fall,UGRD,UGRD,ShaTara,Hall,,MATH,1402,210,10,11,7,6,16,0,0,1,6,0,0,57
2025 - 2026,2025 Fall,UGRD,UGRD,Ahmed,Ali,,MATH,1402,250,6,13,12,5,14,0,0,1,9,0,0,60
2025 - 2026,2025 Fall,UGRD,UGRD,Emily,Jones,,MATH,1402,300,9,10,13,11,6,0,0,1,7,0,0,57
2025 - 2026,2025 Fall,UGRD,UGRD,Emily,Jones,,MATH,1402,350,11,12,11,6,11,0,0,1,8,0,0,60
2025 - 2026,2025 Fall,UGRD,UGRD,Erica,Bajo Calderon,,MATH,1421,100,10,12,14,10,13,0,0,0,10,0,0,69
2025 - 2026,2025 Fall,UGRD,UGRD,Richa,Rawat,,MATH,1421,110,6,19,18,10,9,0,0,2,6,0,0,70
2025 - 2026,2025 Fall,UGRD,UGRD,Te'a,Riley,,MATH,1421,120,15,17,13,6,10,0,0,0,7,0,0,68
2025 - 2026,2025 Fall,UGRD,UGRD,Erica,Bajo Calderon,,MATH,1421,130,12,15,17,9,8,0,0,1,7,0,0,69
2025 - 2026,2025 Fall,UGRD,UGRD,Juan,Silva,,MATH,1421,140,12,15,14,9,7,0,0,1,11,0,0,69
2025 - 2026,2025 Fall,UGRD,UGRD,Tatheer,Ajani,,MATH,1421,150,5,14,15,7,11,0,0,1,10,0,0,63
2025 - 2026,2025 Fall,UGRD,UGRD,Richa,Rawat,,MATH,1421,160,2,2,7,17,19,0,0,0,10,0,0,57
2025 - 2026,2025 Fall,UGRD,UGRD,Juan,Silva,,MATH,1421,200,2,7,14,3,3,0,0,1,1,0,0,31
2025 - 2026,2025 Fall,UGRD,UGRD,Erica,Bajo Calderon,,MATH,1421,220,13,12,9,9,4,0,0,0,8,0,0,55
2025 - 2026,2025 Fall,UGRD,UGRD,Tatheer,Ajani,,MATH,1421,250,5,6,8,5,8,0,0,1,4,0,0,37
2025 - 2026,2025 Fall,UGRD,UGRD,Te'a,Riley,,MATH,1421,300,2,6,11,3,3,0,0,1,4,0,0,30
2025 - 2026,2025 Fall,UGRD,UGRD,Ivan,Toledo,,MATH,1421,350,3,6,5,5,3,0,0,4,3,0,0,29
2025 - 2026,2025 Fall,UGRD,UGRD,Jyoti,Bhadana,,MATH,1426,25,9,12,6,11,21,0,0,0,10,0,0,69
2025 - 2026,2025 Fall,UGRD,UGRD,Mark,Krasij,,MATH,1426,50,11,7,14,13,19,0,0,1,3,0,0,68
2025 - 2026,2025 Fall,UGRD,UGRD,Brandon,Watson,,MATH,1426,75,16,9,11,8,14,0,0,0,9,0,0,67
2025 - 2026,2025 Fall,UGRD,UGRD,Esteban,Diaz,,MATH,1426,88,0,4,12,4,20,0,0,1,20,0,0,61
2025 - 2026,2025 Fall,UGRD,UGRD,Alice,Lubbe,,MATH,1426,100,21,16,6,4,17,0,0,0,8,0,0,72
2025 - 2026,2025 Fall,UGRD,UGRD,Marcus,Laurel,,MATH,1426,110,18,14,10,15,12,0,0,1,1,0,0,71
2025 - 2026,2025 Fall,UGRD,UGRD,Janessa,Beach Tassey,,MATH,1426,120,20,11,5,8,14,0,0,1,8,0,0,67
2025 - 2026,2025 Fall,UGRD,UGRD,Janessa,Beach Tassey,,MATH,1426,130,12,8,16,9,11,0,0,3,11,0,0,70
2025 - 2026,2025 Fall,UGRD,UGRD,Edward,Wilson,,MATH,1426,140,25,12,10,5,9,0,0,2,9,0,0,72
2025 - 2026,2025 Fall,UGRD,UGRD,Richa,Rawat,,MATH,1426,150,12,12,10,10,22,0,0,0,3,0,0,69
2025 - 2026,2025 Fall,UGRD,UGRD,Alice,Lubbe,,MATH,1426,160,23,10,8,9,12,0,0,0,8,0,0,70
2025 - 2026,2025 Fall,UGRD,UGRD,Tatheer,Ajani,,MATH,1426,170,10,9,12,13,15,0,0,0,10,0,0,69
2025 - 2026,2025 Fall,UGRD,UGRD,Richa,Rawat,,MATH,1426,180,11,9,13,9,15,0,0,2,9,0,0,68
2025 - 2026,2025 Fall,UGRD,UGRD,Don,Wilathgamuwa,,MATH,1426,190,13,13,14,9,17,0,0,0,3,0,0,69
2025 - 2026,2025 Fall,UGRD,UGRD,Juan,Silva,,MATH,1426,200,12,11,14,10,18,0,0,0,6,0,0,71
2025 - 2026,2025 Fall,UGRD,UGRD,Mark,Krasij,,MATH,1426,250,28,6,9,6,16,0,0,0,8,0,0,73
2025 - 2026,2025 Fall,UGRD,UGRD,Jyoti,Bhadana,,MATH,1426,300,14,12,8,10,18,0,0,3,4,0,0,69
2025 - 2026,2025 Fall,UGRD,UGRD,Mohammad,Murad,,MATH,1426,350,11,12,13,6,20,0,0,4,3,0,0,69
2025 - 2026,2025 Fall,UGRD,UGRD,Benito,Chen Charpentier,,MATH,2326,1,23,19,19,4,3,0,0,1,4,0,0,73
2025 - 2026,2025 Fall,UGRD,UGRD,Benito,Chen Charpentier,,MATH,2326,2,16,19,20,9,4,0,0,0,2,0,0,70
2025 - 2026,2025 Fall,UGRD,UGRD,Esteban,Diaz,,MATH,2326,3,10,21,17,3,6,0,0,0,13,0,0,70
2025 - 2026,2025 Fall,UGRD,UGRD,Marcus,Laurel,,MATH,2326,4,15,27,16,4,3,0,0,1,3,0,0,69
2025 - 2026,2025 Fall,UGRD,UGRD,Ren-Cang,Li,,MATH,2326,5,5,17,18,14,5,0,0,1,10,0,0,70
2025 - 2026,2025 Fall,UGRD,UGRD,Pedro,Maia,,MATH,2326,6,8,25,18,5,1,0,0,3,10,0,0,70
2025 - 2026,2025 Fall,UGRD,UGRD,James,Alvarez,,MATH,2326,7,15,30,18,6,0,0,0,0,3,0,0,72
2025 - 2026,2025 Fall,UGRD,UGRD,Jeremy,Glass,,MATH,2326,8,9,17,14,7,4,0,0,0,5,0,0,56
2025 - 2026,2025 Fall,UGRD,UGRD,Janessa,Beach Tassey,,MATH,2330,1,6,1,2,3,0,0,0,0,0,0,0,12
2025 - 2026,2025 Fall,UGRD,UGRD,Blake,Norman,,MATH,2425,100,4,17,22,6,5,0,0,2,14,0,0,70
2025 - 2026,2025 Fall,UGRD,UGRD,Daniel,Warren,,MATH,2425,110,9,8,16,9,9,0,0,0,18,0,0,69
2025 - 2026,2025 Fall,UGRD,UGRD,Don,Wilathgamuwa,,MATH,2425,120,5,15,14,3,13,0,0,3,14,0,0,67
2025 - 2026,2025 Fall,UGRD,UGRD,Blake,Norman,,MATH,2425,150,8,13,16,7,9,0,0,1,16,0,0,70
2025 - 2026,2025 Fall,UGRD,UGRD,Marcus,Laurel,,MATH,2425,200,4,14,23,3,7,0,0,1,17,0,0,69
2025 - 2026,2025 Fall,UGRD,UGRD,Marcus,Laurel,,MATH,2425,250,9,9,20,5,7,0,0,0,13,0,0,63
2025 - 2026,2025 Fall,UGRD,UGRD,Ruth,Gornet,,MATH,2425,300,3,14,17,7,7,0,0,1,18,0,0,67
2025 - 2026,2025 Fall,UGRD,UGRD,Eduardo,Torres Manzanarez,,MATH,2425,350,6,24,16,6,3,0,0,2,12,0,0,69
2025 - 2026,2025 Fall,UGRD,UGRD,Daniel,Warren,,MATH,3300,1,9,12,14,8,3,0,0,1,1,0,0,48
2025 - 2026,2025 Fall,UGRD,UGRD,Theresa,Jorgensen,,MATH,3301,1,12,1,3,0,1,0,0,0,0,0,0,17
2025 - 2026,2025 Fall,UGRD,UGRD,Dimitar,Grantcharov,,MATH,3307,1,6,8,2,2,4,0,0,0,2,0,0,24
2025 - 2026,2025 Fall,UGRD,UGRD,Andrzej,Korzeniowski,,MATH,3313,1,37,15,13,0,0,0,0,1,2,0,0,68
2025 - 2026,2025 Fall,UGRD,UGRD,Li,Wang,,MATH,3314,1,12,9,7,1,1,0,0,0,0,0,0,30
2025 - 2026,2025 Fall,UGRD,UGRD,Edward,Wilson,,MATH,3315,1,4,7,1,0,0,0,0,1,0,0,0,13
2025 - 2026,2025 Fall,UGRD,UGRD,Shan,Sun-Mitchell,,MATH,3316,1,21,15,13,2,4,0,0,0,1,0,0,56
2025 - 2026,2025 Fall,UGRD,UGRD,Edward,Wilson,,MATH,3318,1,12,15,10,5,5,0,0,2,7,0,0,56
2025 - 2026,2025 Fall,UGRD,UGRD,Souvik,Roy,,MATH,3319,1,53,1,1,0,0,0,0,0,0,0,0,55
2025 - 2026,2025 Fall,UGRD,UGRD,Erika,Gallo,,MATH,3319,2,29,16,6,2,1,0,0,0,0,0,0,54
2025 - 2026,2025 Fall,UGRD,UGRD,Christopher,Kribs,,MATH,3319,4,1,5,5,3,9,0,0,0,29,0,0,52
2025 - 2026,2025 Fall,UGRD,UGRD,Christopher,Kribs,,MATH,3319,5,2,2,0,1,7,0,0,3,10,0,0,25
2025 - 2026,2025 Fall,UGRD,UGRD,Dimitar,Grantcharov,,MATH,3321,1,8,3,8,1,1,0,0,0,0,0,0,21
2025 - 2026,2025 Fall,UGRD,UGRD,Souvik,Roy,,MATH,3330,1,52,3,1,0,0,0,0,0,1,0,0,57
2025 - 2026,2025 Fall,UGRD,UGRD,Venkata Sai Manisha,Varahagiri,,MATH,3330,2,19,14,11,3,3,0,0,1,6,0,0,57
2025 - 2026,2025 Fall,UGRD,UGRD,Blake,Norman,,MATH,3330,3,3,11,21,7,2,0,0,0,9,0,0,53
2025 - 2026,2025 Fall,UGRD,UGRD,Amanda,Patrick,,MATH,3330,4,35,10,8,2,2,0,0,0,1,0,0,58
2025 - 2026,2025 Fall,UGRD,UGRD,Venkata Sai Manisha,Varahagiri,,MATH,3330,5,19,9,14,5,5,0,0,1,4,0,0,57
2025 - 2026,2025 Fall,UGRD,UGRD,Esteban,Diaz,,MATH,3330,6,14,16,13,3,7,0,0,1,2,0,0,56
2025 - 2026,2025 Fall,UGRD,UGRD,Jianzhong,Su,,MATH,3335,1,20,14,8,0,0,1,0,0,4,0,0,47
2025 - 2026,2025 Fall,UGRD,UGRD,Hristo,Kojouharov,,MATH,3345,1,20,13,10,1,1,0,0,0,1,0,0,46
2025 - 2026,2025 Fall,UGRD,UGRD,Andrzej,Korzeniowski,,MATH,4315,1,6,0,0,0,0,0,0,0,0,0,0,6
2025 - 2026,2025 Fall,UGRD,UGRD,Barbara,Shipman,,MATH,4322,1,14,8,6,0,0,0,0,0,0,0,0,28
2025 - 2026,2025 Fall,UGRD,UGRD,Michaela,Vancliff,,MATH,4330,1,2,2,3,6,0,0,0,0,1,0,0,14
2025 - 2026,2025 Fall,UGRD,UGRD,Ruth,Gornet,,MATH,4334,1,11,1,0,1,0,0,0,0,0,0,0,13
2025 - 2026,2025 Fall,UGRD,UGRD,Mark,Krasij,,MATH,4350,1,6,6,1,0,0,0,0,0,1,0,0,14
2025 - 2026,2025 Fall,UGRD,GRAD,Barbara,Shipman,,MATH,5307,1,8,7,1,0,1,0,0,0,0,0,0,17
2025 - 2026,2025 Fall,UGRD,GRAD,Tuncay,Aktosun,,MATH,5327,1,11,0,0,0,0,0,0,0,0,0,0,11
2025 - 2026,2025 Fall,UGRD,GRAD,David,Jorgensen,,MATH,5332,1,9,0,0,0,0,0,0,0,0,0,0,9
2025 - 2026,2025 Fall,UGRD,GRAD,Michaela,Vancliff,,MATH,5333,1,9,6,8,5,1,1,0,0,1,0,0,31
2025 - 2026,2025 Fall,UGRD,GRAD,Chaoqun,Liu,,MATH,5338,1,12,7,1,1,0,1,0,0,0,0,0,22
2025 - 2026,2025 Fall,UGRD,GRAD,Keaton,Hamm,,MATH,6310,1,11,1,0,0,0,0,0,0,0,0,0,12
2025 - 2026,2025 Fall,UGRD,GRAD,Li,Wang,,MATH,6312,1,8,0,0,0,1,0,0,0,0,0,0,9
2025 - 2026,2025 Fall,UGRD,GRAD,Endel,Iarve,,ME,5310,1,20,2,3,0,0,0,0,0,0,0,0,25
2025 - 2026,2025 Fall,UGRD,GRAD,Ankur,Jain,,ME,5316,1,10,6,8,2,1,0,0,0,2,0,0,29
2025 - 2026,2025 Fall,UGRD,GRAD,Nora,Ameri,,ME,5328,1,14,0,1,0,0,0,0,0,1,0,0,16
2025 - 2026,2025 Fall,UGRD,GRAD,Seiichi,Nomura,,ME,5331,4,6,6,2,1,0,0,0,0,1,0,0,16
2025 - 2026,2025 Fall,UGRD,GRAD,Md Rassel,Raihan,,ME,5339,1,0,5,3,0,0,0,0,0,2,0,0,10
2025 - 2026,2025 Fall,UGRD,UGRD,Darrell,Aiken,,MILS,0180,1,18,1,0,1,0,0,0,0,1,0,0,21
2025 - 2026,2025 Fall,UGRD,UGRD,Antonio,Leonvega,,MILS,0180,2,21,0,3,0,0,0,0,0,0,0,0,24
2025 - 2026,2025 Fall,UGRD,UGRD,James,Ross,Antonio Leonvega,MILS,0180,3,11,0,2,1,0,0,0,0,2,0,0,16
2025 - 2026,2025 Fall,UGRD,UGRD,Gregory,LeClair,,MILS,0180,4,12,0,0,0,0,0,0,0,1,0,0,13
2025 - 2026,2025 Fall,UGRD,UGRD,Darrell,Aiken,,MILS,1111,1,11,7,2,0,0,0,0,0,1,0,0,21
2025 - 2026,2025 Fall,UGRD,UGRD,Darrell,Aiken,,MILS,1141,1,16,0,4,0,1,0,0,0,1,0,0,22
2025 - 2026,2025 Fall,UGRD,UGRD,Antonio,Leonvega,,MILS,2121,1,12,7,2,0,0,0,0,0,1,0,0,22
2025 - 2026,2025 Fall,UGRD,UGRD,Antonio,Leonvega,,MILS,2251,1,19,5,0,0,0,0,0,0,0,0,0,24
2025 - 2026,2025 Fall,UGRD,UGRD,James,Ross,Antonio Leonvega,MILS,3131,1,8,3,4,1,2,0,0,0,0,0,0,18
2025 - 2026,2025 Fall,UGRD,UGRD,James,Ross,Antonio Leonvega,MILS,3341,1,2,7,4,0,2,0,0,0,3,0,0,18
2025 - 2026,2025 Fall,UGRD,UGRD,Gregory,LeClair,,MILS,4141,1,11,0,0,0,0,0,0,0,0,0,0,11
2025 - 2026,2025 Fall,UGRD,UGRD,Gregory,LeClair,,MILS,4341,2,11,0,0,0,0,0,0,0,0,0,0,11
2025 - 2026,2025 Fall,UGRD,UGRD,Prakash,Menon,,MODL,3346,1,10,5,2,0,1,0,0,0,0,0,0,18
2025 - 2026,2025 Fall,UGRD,UGRD,Hyuna,Choi,,MODL,4340,1,7,1,0,0,1,0,0,0,0,0,0,9
2025 - 2026,2025 Fall,UGRD,GRAD,Choong-Un,Kim,,MSE,5304,1,13,2,0,0,0,0,0,0,0,0,0,15
2025 - 2026,2025 Fall,UGRD,UGRD,Peter,Rioux,,MUSI,0010,1,0,0,0,0,0,0,11,0,1,0,0,12
2025 - 2026,2025 Fall,UGRD,UGRD,Jing,Tam,,MUSI,0010,2,0,0,0,0,0,0,9,0,0,0,0,9
2025 - 2026,2025 Fall,UGRD,UGRD,Marisa Ann,Colon Corsino,,MUSI,0010,3,0,0,0,0,0,0,8,0,0,0,0,8
2025 - 2026,2025 Fall,UGRD,UGRD,David,Grogan,,MUSI,0010,4,0,0,0,0,0,0,12,0,0,0,0,12
2025 - 2026,2025 Fall,UGRD,UGRD,Christopher,Curcuruto,,MUSI,0010,5,0,0,0,0,0,0,13,0,0,0,0,13
2025 - 2026,2025 Fall,UGRD,UGRD,Elizabeth,Elsner,,MUSI,0010,8,0,0,0,0,0,0,7,0,0,0,0,7
2025 - 2026,2025 Fall,UGRD,UGRD,Nola,Preston,,MUSI,0010,14,0,0,0,0,0,0,13,0,1,0,0,14
2025 - 2026,2025 Fall,UGRD,UGRD,Hannah,Chiasson,,MUSI,0010,16,0,0,0,0,0,0,8,0,0,0,0,8
2025 - 2026,2025 Fall,UGRD,UGRD,Margaret,Fischer,,MUSI,0010,16,0,0,0,0,0,0,8,0,0,0,0,8
2025 - 2026,2025 Fall,UGRD,UGRD,Mike,Nguyen,,MUSI,0010,17,0,0,0,0,1,0,12,0,0,0,0,13
2025 - 2026,2025 Fall,UGRD,UGRD,Michael,Morrison,,MUSI,0010,20,0,0,0,0,0,0,27,0,1,0,0,28
2025 - 2026,2025 Fall,UGRD,UGRD,Rickey,Bogard,,MUSI,0010,21,0,0,0,0,0,0,8,0,0,0,0,8
2025 - 2026,2025 Fall,UGRD,UGRD,Gerald,Wood,,MUSI,0010,22,0,0,0,0,0,0,8,0,0,0,0,8
2025 - 2026,2025 Fall,UGRD,UGRD,Jacob,Muzquiz,,MUSI,0010,23,0,0,0,0,0,0,13,0,0,0,0,13
2025 - 2026,2025 Fall,UGRD,UGRD,Edward,Jones,,MUSI,0010,24,0,0,0,0,0,0,9,0,0,0,0,9
2025 - 2026,2025 Fall,UGRD,UGRD,Donald,Bruce,,MUSI,0010,25,0,0,0,0,0,0,7,0,0,0,0,7
2025 - 2026,2025 Fall,UGRD,UGRD,Steven,Eldridge,,MUSI,0010,26,0,0,0,0,1,0,20,0,0,0,0,21
2025 - 2026,2025 Fall,UGRD,UGRD,Jessica,Ferring Glenn,,MUSI,0010,50,0,0,0,0,0,0,13,0,0,0,0,13
2025 - 2026,2025 Fall,UGRD,UGRD,Christopher,Evans,,MUSI,0101,1,129,2,1,0,0,0,0,1,0,0,0,133
2025 - 2026,2025 Fall,UGRD,UGRD,Martha,Walvoord,,MUSI,0102,1,39,0,2,0,1,0,0,0,0,0,0,42
2025 - 2026,2025 Fall,UGRD,UGRD,Christopher,Evans,,MUSI,0103,1,48,0,0,0,0,0,0,0,1,0,0,49
2025 - 2026,2025 Fall,UGRD,UGRD,Karen,Kenaston-French,,MUSI,0104,1,45,0,0,0,0,0,0,0,0,0,0,45
2025 - 2026,2025 Fall,UGRD,UGRD,John,Wayman,,MUSI,0108,1,71,0,0,0,0,0,0,0,1,0,0,72
2025 - 2026,2025 Fall,UGRD,UGRD,Astrid,Morales Torres,,MUSI,0109,1,8,0,0,0,0,0,0,0,0,0,0,8
2025 - 2026,2025 Fall,UGRD,UGRD,Timothy,Ishii,,MUSI,0112,1,14,0,0,0,1,0,0,0,0,0,0,15
2025 - 2026,2025 Fall,UGRD,UGRD,Thomas,Burchill,,MUSI,0113,1,5,2,1,0,0,0,0,0,0,0,0,8
2025 - 2026,2025 Fall,UGRD,UGRD,Steven,Eldridge,,MUSI,0114,1,13,0,0,0,0,0,0,0,0,0,0,13
2025 - 2026,2025 Fall,UGRD,UGRD,Christopher,Nadeau,,MUSI,0114,2,9,0,0,0,1,0,0,0,0,0,0,10
2025 - 2026,2025 Fall,UGRD,UGRD,Christopher,Curcuruto,,MUSI,0115,1,11,2,0,0,0,0,0,0,0,0,0,13
2025 - 2026,2025 Fall,UGRD,UGRD,Timothy,Ishii,,MUSI,0116,1,25,0,0,0,0,0,0,0,2,0,0,27
2025 - 2026,2025 Fall,UGRD,UGRD,Jacob,Muzquiz,,MUSI,0117,1,11,1,0,0,0,0,0,0,0,0,0,12
2025 - 2026,2025 Fall,UGRD,UGRD,Christopher,Nadeau,,MUSI,0118,1,16,0,0,0,0,0,0,0,0,0,0,16
2025 - 2026,2025 Fall,UGRD,UGRD,Joe,Moore,,MUSI,0118,2,10,0,0,0,0,0,0,0,0,0,0,10
2025 - 2026,2025 Fall,UGRD,UGRD,Gerald,Wood,,MUSI,0120,1,5,0,1,0,0,0,0,0,0,0,0,6
2025 - 2026,2025 Fall,UGRD,UGRD,Andrew,Plott,,MUSI,0121,1,5,0,1,0,0,0,0,0,0,0,0,6
2025 - 2026,2025 Fall,UGRD,UGRD,Peter,Rioux,,MUSI,0122,4,6,1,0,0,0,0,0,0,0,0,0,7
2025 - 2026,2025 Fall,UGRD,UGRD,Christopher,McGuire,,MUSI,0122,5,7,0,0,0,0,0,0,0,1,0,0,8
2025 - 2026,2025 Fall,UGRD,UGRD,Carlos,Fernandez,,MUSI,0122,7,6,0,0,0,0,0,0,0,0,0,0,6
2025 - 2026,2025 Fall,UGRD,UGRD,Mike,Nguyen,,MUSI,0125,1,8,0,0,0,0,0,0,1,0,0,0,9
2025 - 2026,2025 Fall,UGRD,UGRD,Nola,Preston,,MUSI,0126,110,8,0,0,0,0,0,0,0,0,0,0,8
2025 - 2026,2025 Fall,UGRD,UGRD,Silas,Huff,,MUSI,0128,1,36,9,0,0,1,0,0,1,0,0,0,47
2025 - 2026,2025 Fall,UGRD,UGRD,Christopher,Evans,,MUSI,0130,1,48,0,0,0,2,0,0,0,0,0,0,50
2025 - 2026,2025 Fall,UGRD,UGRD,Joe,Moore,,MUSI,0131,1,10,0,0,0,0,0,0,0,0,0,0,10
2025 - 2026,2025 Fall,UGRD,UGRD,Joe,Moore,,MUSI,0131,2,6,0,0,0,0,0,0,0,0,0,0,6
2025 - 2026,2025 Fall,UGRD,UGRD,Astrid,Morales Torres,,MUSI,0174,1,11,1,0,1,0,0,0,0,0,0,0,13
2025 - 2026,2025 Fall,UGRD,UGRD,Dazheng,Zhu,,MUSI,0174,2,7,0,1,0,0,0,0,0,0,0,0,8
2025 - 2026,2025 Fall,UGRD,UGRD,Joseph,Dolkos,,MUSI,1103,1,11,0,0,0,1,0,0,0,0,0,0,12
2025 - 2026,2025 Fall,UGRD,UGRD,Michael,Morrison,,MUSI,1104,1,9,0,0,0,0,0,0,0,0,0,0,9
2025 - 2026,2025 Fall,UGRD,UGRD,Dazheng,Zhu,,MUSI,1180,1,12,1,0,0,0,0,0,0,0,0,0,13
2025 - 2026,2025 Fall,UGRD,UGRD,Astrid,Morales Torres,,MUSI,1180,2,9,1,0,0,0,0,0,0,1,0,0,11
2025 - 2026,2025 Fall,UGRD,UGRD,Astrid,Morales Torres,,MUSI,1180,3,10,1,0,0,0,0,0,0,0,0,0,11
2025 - 2026,2025 Fall,UGRD,UGRD,Dazheng,Zhu,,MUSI,1180,4,13,0,0,0,1,0,0,0,0,0,0,14
2025 - 2026,2025 Fall,UGRD,UGRD,Dazheng,Zhu,,MUSI,1180,5,13,0,1,0,0,0,0,0,0,0,0,14
2025 - 2026,2025 Fall,UGRD,UGRD,Astrid,Morales Torres,,MUSI,1182,1,7,0,0,0,0,0,0,0,0,0,0,7
2025 - 2026,2025 Fall,UGRD,UGRD,Alison,Parker,,MUSI,1185,1,4,3,7,0,2,0,0,0,0,0,0,16
2025 - 2026,2025 Fall,UGRD,UGRD,Alison,Parker,,MUSI,1185,2,7,6,1,1,4,0,0,0,0,0,0,19
2025 - 2026,2025 Fall,UGRD,UGRD,Sean,Morrison,,MUSI,1185,3,8,8,3,0,0,0,0,0,1,0,0,20
2025 - 2026,2025 Fall,UGRD,UGRD,Sean,Morrison,,MUSI,1185,4,3,6,0,0,0,0,0,0,0,0,0,9
2025 - 2026,2025 Fall,UGRD,UGRD,Rickey,Bogard,,MUSI,1248,1,6,0,0,0,0,0,0,0,0,0,0,6
2025 - 2026,2025 Fall,UGRD,UGRD,Mike,Nguyen,,MUSI,1300,1,59,45,33,6,20,0,0,1,3,0,0,167
2025 - 2026,2025 Fall,UGRD,UGRD,Mike,Nguyen,,MUSI,1300,2,60,76,35,17,24,0,0,5,5,0,0,222
2025 - 2026,2025 Fall,UGRD,UGRD,Veronica,Schramm,,MUSI,1300,3,148,9,2,0,5,0,0,0,3,0,0,167
2025 - 2026,2025 Fall,UGRD,UGRD,Sergio,Espinosa,,MUSI,1300,4,26,1,0,0,0,0,0,0,0,0,0,27
2025 - 2026,2025 Fall,UGRD,UGRD,Joe,Moore,,MUSI,1300,5,189,17,5,2,4,0,0,0,0,0,0,217
2025 - 2026,2025 Fall,UGRD,UGRD,Klaudia,Cop-Akin,,MUSI,1301,1,5,8,2,1,0,0,0,0,2,0,0,18
2025 - 2026,2025 Fall,UGRD,UGRD,Stockton,Helbing,,MUSI,1302,1,79,22,13,3,7,0,0,2,2,0,0,128
2025 - 2026,2025 Fall,UGRD,UGRD,Joe,Moore,,MUSI,1303,1,73,13,7,3,1,0,0,1,1,0,0,99
2025 - 2026,2025 Fall,UGRD,UGRD,William,Townsley,,MUSI,1305,1,5,1,0,0,0,0,0,0,0,0,0,6
2025 - 2026,2025 Fall,UGRD,UGRD,Alison,Parker,,MUSI,1325,1,7,5,7,1,2,0,0,0,1,0,0,23
2025 - 2026,2025 Fall,UGRD,UGRD,Alison,Parker,,MUSI,1325,2,10,4,5,0,0,0,0,0,0,0,0,19
2025 - 2026,2025 Fall,UGRD,UGRD,Veronica,Schramm,,MUSI,1325,3,9,3,1,0,1,0,0,0,0,0,0,14
2025 - 2026,2025 Fall,UGRD,UGRD,Veronica,Schramm,,MUSI,1325,4,5,5,1,0,0,0,0,0,0,0,0,11
2025 - 2026,2025 Fall,UGRD,UGRD,Joseph,Dolkos,,MUSI,2101,1,8,1,1,0,0,0,0,1,0,0,0,11
2025 - 2026,2025 Fall,UGRD,UGRD,Andrea,Ramirez,,MUSI,2103,2,6,3,1,2,1,0,0,0,2,0,0,15
2025 - 2026,2025 Fall,UGRD,UGRD,Margaret,Brown,,MUSI,2103,2,6,3,1,2,1,0,0,0,2,0,0,15
2025 - 2026,2025 Fall,UGRD,UGRD,Christopher,Nadeau,,MUSI,2104,2,6,0,0,0,0,0,0,0,0,0,0,6
2025 - 2026,2025 Fall,UGRD,UGRD,Joe,Moore,,MUSI,2104,3,6,0,0,0,0,0,0,0,0,0,0,6
2025 - 2026,2025 Fall,UGRD,UGRD,Astrid,Morales Torres,,MUSI,2180,1,10,0,0,0,1,0,0,0,0,0,0,11
2025 - 2026,2025 Fall,UGRD,UGRD,Dazheng,Zhu,,MUSI,2180,2,13,0,0,0,0,0,0,0,2,0,0,15
2025 - 2026,2025 Fall,UGRD,UGRD,Astrid,Morales Torres,,MUSI,2180,4,8,0,0,0,0,0,0,0,0,0,0,8
2025 - 2026,2025 Fall,UGRD,UGRD,Jesse,Maker,,MUSI,2185,1,1,1,1,1,4,0,0,0,0,0,0,8
2025 - 2026,2025 Fall,UGRD,UGRD,Jesse,Maker,,MUSI,2185,2,2,1,7,0,0,0,0,0,0,0,0,10
2025 - 2026,2025 Fall,UGRD,UGRD,Veronica,Schramm,,MUSI,2185,3,9,1,0,0,0,0,0,0,0,0,0,10
2025 - 2026,2025 Fall,UGRD,UGRD,Veronica,Schramm,,MUSI,2185,4,10,0,0,0,0,0,0,0,0,0,0,10
2025 - 2026,2025 Fall,UGRD,UGRD,Nola,Preston,,MUSI,2300,1,67,3,2,0,1,0,0,1,2,0,0,76
2025 - 2026,2025 Fall,UGRD,UGRD,Brian,Mulholland,,MUSI,2301,1,66,45,18,9,9,0,0,2,1,0,0,150
2025 - 2026,2025 Fall,UGRD,UGRD,Sean,Morrison,,MUSI,2325,1,4,2,2,1,2,0,0,0,0,0,0,11
2025 - 2026,2025 Fall,UGRD,UGRD,Klaudia,Cop-Akin,,MUSI,2325,2,3,2,1,0,2,0,0,0,3,0,0,11
2025 - 2026,2025 Fall,UGRD,UGRD,Graham,Hunt,,MUSI,2325,3,9,6,4,0,1,0,0,0,0,0,0,20
2025 - 2026,2025 Fall,UGRD,UGRD,Klaudia,Cop-Akin,,MUSI,2325,4,3,1,5,1,1,0,0,0,0,0,0,11
2025 - 2026,2025 Fall,UGRD,UGRD,Christopher,Curcuruto,,MUSI,3103,1,5,8,4,0,0,0,0,0,0,0,0,17
2025 - 2026,2025 Fall,UGRD,UGRD,Jing,Tam,,MUSI,3104,1,6,0,1,0,0,0,0,0,0,0,0,7
2025 - 2026,2025 Fall,UGRD,UGRD,Thomas,Burchill,,MUSI,3126,1,8,1,0,0,1,0,0,0,0,0,0,10
2025 - 2026,2025 Fall,UGRD,UGRD,Michael,Morrison,,MUSI,3126,2,9,0,1,0,1,0,0,0,0,0,0,11
2025 - 2026,2025 Fall,UGRD,UGRD,Diane,Lange,,MUSI,3211,1,3,2,3,0,1,0,0,0,0,0,0,9
2025 - 2026,2025 Fall,UGRD,UGRD,Diane,Lange,,MUSI,3211,2,8,2,3,0,0,0,0,1,0,0,0,14
2025 - 2026,2025 Fall,UGRD,UGRD,Russell,Sanders,,MUSI,3213,1,8,2,1,0,0,0,0,0,0,0,0,11
2025 - 2026,2025 Fall,UGRD,UGRD,John,Wayman,,MUSI,3214,1,6,2,0,0,0,0,0,0,0,0,0,8
2025 - 2026,2025 Fall,UGRD,UGRD,Sean,Morrison,,MUSI,3300,1,10,15,8,0,3,0,0,0,1,0,0,37
2025 - 2026,2025 Fall,UGRD,UGRD,Emily,Eubanks,,MUSI,3300,2,18,5,4,1,0,0,0,1,0,0,0,29
2025 - 2026,2025 Fall,UGRD,UGRD,Graham,Hunt,,MUSI,3302,1,14,5,0,0,0,0,0,0,0,0,0,19
2025 - 2026,2025 Fall,UGRD,UGRD,Jesse,Maker,,MUSI,3303,1,0,8,6,0,2,0,0,0,1,0,0,17
2025 - 2026,2025 Fall,UGRD,UGRD,Silas,Huff,,MUSI,3308,1,12,8,1,0,0,0,0,0,0,0,0,21
2025 - 2026,2025 Fall,UGRD,UGRD,Andrea,Ramirez,,MUSI,3308,2,21,1,1,0,0,0,0,1,1,0,0,25
2025 - 2026,2025 Fall,UGRD,UGRD,Karen,Kenaston-French,,MUSI,3309,1,8,4,0,0,0,0,0,0,0,0,0,12
2025 - 2026,2025 Fall,UGRD,UGRD,Michael,Korson,,MUSI,3394,1,4,5,3,1,1,0,0,0,1,0,0,15
2025 - 2026,2025 Fall,UGRD,UGRD,Joe,Moore,,MUSI,3394,2,7,0,1,0,2,0,0,0,0,0,0,10
2025 - 2026,2025 Fall,UGRD,UGRD,Michael,Korson,,MUSI,3394,3,10,6,3,0,4,0,0,0,2,0,0,25
2025 - 2026,2025 Fall,UGRD,UGRD,William,Townsley,,MUSI,3396,1,12,14,2,0,0,0,0,0,0,0,0,28
2025 - 2026,2025 Fall,UGRD,UGRD,Jessica,Ferring Glenn,,MUSI,4101,1,12,3,1,0,1,0,0,0,0,0,0,17
2025 - 2026,2025 Fall,UGRD,UGRD,Hannah,Chiasson,,MUSI,4111,16,6,0,0,0,0,0,0,0,0,0,0,6
2025 - 2026,2025 Fall,UGRD,UGRD,Margaret,Fischer,,MUSI,4111,16,6,0,0,0,0,0,0,0,0,0,0,6
2025 - 2026,2025 Fall,UGRD,UGRD,Diane,Lange,,MUSI,4117,1,3,3,1,0,0,0,0,0,0,0,0,7
2025 - 2026,2025 Fall,UGRD,UGRD,Joe,Moore,,MUSI,4129,1,7,0,0,0,0,0,0,0,0,0,0,7
2025 - 2026,2025 Fall,UGRD,UGRD,Brian,Mulholland,,MUSI,4300,1,8,0,0,0,0,0,0,0,0,0,0,8
2025 - 2026,2025 Fall,UGRD,UGRD,Jesse,Maker,,MUSI,4301,1,2,3,7,4,3,0,0,0,0,0,0,19
2025 - 2026,2025 Fall,UGRD,UGRD,Michael,Korson,,MUSI,4325,1,9,6,0,0,0,0,0,0,0,0,0,15
2025 - 2026,2025 Fall,UGRD,UGRD,Michael,Korson,,MUSI,4325,2,8,5,1,0,0,0,0,0,0,0,0,14
2025 - 2026,2025 Fall,UGRD,UGRD,Jacob,Clodfelter,,MUSI,4327,1,7,13,0,1,1,0,0,0,1,0,0,23
2025 - 2026,2025 Fall,UGRD,UGRD,William,Townsley,,MUSI,4395,1,0,0,0,0,0,0,7,0,0,0,0,7
2025 - 2026,2025 Fall,UGRD,GRAD,Sean,Morrison,,MUSI,5354,1,15,1,0,0,0,0,0,0,0,0,0,16
2025 - 2026,2025 Fall,UGRD,GRAD,John,Wayman,,MUSI,5357,1,6,1,0,0,0,0,0,0,0,0,0,7
2025 - 2026,2025 Fall,UGRD,UGRD,Rasool,Kenarangui,,NE,3301,1,6,5,0,0,0,0,0,0,0,0,0,11
2025 - 2026,2025 Fall,UGRD,UGRD,Ahmad,Hamdan,,NURS,2232,1,36,1,0,0,1,0,0,0,0,0,0,38
2025 - 2026,2025 Fall,UGRD,UGRD,Christine,Roberts,,NURS,2232,1,36,1,0,0,1,0,0,0,0,0,0,38
2025 - 2026,2025 Fall,UGRD,UGRD,Thomas,Dombrowsky,Adejoke Ogidan,NURS,3261,1,57,4,1,0,0,0,0,0,0,0,0,62
2025 - 2026,2025 Fall,UGRD,UGRD,Laura,Hixon,Adejoke Ogidan,NURS,3261,2,62,3,0,0,0,0,0,0,0,0,0,65
2025 - 2026,2025 Fall,UGRD,UGRD,Adejoke,Ogidan,,NURS,3261,72,62,4,0,0,0,0,0,0,0,0,0,66
2025 - 2026,2025 Fall,UGRD,UGRD,Sandra,Westmoreland,,NURS,3309,72,99,25,4,0,1,0,0,1,1,0,0,131
2025 - 2026,2025 Fall,UGRD,UGRD,Tricia,Clayton,Sandra Westmoreland,NURS,3309,73,99,22,8,0,1,0,0,1,1,0,0,132
2025 - 2026,2025 Fall,UGRD,UGRD,RaQuita,Weeks-Lee,Sandra Westmoreland,NURS,3309,74,85,28,11,5,1,0,0,0,2,0,0,132
2025 - 2026,2025 Fall,UGRD,UGRD,Courtney,Johnson,Sandra Westmoreland,NURS,3309,75,86,28,12,2,3,0,0,0,0,0,0,131
2025 - 2026,2025 Fall,UGRD,UGRD,Sandra,Westmoreland,,NURS,3309,500,146,53,10,2,7,0,0,0,7,0,0,225
2025 - 2026,2025 Fall,UGRD,UGRD,Sandra,Westmoreland,,NURS,3309,501,120,55,20,1,9,0,0,1,5,0,0,211
2025 - 2026,2025 Fall,UGRD,UGRD,Rebecca,Rountree,,NURS,3315,201,15,0,0,0,0,0,0,0,0,0,0,15
2025 - 2026,2025 Fall,UGRD,UGRD,Deana,Furr,Rebecca Rountree,NURS,3315,500,196,17,2,0,1,0,0,1,4,0,0,221
2025 - 2026,2025 Fall,UGRD,UGRD,Deana,Furr,Rebecca Rountree,NURS,3315,501,142,17,1,0,2,0,0,1,6,0,0,169
2025 - 2026,2025 Fall,UGRD,UGRD,Rebecca,Rountree,,NURS,3315,502,142,14,2,0,2,0,0,0,1,0,0,161
2025 - 2026,2025 Fall,UGRD,UGRD,Laura,Hixon,,NURS,3320,1,33,70,6,3,0,0,0,2,1,0,0,115
2025 - 2026,2025 Fall,UGRD,UGRD,Laura,Hixon,,NURS,3320,2,20,64,10,1,0,0,0,0,4,0,0,99
2025 - 2026,2025 Fall,UGRD,UGRD,Ahmad,Hamdan,,NURS,3320,600,45,104,17,0,0,0,0,3,3,0,0,172
2025 - 2026,2025 Fall,UGRD,UGRD,Quainshonda,Suber,,NURS,3320,601,25,71,18,6,1,0,0,1,3,0,0,125
2025 - 2026,2025 Fall,UGRD,UGRD,Maxine,Adegbola,Thomas Dombrowsky,NURS,3321,1,22,44,1,0,0,0,0,0,0,0,0,67
2025 - 2026,2025 Fall,UGRD,UGRD,Thomas,Dombrowsky,,NURS,3321,2,18,40,3,1,0,0,0,0,0,0,0,62
2025 - 2026,2025 Fall,UGRD,UGRD,Thomas,Dombrowsky,,NURS,3321,72,14,50,1,0,0,0,0,0,0,0,0,65
2025 - 2026,2025 Fall,UGRD,UGRD,Yan,Xiao,,NURS,3322,500,117,5,2,0,0,0,0,2,1,0,0,127
2025 - 2026,2025 Fall,UGRD,UGRD,Yan,Xiao,,NURS,3322,501,75,9,2,0,0,0,0,0,1,0,0,87
2025 - 2026,2025 Fall,UGRD,UGRD,Zhaoli,Liu,,NURS,3322,501,75,9,2,0,0,0,0,0,1,0,0,87
2025 - 2026,2025 Fall,UGRD,UGRD,Adejoke,Ogidan,,NURS,3325,201,15,0,0,0,0,0,0,0,0,0,0,15
2025 - 2026,2025 Fall,UGRD,UGRD,Adejoke,Ogidan,,NURS,3325,500,89,68,13,3,2,0,0,2,5,0,0,182
2025 - 2026,2025 Fall,UGRD,UGRD,Adejoke,Ogidan,,NURS,3325,501,89,52,9,3,4,0,0,3,4,0,0,164
2025 - 2026,2025 Fall,UGRD,UGRD,Fatoumata,Jallow,Adejoke Ogidan,NURS,3325,502,138,76,15,3,5,0,0,0,4,0,0,241
2025 - 2026,2025 Fall,UGRD,UGRD,Janelle,Hennes,,NURS,3333,1,66,8,3,0,0,0,0,0,1,0,0,78
2025 - 2026,2025 Fall,UGRD,UGRD,Janelle,Hennes,,NURS,3333,2,62,9,1,0,1,0,0,3,1,0,0,77
2025 - 2026,2025 Fall,UGRD,UGRD,Janelle,Hennes,,NURS,3333,4,63,9,3,0,0,0,0,1,0,0,0,76
2025 - 2026,2025 Fall,UGRD,UGRD,Christine,Roberts,,NURS,3333,600,65,12,0,1,0,0,0,1,1,0,0,80
2025 - 2026,2025 Fall,UGRD,UGRD,Ann,Birka,,NURS,3335,201,15,0,0,0,0,0,0,1,0,0,0,16
2025 - 2026,2025 Fall,UGRD,UGRD,Cynthia,Koomey,,NURS,3335,500,131,41,5,1,0,0,0,1,3,0,0,182
2025 - 2026,2025 Fall,UGRD,UGRD,Cynthia,Koomey,,NURS,3335,501,121,37,8,1,2,0,0,0,5,0,0,174
2025 - 2026,2025 Fall,UGRD,UGRD,Cynthia,Koomey,,NURS,3335,502,128,40,5,0,1,0,0,0,3,0,0,177
2025 - 2026,2025 Fall,UGRD,UGRD,Elisa,Stehling,,NURS,3345,201,14,0,0,0,1,0,0,0,0,0,0,15
2025 - 2026,2025 Fall,UGRD,UGRD,David,Smith,,NURS,3345,500,201,58,12,0,10,0,0,2,3,0,0,286
2025 - 2026,2025 Fall,UGRD,UGRD,David,Smith,,NURS,3345,501,137,32,11,1,12,0,0,2,2,0,0,197
2025 - 2026,2025 Fall,UGRD,UGRD,Elisa,Stehling,David Smith,NURS,3345,502,124,27,7,0,4,0,0,1,2,0,0,165
2025 - 2026,2025 Fall,UGRD,UGRD,David,Smith,,NURS,3345,503,59,7,3,1,1,0,0,1,3,0,0,75
2025 - 2026,2025 Fall,UGRD,UGRD,Maria Aranzazu,Gil Recalde,,NURS,3347,1,4,8,3,0,0,0,0,0,1,0,0,16
2025 - 2026,2025 Fall,UGRD,UGRD,Patricia,Allard,,NURS,3352,500,151,19,6,1,2,0,0,1,1,0,0,181
2025 - 2026,2025 Fall,UGRD,UGRD,Patricia,Allard,,NURS,3352,501,142,21,9,0,3,0,0,0,1,0,0,176
2025 - 2026,2025 Fall,UGRD,UGRD,Patricia,Allard,,NURS,3352,502,159,37,8,1,7,0,0,2,3,0,0,217
2025 - 2026,2025 Fall,UGRD,UGRD,Kimberly,Mortus,Kristin Sterling,NURS,3364,2,51,11,1,2,2,0,0,2,1,0,0,70
2025 - 2026,2025 Fall,UGRD,UGRD,Kimberly,Mortus,Kristin Sterling,NURS,3364,3,47,10,4,1,0,0,0,0,0,0,0,62
2025 - 2026,2025 Fall,UGRD,UGRD,Quainshonda,Suber,Kristin Sterling,NURS,3364,4,50,15,1,1,0,0,0,2,1,0,0,70
2025 - 2026,2025 Fall,UGRD,UGRD,Quainshonda,Suber,Kristin Sterling,NURS,3364,5,65,9,2,1,0,0,0,0,1,0,0,78
2025 - 2026,2025 Fall,UGRD,UGRD,Quainshonda,Suber,Kristin Sterling,NURS,3364,6,62,10,3,0,1,0,0,0,1,0,0,77
2025 - 2026,2025 Fall,UGRD,UGRD,Quainshonda,Suber,Kristin Sterling,NURS,3364,7,56,12,0,1,0,0,0,0,1,0,0,70
2025 - 2026,2025 Fall,UGRD,UGRD,Kimberly,Mortus,Kristin Sterling,NURS,3364,8,62,9,5,0,0,0,0,1,1,0,0,78
2025 - 2026,2025 Fall,UGRD,UGRD,Kimberly,Mortus,Kristin Sterling,NURS,3364,9,62,7,2,2,2,0,0,0,1,0,0,76
2025 - 2026,2025 Fall,UGRD,UGRD,Kristin,Sterling,,NURS,3364,10,47,11,2,0,0,0,0,1,0,0,0,61
2025 - 2026,2025 Fall,UGRD,UGRD,Kristin,Sterling,,NURS,3364,72,61,6,6,0,3,0,0,1,1,0,0,78
2025 - 2026,2025 Fall,UGRD,UGRD,Kristin,Sterling,,NURS,3364,75,47,17,4,3,5,0,0,1,0,0,0,77
2025 - 2026,2025 Fall,UGRD,UGRD,Kristin,Sterling,,NURS,3364,600,108,30,6,4,3,0,0,0,0,0,0,151
2025 - 2026,2025 Fall,UGRD,UGRD,Kristin,Sterling,,NURS,3364,601,105,26,10,2,4,0,0,1,2,0,0,150
2025 - 2026,2025 Fall,UGRD,UGRD,Kristin,Sterling,,NURS,3364,602,116,25,8,3,10,0,0,0,1,0,0,163
2025 - 2026,2025 Fall,UGRD,UGRD,Kelle,George,Kristin Sterling,NURS,3364,603,61,17,4,1,2,0,0,1,1,0,0,87
2025 - 2026,2025 Fall,UGRD,UGRD,Kelle,George,Kristin Sterling,NURS,3364,604,78,20,8,2,2,0,0,1,1,0,0,112
2025 - 2026,2025 Fall,UGRD,UGRD,Kelle,George,Kristin Sterling,NURS,3364,605,95,24,13,2,2,0,0,1,1,0,0,138
2025 - 2026,2025 Fall,UGRD,UGRD,Dinah,Houston,,NURS,3365,1,55,51,5,0,0,0,0,2,0,0,0,113
2025 - 2026,2025 Fall,UGRD,UGRD,Dinah,Houston,,NURS,3365,2,25,55,2,2,0,0,0,0,1,0,0,85
2025 - 2026,2025 Fall,UGRD,UGRD,Paula,Wyman,Deborah Hughes; Donna Davis,NURS,3366,1,11,29,11,7,6,0,0,0,6,0,0,70
2025 - 2026,2025 Fall,UGRD,UGRD,Deborah,Hughes,Donna Davis,NURS,3366,2,16,27,5,7,7,0,0,1,7,0,0,70
2025 - 2026,2025 Fall,UGRD,UGRD,Kimberly,Mortus,Deborah Hughes; Donna Davis,NURS,3366,3,8,27,9,9,1,0,0,3,12,0,0,69
2025 - 2026,2025 Fall,UGRD,UGRD,Deborah,Hughes,Donna Davis,NURS,3366,4,14,24,14,7,5,0,0,0,5,0,0,69
2025 - 2026,2025 Fall,UGRD,UGRD,Donna,Davis,Deborah Hughes,NURS,3366,5,9,22,8,8,8,0,0,0,15,0,0,70
2025 - 2026,2025 Fall,UGRD,UGRD,Elisa,Stehling,Deborah Hughes; Donna Davis,NURS,3366,6,18,21,6,5,6,0,0,1,12,0,0,69
2025 - 2026,2025 Fall,UGRD,UGRD,Crystal,Ramirez,Deborah Hughes; Donna Davis,NURS,3366,7,2,4,5,2,1,0,0,1,6,0,0,21
2025 - 2026,2025 Fall,UGRD,UGRD,Umber,Darilek,,NURS,3375,201,12,2,1,0,0,0,0,0,0,0,0,15
2025 - 2026,2025 Fall,UGRD,UGRD,Leslie,Jennings,Alyssa Peterson,NURS,3375,500,108,37,9,2,2,0,0,1,1,0,0,160
2025 - 2026,2025 Fall,UGRD,UGRD,Alyssa,Peterson,,NURS,3375,501,171,51,9,0,2,0,0,3,4,0,0,240
2025 - 2026,2025 Fall,UGRD,UGRD,Alyssa,Peterson,,NURS,3375,502,148,45,6,1,3,0,0,0,2,0,0,205
2025 - 2026,2025 Fall,UGRD,UGRD,Susan,Justice,Cynthia Griffin; Marcia Monghate; Rhonda Hudson; Rosemary Bell; Shayla Buckler,NURS,3381,1,72,117,4,0,0,0,0,0,0,0,0,193
2025 - 2026,2025 Fall,UGRD,UGRD,Michael,Holmes,Agnes Deleawe; Amy Rossing; Bailey Davis; Charlyn Gilmore; Daryl Hogan; Deborah Hansford; Donna Davis; Esther Dorsey; Fatoumata Jallow; Jade Iloka; Jennifer Baker; Jessica Thompson; Juanita Nickols; Kaseya Tshikunguila; Katie McLean; Lacy Chandler; S,NURS,3632,1,33,134,36,6,1,0,0,2,5,0,0,217
2025 - 2026,2025 Fall,UGRD,UGRD,Paula,Wyman,Deborah Hansford; Reyhan Rzayeva,NURS,3632,600,31,112,12,2,1,0,0,3,4,0,0,165
2025 - 2026,2025 Fall,UGRD,UGRD,Paula,Wyman,Deborah Hansford; Reyhan Rzayeva,NURS,3632,601,33,86,9,3,0,0,0,1,2,0,0,134
2025 - 2026,2025 Fall,UGRD,UGRD,Donna,Cleary,Chaminda Unantenne; Helah Hassan; Janet Makori; Leisel Mills; Melissa Leiker; Nicke Wilson; Rael Eckenroed; Roselyne Otieno; Shiny Varghese; Sonia Jones; Valoree Bowen; Yunsik Lee,NURS,3661,1,46,125,20,1,0,0,0,0,0,0,0,192
2025 - 2026,2025 Fall,UGRD,UGRD,Rhonda,Hudson,,NURS,4199,1,102,0,0,0,0,0,0,0,0,0,0,102
2025 - 2026,2025 Fall,UGRD,UGRD,Rhonda,Hudson,,NURS,4199,2,88,0,0,0,0,0,0,0,0,0,0,88
2025 - 2026,2025 Fall,UGRD,UGRD,Rhonda,Hudson,,NURS,4199,600,221,31,4,0,0,0,0,1,1,0,0,258
2025 - 2026,2025 Fall,UGRD,UGRD,Kelle,George,Karen Bravo,NURS,4323,1,77,0,1,0,0,0,0,0,0,0,0,78
2025 - 2026,2025 Fall,UGRD,UGRD,Kelle,George,Karen Bravo,NURS,4323,2,80,0,0,0,0,0,0,0,0,0,0,80
2025 - 2026,2025 Fall,UGRD,UGRD,Maura,Bernasconi,Jeanean Boyd,NURS,4323,600,227,7,1,0,0,0,0,0,0,0,0,235
2025 - 2026,2025 Fall,UGRD,UGRD,Thomas,Dombrowsky,,NURS,4325,500,15,126,41,6,5,0,0,3,10,0,0,206
2025 - 2026,2025 Fall,UGRD,UGRD,Thomas,Dombrowsky,,NURS,4325,501,19,94,38,3,4,0,0,1,11,0,0,170
2025 - 2026,2025 Fall,UGRD,UGRD,Thomas,Dombrowsky,,NURS,4325,502,23,69,27,3,2,0,0,0,4,0,0,128
2025 - 2026,2025 Fall,UGRD,UGRD,Veronica,King,,NURS,4325,502,23,69,27,3,2,0,0,0,4,0,0,128
2025 - 2026,2025 Fall,UGRD,UGRD,Tara,Martin,Andrea Nutting; Christina Stacy; Gloria-Grace Rose; Karen Liddy; Tiffany Jeter; Vicky Garcia,NURS,4331,1,31,57,5,0,0,0,0,0,0,0,0,93
2025 - 2026,2025 Fall,UGRD,UGRD,Tara,Martin,Andrea Nutting; Christina Stacy; Gloria-Grace Rose; Karen Liddy; Tiffany Jeter; Vicky Garcia,NURS,4331,2,37,54,6,0,0,0,0,0,0,0,0,97
2025 - 2026,2025 Fall,UGRD,UGRD,Rebecca,Mathews,Tara Martin,NURS,4331,600,37,95,13,1,0,0,0,0,0,0,0,146
2025 - 2026,2025 Fall,UGRD,UGRD,Rebecca,Mathews,,NURS,4331,601,32,69,8,2,0,0,0,0,0,0,0,111
2025 - 2026,2025 Fall,UGRD,UGRD,Tara,Martin,,NURS,4331,601,32,69,8,2,0,0,0,0,0,0,0,111
2025 - 2026,2025 Fall,UGRD,UGRD,Alyssa,Peterson,Ashlee Hansen-Bell; Elisa Stehling; Janelle Hennes; Kay Spearman; Markeya Hood; Sarah Warren,NURS,4341,1,35,57,5,0,0,0,0,0,0,0,0,97
2025 - 2026,2025 Fall,UGRD,UGRD,Alyssa,Peterson,Ashlee Hansen-Bell; Elisa Stehling; Janelle Hennes; Kay Spearman; Markeya Hood; Shelby Jones,NURS,4341,2,41,42,8,0,0,0,0,0,2,0,0,93
2025 - 2026,2025 Fall,UGRD,UGRD,Rebecca,Rountree,,NURS,4341,600,34,69,7,0,1,0,0,1,0,0,0,112
2025 - 2026,2025 Fall,UGRD,UGRD,Rebecca,Rountree,,NURS,4341,601,56,71,17,1,1,0,0,0,1,0,0,147
2025 - 2026,2025 Fall,UGRD,UGRD,Amy,Hiett,Adejoke Ogidan; Courtney Johnson; Debra Mezo; Glenn Wood; Kelley Monroe; Mary Harris; Nora Billodeaux; Patricia Allard; RaQuita Weeks-Lee,NURS,4350,3,0,0,0,0,0,0,7,0,0,0,0,7
2025 - 2026,2025 Fall,UGRD,UGRD,Amy,Hiett,Patricia Allard,NURS,4350,4,0,0,0,0,0,0,9,0,0,0,0,9
2025 - 2026,2025 Fall,UGRD,UGRD,Adejoke,Ogidan,Patricia Allard,NURS,4350,5,0,0,0,0,0,0,12,0,0,0,0,12
2025 - 2026,2025 Fall,UGRD,UGRD,Patricia,Allard,,NURS,4350,6,0,0,0,0,0,0,12,0,0,0,0,12
2025 - 2026,2025 Fall,UGRD,UGRD,Kelley,Monroe,Patricia Allard,NURS,4350,7,0,0,0,0,0,0,12,0,0,0,0,12
2025 - 2026,2025 Fall,UGRD,UGRD,Glenn,Wood,Patricia Allard,NURS,4350,8,0,0,0,0,0,0,12,0,0,0,0,12
2025 - 2026,2025 Fall,UGRD,UGRD,RaQuita,Weeks-Lee,Patricia Allard,NURS,4350,9,0,0,0,0,0,0,12,0,0,0,0,12
2025 - 2026,2025 Fall,UGRD,UGRD,Kelley,Monroe,Patricia Allard,NURS,4350,10,0,0,0,0,0,0,12,0,0,0,0,12
2025 - 2026,2025 Fall,UGRD,UGRD,Courtney,Johnson,Patricia Allard,NURS,4350,11,0,0,0,0,0,0,12,0,0,0,0,12
2025 - 2026,2025 Fall,UGRD,UGRD,Debra,Mezo,Patricia Allard,NURS,4350,12,0,0,0,0,0,0,9,0,0,0,0,9
2025 - 2026,2025 Fall,UGRD,UGRD,Patricia,Allard,,NURS,4350,13,0,0,0,0,0,0,6,0,0,0,0,6
2025 - 2026,2025 Fall,UGRD,UGRD,Glenn,Wood,Patricia Allard,NURS,4350,14,0,0,0,0,0,0,12,0,0,0,0,12
2025 - 2026,2025 Fall,UGRD,UGRD,Amy,Hiett,Patricia Allard,NURS,4350,15,0,0,0,0,0,0,8,0,0,0,0,8
2025 - 2026,2025 Fall,UGRD,UGRD,Nora,Billodeaux,Patricia Allard,NURS,4350,16,0,0,0,0,0,0,6,0,0,0,0,6
2025 - 2026,2025 Fall,UGRD,UGRD,Tara,Martin,Patricia Allard,NURS,4350,17,0,0,0,0,0,0,11,0,0,0,0,11
2025 - 2026,2025 Fall,UGRD,UGRD,Noami,Cavett,Marianne Doan; Patricia Allard,NURS,4350,610,0,0,0,0,0,0,9,0,0,0,0,9
2025 - 2026,2025 Fall,UGRD,UGRD,Friedrich,Rheinfrank,Marianne Doan; Patricia Allard,NURS,4350,611,0,0,0,0,0,0,10,0,0,0,0,10
2025 - 2026,2025 Fall,UGRD,UGRD,Debra,Mezo,Marianne Doan; Patricia Allard,NURS,4350,612,0,0,0,0,0,0,7,0,0,0,0,7
2025 - 2026,2025 Fall,UGRD,UGRD,Janet,Makori,Marianne Doan; Patricia Allard,NURS,4350,613,0,0,0,0,0,0,6,0,0,0,0,6
2025 - 2026,2025 Fall,UGRD,UGRD,Kristie,Gilliland,Marianne Doan; Patricia Allard,NURS,4350,614,0,0,0,0,1,0,9,0,0,0,0,10
2025 - 2026,2025 Fall,UGRD,UGRD,Tara,Martin,Marianne Doan; Patricia Allard,NURS,4350,622,0,0,0,0,0,0,10,0,0,0,0,10
2025 - 2026,2025 Fall,UGRD,UGRD,Gabriell,Grayson,Marianne Doan; Patricia Allard,NURS,4350,633,0,0,0,0,0,0,9,0,0,0,0,9
2025 - 2026,2025 Fall,UGRD,UGRD,Robin,Hunter,Marianne Doan; Patricia Allard,NURS,4350,639,0,0,0,0,1,0,6,0,0,0,0,7
2025 - 2026,2025 Fall,UGRD,UGRD,Nora,Billodeaux,Marianne Doan; Patricia Allard,NURS,4350,646,0,0,0,0,0,0,12,0,0,0,0,12
2025 - 2026,2025 Fall,UGRD,UGRD,Stefanie,Tanner,Marianne Doan; Patricia Allard,NURS,4350,659,0,0,0,0,0,0,8,0,0,0,0,8
2025 - 2026,2025 Fall,UGRD,UGRD,Ami,Stone,Marianne Doan; Patricia Allard,NURS,4350,714,0,0,0,0,1,0,7,0,0,0,0,8
2025 - 2026,2025 Fall,UGRD,UGRD,Joann,Grimes,Marianne Doan; Patricia Allard,NURS,4350,714,0,0,0,0,1,0,7,0,0,0,0,8
2025 - 2026,2025 Fall,UGRD,UGRD,Jessica,Sennett,Marianne Doan; Patricia Allard,NURS,4350,726,0,0,0,0,0,0,10,0,0,0,0,10
2025 - 2026,2025 Fall,UGRD,UGRD,Natalliette,Richards,Marianne Doan; Patricia Allard,NURS,4350,726,0,0,0,0,0,0,10,0,0,0,0,10
2025 - 2026,2025 Fall,UGRD,UGRD,Eva,Wurdinger,Marianne Doan; Patricia Allard,NURS,4350,735,0,0,0,0,0,0,7,0,0,0,0,7
2025 - 2026,2025 Fall,UGRD,UGRD,Vanessa,Gonzalez,Marianne Doan; Patricia Allard,NURS,4350,735,0,0,0,0,0,0,7,0,0,0,0,7
2025 - 2026,2025 Fall,UGRD,UGRD,Sandra,Gomez,Marianne Doan; Patricia Allard,NURS,4350,752,0,0,0,0,0,0,6,0,0,0,0,6
2025 - 2026,2025 Fall,UGRD,UGRD,Lidiaty,Wright,Marianne Doan; Patricia Allard,NURS,4350,762,0,0,0,0,0,0,9,0,0,0,0,9
2025 - 2026,2025 Fall,UGRD,UGRD,Shakerra,Brown,Marianne Doan; Patricia Allard,NURS,4350,762,0,0,0,0,0,0,9,0,0,0,0,9
2025 - 2026,2025 Fall,UGRD,UGRD,RaQuita,Weeks-Lee,,NURS,4351,1,68,7,0,0,0,0,0,0,0,0,0,75
2025 - 2026,2025 Fall,UGRD,UGRD,Courtney,Johnson,RaQuita Weeks-Lee,NURS,4351,2,74,4,2,0,0,0,0,0,0,0,0,80
2025 - 2026,2025 Fall,UGRD,UGRD,Donna,Cleary,,NURS,4351,600,223,19,0,0,0,0,0,0,0,0,0,242
2025 - 2026,2025 Fall,UGRD,UGRD,Jaci,Mester,,NURS,4371,72,15,2,0,0,0,0,0,1,1,0,0,19
2025 - 2026,2025 Fall,UGRD,UGRD,Meagan,Rogers,Rebecca Mathews,NURS,4455,500,114,57,13,1,3,0,0,2,8,0,0,198
2025 - 2026,2025 Fall,UGRD,UGRD,Rebecca,Mathews,,NURS,4455,501,106,56,14,4,2,0,0,0,7,0,0,189
2025 - 2026,2025 Fall,UGRD,UGRD,Rebecca,Mathews,,NURS,4455,502,93,44,9,2,5,0,0,1,3,0,0,157
2025 - 2026,2025 Fall,UGRD,UGRD,Veronica,King,Dinah Houston; Elizabeth Kreuze; Gloria-Grace Rose; Juanita Nickols; Karen Liddy; Lacy Chandler; Rose Wimbish-Tompkins; Shayla Buckler; Sohyun Kim,NURS,4462,1,154,1,0,0,0,0,0,0,0,0,0,155
2025 - 2026,2025 Fall,UGRD,UGRD,Marianne,Doan,Veronica King,NURS,4462,600,105,2,0,0,0,0,0,0,0,0,0,107
2025 - 2026,2025 Fall,UGRD,UGRD,Marianne,Doan,,NURS,4462,601,133,1,0,0,0,0,0,0,0,0,0,134
2025 - 2026,2025 Fall,UGRD,UGRD,Veronica,King,,NURS,4462,601,133,1,0,0,0,0,0,0,0,0,0,134
2025 - 2026,2025 Fall,UGRD,UGRD,Shayla,Buckler,,NURS,4465,500,140,35,5,0,0,0,0,3,3,0,0,186
2025 - 2026,2025 Fall,UGRD,UGRD,Shayla,Buckler,,NURS,4465,501,134,28,3,1,0,0,0,0,5,0,0,171
2025 - 2026,2025 Fall,UGRD,UGRD,Shayla,Buckler,,NURS,4465,502,122,24,7,1,0,0,0,1,7,0,0,162
2025 - 2026,2025 Fall,UGRD,UGRD,Crystal,Ramirez,April Sullivan; Danah Hamdan; David Andrews; Debra Hurd; Jessica Monsevalles; Kimberly Ortiz; Kirsti Landels; Lisa Prince; Mercy Riaro; Monica Massey; Susan Wells,NURS,4581,1,35,111,40,12,5,0,0,0,4,0,0,207
2025 - 2026,2025 Fall,UGRD,UGRD,Crystal,Ramirez,,NURS,4581,600,22,87,35,8,1,0,0,0,5,0,0,158
2025 - 2026,2025 Fall,UGRD,UGRD,Kirsti,Landels,Crystal Ramirez,NURS,4581,601,19,60,36,4,0,0,0,1,1,0,0,121
2025 - 2026,2025 Fall,UGRD,UGRD,Jeanean,Boyd,,NURS,4685,500,101,32,3,0,0,0,0,0,0,0,0,136
2025 - 2026,2025 Fall,UGRD,UGRD,Fatoumata,Jallow,Jeanean Boyd,NURS,4685,501,86,16,5,0,0,0,0,0,0,0,0,107
2025 - 2026,2025 Fall,UGRD,UGRD,Jeanean,Boyd,,NURS,4685,502,182,37,8,0,0,0,0,0,0,0,0,227
2025 - 2026,2025 Fall,UGRD,UGRD,Mary,Mancini,,NURS-EL,3300,500,0,0,0,0,0,0,79,0,0,0,0,79
2025 - 2026,2025 Fall,UGRD,UGRD,Mary,Mancini,,NURS-EL,3300,501,0,0,0,0,1,0,57,0,1,0,0,59
2025 - 2026,2025 Fall,UGRD,UGRD,Ogan,Gurel,Jennifer Roye,NURS-HI,3359,72,27,2,1,0,0,0,0,0,0,0,0,30
2025 - 2026,2025 Fall,UGRD,UGRD,Ahmad,Hamdan,,NURS-SS,2232,600,27,7,2,0,0,0,0,1,0,0,0,37
2025 - 2026,2025 Fall,UGRD,UGRD,Christine,Roberts,,NURS-SS,2232,600,27,7,2,0,0,0,0,1,0,0,0,37
2025 - 2026,2025 Fall,UGRD,UGRD,Dinah,Houston,,NURS-UL,3365,600,51,93,12,2,0,0,0,1,2,0,0,161
2025 - 2026,2025 Fall,UGRD,UGRD,Katie,McLean,,NURS-UL,3365,601,28,66,16,4,0,0,0,1,0,0,0,115
2025 - 2026,2025 Fall,UGRD,UGRD,Donna,Davis,Deborah Hughes,NURS-UL,3366,600,37,47,16,12,8,0,0,9,19,0,0,148
2025 - 2026,2025 Fall,UGRD,UGRD,Kimberly,Mortus,Deborah Hughes; Donna Davis,NURS-UL,3366,601,24,39,17,10,13,0,0,10,20,0,0,133
2025 - 2026,2025 Fall,UGRD,UGRD,Crystal,Ramirez,Deborah Hughes; Donna Davis,NURS-UL,3366,602,24,51,16,16,13,0,0,7,21,0,0,148
2025 - 2026,2025 Fall,UGRD,UGRD,Kimberly,Mortus,Deborah Hughes; Donna Davis,NURS-UL,3366,603,15,43,19,11,10,0,0,4,14,0,0,116
2025 - 2026,2025 Fall,UGRD,GRAD,Leigh,Griffis-Cogan,,NURSG,5327,400,23,6,1,0,0,0,0,0,0,0,0,30
2025 - 2026,2025 Fall,UGRD,GRAD,Leigh,Griffis-Cogan,,NURSG,5327,401,9,2,0,0,0,0,0,0,1,0,0,12
2025 - 2026,2025 Fall,UGRD,GRAD,Leigh,Griffis-Cogan,,NURSG,5327,402,15,1,0,0,0,0,0,0,0,0,0,16
2025 - 2026,2025 Fall,UGRD,GRAD,Michelle,Hampton,,NURSG,5366,400,10,0,0,0,0,0,0,0,0,0,0,10
2025 - 2026,2025 Fall,UGRD,GRAD,Michelle,Hampton,,NURSG,5366,401,19,6,0,0,0,0,0,0,0,0,0,25
2025 - 2026,2025 Fall,UGRD,GRAD,Michelle,Hampton,,NURSG,5366,402,14,1,1,0,0,0,0,0,0,0,0,16
2025 - 2026,2025 Fall,UGRD,UGRD,Deana,Furr,Rebecca Rountree,NURSU,3315,500,46,2,0,0,0,0,0,0,0,0,0,48
2025 - 2026,2025 Fall,UGRD,UGRD,Deana,Furr,Rebecca Rountree,NURSU,3315,501,20,1,0,0,0,0,0,0,0,0,0,21
2025 - 2026,2025 Fall,UGRD,UGRD,Rebecca,Rountree,,NURSU,3315,502,15,1,0,0,0,0,0,0,1,0,0,17
2025 - 2026,2025 Fall,UGRD,UGRD,Adejoke,Ogidan,,NURSU,3325,500,19,5,1,0,1,0,0,0,1,0,0,27
2025 - 2026,2025 Fall,UGRD,UGRD,Adejoke,Ogidan,,NURSU,3325,501,23,5,1,0,0,0,0,0,0,0,0,29
2025 - 2026,2025 Fall,UGRD,UGRD,Fatoumata,Jallow,Adejoke Ogidan,NURSU,3325,502,36,12,3,1,0,0,0,0,1,0,0,53
2025 - 2026,2025 Fall,UGRD,UGRD,Cynthia,Koomey,,NURSU,3335,500,26,9,2,0,1,0,0,0,0,0,0,38
2025 - 2026,2025 Fall,UGRD,UGRD,Cynthia,Koomey,,NURSU,3335,501,22,4,2,0,0,0,0,0,1,0,0,29
2025 - 2026,2025 Fall,UGRD,UGRD,Cynthia,Koomey,,NURSU,3335,502,26,3,0,0,0,0,0,0,0,0,0,29
2025 - 2026,2025 Fall,UGRD,UGRD,David,Smith,,NURSU,3345,500,37,8,0,0,1,0,0,0,1,0,0,47
2025 - 2026,2025 Fall,UGRD,UGRD,David,Smith,,NURSU,3345,501,25,3,0,0,1,0,0,0,0,0,0,29
2025 - 2026,2025 Fall,UGRD,UGRD,Elisa,Stehling,David Smith,NURSU,3345,502,17,3,1,0,1,0,0,0,1,0,0,23
2025 - 2026,2025 Fall,UGRD,UGRD,David,Smith,,NURSU,3345,503,6,3,0,0,1,0,0,0,0,0,0,10
2025 - 2026,2025 Fall,UGRD,UGRD,Patricia,Allard,,NURSU,3352,501,6,0,1,0,0,0,0,0,0,0,0,7
2025 - 2026,2025 Fall,UGRD,UGRD,Patricia,Allard,,NURSU,3352,502,6,1,1,0,0,0,0,0,0,0,0,8
2025 - 2026,2025 Fall,UGRD,UGRD,Leslie,Jennings,Alyssa Peterson,NURSU,3375,500,16,5,0,0,0,0,0,0,0,0,0,21
2025 - 2026,2025 Fall,UGRD,UGRD,Alyssa,Peterson,,NURSU,3375,501,38,4,1,1,1,0,0,0,2,0,0,47
2025 - 2026,2025 Fall,UGRD,UGRD,Alyssa,Peterson,,NURSU,3375,502,28,3,0,2,1,0,0,0,0,0,0,34
2025 - 2026,2025 Fall,UGRD,UGRD,Thomas,Dombrowsky,,NURSU,4325,500,1,24,4,0,1,0,0,0,1,0,0,31
2025 - 2026,2025 Fall,UGRD,UGRD,Thomas,Dombrowsky,,NURSU,4325,501,7,12,3,1,0,0,0,0,3,0,0,26
2025 - 2026,2025 Fall,UGRD,UGRD,Thomas,Dombrowsky,,NURSU,4325,502,7,13,1,0,0,0,0,0,0,0,0,21
2025 - 2026,2025 Fall,UGRD,UGRD,Veronica,King,,NURSU,4325,502,7,13,1,0,0,0,0,0,0,0,0,21
2025 - 2026,2025 Fall,UGRD,UGRD,Meagan,Rogers,Rebecca Mathews,NURSU,4455,500,23,1,2,0,0,0,0,1,2,0,0,29
2025 - 2026,2025 Fall,UGRD,UGRD,Rebecca,Mathews,,NURSU,4455,501,19,6,2,0,0,0,0,0,1,0,0,28
2025 - 2026,2025 Fall,UGRD,UGRD,Rebecca,Mathews,,NURSU,4455,502,14,7,3,1,0,0,0,0,1,0,0,26
2025 - 2026,2025 Fall,UGRD,UGRD,Shayla,Buckler,,NURSU,4465,500,20,1,0,0,0,0,0,0,1,0,0,22
2025 - 2026,2025 Fall,UGRD,UGRD,Shayla,Buckler,,NURSU,4465,501,16,4,0,0,0,0,0,0,0,0,0,20
2025 - 2026,2025 Fall,UGRD,UGRD,Shayla,Buckler,,NURSU,4465,502,20,4,1,0,0,0,0,1,1,0,0,27
2025 - 2026,2025 Fall,UGRD,UGRD,Jeanean,Boyd,,NURSU,4685,500,7,0,0,0,0,0,0,0,0,0,0,7
2025 - 2026,2025 Fall,UGRD,UGRD,Fatoumata,Jallow,Jeanean Boyd,NURSU,4685,501,13,1,0,0,0,0,0,0,0,0,0,14
2025 - 2026,2025 Fall,UGRD,UGRD,Jeanean,Boyd,,NURSU,4685,502,35,2,0,0,0,0,0,0,0,0,0,37
2025 - 2026,2025 Fall,UGRD,UGRD,Randall,Napier,,OPMA,3306,1,19,27,24,0,0,0,0,0,2,0,0,72
2025 - 2026,2025 Fall,UGRD,UGRD,Thu Trang,Hoang,,OPMA,3306,3,18,35,16,0,0,0,0,0,0,0,0,69
2025 - 2026,2025 Fall,UGRD,UGRD,Randall,Napier,,OPMA,3306,4,16,30,20,0,0,0,0,0,2,0,0,68
2025 - 2026,2025 Fall,UGRD,UGRD,Saurabh,Ambulkar,,OPMA,3306,6,9,19,24,11,2,0,0,0,5,0,0,70
2025 - 2026,2025 Fall,UGRD,UGRD,Randall,Napier,,OPMA,3306,7,21,23,25,0,1,0,0,0,1,0,0,71
2025 - 2026,2025 Fall,UGRD,UGRD,Bradly,Masters,,OPMA,3306,8,6,17,19,0,0,0,0,0,2,0,0,44
2025 - 2026,2025 Fall,UGRD,UGRD,Randall,Napier,,OPMA,3306,9,14,25,24,3,0,0,0,0,1,0,0,67
2025 - 2026,2025 Fall,UGRD,UGRD,Alper,Nakkas,,OPMA,3306,10,17,29,19,3,1,0,0,0,0,0,0,69
2025 - 2026,2025 Fall,UGRD,UGRD,Edmund,Prater,,OPMA,4309,1,7,12,8,0,0,0,0,0,0,0,0,27
2025 - 2026,2025 Fall,UGRD,UGRD,Saurabh,Ambulkar,,OPMA,4310,1,6,8,12,1,0,0,0,1,1,0,0,29
2025 - 2026,2025 Fall,UGRD,UGRD,Edmund,Prater,,OPMA,4312,1,4,9,10,5,0,0,0,0,0,0,0,28
2025 - 2026,2025 Fall,UGRD,UGRD,Carmin,Harris,,PCOM,3301,1,6,1,0,0,0,0,0,0,0,0,0,7
2025 - 2026,2025 Fall,UGRD,UGRD,Carmin,Harris,,PCOM,4391,9,4,2,0,0,0,0,0,0,0,0,0,6
2025 - 2026,2025 Fall,UGRD,UGRD,Syed,AbuMusab,,PHIL,1304,1,18,9,1,1,1,0,0,0,0,0,0,30
2025 - 2026,2025 Fall,UGRD,UGRD,Peter,Zuk,,PHIL,1304,2,10,6,2,0,1,0,0,1,0,0,0,20
2025 - 2026,2025 Fall,UGRD,UGRD,Shaun,House,,PHIL,1304,3,25,1,2,0,0,0,0,1,0,0,0,29
2025 - 2026,2025 Fall,UGRD,UGRD,Shaun,House,,PHIL,1304,4,30,0,0,0,0,0,0,0,0,0,0,30
2025 - 2026,2025 Fall,UGRD,UGRD,Shaun,House,,PHIL,1304,5,24,3,0,0,2,0,0,0,0,0,0,29
2025 - 2026,2025 Fall,UGRD,UGRD,Shaun,House,,PHIL,1304,6,28,0,1,0,1,0,0,0,0,0,0,30
2025 - 2026,2025 Fall,UGRD,UGRD,Shaun,House,,PHIL,1304,7,28,1,0,0,0,0,0,0,0,0,0,29
2025 - 2026,2025 Fall,UGRD,UGRD,Luke,Roelofs,,PHIL,1304,8,15,16,2,1,0,0,0,1,0,0,0,35
2025 - 2026,2025 Fall,UGRD,UGRD,Kenneth,Williford,,PHIL,2300,1,17,6,5,4,0,0,0,0,2,0,0,34
2025 - 2026,2025 Fall,UGRD,UGRD,Kenneth,Williford,,PHIL,2300,4,12,8,9,5,0,0,0,1,0,0,0,35
2025 - 2026,2025 Fall,UGRD,UGRD,Jeremy,Byrd,,PHIL,2300,5,12,10,5,4,3,0,0,1,0,0,0,35
2025 - 2026,2025 Fall,UGRD,UGRD,Brittany,Shupe,,PHIL,2300,6,35,35,21,12,7,0,0,0,8,0,0,118
2025 - 2026,2025 Fall,UGRD,UGRD,Sean,Kelly,,PHIL,2300,8,15,1,0,0,0,0,0,0,0,0,0,16
2025 - 2026,2025 Fall,UGRD,UGRD,Jeremy,Byrd,,PHIL,2311,2,9,4,7,3,3,0,0,0,2,0,0,28
2025 - 2026,2025 Fall,UGRD,UGRD,Syed,AbuMusab,,PHIL,2311,3,16,5,1,3,2,0,0,0,2,0,0,29
2025 - 2026,2025 Fall,UGRD,UGRD,Jeremy,Byrd,,PHIL,2311,6,13,6,6,3,1,0,0,0,1,0,0,30
2025 - 2026,2025 Fall,UGRD,UGRD,Jeremy,Byrd,,PHIL,2314,2,17,8,1,2,1,0,0,0,1,0,0,30
2025 - 2026,2025 Fall,UGRD,UGRD,Peter,Zuk,,PHIL,3303,1,18,4,1,0,0,0,0,1,0,0,0,24
2025 - 2026,2025 Fall,UGRD,UGRD,Brittany,Shupe,,PHIL,3319,2,35,6,1,0,0,0,0,0,0,0,0,42
2025 - 2026,2025 Fall,UGRD,UGRD,Luke,Roelofs,,PHIL,3340,1,7,7,5,1,0,0,0,0,0,0,0,20
2025 - 2026,2025 Fall,UGRD,UGRD,Jeremy,Byrd,,PHIL,4387,1,9,1,1,0,0,0,0,0,0,0,0,11
2025 - 2026,2025 Fall,UGRD,UGRD,Varghese Anto,Chirayath,,PHYS,1181,1,6,0,0,0,0,0,0,0,0,0,0,6
2025 - 2026,2025 Fall,UGRD,UGRD,Varghese Anto,Chirayath,,PHYS,1182,1,9,0,0,0,0,0,0,0,0,0,0,9
2025 - 2026,2025 Fall,UGRD,UGRD,Shafaq,Moten,,PHYS,1301,1,14,9,2,0,0,0,0,0,3,0,0,28
2025 - 2026,2025 Fall,UGRD,UGRD,Madhab,Pokhrel,,PHYS,1441,2,13,11,20,5,11,0,0,2,5,0,0,67
2025 - 2026,2025 Fall,UGRD,UGRD,Mingwu,Jin,,PHYS,1441,3,54,51,23,8,11,0,0,1,11,0,0,159
2025 - 2026,2025 Fall,UGRD,UGRD,Clifton,Massey-Noel,,PHYS,1441,4,50,43,18,10,7,0,0,0,8,0,0,136
2025 - 2026,2025 Fall,UGRD,UGRD,Andrew,White,,PHYS,1441,5,100,46,14,1,3,0,0,1,2,0,0,167
2025 - 2026,2025 Fall,UGRD,UGRD,Madhab,Pokhrel,,PHYS,1442,1,15,13,10,4,5,0,0,0,2,0,0,49
2025 - 2026,2025 Fall,UGRD,UGRD,Ping,Liu,,PHYS,1442,2,30,49,15,6,3,0,0,0,5,0,0,108
2025 - 2026,2025 Fall,UGRD,UGRD,Shafaq,Moten,,PHYS,1442,3,36,31,6,0,0,0,0,0,1,0,0,74
2025 - 2026,2025 Fall,UGRD,UGRD,Barry,Spurlock,,PHYS,1443,1,75,74,39,16,8,0,0,4,8,0,0,224
2025 - 2026,2025 Fall,UGRD,UGRD,Fajer,Jaafari,,PHYS,1443,2,33,37,32,2,5,0,0,2,4,0,0,115
2025 - 2026,2025 Fall,UGRD,UGRD,Raquel,Castillo Fernandez,,PHYS,1443,3,38,28,20,2,9,0,0,2,3,0,0,102
2025 - 2026,2025 Fall,UGRD,UGRD,Kaushik,De,,PHYS,1443,4,11,10,1,0,1,0,0,0,0,0,0,23
2025 - 2026,2025 Fall,UGRD,UGRD,Ramon,Lopez,Clifton Massey-Noel,PHYS,1443,5,68,48,19,5,3,0,0,3,3,0,0,149
2025 - 2026,2025 Fall,UGRD,UGRD,Yuan,Mei,,PHYS,1444,1,48,53,15,7,5,0,0,1,1,0,0,130
2025 - 2026,2025 Fall,UGRD,UGRD,Jaehoon,Yu,,PHYS,1444,2,27,41,13,2,8,0,0,4,10,0,0,105
2025 - 2026,2025 Fall,UGRD,UGRD,Suman,Satyal,,PHYS,1444,3,97,22,6,0,1,0,0,3,4,0,0,133
2025 - 2026,2025 Fall,UGRD,UGRD,Barry,Spurlock,,PHYS,1444,4,79,83,56,5,6,0,0,0,1,0,0,230
2025 - 2026,2025 Fall,UGRD,UGRD,Muhammad,Huda,,PHYS,2311,1,6,13,7,3,6,0,0,0,3,0,0,38
2025 - 2026,2025 Fall,UGRD,UGRD,Tej,Karki,,PHYS,3183,1,12,1,1,0,3,0,0,0,2,0,0,19
2025 - 2026,2025 Fall,UGRD,UGRD,Tej,Karki,,PHYS,3183,3,7,1,0,1,2,0,0,0,4,0,0,15
2025 - 2026,2025 Fall,UGRD,UGRD,Nevin,Weinberg,,PHYS,3313,1,26,13,5,0,5,0,0,1,0,0,0,50
2025 - 2026,2025 Fall,UGRD,UGRD,Cheng,Sheng,,PHYS,3321,1,15,8,3,0,1,0,0,0,1,0,0,28
2025 - 2026,2025 Fall,UGRD,UGRD,Das Kanti,Kamal,,PHYS,3445,1,6,10,4,0,1,0,0,0,1,0,0,22
2025 - 2026,2025 Fall,UGRD,UGRD,Manfred,Cuntz,,PHYS,4117,1,16,4,1,0,0,0,0,0,0,0,0,21
2025 - 2026,2025 Fall,UGRD,UGRD,Joseph,Ngai,,PHYS,4315,1,8,14,2,4,1,0,0,0,2,0,0,31
2025 - 2026,2025 Fall,UGRD,UGRD,Ali,Koymen,,PHYS,4326,1,27,7,1,0,2,0,0,0,0,0,0,37
2025 - 2026,2025 Fall,UGRD,UGRD,Sangwook,Park,,PHYS,4391,1,10,5,0,0,0,0,0,0,1,0,0,16
2025 - 2026,2025 Fall,UGRD,UGRD,Marylin,D Rozario,,PLAN,1301,2,17,2,1,1,1,0,0,0,2,0,0,24
2025 - 2026,2025 Fall,UGRD,UGRD,Mahdis,Hamisi,,PLAN,3301,1,64,3,1,0,2,0,0,0,2,0,0,72
2025 - 2026,2025 Fall,UGRD,UGRD,Jenifer,Reiner,,PLAN,4310,102,34,13,3,0,2,0,0,0,2,0,0,54
2025 - 2026,2025 Fall,UGRD,UGRD,Ariadna,Reyes-Sanchez,,PLAN,4320,101,48,22,1,0,6,0,0,0,1,0,0,78
2025 - 2026,2025 Fall,UGRD,UGRD,Jessica,Suma,,PLAN,4356,102,19,5,6,1,7,0,0,0,3,0,0,41
2025 - 2026,2025 Fall,UGRD,UGRD,Gregg,Gleichert,,POLS,2311,1,73,31,14,7,14,0,0,3,0,0,0,142
2025 - 2026,2025 Fall,UGRD,UGRD,Gregg,Gleichert,,POLS,2311,2,71,46,13,5,9,0,0,0,1,0,0,145
2025 - 2026,2025 Fall,UGRD,UGRD,Bai Linh,Hoang,,POLS,2311,3,46,45,25,10,16,0,0,2,1,0,0,145
2025 - 2026,2025 Fall,UGRD,UGRD,Gregg,Gleichert,,POLS,2311,4,75,43,9,1,11,0,0,3,3,0,0,145
2025 - 2026,2025 Fall,UGRD,UGRD,Gregg,Gleichert,,POLS,2311,5,97,33,5,4,6,0,0,0,0,0,0,145
2025 - 2026,2025 Fall,UGRD,UGRD,Stephen,Wilkes,,POLS,2311,6,113,13,9,0,11,0,0,0,0,0,0,146
2025 - 2026,2025 Fall,UGRD,UGRD,Michael,Morris,,POLS,2311,7,75,22,24,5,8,0,0,1,1,0,0,136
2025 - 2026,2025 Fall,UGRD,UGRD,Kayla Canelo,Sandoval,,POLS,2311,8,27,37,35,10,22,0,0,3,8,0,0,142
2025 - 2026,2025 Fall,UGRD,UGRD,Michael,Morris,,POLS,2311,9,70,41,21,4,4,0,0,3,1,0,0,144
2025 - 2026,2025 Fall,UGRD,UGRD,Michael,Morris,,POLS,2311,10,93,27,13,4,5,0,0,2,1,0,0,145
2025 - 2026,2025 Fall,UGRD,UGRD,Brian,Johnson,,POLS,2311,11,38,52,33,5,9,0,0,7,1,0,0,145
2025 - 2026,2025 Fall,UGRD,UGRD,Michael,Morris,,POLS,2311,12,138,30,18,2,3,0,0,1,3,0,0,195
2025 - 2026,2025 Fall,UGRD,UGRD,Olivia,Agudelo,,POLS,2311,15,100,25,10,1,5,0,0,1,2,0,0,144
2025 - 2026,2025 Fall,UGRD,UGRD,Michael,Morris,,POLS,2311,700,126,19,13,0,4,0,0,1,7,0,0,170
2025 - 2026,2025 Fall,UGRD,UGRD,Michael,Morris,,POLS,2311,701,110,22,7,2,0,0,0,0,4,0,0,145
2025 - 2026,2025 Fall,UGRD,UGRD,Marcus,Hendershot,,POLS,2312,1,58,68,15,2,3,0,0,0,0,0,0,146
2025 - 2026,2025 Fall,UGRD,UGRD,Marcus,Hendershot,,POLS,2312,2,66,60,13,1,4,0,0,0,1,0,0,145
2025 - 2026,2025 Fall,UGRD,UGRD,Marcus,Hendershot,,POLS,2312,3,71,60,9,3,1,0,0,2,0,0,0,146
2025 - 2026,2025 Fall,UGRD,UGRD,Marcus,Hendershot,,POLS,2312,4,62,68,8,1,0,0,0,2,1,0,0,142
2025 - 2026,2025 Fall,UGRD,UGRD,Stephanie,Carter,,POLS,2312,5,72,49,10,5,5,0,0,3,0,0,0,144
2025 - 2026,2025 Fall,UGRD,UGRD,Jessie,Galloway,,POLS,2312,6,69,35,14,1,22,0,0,3,1,0,0,145
2025 - 2026,2025 Fall,UGRD,UGRD,Brent,Boyea,,POLS,2312,7,64,61,47,30,30,0,0,3,11,0,0,246
2025 - 2026,2025 Fall,UGRD,UGRD,Rasha,Atieh,,POLS,2312,8,116,17,6,2,0,0,0,0,1,0,0,142
2025 - 2026,2025 Fall,UGRD,UGRD,Kimberly,Caraway,,POLS,2312,9,16,6,0,0,0,0,0,0,0,0,0,22
2025 - 2026,2025 Fall,UGRD,UGRD,Kimberly,Caraway,,POLS,2312,10,82,33,11,8,5,0,0,1,1,0,0,141
2025 - 2026,2025 Fall,UGRD,UGRD,Rasha,Atieh,,POLS,2312,11,111,25,3,2,1,0,0,1,3,0,0,146
2025 - 2026,2025 Fall,UGRD,UGRD,Thomas,Little,,POLS,2312,12,117,57,16,4,1,0,0,0,0,0,0,195
2025 - 2026,2025 Fall,UGRD,UGRD,Olivia,Agudelo,,POLS,2312,15,95,32,8,2,1,0,0,1,4,0,0,143
2025 - 2026,2025 Fall,UGRD,UGRD,Olivia,Agudelo,,POLS,2312,16,77,35,17,5,4,0,0,3,2,0,0,143
2025 - 2026,2025 Fall,UGRD,UGRD,Thomas,Little,,POLS,2312,700,118,68,11,1,1,0,0,2,5,0,0,206
2025 - 2026,2025 Fall,UGRD,UGRD,Thomas,Little,,POLS,2312,701,106,72,13,3,7,0,0,0,5,0,0,206
2025 - 2026,2025 Fall,UGRD,UGRD,Brent,Sasley,,POLS,3302,1,12,6,3,2,9,0,0,0,5,0,0,37
2025 - 2026,2025 Fall,UGRD,UGRD,Christopher,Chambers-Ju,,POLS,3304,1,13,16,5,1,0,0,0,0,2,0,0,37
2025 - 2026,2025 Fall,UGRD,UGRD,Brent,Boyea,,POLS,3307,1,22,9,2,1,1,0,0,0,1,0,0,36
2025 - 2026,2025 Fall,UGRD,UGRD,Kayla Canelo,Sandoval,,POLS,3330,1,15,15,8,1,0,0,0,0,0,0,0,39
2025 - 2026,2025 Fall,UGRD,UGRD,Bai Linh,Hoang,,POLS,4317,1,7,14,3,0,4,0,0,0,1,0,0,29
2025 - 2026,2025 Fall,UGRD,UGRD,Nichole,Horn,,POLS,4328,1,20,15,1,0,1,0,0,0,1,0,0,38
2025 - 2026,2025 Fall,UGRD,UGRD,Brian,Whitmore,,POLS,4365,1,24,10,1,0,1,0,0,0,1,0,0,37
2025 - 2026,2025 Fall,UGRD,UGRD,Bo Won,Kim,,POLS,4373,1,22,13,2,0,0,0,0,0,1,0,0,38
2025 - 2026,2025 Fall,UGRD,UGRD,Brent,Sasley,,POLS,4389,1,6,0,0,0,0,0,0,0,0,0,0,6
2025 - 2026,2025 Fall,UGRD,UGRD,Brent,Sasley,,POLS,4390,1,5,1,0,0,0,0,0,0,0,0,0,6
2025 - 2026,2025 Fall,UGRD,UGRD,Christopher,Chambers-Ju,,POLS,4392,1,17,14,2,0,1,0,0,0,0,0,0,34
2025 - 2026,2025 Fall,UGRD,UGRD,Bo Won,Kim,,POLS,4392,4,15,0,2,1,1,0,0,0,1,0,0,20
2025 - 2026,2025 Fall,UGRD,UGRD,Mark,Hand,,POLS,4393,1,4,3,0,0,0,0,0,0,0,0,0,7
2025 - 2026,2025 Fall,UGRD,UGRD,Brent,Sasley,,POLS,4691,1,6,0,0,0,0,0,0,0,0,0,0,6
2025 - 2026,2025 Fall,UGRD,GRAD,Xavier,Vidal,,POLS,5381,1,9,1,0,0,0,0,0,0,1,0,0,11
2025 - 2026,2025 Fall,UGRD,UGRD,Jennifer,Lanter,,PREL,2338,1,46,12,4,2,3,0,0,1,4,0,0,72
2025 - 2026,2025 Fall,UGRD,UGRD,Shelley,Wigley,,PREL,3313,1,8,5,4,1,1,0,0,0,0,0,0,19
2025 - 2026,2025 Fall,UGRD,UGRD,Amanda,Jordan,,PREL,3320,1,33,5,1,0,0,0,0,0,1,0,0,40
2025 - 2026,2025 Fall,UGRD,UGRD,Amanda,Jordan,,PREL,3320,2,36,5,1,0,0,0,0,0,0,0,0,42
2025 - 2026,2025 Fall,UGRD,UGRD,Mindia,Whittier,,PREL,3339,1,5,6,0,0,0,0,0,0,0,0,0,11
2025 - 2026,2025 Fall,UGRD,UGRD,Mindia,Whittier,,PREL,3339,2,9,3,4,0,0,0,0,0,1,0,0,17
2025 - 2026,2025 Fall,UGRD,UGRD,Jennifer,Lanter,,PREL,3340,1,18,5,0,0,0,0,0,0,0,0,0,23
2025 - 2026,2025 Fall,UGRD,UGRD,Alaina,Spiers,,PREL,4316,1,20,2,0,0,0,0,0,0,0,0,0,22
2025 - 2026,2025 Fall,UGRD,UGRD,Shelley,Wigley,,PREL,4316,1,20,2,0,0,0,0,0,0,0,0,0,22
2025 - 2026,2025 Fall,UGRD,UGRD,Mindia,Whittier,,PREL,4320,2,22,2,0,0,0,0,0,0,0,0,0,24
2025 - 2026,2025 Fall,UGRD,UGRD,Alan,Hernandez,,PSYC,1315,1,73,35,15,2,21,0,0,4,4,0,0,154
2025 - 2026,2025 Fall,UGRD,UGRD,Elias,Chandarlis,,PSYC,1315,4,135,16,1,2,21,0,0,1,0,0,0,176
2025 - 2026,2025 Fall,UGRD,UGRD,Elias,Chandarlis,,PSYC,1315,5,224,24,9,3,35,0,0,3,1,0,0,299
2025 - 2026,2025 Fall,UGRD,UGRD,Elias,Chandarlis,,PSYC,1315,6,118,10,4,3,12,0,0,1,1,0,0,149
2025 - 2026,2025 Fall,UGRD,UGRD,Jennifer,Dias,,PSYC,1315,7,52,72,33,6,54,0,0,4,8,0,0,229
2025 - 2026,2025 Fall,UGRD,UGRD,Susan,Eddlemon Villalobos,,PSYC,1315,8,200,22,2,2,21,0,0,3,0,0,0,250
2025 - 2026,2025 Fall,UGRD,UGRD,Elias,Chandarlis,,PSYC,1315,10,23,2,1,0,0,0,0,1,0,0,0,27
2025 - 2026,2025 Fall,UGRD,UGRD,Rachel,Baldridge,,PSYC,1315,700,66,6,1,1,1,0,0,2,0,0,0,77
2025 - 2026,2025 Fall,UGRD,UGRD,Rachel,Baldridge,,PSYC,1315,701,61,8,6,3,2,0,0,0,1,0,0,81
2025 - 2026,2025 Fall,UGRD,UGRD,Alan,Hernandez,,PSYC,2300,1,30,30,18,9,5,0,0,0,3,0,0,95
2025 - 2026,2025 Fall,UGRD,UGRD,Alan,Hernandez,,PSYC,2300,2,21,20,21,8,3,0,0,1,5,0,0,79
2025 - 2026,2025 Fall,UGRD,UGRD,Erin,Austin,,PSYC,2315,1,43,9,2,1,4,0,0,0,1,0,0,60
2025 - 2026,2025 Fall,UGRD,UGRD,Julieta,Trejo,,PSYC,2315,2,25,16,9,1,6,0,0,2,0,0,0,59
2025 - 2026,2025 Fall,UGRD,UGRD,Joel,Roberts,,PSYC,2315,3,30,12,10,2,2,0,0,1,1,0,0,58
2025 - 2026,2025 Fall,UGRD,UGRD,Ashley,Hall,,PSYC,2315,4,23,16,9,0,6,0,0,1,2,0,0,57
2025 - 2026,2025 Fall,UGRD,UGRD,Rebecca,Escoto,,PSYC,2317,1,77,17,2,0,1,0,0,0,0,0,0,97
2025 - 2026,2025 Fall,UGRD,UGRD,Amandeep,Dhaliwal,,PSYC,3200,1,51,26,0,0,1,0,0,0,0,0,0,78
2025 - 2026,2025 Fall,UGRD,UGRD,Amandeep,Dhaliwal,,PSYC,3300,1,31,47,30,16,3,0,0,2,1,0,0,130
2025 - 2026,2025 Fall,UGRD,UGRD,Susan,Eddlemon Villalobos,,PSYC,3301,1,66,13,2,1,3,0,0,0,1,0,0,86
2025 - 2026,2025 Fall,UGRD,UGRD,Katherine,Ramsey,,PSYC,3302,1,49,6,0,0,2,0,0,2,2,0,0,61
2025 - 2026,2025 Fall,UGRD,UGRD,Stephen,Lomber,,PSYC,3303,1,49,64,44,10,4,0,0,0,6,0,0,177
2025 - 2026,2025 Fall,UGRD,UGRD,Scott,Coleman,Linda Perrotti,PSYC,3304,1,56,35,12,4,1,0,0,0,3,0,0,111
2025 - 2026,2025 Fall,UGRD,UGRD,Bonnie,Laster,,PSYC,3310,1,120,30,7,3,4,0,0,0,1,0,0,165
2025 - 2026,2025 Fall,UGRD,UGRD,Erin,Austin,,PSYC,3310,2,115,89,43,6,13,0,0,1,4,0,0,271
2025 - 2026,2025 Fall,UGRD,UGRD,Bonnie,Laster,,PSYC,3310,3,161,65,28,8,4,0,0,0,8,0,0,274
2025 - 2026,2025 Fall,UGRD,UGRD,Erin,Austin,,PSYC,3310,700,129,13,6,0,2,0,0,2,0,0,0,152
2025 - 2026,2025 Fall,UGRD,UGRD,Erin,Austin,,PSYC,3310,701,117,18,1,2,3,0,0,0,0,0,0,141
2025 - 2026,2025 Fall,UGRD,UGRD,Jennifer,Dias,,PSYC,3314,2,24,41,29,3,9,0,0,0,6,0,0,112
2025 - 2026,2025 Fall,UGRD,UGRD,Rebecca,Escoto,,PSYC,3315,1,38,24,15,3,4,0,0,1,0,0,0,85
2025 - 2026,2025 Fall,UGRD,UGRD,Rachel,Baldridge,,PSYC,3315,3,122,69,30,5,9,0,0,4,5,0,0,244
2025 - 2026,2025 Fall,UGRD,UGRD,Bonnie,Laster,,PSYC,3317,1,107,50,11,1,2,0,0,0,1,0,0,172
2025 - 2026,2025 Fall,UGRD,UGRD,Jennifer,Dias,,PSYC,3318,1,100,104,32,2,6,0,0,0,4,0,0,248
2025 - 2026,2025 Fall,UGRD,UGRD,Daniel,Levine,,PSYC,3320,1,33,30,17,6,5,0,0,2,7,0,0,100
2025 - 2026,2025 Fall,UGRD,UGRD,Amandeep,Dhaliwal,,PSYC,3322,1,25,55,66,17,2,0,0,0,12,0,0,177
2025 - 2026,2025 Fall,UGRD,UGRD,Yuan,Peng,Julieta Trejo; Linda Perrotti,PSYC,3322,2,5,7,15,11,17,0,0,2,13,0,0,70
2025 - 2026,2025 Fall,UGRD,UGRD,Scott,Coleman,Linda Perrotti,PSYC,3326,1,6,17,5,1,1,0,0,0,1,0,0,31
2025 - 2026,2025 Fall,UGRD,UGRD,Alan,Hernandez,,PSYC,3334,1,30,39,36,5,5,0,0,2,1,0,0,118
2025 - 2026,2025 Fall,UGRD,UGRD,Alan,Hernandez,,PSYC,3334,2,27,24,13,2,3,0,0,2,1,0,0,72
2025 - 2026,2025 Fall,UGRD,UGRD,Amandeep,Dhaliwal,,PSYC,3357,1,27,5,0,0,1,0,0,0,0,0,0,33
2025 - 2026,2025 Fall,UGRD,UGRD,Xavier,Aranda,,PSYC,4309,1,20,6,1,0,0,0,0,0,2,0,0,29
2025 - 2026,2025 Fall,UGRD,UGRD,Stephen,Lomber,,PSYC,4334,1,3,2,1,0,1,0,0,0,0,0,0,7
2025 - 2026,2025 Fall,UGRD,UGRD,Crystal,Cooper Cortes,,PSYC,4338,1,8,13,2,0,0,0,0,0,2,0,0,25
2025 - 2026,2025 Fall,UGRD,UGRD,Angela,Liegey-Dougall,,PSYC,4357,1,12,7,3,0,0,0,0,0,0,0,0,22
2025 - 2026,2025 Fall,UGRD,UGRD,Erin,Austin,,PSYC,4410,1,10,15,2,0,0,0,0,0,0,0,0,27
2025 - 2026,2025 Fall,UGRD,UGRD,Rachel,Baldridge,,PSYC,4412,2,22,7,1,0,0,0,0,0,0,0,0,30
2025 - 2026,2025 Fall,UGRD,UGRD,Jared,Kenworthy,,PSYC,4412,5,16,6,5,0,0,0,0,0,0,0,0,27
2025 - 2026,2025 Fall,UGRD,UGRD,Rachel,Baldridge,,PSYC,4415,1,7,2,1,0,0,0,0,0,0,0,0,10
2025 - 2026,2025 Fall,UGRD,UGRD,Brett,Ball,,PSYC,4431,1,24,1,0,0,0,0,0,0,1,0,0,26
2025 - 2026,2025 Fall,UGRD,UGRD,Jack,Poe,,REAE,3325,1,24,26,9,1,2,0,0,0,1,0,0,63
2025 - 2026,2025 Fall,UGRD,UGRD,Steve,Isbell,,REAE,3325,2,69,46,6,0,0,0,0,0,1,0,0,122
2025 - 2026,2025 Fall,UGRD,UGRD,Steve,Isbell,,REAE,4314,1,23,18,1,0,2,0,0,0,1,0,0,45
2025 - 2026,2025 Fall,UGRD,UGRD,James,Hansz,,REAE,4319,30,1,5,5,0,0,0,0,0,0,0,0,11
2025 - 2026,2025 Fall,UGRD,UGRD,Sriram,Villupuram,,REAE,4321,1,4,16,8,0,1,0,0,0,0,0,0,29
2025 - 2026,2025 Fall,UGRD,UGRD,Jack,Poe,,REAE,4334,1,42,5,2,0,0,0,0,0,0,0,0,49
2025 - 2026,2025 Fall,UGRD,UGRD,Kendra,Wallis,,REE,1301,1,12,2,4,0,4,0,0,0,1,0,0,23
2025 - 2026,2025 Fall,UGRD,UGRD,Brandon,De La Torre,Chris Boyer,REE,3302,1,3,1,1,1,0,0,0,0,0,0,0,6
2025 - 2026,2025 Fall,UGRD,UGRD,Iya,Price,,RUSS,1441,83,3,1,0,0,2,0,0,0,0,0,0,6
2025 - 2026,2025 Fall,UGRD,UGRD,Scott,Palmer,,RUSS,2310,1,1,6,4,1,2,0,0,0,1,0,0,15
2025 - 2026,2025 Fall,UGRD,UGRD,Iya,Price,,RUSS,3333,1,6,1,0,0,0,0,0,0,1,0,0,8
2025 - 2026,2025 Fall,UGRD,UGRD,Leeann,Burke,,SCIE,1201,1,13,3,0,0,2,0,0,0,0,0,0,18
2025 - 2026,2025 Fall,UGRD,UGRD,Bethany,Goerdel,,SCIE,1201,2,9,1,0,0,0,0,0,0,1,0,0,11
2025 - 2026,2025 Fall,UGRD,UGRD,Marsha,Scott,,SCIE,1334,1,10,0,0,0,0,0,0,0,1,0,0,11
2025 - 2026,2025 Fall,UGRD,UGRD,Gregory,Hale,,SCIE,3301,1,3,2,4,1,1,0,0,2,0,0,0,13
2025 - 2026,2025 Fall,UGRD,UGRD,Cornelia,Winguth,,SCIE,3303,1,8,11,9,0,1,0,0,0,0,0,0,29
2025 - 2026,2025 Fall,UGRD,UGRD,Fajer,Jaafari,,SCIE,3304,1,8,10,3,0,1,0,0,0,2,0,0,24
2025 - 2026,2025 Fall,UGRD,UGRD,Nilakshi,Veerabathina,,SCIE,3304,300,13,16,9,4,4,0,0,0,3,0,0,49
2025 - 2026,2025 Fall,UGRD,UGRD,Walter,Schargel,,SCIE,3305,300,19,19,10,0,0,0,0,0,0,0,0,48
2025 - 2026,2025 Fall,UGRD,UGRD,Jagruti,Hobart,,SCIE,3348,1,15,0,0,0,0,0,0,0,0,0,0,15
2025 - 2026,2025 Fall,UGRD,UGRD,Karen,Matsler,,SCIE,4107,1,5,1,1,0,0,0,0,0,1,0,0,8
2025 - 2026,2025 Fall,UGRD,UGRD,Steven,Gellman,,SCIE,4303,1,26,1,0,0,0,0,0,1,1,0,0,29
2025 - 2026,2025 Fall,UGRD,UGRD,Karen,Matsler,,SCIE,4607,1,4,1,2,0,0,0,0,0,1,0,0,8
2025 - 2026,2025 Fall,UGRD,UGRD,Marsha,Scott,,SCIE,4607,1,4,1,2,0,0,0,0,0,1,0,0,8
2025 - 2026,2025 Fall,UGRD,UGRD,Andrea,Jenkins,,SOCI,1200,1,0,0,0,0,1,0,11,0,0,0,0,12
2025 - 2026,2025 Fall,UGRD,UGRD,Lilian,Chavez,,SOCI,1310,1,89,15,9,0,4,0,0,0,1,0,0,118
2025 - 2026,2025 Fall,UGRD,UGRD,Lilian,Chavez,,SOCI,1310,2,79,17,10,4,7,0,0,0,0,0,0,117
2025 - 2026,2025 Fall,UGRD,UGRD,Mary,Hanson-Evans,,SOCI,1310,5,78,14,5,2,10,0,0,2,6,0,0,117
2025 - 2026,2025 Fall,UGRD,UGRD,Mary,Hanson-Evans,,SOCI,1310,6,18,9,0,2,6,0,0,1,4,0,0,40
2025 - 2026,2025 Fall,UGRD,UGRD,Lauren,Dent,,SOCI,1310,700,74,18,1,1,0,0,0,0,2,0,0,96
2025 - 2026,2025 Fall,UGRD,UGRD,Lauren,Dent,,SOCI,1310,701,81,15,5,0,2,0,0,0,1,0,0,104
2025 - 2026,2025 Fall,UGRD,UGRD,Krystal,Beamon,,SOCI,1311,2,83,23,7,0,3,0,0,1,1,0,0,118
2025 - 2026,2025 Fall,UGRD,UGRD,Jason,Shelton,,SOCI,1311,3,85,26,8,0,2,0,0,0,0,0,0,121
2025 - 2026,2025 Fall,UGRD,UGRD,Krystal,Beamon,,SOCI,1311,5,103,10,4,0,0,0,0,1,1,0,0,119
2025 - 2026,2025 Fall,UGRD,UGRD,Dorothy,Kalanzi,,SOCI,1311,7,90,10,6,1,6,0,0,2,3,0,0,118
2025 - 2026,2025 Fall,UGRD,UGRD,Dorothy,Kalanzi,,SOCI,1311,700,124,8,0,1,2,0,0,1,4,0,0,140
2025 - 2026,2025 Fall,UGRD,UGRD,Dorothy,Kalanzi,,SOCI,1311,701,158,11,4,2,8,0,0,0,6,0,0,189
2025 - 2026,2025 Fall,UGRD,UGRD,Lilian,Chavez,,SOCI,2312,2,57,37,10,2,8,0,0,0,3,0,0,117
2025 - 2026,2025 Fall,UGRD,UGRD,Mary,Hanson-Evans,,SOCI,3313,1,77,9,7,1,10,0,0,3,4,0,0,111
2025 - 2026,2025 Fall,UGRD,UGRD,Steven,Arxer,,SOCI,3318,1,29,4,0,0,0,0,0,0,0,0,0,33
2025 - 2026,2025 Fall,UGRD,UGRD,Steven,Arxer,,SOCI,3320,1,26,3,1,0,1,0,0,0,0,0,0,31
2025 - 2026,2025 Fall,UGRD,UGRD,Mary,Hanson-Evans,,SOCI,3328,1,88,12,5,0,5,0,0,4,2,0,0,116
2025 - 2026,2025 Fall,UGRD,UGRD,Beth,Shelton,,SOCI,3331,1,9,13,6,3,0,0,0,0,0,0,0,31
2025 - 2026,2025 Fall,UGRD,UGRD,Mary,Hanson-Evans,,SOCI,3334,1,27,6,5,1,6,0,0,1,2,0,0,48
2025 - 2026,2025 Fall,UGRD,UGRD,Dorothy,Kalanzi,,SOCI,3336,2,15,8,3,0,0,0,0,0,0,0,0,26
2025 - 2026,2025 Fall,UGRD,UGRD,Kelly,Bergstrand,,SOCI,3347,1,19,8,5,1,1,0,0,0,0,0,0,34
2025 - 2026,2025 Fall,UGRD,UGRD,Robert,Kunovich,,SOCI,3352,1,7,9,5,0,2,0,0,0,0,0,0,23
2025 - 2026,2025 Fall,UGRD,UGRD,Robert,Kunovich,,SOCI,3352,2,3,7,7,3,3,0,0,0,1,0,0,24
2025 - 2026,2025 Fall,UGRD,UGRD,Robert,Kunovich,,SOCI,3355,1,10,4,1,2,0,0,0,0,0,0,0,17
2025 - 2026,2025 Fall,UGRD,UGRD,Kelly,Bergstrand,,SOCI,3362,1,13,6,2,2,2,0,0,0,2,0,0,27
2025 - 2026,2025 Fall,UGRD,UGRD,Dorothy,Kalanzi,,SOCI,4320,1,38,15,4,0,2,0,0,1,0,0,0,60
2025 - 2026,2025 Fall,UGRD,UGRD,Krystal,Beamon,,SOCI,4341,1,9,1,0,0,0,0,0,0,0,0,0,10
2025 - 2026,2025 Fall,UGRD,GRAD,Steven,Arxer,,SOCI,5330,1,9,0,0,0,0,0,0,0,0,0,0,9
2025 - 2026,2025 Fall,UGRD,UGRD,Tasha,Pelletier,,SOCW,2302,1,17,0,0,3,1,0,0,0,0,0,0,21
2025 - 2026,2025 Fall,UGRD,UGRD,Maryam,Rafieifar,,SOCW,2302,2,6,3,4,0,1,0,0,0,0,0,0,14
2025 - 2026,2025 Fall,UGRD,UGRD,Gabrielle,Scott,,SOCW,2302,3,20,5,2,2,1,0,0,0,0,0,0,30
2025 - 2026,2025 Fall,UGRD,UGRD,Rachel,Stankus,,SOCW,2302,4,14,8,4,3,3,0,0,0,0,0,0,32
2025 - 2026,2025 Fall,UGRD,UGRD,Yangjin,Park,,SOCW,2302,5,30,0,0,0,1,0,0,1,0,0,0,32
2025 - 2026,2025 Fall,UGRD,UGRD,Traneika,Turner-Wentt,,SOCW,2302,13,23,2,0,0,0,0,0,1,0,0,0,26
2025 - 2026,2025 Fall,UGRD,UGRD,Kelli,Rogers,,SOCW,2302,20,14,8,2,2,3,0,0,0,1,0,0,30
2025 - 2026,2025 Fall,UGRD,UGRD,Julie,Gray,,SOCW,2325,1,19,6,3,0,1,0,0,0,0,0,0,29
2025 - 2026,2025 Fall,UGRD,UGRD,Srabastee,De Bhaumik,,SOCW,2361,3,18,4,1,0,1,0,0,0,0,0,0,24
2025 - 2026,2025 Fall,UGRD,UGRD,Rachel,Stankus,,SOCW,2361,4,9,1,2,0,3,0,0,0,0,0,0,15
2025 - 2026,2025 Fall,UGRD,UGRD,Tiara,Okoruwa,,SOCW,2361,11,8,10,8,0,2,0,0,1,0,0,0,29
2025 - 2026,2025 Fall,UGRD,UGRD,Jandel,Crutchfield,,SOCW,2361,12,22,1,1,0,2,0,0,1,0,0,0,27
2025 - 2026,2025 Fall,UGRD,UGRD,Jandel,Crutchfield,,SOCW,2361,14,17,5,0,0,3,0,0,2,2,0,0,29
2025 - 2026,2025 Fall,UGRD,UGRD,Esmeralda,Rubalcava Hernandez,,SOCW,2361,15,28,1,0,0,0,0,0,0,0,0,0,29
2025 - 2026,2025 Fall,UGRD,UGRD,Traneika,Turner-Wentt,,SOCW,3300,1,26,2,2,0,0,0,0,0,0,0,0,30
2025 - 2026,2025 Fall,UGRD,UGRD,Christina,Mecca,,SOCW,3300,2,20,5,0,0,3,0,0,0,0,0,0,28
2025 - 2026,2025 Fall,UGRD,UGRD,Tiara,Okoruwa,,SOCW,3300,4,11,9,5,2,3,0,0,0,0,0,0,30
2025 - 2026,2025 Fall,UGRD,UGRD,Tasha,Pelletier,,SOCW,3300,6,21,5,1,0,1,0,0,1,1,0,0,30
2025 - 2026,2025 Fall,UGRD,UGRD,Olivia,Cruse,,SOCW,3300,8,11,1,1,1,1,0,0,0,0,0,0,15
2025 - 2026,2025 Fall,UGRD,UGRD,Tiara,Okoruwa,,SOCW,3300,10,16,4,1,0,3,0,0,3,1,0,0,28
2025 - 2026,2025 Fall,UGRD,UGRD,Chenyu,Zhao,,SOCW,3300,15,26,4,0,0,0,0,0,0,0,0,0,30
2025 - 2026,2025 Fall,UGRD,UGRD,Kelli,Rogers,,SOCW,3301,2,13,4,1,0,2,0,0,0,0,0,0,20
2025 - 2026,2025 Fall,UGRD,UGRD,Shamila,Sivakumaran,,SOCW,3301,4,21,5,0,0,0,0,0,0,1,0,0,27
2025 - 2026,2025 Fall,UGRD,UGRD,Kelli,Rogers,,SOCW,3301,6,10,3,0,0,1,0,0,0,0,0,0,14
2025 - 2026,2025 Fall,UGRD,UGRD,Angela,Hall,,SOCW,3301,7,25,1,1,0,0,0,0,0,1,0,0,28
2025 - 2026,2025 Fall,UGRD,UGRD,Faheem,Ohri,,SOCW,3301,9,15,1,0,2,0,0,0,0,0,0,0,18
2025 - 2026,2025 Fall,UGRD,UGRD,Maryam,Rafieifar,,SOCW,3301,10,15,4,1,0,1,0,0,1,0,0,0,22
2025 - 2026,2025 Fall,UGRD,UGRD,Shamila,Sivakumaran,,SOCW,3301,11,20,2,0,0,1,0,0,0,0,0,0,23
2025 - 2026,2025 Fall,UGRD,UGRD,Jennifer,Murphy,,SOCW,3303,1,23,4,0,1,1,0,0,0,0,0,0,29
2025 - 2026,2025 Fall,UGRD,UGRD,Joyce,White,,SOCW,3303,4,17,2,3,2,3,0,0,2,0,0,0,29
2025 - 2026,2025 Fall,UGRD,UGRD,Gabrielle,Scott,,SOCW,3303,7,22,3,1,1,2,0,0,0,0,0,0,29
2025 - 2026,2025 Fall,UGRD,UGRD,Morgan,PettyJohn,,SOCW,3303,9,16,8,1,1,2,0,0,0,0,0,0,28
2025 - 2026,2025 Fall,UGRD,UGRD,Stephanie,Bonilla,,SOCW,3305,1,23,4,2,0,1,0,0,0,0,0,0,30
2025 - 2026,2025 Fall,UGRD,UGRD,Weiwen,Zeng,,SOCW,3305,2,20,2,1,0,0,0,0,1,1,0,0,25
2025 - 2026,2025 Fall,UGRD,UGRD,Mark,Frazier,,SOCW,3305,10,26,0,0,1,1,0,0,0,0,0,0,28
2025 - 2026,2025 Fall,UGRD,UGRD,Srabastee,De Bhaumik,,SOCW,3305,19,20,6,0,0,2,0,0,1,0,0,0,29
2025 - 2026,2025 Fall,UGRD,UGRD,Swasati,Handique,,SOCW,3305,21,21,3,4,1,0,0,0,1,0,0,0,30
2025 - 2026,2025 Fall,UGRD,UGRD,Diana,Pryor,,SOCW,3305,22,20,6,0,0,1,0,0,2,0,0,0,29
2025 - 2026,2025 Fall,UGRD,UGRD,Derek,Falk,,SOCW,3306,1,11,4,0,0,0,0,0,0,0,0,0,15
2025 - 2026,2025 Fall,UGRD,UGRD,Kelli,Rogers,,SOCW,3306,4,18,7,2,1,1,0,0,1,0,0,0,30
2025 - 2026,2025 Fall,UGRD,UGRD,Dianna,Jones,,SOCW,3306,6,10,4,1,0,0,0,0,0,0,0,0,15
2025 - 2026,2025 Fall,UGRD,UGRD,Lindsay,Malhotra,,SOCW,3306,14,28,0,1,0,0,0,0,0,0,0,0,29
2025 - 2026,2025 Fall,UGRD,UGRD,Faheem,Ohri,,SOCW,3306,17,23,4,0,0,0,0,0,0,1,0,0,28
2025 - 2026,2025 Fall,UGRD,UGRD,Olivia,Cruse,,SOCW,3307,1,17,3,0,0,0,0,0,0,0,0,0,20
2025 - 2026,2025 Fall,UGRD,UGRD,Antwan,Williams,,SOCW,3307,2,19,7,2,0,0,0,0,0,0,0,0,28
2025 - 2026,2025 Fall,UGRD,UGRD,Ann,Hunt,,SOCW,3307,3,7,9,2,1,1,0,0,0,0,0,0,20
2025 - 2026,2025 Fall,UGRD,UGRD,Diane,Mitschke,,SOCW,3307,4,21,4,0,1,1,0,0,1,0,0,0,28
2025 - 2026,2025 Fall,UGRD,UGRD,Damone,Wisdom,,SOCW,3307,5,5,2,2,0,0,0,0,0,0,0,0,9
2025 - 2026,2025 Fall,UGRD,UGRD,Diane,Mitschke,,SOCW,3307,7,28,3,0,0,1,0,0,0,0,0,0,32
2025 - 2026,2025 Fall,UGRD,UGRD,Mark,Frazier,,SOCW,3307,25,21,5,2,1,1,0,0,0,0,0,0,30
2025 - 2026,2025 Fall,UGRD,UGRD,Danielle,Harrell,,SOCW,3308,3,20,0,3,0,0,0,0,0,0,0,0,23
2025 - 2026,2025 Fall,UGRD,UGRD,Marcus,Chur,,SOCW,3308,4,22,7,1,0,0,0,0,0,0,0,0,30
2025 - 2026,2025 Fall,UGRD,UGRD,Toni Aimee,Salas,,SOCW,3308,7,27,1,2,0,0,0,0,0,0,0,0,30
2025 - 2026,2025 Fall,UGRD,UGRD,Toni Aimee,Salas,,SOCW,3308,9,25,3,0,0,2,0,0,0,0,0,0,30
2025 - 2026,2025 Fall,UGRD,UGRD,Jennifer,O'Brien,,SOCW,3309,2,19,6,2,0,0,0,0,0,0,0,0,27
2025 - 2026,2025 Fall,UGRD,UGRD,Jamie,English,,SOCW,3309,3,6,1,0,0,0,0,0,0,0,0,0,7
2025 - 2026,2025 Fall,UGRD,UGRD,Stephanie,Bonilla,,SOCW,3309,6,24,3,0,1,1,0,0,1,0,0,0,30
2025 - 2026,2025 Fall,UGRD,UGRD,Bonita,Dockery,,SOCW,3309,7,25,4,3,0,0,0,0,0,0,0,0,32
2025 - 2026,2025 Fall,UGRD,UGRD,Rachel,Nava,,SOCW,3310,1,25,3,0,1,0,0,0,0,0,0,0,29
2025 - 2026,2025 Fall,UGRD,UGRD,Darlene,Hunter,,SOCW,3312,1,24,1,0,0,0,0,0,0,0,0,0,25
2025 - 2026,2025 Fall,UGRD,UGRD,Derelle,Walker,,SOCW,3312,2,17,6,0,0,1,0,0,0,0,0,0,24
2025 - 2026,2025 Fall,UGRD,UGRD,Darlene,Hunter,,SOCW,3312,3,17,6,0,0,2,0,0,1,0,0,0,26
2025 - 2026,2025 Fall,UGRD,UGRD,Karla,Arenas-Itotia,,SOCW,3314,2,16,4,1,1,0,0,0,0,1,0,0,23
2025 - 2026,2025 Fall,UGRD,UGRD,Stephanie,Bonilla,,SOCW,3314,3,15,6,1,0,2,0,0,0,1,0,0,25
2025 - 2026,2025 Fall,UGRD,UGRD,Donald,Schuman,,SOCW,3315,1,17,10,2,0,1,0,0,0,0,0,0,30
2025 - 2026,2025 Fall,UGRD,UGRD,Donald,Schuman,,SOCW,3315,2,18,10,2,0,0,0,0,0,0,0,0,30
2025 - 2026,2025 Fall,UGRD,UGRD,De'An,Roper,,SOCW,3315,3,23,5,0,0,0,0,0,0,0,0,0,28
2025 - 2026,2025 Fall,UGRD,UGRD,De'An,Roper,,SOCW,3315,6,21,5,2,0,0,0,0,1,1,0,0,30
2025 - 2026,2025 Fall,UGRD,UGRD,Stephanie,Bonilla,,SOCW,3320,2,13,3,0,2,0,0,0,1,1,0,0,20
2025 - 2026,2025 Fall,UGRD,UGRD,Mark,Frazier,,SOCW,4310,3,27,1,1,0,0,0,0,0,0,0,0,29
2025 - 2026,2025 Fall,UGRD,UGRD,Mark,Frazier,,SOCW,4310,4,18,6,0,0,0,0,0,0,0,0,0,24
2025 - 2026,2025 Fall,UGRD,UGRD,Jessica,Sanchez,,SOCW,4314,1,22,1,1,0,0,0,0,0,0,0,0,24
2025 - 2026,2025 Fall,UGRD,UGRD,Karla,Arenas-Itotia,,SOCW,4314,2,20,5,0,0,3,0,0,2,0,0,0,30
2025 - 2026,2025 Fall,UGRD,UGRD,Karla,Arenas-Itotia,,SOCW,4314,6,23,5,1,0,0,0,0,0,0,0,0,29
2025 - 2026,2025 Fall,UGRD,UGRD,Karla,Arenas-Itotia,,SOCW,4314,7,25,3,0,1,0,0,0,0,0,0,0,29
2025 - 2026,2025 Fall,UGRD,UGRD,Christian,Adeleke,,SOCW,4335,2,14,8,3,0,2,0,0,1,0,0,0,28
2025 - 2026,2025 Fall,UGRD,UGRD,Esmeralda,Rubalcava Hernandez,,SOCW,4344,1,21,4,1,0,1,0,0,0,1,0,0,28
2025 - 2026,2025 Fall,UGRD,UGRD,Pamela,Johnson,,SOCW,4370,2,22,6,0,0,1,0,0,0,1,0,0,30
2025 - 2026,2025 Fall,UGRD,UGRD,Sheila,Gold,,SOCW,4370,3,5,1,4,0,0,0,0,0,0,0,0,10
2025 - 2026,2025 Fall,UGRD,UGRD,Mansi,Patel,,SOCW,4371,1,20,6,4,0,0,0,0,0,0,0,0,30
2025 - 2026,2025 Fall,UGRD,UGRD,Mansi,Patel,,SOCW,4371,3,16,6,4,2,3,0,0,0,2,0,0,33
2025 - 2026,2025 Fall,UGRD,UGRD,Melissa,Pollock,,SOCW,4451,101,44,5,0,0,0,0,0,1,0,0,0,50
2025 - 2026,2025 Fall,UGRD,UGRD,Da'Joya,Barnes,,SOCW,4452,101,18,2,1,0,1,0,0,0,0,0,0,22
2025 - 2026,2025 Fall,UGRD,UGRD,Maresia,Davis,,SOCW,4455,101,37,2,1,0,0,0,0,0,0,0,0,40
2025 - 2026,2025 Fall,UGRD,UGRD,Melissa,Pollock,,SOCW,4455,101,37,2,1,0,0,0,0,0,0,0,0,40
2025 - 2026,2025 Fall,UGRD,UGRD,Shauntel,Adams,,SOCW,4455,101,37,2,1,0,0,0,0,0,0,0,0,40
2025 - 2026,2025 Fall,UGRD,UGRD,Maresia,Davis,,SOCW,4456,101,37,2,1,0,0,0,0,0,0,0,0,40
2025 - 2026,2025 Fall,UGRD,UGRD,Melissa,Pollock,,SOCW,4456,101,37,2,1,0,0,0,0,0,0,0,0,40
2025 - 2026,2025 Fall,UGRD,UGRD,Shauntel,Adams,,SOCW,4456,101,37,2,1,0,0,0,0,0,0,0,0,40
2025 - 2026,2025 Fall,UGRD,UGRD,Lauren,O'Leary,,SOCW,4551,1,44,5,0,0,0,0,0,1,0,0,0,50
2025 - 2026,2025 Fall,UGRD,UGRD,Melissa,Pollock,,SOCW,4551,1,44,5,0,0,0,0,0,1,0,0,0,50
2025 - 2026,2025 Fall,UGRD,UGRD,Olivia,Cruse,,SOCW,4551,1,44,5,0,0,0,0,0,1,0,0,0,50
2025 - 2026,2025 Fall,UGRD,UGRD,Da'Joya,Barnes,,SOCW,4552,1,18,2,1,0,1,0,0,0,0,0,0,22
2025 - 2026,2025 Fall,UGRD,UGRD,Daniel,Cummings,,SOCW,4552,1,18,2,1,0,1,0,0,0,0,0,0,22
2025 - 2026,2025 Fall,UGRD,UGRD,Maresia,Davis,,SOCW,4552,1,18,2,1,0,1,0,0,0,0,0,0,22
2025 - 2026,2025 Fall,UGRD,UGRD,Maresia,Davis,,SOCW,4555,1,37,2,1,0,0,0,0,0,0,0,0,40
2025 - 2026,2025 Fall,UGRD,UGRD,Melissa,Pollock,,SOCW,4555,1,37,2,1,0,0,0,0,0,0,0,0,40
2025 - 2026,2025 Fall,UGRD,UGRD,Shauntel,Adams,,SOCW,4555,1,37,2,1,0,0,0,0,0,0,0,0,40
2025 - 2026,2025 Fall,UGRD,UGRD,Maresia,Davis,,SOCW,4556,1,37,2,1,0,0,0,0,0,0,0,0,40
2025 - 2026,2025 Fall,UGRD,UGRD,Melissa,Pollock,,SOCW,4556,1,37,2,1,0,0,0,0,0,0,0,0,40
2025 - 2026,2025 Fall,UGRD,UGRD,Shauntel,Adams,,SOCW,4556,1,37,2,1,0,0,0,0,0,0,0,0,40
2025 - 2026,2025 Fall,UGRD,UGRD,Isabel,Zaera,,SPAN,1441,1,12,4,7,0,0,0,0,0,1,0,0,24
2025 - 2026,2025 Fall,UGRD,UGRD,Solymar,Torres-Garcia,,SPAN,1441,4,19,4,0,0,0,0,0,0,1,0,0,24
2025 - 2026,2025 Fall,UGRD,UGRD,Isabel,Zaera,,SPAN,1441,6,16,3,5,0,0,0,0,0,1,0,0,25
2025 - 2026,2025 Fall,UGRD,UGRD,Solymar,Torres-Garcia,,SPAN,1441,10,15,7,2,0,1,0,0,0,0,0,0,25
2025 - 2026,2025 Fall,UGRD,UGRD,Rosa,Tellez,,SPAN,1441,16,23,2,0,0,0,0,0,0,0,0,0,25
2025 - 2026,2025 Fall,UGRD,UGRD,Jesus,Carrasco,,SPAN,1441,17,4,16,3,2,0,0,0,0,0,0,0,25
2025 - 2026,2025 Fall,UGRD,UGRD,Jesus,Carrasco,,SPAN,1441,24,10,13,3,1,1,0,0,0,0,0,0,28
2025 - 2026,2025 Fall,UGRD,UGRD,Jesus,Carrasco,,SPAN,1441,25,6,8,10,3,0,0,0,1,2,0,0,30
2025 - 2026,2025 Fall,UGRD,UGRD,Angela,Garner,,SPAN,1441,26,20,4,3,0,1,0,0,1,0,0,0,29
2025 - 2026,2025 Fall,UGRD,UGRD,Jesus,Carrasco,,SPAN,1441,30,10,7,5,1,3,0,0,0,2,0,0,28
2025 - 2026,2025 Fall,UGRD,UGRD,Sebastian,Munoz Ruz,,SPAN,1441,31,12,10,2,4,0,0,0,0,1,0,0,29
2025 - 2026,2025 Fall,UGRD,UGRD,Isabel,Zaera,,SPAN,1442,3,9,5,3,0,0,0,0,1,0,0,0,18
2025 - 2026,2025 Fall,UGRD,UGRD,Sebastian,Munoz Ruz,,SPAN,1442,6,7,5,4,0,1,0,0,1,0,0,0,18
2025 - 2026,2025 Fall,UGRD,UGRD,Isabel,Zaera,,SPAN,1442,9,10,13,2,0,0,0,0,0,0,0,0,25
2025 - 2026,2025 Fall,UGRD,UGRD,Sebastian,Munoz Ruz,,SPAN,1442,10,6,7,6,3,1,0,0,1,0,0,0,24
2025 - 2026,2025 Fall,UGRD,UGRD,Sebastian,Munoz Ruz,,SPAN,1442,14,7,11,6,1,3,0,0,0,0,0,0,28
2025 - 2026,2025 Fall,UGRD,UGRD,Sebastian,Munoz Ruz,,SPAN,1442,15,8,6,7,2,1,0,0,0,1,0,0,25
2025 - 2026,2025 Fall,UGRD,UGRD,David,Hervas,,SPAN,1442,16,8,13,4,2,1,0,0,1,1,0,0,30
2025 - 2026,2025 Fall,UGRD,UGRD,Sonia,Mahoney,,SPAN,2300,1,9,10,5,1,0,0,0,0,0,0,0,25
2025 - 2026,2025 Fall,UGRD,UGRD,Rosa,Tellez,,SPAN,2310,1,21,4,0,0,0,0,0,1,0,0,0,26
2025 - 2026,2025 Fall,UGRD,UGRD,Rosa,Tellez,,SPAN,2310,2,21,2,1,0,0,0,0,0,0,0,0,24
2025 - 2026,2025 Fall,UGRD,UGRD,Elida,Monteverde,,SPAN,2310,4,18,6,0,1,0,0,0,0,0,0,0,25
2025 - 2026,2025 Fall,UGRD,UGRD,Sonia,Mahoney,,SPAN,2312,1,7,9,5,0,0,0,0,0,0,0,0,21
2025 - 2026,2025 Fall,UGRD,UGRD,Jesus,Carrasco,,SPAN,2313,5,3,1,1,1,2,0,0,0,2,0,0,10
2025 - 2026,2025 Fall,UGRD,UGRD,David,Hervas,,SPAN,2313,9,11,5,3,1,2,0,0,0,3,0,0,25
2025 - 2026,2025 Fall,UGRD,UGRD,Amy,Austin,,SPAN,2313,10,12,4,2,0,3,0,0,0,0,0,0,21
2025 - 2026,2025 Fall,UGRD,UGRD,Solymar,Torres-Garcia,,SPAN,2314,6,10,0,2,0,0,0,0,0,0,0,0,12
2025 - 2026,2025 Fall,UGRD,UGRD,David,Hervas,,SPAN,2314,8,9,7,6,0,4,0,0,1,1,0,0,28
2025 - 2026,2025 Fall,UGRD,UGRD,Jinny,Choi,,SPAN,3305,1,5,11,5,2,0,0,0,0,2,0,0,25
2025 - 2026,2025 Fall,UGRD,UGRD,Rosa,Tellez,,SPAN,3305,2,22,3,2,0,0,0,0,0,0,0,0,27
2025 - 2026,2025 Fall,UGRD,UGRD,Alicia,Rueda-Acedo,,SPAN,3308,1,18,6,4,0,0,0,0,0,0,0,0,28
2025 - 2026,2025 Fall,UGRD,UGRD,Amy,Austin,,SPAN,3309,1,27,1,0,0,0,0,0,0,0,0,0,28
2025 - 2026,2025 Fall,UGRD,UGRD,Samuel,Smith,,SPAN,3310,1,6,1,0,0,0,0,0,0,0,0,0,7
2025 - 2026,2025 Fall,UGRD,UGRD,Ignacio,Ruiz-Perez,,SPAN,3313,1,14,5,0,1,0,0,0,0,1,0,0,21
2025 - 2026,2025 Fall,UGRD,UGRD,Elida,Monteverde,,SPAN,3314,1,10,6,0,0,0,0,0,0,0,0,0,16
2025 - 2026,2025 Fall,UGRD,UGRD,David,Hervas,,SPAN,3315,2,1,4,2,0,0,0,0,0,1,0,0,8
2025 - 2026,2025 Fall,UGRD,UGRD,Jinny,Choi,,SPAN,3315,3,7,7,1,0,0,0,0,0,0,0,0,15
2025 - 2026,2025 Fall,UGRD,UGRD,Sonia,Mahoney,,SPAN,3316,1,5,3,3,0,2,0,0,0,0,0,0,13
2025 - 2026,2025 Fall,UGRD,UGRD,Ignacio,Ruiz-Perez,,SPAN,3317,1,10,9,0,0,1,0,0,0,0,0,0,20
2025 - 2026,2025 Fall,UGRD,UGRD,Vicente Jose,Iranzo Banuls,,SPAN,3340,1,11,11,3,0,0,0,0,0,0,0,0,25
2025 - 2026,2025 Fall,UGRD,UGRD,Amy,Austin,,SPAN,4334,1,7,1,0,0,0,0,0,0,0,0,0,8
2025 - 2026,2025 Fall,UGRD,UGRD,Rosa,Tellez,,SPAN,4335,1,8,1,0,0,0,0,0,0,0,0,0,9
2025 - 2026,2025 Fall,UGRD,UGRD,Vicente Jose,Iranzo Banuls,,SPAN,4343,1,16,6,2,0,1,0,0,0,0,0,0,25
2025 - 2026,2025 Fall,UGRD,UGRD,Alicia,Rueda-Acedo,,SPAN,4344,1,15,4,4,1,1,0,0,0,0,0,0,25
2025 - 2026,2025 Fall,UGRD,GRAD,Alicia,Rueda-Acedo,,SPAN,5327,1,7,0,0,0,0,0,0,0,0,0,0,7
2025 - 2026,2025 Fall,UGRD,UGRD,Larry,Bryant,,SPED,3301,1,28,7,0,0,1,0,0,0,0,0,0,36
2025 - 2026,2025 Fall,UGRD,UGRD,Kelvin,Afolabi,,SPED,3302,1,8,5,0,0,0,0,0,0,0,0,0,13
2025 - 2026,2025 Fall,UGRD,UGRD,Dorothea,Gordon,,SPED,4303,1,8,5,1,0,0,0,0,0,0,0,0,14
2025 - 2026,2025 Fall,UGRD,UGRD,Larry,Bryant,,SPED,4601,1,15,0,0,0,0,0,0,0,0,0,0,15
2025 - 2026,2025 Fall,UGRD,UGRD,Donald,Schuman,,SUT,3318,1,7,3,3,0,0,0,0,0,1,0,0,14
2025 - 2026,2025 Fall,UGRD,UGRD,Donald,Schuman,,SUT,3319,1,6,3,1,0,1,0,0,0,1,0,0,12
2025 - 2026,2025 Fall,UGRD,UGRD,Joshua,Awua,,SUT,3321,1,10,1,0,1,0,0,0,0,0,0,0,12
2025 - 2026,2025 Fall,UGRD,UGRD,Justin,Miller,,THEA,0010,1,0,0,0,0,1,0,29,0,0,0,0,30
2025 - 2026,2025 Fall,UGRD,UGRD,Ann,Healy,Jonathan Eyer,THEA,0010,2,0,0,0,0,0,0,57,1,0,0,0,58
2025 - 2026,2025 Fall,UGRD,UGRD,Elizabeth,Hawkins,Felicia Bertch,THEA,0010,3,0,0,0,0,0,0,55,0,0,0,0,55
2025 - 2026,2025 Fall,UGRD,UGRD,Kelley,Smith,Allison Nelson; Jeanne Higgins; Jiles King; John Trainor; Lindsey Porter,THEA,0011,1,0,0,0,0,1,0,28,1,0,0,0,30
2025 - 2026,2025 Fall,UGRD,UGRD,Jiles,King,Benjamin Phillips,THEA,0181,1,23,0,0,0,1,0,0,0,1,0,0,25
2025 - 2026,2025 Fall,UGRD,UGRD,Benjamin,Phillips,,THEA,0181,2,23,1,0,0,0,0,0,0,0,0,0,24
2025 - 2026,2025 Fall,UGRD,UGRD,William,Eickenloff,Benjamin Phillips,THEA,0181,3,14,0,0,0,1,0,0,1,0,0,0,16
2025 - 2026,2025 Fall,UGRD,UGRD,Hailey,Green,Benjamin Phillips,THEA,0181,4,7,0,0,0,0,0,0,0,0,0,0,7
2025 - 2026,2025 Fall,UGRD,UGRD,Sarah,Kunce,Benjamin Phillips,THEA,0181,5,10,0,0,0,0,0,0,0,0,0,0,10
2025 - 2026,2025 Fall,UGRD,UGRD,Brooke,Ford,Benjamin Phillips,THEA,0181,6,5,0,0,0,0,0,0,1,0,0,0,6
2025 - 2026,2025 Fall,UGRD,UGRD,Justin,Miller,Benjamin Phillips,THEA,0181,8,6,0,0,0,0,0,0,0,0,0,0,6
2025 - 2026,2025 Fall,UGRD,UGRD,Hailey,Green,Benjamin Phillips,THEA,0181,10,13,1,0,0,0,0,0,0,0,0,0,14
2025 - 2026,2025 Fall,UGRD,UGRD,Allison,Nelson,,THEA,0182,1,4,8,2,0,1,0,0,1,0,0,0,16
2025 - 2026,2025 Fall,UGRD,UGRD,Elizabeth,Hawkins,,THEA,1101,1,0,0,0,0,16,0,34,1,0,0,0,51
2025 - 2026,2025 Fall,UGRD,UGRD,Abigail,Head,,THEA,1140,4,6,0,0,0,0,0,0,0,0,0,0,6
2025 - 2026,2025 Fall,UGRD,UGRD,Megan,Noble,,THEA,1303,1,14,4,0,2,0,0,0,0,0,0,0,20
2025 - 2026,2025 Fall,UGRD,UGRD,Elizabeth,Hawkins,,THEA,1303,2,9,6,5,1,2,0,0,1,0,0,0,24
2025 - 2026,2025 Fall,UGRD,UGRD,Justin,Miller,,THEA,1304,1,12,8,1,0,2,0,0,0,0,0,0,23
2025 - 2026,2025 Fall,UGRD,UGRD,Tyler,Haws,,THEA,1305,1,13,0,2,1,0,0,0,0,0,0,0,16
2025 - 2026,2025 Fall,UGRD,UGRD,Laurel,Whitsett,,THEA,1307,1,9,5,1,1,0,0,0,0,2,0,0,18
2025 - 2026,2025 Fall,UGRD,UGRD,Joe,Chapa,,THEA,1307,2,13,3,0,0,0,0,0,0,0,0,0,16
2025 - 2026,2025 Fall,UGRD,UGRD,Victoria,Nooe,,THEA,1310,1,6,3,3,4,0,0,0,1,0,0,0,17
2025 - 2026,2025 Fall,UGRD,UGRD,Margaret,Crowley,,THEA,1315,1,6,4,2,0,0,0,0,0,0,0,0,12
2025 - 2026,2025 Fall,UGRD,UGRD,Margaret,Crowley,,THEA,1315,2,11,1,0,0,0,0,0,0,0,0,0,12
2025 - 2026,2025 Fall,UGRD,UGRD,Kelley,Smith,,THEA,1342,1,28,3,2,1,1,0,0,0,0,0,0,35
2025 - 2026,2025 Fall,UGRD,UGRD,Ginny,Wheeler,,THEA,1342,2,29,2,0,1,3,0,0,1,1,0,0,37
2025 - 2026,2025 Fall,UGRD,UGRD,Kelley,Smith,,THEA,1342,3,9,8,3,1,3,0,0,0,1,0,0,25
2025 - 2026,2025 Fall,UGRD,UGRD,Jiles,King,,THEA,1342,4,18,3,2,1,0,0,0,0,1,0,0,25
2025 - 2026,2025 Fall,UGRD,UGRD,Brooke,Ford,,THEA,1342,6,13,5,2,3,1,0,0,0,1,0,0,25
2025 - 2026,2025 Fall,UGRD,UGRD,Brooke,Ford,,THEA,1342,7,9,3,3,1,2,0,0,1,0,0,0,19
2025 - 2026,2025 Fall,UGRD,UGRD,Natalie,Gaupp,,THEA,1343,1,28,0,1,0,2,0,0,0,2,0,0,33
2025 - 2026,2025 Fall,UGRD,UGRD,Lindsey,Porter,,THEA,1343,2,14,7,9,3,2,0,0,0,0,0,0,35
2025 - 2026,2025 Fall,UGRD,UGRD,Jiles,King,,THEA,1343,3,28,2,2,0,0,0,0,1,0,0,0,33
2025 - 2026,2025 Fall,UGRD,UGRD,Jiles,King,,THEA,1343,4,18,10,3,0,2,0,0,0,0,0,0,33
2025 - 2026,2025 Fall,UGRD,UGRD,William,Dry,,THEA,2140,1,6,0,0,0,0,0,0,0,0,0,0,6
2025 - 2026,2025 Fall,UGRD,UGRD,Megan,Noble,,THEA,2302,1,7,4,0,1,0,0,0,0,0,0,0,12
2025 - 2026,2025 Fall,UGRD,UGRD,Margaret,Crowley,,THEA,2306,1,4,7,3,1,0,0,0,0,0,0,0,15
2025 - 2026,2025 Fall,UGRD,UGRD,John,Trainor,Kelley Smith,THEA,2309,1,11,7,3,1,1,0,0,0,0,0,0,23
2025 - 2026,2025 Fall,UGRD,UGRD,Kelley,Smith,John Trainor,THEA,2309,2,11,5,4,1,0,0,0,1,0,0,0,22
2025 - 2026,2025 Fall,UGRD,UGRD,Kristine,Obrien,,THEA,2310,1,11,1,0,0,1,0,0,0,0,0,0,13
2025 - 2026,2025 Fall,UGRD,UGRD,Laurel,Whitsett,,THEA,2337,1,16,3,1,0,0,0,0,0,0,0,0,20
2025 - 2026,2025 Fall,UGRD,UGRD,Elizabeth,Hawkins,Joe Chapa,THEA,2352,1,6,4,0,1,1,0,0,0,1,0,0,13
2025 - 2026,2025 Fall,UGRD,UGRD,Jocelyn,Hansen,,THEA,3140,3,7,0,0,0,0,0,0,0,0,0,0,7
2025 - 2026,2025 Fall,UGRD,UGRD,Kelley,Smith,,THEA,3300,1,11,2,0,0,1,0,0,0,0,0,0,14
2025 - 2026,2025 Fall,UGRD,UGRD,Brandi,Andrade,,THEA,3302,1,17,6,4,1,4,0,0,1,2,0,0,35
2025 - 2026,2025 Fall,UGRD,UGRD,Tyler,Haws,,THEA,3303,1,8,3,0,0,0,0,0,0,0,0,0,11
2025 - 2026,2025 Fall,UGRD,UGRD,Kristine,Obrien,,THEA,3306,1,12,1,0,0,0,0,0,0,0,0,0,13
2025 - 2026,2025 Fall,UGRD,UGRD,Laurel,Whitsett,,THEA,3308,1,7,6,4,3,0,0,0,0,0,0,0,20
2025 - 2026,2025 Fall,UGRD,UGRD,Kristina,Miller,,THEA,3313,1,18,0,0,0,0,0,0,1,0,0,0,19
2025 - 2026,2025 Fall,UGRD,UGRD,Ann,Healy,William Dry,THEA,3317,1,13,2,4,0,0,0,0,0,0,0,0,19
2025 - 2026,2025 Fall,UGRD,UGRD,Joe,Chapa,,THEA,3346,1,12,7,0,1,0,0,0,1,0,0,0,21
2025 - 2026,2025 Fall,UGRD,UGRD,Laurel,Whitsett,,THEA,3355,1,14,0,1,1,1,0,0,0,0,0,0,17
2025 - 2026,2025 Fall,UGRD,UGRD,Felicia,Bertch,,THEA,4201,1,12,7,3,1,0,0,0,0,0,0,0,23
2025 - 2026,2025 Fall,UGRD,UGRD,John,Trainor,,THEA,4303,1,8,12,4,0,0,0,0,0,1,0,0,25
2025 - 2026,2025 Fall,UGRD,UGRD,Victoria,Nooe,,THEA,4310,1,6,6,2,0,0,0,0,0,0,0,0,14
2025 - 2026,2025 Fall,UGRD,UGRD,Felicia,Bertch,,THEA,4311,1,7,4,1,3,1,0,0,0,0,0,0,16
2025 - 2026,2025 Fall,UGRD,UGRD,Jonathan,Eyer,,THEA,4317,1,16,0,1,0,0,0,0,0,0,0,0,17
2025 - 2026,2025 Fall,UGRD,UGRD,Lindsey,Porter,,THEA,4325,1,9,7,1,0,0,0,0,1,0,0,0,18
2025 - 2026,2025 Fall,UGRD,UGRD,Megan,Noble,,THEA,4334,1,10,0,0,0,0,0,0,0,0,0,0,10
2025 - 2026,2025 Fall,UGRD,UGRD,Felicia,Bertch,,THEA,4340,1,9,4,1,0,0,0,0,0,0,0,0,14
2025 - 2026,2025 Fall,UGRD,UGRD,Elizabeth,Hawkins,,THEA,4341,1,12,5,1,1,0,0,0,0,0,0,0,19
2025 - 2026,2025 Fall,UGRD,UGRD,Justin,Miller,,THEA,4347,3,5,2,0,0,0,0,0,0,0,0,0,7
2025 - 2026,2025 Fall,UGRD,UGRD,Jeanne,Higgins,,THEA,4393,1,8,7,4,0,3,0,0,0,2,0,0,24
2025 - 2026,2025 Fall,UGRD,UGRD,Letora,Anderson,,UDES,1301,1,25,4,0,0,2,0,0,1,0,0,0,32
2025 - 2026,2025 Fall,UGRD,UGRD,Tyler,Shafer,,UDES,1341,1,4,5,3,0,1,0,0,0,3,0,0,16
2025 - 2026,2025 Fall,UGRD,UGRD,Farshid,Torabian,,UDES,2442,1,9,6,1,0,0,0,0,0,1,0,0,17
2025 - 2026,2025 Fall,UGRD,UGRD,Tongbin,Qu,,UDES,3552,1,6,4,0,0,0,0,0,0,0,0,0,10
2025 - 2026,2025 Fall,UGRD,UGRD,Letora,Anderson,,UDES,4304,1,11,0,0,0,0,0,0,0,0,0,0,11
2025 - 2026,2025 Fall,UGRD,UGRD,Tariq,Mahadin,,UDES,4552,1,6,5,0,0,0,0,0,0,0,0,0,11
2025 - 2026,2025 Fall,UGRD,UGRD,Lauren,Krznarich,,UNIV,1101,9,30,5,4,0,2,0,0,0,0,0,0,41
2025 - 2026,2025 Fall,UGRD,UGRD,Holly,Williams,Lauren Krznarich,UNIV,1131,2,26,10,1,0,1,0,0,0,1,0,0,39
2025 - 2026,2025 Fall,UGRD,UGRD,Holly,Williams,Lauren Krznarich,UNIV,1131,3,36,2,2,0,0,0,0,0,0,0,0,40
2025 - 2026,2025 Fall,UGRD,UGRD,Lauren,Krznarich,,UNIV,1131,4,8,1,0,0,0,0,0,0,0,0,0,9
2025 - 2026,2025 Fall,UGRD,UGRD,Lauren,Krznarich,,UNIV,1131,5,12,2,0,0,0,0,0,0,0,0,0,14
2025 - 2026,2025 Fall,UGRD,UGRD,Lauren,Krznarich,,UNIV,1131,6,32,3,1,0,1,0,0,1,0,0,0,38
2025 - 2026,2025 Fall,UGRD,UGRD,Holly,Williams,Lauren Krznarich,UNIV,1131,7,21,2,6,0,1,0,0,0,0,0,0,30
2025 - 2026,2025 Fall,UGRD,UGRD,Holly,Williams,Lauren Krznarich,UNIV,1131,9,26,7,5,0,0,0,0,1,0,0,0,39
2025 - 2026,2025 Fall,UGRD,UGRD,Holly,Williams,Lauren Krznarich,UNIV,1131,11,32,7,0,0,0,0,0,0,0,0,0,39
2025 - 2026,2025 Fall,UGRD,UGRD,Holly,Williams,Lauren Krznarich,UNIV,1131,15,23,7,6,0,3,0,0,1,0,0,0,40
2025 - 2026,2025 Fall,UGRD,UGRD,Holly,Williams,Lauren Krznarich,UNIV,1131,16,30,6,1,0,3,0,0,0,0,0,0,40
2025 - 2026,2025 Fall,UGRD,UGRD,Lauren,Krznarich,,UNIV,1131,22,8,5,3,0,0,0,0,0,0,0,0,16
2025 - 2026,2025 Fall,UGRD,UGRD,Lauren,Krznarich,,UNIV,1131,23,6,8,2,0,4,0,0,0,0,0,0,20
2025 - 2026,2025 Fall,UGRD,UGRD,Lauren,Krznarich,,UNIV,1131,24,18,1,0,0,0,0,0,1,0,0,0,20
2025 - 2026,2025 Fall,UGRD,UGRD,Lauren,Krznarich,,UNIV,1131,26,4,5,5,0,1,0,0,0,0,0,0,15
2025 - 2026,2025 Fall,UGRD,UGRD,Holly,Williams,Lauren Krznarich,UNIV,1131,31,22,12,3,0,2,0,0,0,0,0,0,39
2025 - 2026,2025 Fall,UGRD,UGRD,Holly,Williams,Lauren Krznarich,UNIV,1131,32,25,6,3,0,5,0,0,0,0,0,0,39
2025 - 2026,2025 Fall,UGRD,UGRD,Holly,Williams,Lauren Krznarich,UNIV,1131,33,24,8,4,0,3,0,0,0,1,0,0,40
2025 - 2026,2025 Fall,UGRD,UGRD,Lauren,Krznarich,,UNIV,1131,CO02,5,1,2,0,8,0,0,1,0,0,0,17
2025 - 2026,2025 Fall,UGRD,UGRD,Cheryl,Donaldson,,UNIV-AR,1131,1,80,34,4,0,19,0,18,1,10,0,0,166
2025 - 2026,2025 Fall,UGRD,UGRD,Cheryl,Donaldson,,UNIV-AR,1131,6,21,9,6,0,0,0,1,0,0,1,0,38
2025 - 2026,2025 Fall,UGRD,UGRD,Lauren,Krznarich,,UNIV-AT,1131,1,12,1,0,0,0,0,0,0,0,0,0,13
2025 - 2026,2025 Fall,UGRD,UGRD,Lauren,Krznarich,,UNIV-AT,1131,2,19,2,2,0,0,0,0,0,1,0,0,24
2025 - 2026,2025 Fall,UGRD,UGRD,Kathy,Aslin,,UNIV-BU,1131,1,22,5,3,0,4,0,0,0,1,0,0,35
2025 - 2026,2025 Fall,UGRD,UGRD,Steve,Isbell,,UNIV-BU,1131,2,34,0,0,0,1,0,0,1,0,0,0,36
2025 - 2026,2025 Fall,UGRD,UGRD,Courtney,King,,UNIV-BU,1131,3,7,7,9,0,4,0,0,0,0,0,0,27
2025 - 2026,2025 Fall,UGRD,UGRD,Thomas,Brill,,UNIV-BU,1131,4,15,8,6,0,5,0,0,1,1,0,0,36
2025 - 2026,2025 Fall,UGRD,UGRD,Daniel,Usera,,UNIV-BU,1131,5,19,7,6,0,2,0,0,0,1,0,0,35
2025 - 2026,2025 Fall,UGRD,UGRD,William,Venable,,UNIV-BU,1131,6,20,4,2,0,4,0,0,1,3,0,0,34
2025 - 2026,2025 Fall,UGRD,UGRD,Courtney,King,,UNIV-BU,1131,7,16,1,1,0,0,0,0,0,0,0,0,18
2025 - 2026,2025 Fall,UGRD,UGRD,Jade,Walker,,UNIV-BU,1131,8,25,4,0,0,4,0,0,0,2,0,0,35
2025 - 2026,2025 Fall,UGRD,UGRD,Heather,Philip,,UNIV-BU,1131,9,27,7,1,0,0,0,0,0,0,0,0,35
2025 - 2026,2025 Fall,UGRD,UGRD,Heather,Philip,,UNIV-BU,1131,10,22,3,9,0,2,0,0,0,0,0,0,36
2025 - 2026,2025 Fall,UGRD,UGRD,Yibing,Du,,UNIV-BU,1131,11,16,11,3,0,3,0,0,1,0,0,0,34
2025 - 2026,2025 Fall,UGRD,UGRD,Oyinkansola Oreoluwa,Sodiya,,UNIV-BU,1131,12,32,2,0,0,1,0,0,0,1,0,0,36
2025 - 2026,2025 Fall,UGRD,UGRD,Tatia,Jacobson Jordan,,UNIV-BU,1131,13,44,0,0,0,1,0,0,0,0,0,0,45
2025 - 2026,2025 Fall,UGRD,UGRD,Tatia,Jacobson Jordan,,UNIV-BU,1131,14,43,0,0,0,1,0,0,1,0,0,0,45
2025 - 2026,2025 Fall,UGRD,UGRD,Marvin,Brittingham,,UNIV-BU,1131,15,34,1,0,0,0,0,0,0,0,0,0,35
2025 - 2026,2025 Fall,UGRD,UGRD,Kevin,Carr,,UNIV-BU,1131,16,9,8,14,0,1,0,0,2,1,0,0,35
2025 - 2026,2025 Fall,UGRD,UGRD,Karen,Raskopf,,UNIV-BU,1131,17,19,9,5,0,7,0,0,0,0,0,0,40
2025 - 2026,2025 Fall,UGRD,UGRD,William,Venable,,UNIV-BU,1131,18,25,4,1,0,2,0,0,2,0,0,0,34
2025 - 2026,2025 Fall,UGRD,UGRD,Dejan,Terzic,,UNIV-BU,1131,19,18,7,4,0,2,0,0,1,1,0,0,33
2025 - 2026,2025 Fall,UGRD,UGRD,Marvin,Brittingham,,UNIV-BU,1131,20,40,0,0,0,0,0,0,0,1,0,0,41
2025 - 2026,2025 Fall,UGRD,UGRD,James,Lunsford,David Ewing,UNIV-EN,1131,1,77,2,4,0,4,0,0,0,3,3,0,93
2025 - 2026,2025 Fall,UGRD,UGRD,Melissa,Tacconi,David Ewing,UNIV-EN,1131,2,56,21,9,0,7,0,0,1,1,4,0,99
2025 - 2026,2025 Fall,UGRD,UGRD,James,Lunsford,David Ewing,UNIV-EN,1131,3,48,14,6,0,17,0,0,1,3,9,0,98
2025 - 2026,2025 Fall,UGRD,UGRD,Ogan,Gurel,David Ewing,UNIV-EN,1131,4,56,15,6,0,11,0,0,3,2,4,0,97
2025 - 2026,2025 Fall,UGRD,UGRD,Melissa,Tacconi,David Ewing,UNIV-EN,1131,5,57,13,13,0,8,0,0,3,1,2,0,97
2025 - 2026,2025 Fall,UGRD,UGRD,James,Lunsford,David Ewing,UNIV-EN,1131,6,57,17,5,0,10,0,0,5,1,4,0,99
2025 - 2026,2025 Fall,UGRD,UGRD,Mary,Koone,David Ewing,UNIV-EN,1131,7,52,15,10,0,15,0,0,1,2,2,0,97
2025 - 2026,2025 Fall,UGRD,UGRD,Katherine,Van Dellen,David Ewing,UNIV-EN,1131,8,80,14,3,0,0,0,0,0,0,1,0,98
2025 - 2026,2025 Fall,UGRD,UGRD,Ogan,Gurel,David Ewing,UNIV-EN,1131,9,83,5,1,0,4,0,0,1,2,3,0,99
2025 - 2026,2025 Fall,UGRD,UGRD,Zhenjia,Gao,David Ewing,UNIV-EN,1131,10,84,3,3,0,8,0,0,1,0,0,0,99
2025 - 2026,2025 Fall,UGRD,UGRD,Young-Tae,Kim,David Ewing,UNIV-EN,1131,11,55,17,3,0,13,0,0,3,0,0,0,91
2025 - 2026,2025 Fall,UGRD,UGRD,Zhenjia,Gao,David Ewing,UNIV-EN,1131,12,51,16,9,0,14,0,0,1,2,4,0,97
2025 - 2026,2025 Fall,UGRD,UGRD,Howard,Vo,David Ewing,UNIV-EN,1131,13,73,12,7,0,2,0,0,1,2,1,0,98
2025 - 2026,2025 Fall,UGRD,UGRD,Howard,Vo,David Ewing,UNIV-EN,1131,14,44,4,4,0,6,0,0,1,1,1,0,61
2025 - 2026,2025 Fall,UGRD,UGRD,Haiying,Huang,David Ewing,UNIV-EN,1131,15,25,7,4,0,5,0,0,0,3,2,0,46
2025 - 2026,2025 Fall,UGRD,UGRD,David,Ewing,,UNIV-EN,1131,100,7,4,8,0,4,0,0,0,0,2,0,25
2025 - 2026,2025 Fall,UGRD,UGRD,David,Ewing,,UNIV-EN,1131,CO1,3,5,7,0,8,0,0,0,2,1,0,26
2025 - 2026,2025 Fall,UGRD,UGRD,Heather,Hewer,,UNIV-EN,1131,CO1,3,5,7,0,8,0,0,0,2,1,0,26
2025 - 2026,2025 Fall,UGRD,UGRD,Lauren,Krznarich,,UNIV-HN,1131,4,30,3,1,0,0,0,0,0,0,0,0,34
2025 - 2026,2025 Fall,UGRD,UGRD,Jack,Unzicker,,UNIV-LA,1000,1,0,0,0,0,18,0,54,0,1,0,0,73
2025 - 2026,2025 Fall,UGRD,UGRD,Mike,Nguyen,,UNIV-LA,1000,2,0,0,0,0,0,0,14,0,0,0,0,14
2025 - 2026,2025 Fall,UGRD,UGRD,Thelma,Cabrera,,UNIV-LA,1101,1,8,2,0,0,0,0,0,0,1,0,0,11
2025 - 2026,2025 Fall,UGRD,UGRD,Peggy,Semingson,,UNIV-LA,1101,2,12,6,4,0,2,0,0,0,2,0,0,26
2025 - 2026,2025 Fall,UGRD,UGRD,Barbara,Berthold,,UNIV-LA,1131,4,37,4,3,0,3,0,0,1,0,0,0,48
2025 - 2026,2025 Fall,UGRD,UGRD,Mindia,Whittier,,UNIV-LA,1131,8,4,4,0,0,0,0,0,0,0,0,0,8
2025 - 2026,2025 Fall,UGRD,UGRD,Kimberly,Caraway,,UNIV-LA,1131,11,47,7,4,0,2,0,0,0,0,0,0,60
2025 - 2026,2025 Fall,UGRD,UGRD,Mary,Hanson-Evans,,UNIV-LA,1131,16,0,0,0,0,0,0,25,0,0,0,0,25
2025 - 2026,2025 Fall,UGRD,UGRD,Mary,Hanson-Evans,,UNIV-LA,1131,19,0,0,0,0,0,0,33,1,0,0,0,34
2025 - 2026,2025 Fall,UGRD,UGRD,Roxanna,Latifi-Santos,,UNIV-SC,1101,1,15,3,3,0,0,0,0,0,0,0,0,21
2025 - 2026,2025 Fall,UGRD,UGRD,Roxanna,Latifi-Santos,,UNIV-SC,1101,4,20,2,4,0,0,0,0,0,0,0,0,26
2025 - 2026,2025 Fall,UGRD,UGRD,Yike,Shen,Elsa Pirouz,UNIV-SC,1131,2,0,0,0,0,0,0,7,0,0,0,0,7
2025 - 2026,2025 Fall,UGRD,UGRD,Manfred,Cuntz,,UNIV-SC,1131,9,21,3,0,0,1,0,0,0,0,0,0,25
2025 - 2026,2025 Fall,UGRD,UGRD,Barbara,Shipman,,UNIV-SC,1131,20,20,7,3,0,0,0,0,0,0,0,0,30
