Academic Year,Term,Academic Career,Course Career,Primary Instructor First Name,Primary Instructor Last Name,Non Primary Instructors,Subject,Catalog Number,Section Number,A,B,C,D,F,I,P,Q,W,Z,R,Total Grades
2025 - 2026,2026 Summer,GRAD,UGRD,Joshua,Vali,,ACCT,2301,2,14,13,17,9,2,0,0,0,1,0,0,56
2025 - 2026,2026 Summer,GRAD,UGRD,Martin,Deatherage,,ACCT,2302,3,8,7,21,7,3,0,0,2,7,0,0,55
2025 - 2026,2026 Summer,GRAD,GRAD,Li-Chin,Ho,,ACCT,5307,70,34,9,1,0,0,2,0,0,0,0,0,46
2025 - 2026,2026 Summer,GRAD,GRAD,Li-Chin,Ho,,ACCT,5307,71,28,24,0,0,0,0,0,0,0,0,0,52
2025 - 2026,2026 Summer,GRAD,GRAD,Li-Chin,Ho,,ACCT,5307,72,29,31,1,0,0,1,0,0,0,0,0,62
2025 - 2026,2026 Summer,GRAD,GRAD,Li-Chin,Ho,,ACCT,5307,73,9,12,0,0,0,0,0,0,0,0,0,21
2025 - 2026,2026 Summer,GRAD,GRAD,Li-Chin,Ho,,ACCT,5307,74,18,31,0,0,0,1,0,0,0,0,0,50
2025 - 2026,2026 Summer,GRAD,GRAD,Triza,Nganga,,ACCT,5315,1,5,1,0,0,0,0,0,0,0,0,0,6
2025 - 2026,2026 Summer,GRAD,GRAD,Sandra,Henderson,,ACCT,5366,1,3,6,0,0,0,0,0,0,0,0,0,9
2025 - 2026,2026 Summer,GRAD,GRAD,Martin,Deatherage,,ACCT,5380,3,9,5,0,0,0,0,0,0,0,0,0,14
2025 - 2026,2026 Summer,GRAD,GRAD,Bradley,Bell,,ARCH,5311,1,6,0,0,0,0,0,0,0,0,0,0,6
2025 - 2026,2026 Summer,GRAD,GRAD,Thomas,Read,,ARCH,5311,1,6,0,0,0,0,0,0,0,0,0,0,6
2025 - 2026,2026 Summer,GRAD,GRAD,Dennis,Chiessa,,ARCH,5364,101,3,2,1,1,0,0,0,0,0,0,0,7
2025 - 2026,2026 Summer,GRAD,GRAD,Bradley,Bell,,ARCH,5395,101,5,1,0,0,0,0,0,0,0,0,0,6
2025 - 2026,2026 Summer,GRAD,GRAD,Thomas,Read,,ARCH,5395,101,5,1,0,0,0,0,0,0,0,0,0,6
2025 - 2026,2026 Summer,GRAD,GRAD,Shermeen,Yousif,,ARCH,5395,201,10,0,0,0,0,0,0,0,0,0,0,10
2025 - 2026,2026 Summer,GRAD,GRAD,Dustin,Wheat,,ARCH,5593,1,2,2,2,0,1,0,0,0,0,0,0,7
2025 - 2026,2026 Summer,GRAD,GRAD,Liliana,Morales,,ARCH,5670,1,8,0,1,0,0,0,0,0,0,0,0,9
2025 - 2026,2026 Summer,GRAD,GRAD,Alexis,Chastain,,ARCH,5670,2,5,3,0,0,0,0,0,0,0,0,0,8
2025 - 2026,2026 Summer,GRAD,GRAD,Mei,Yang,,ASDS,5302,1,7,1,0,0,0,0,0,0,0,0,0,8
2025 - 2026,2026 Summer,GRAD,GRAD,Mahmoud,Jawad,,ASDS,6306,1,0,0,0,0,0,0,13,0,0,0,0,13
2025 - 2026,2026 Summer,GRAD,GRAD,Masoud,Rostami,,ASDS,6306,1,0,0,0,0,0,0,13,0,0,0,0,13
2025 - 2026,2026 Summer,GRAD,GRAD,Heather,Charles,,BIOL,5307,2,6,5,0,0,1,0,0,0,0,0,0,12
2025 - 2026,2026 Summer,GRAD,GRAD,Whitney,Tholen,,BIOL,5353,1,10,0,1,0,1,0,0,0,0,0,0,12
2025 - 2026,2026 Summer,GRAD,GRAD,Roger,Meiners,,BLAW,5330,20,6,6,0,0,0,0,0,0,1,0,0,13
2025 - 2026,2026 Summer,GRAD,GRAD,Roger,Meiners,,BLAW,5330,60,10,2,0,0,0,0,0,0,0,0,0,12
2025 - 2026,2026 Summer,GRAD,UGRD,Md,Helal,,BSTAT,2305,1,6,6,13,2,2,0,0,1,1,0,0,31
2025 - 2026,2026 Summer,GRAD,UGRD,Armin,Afrasiabian,,CE,3143,1,11,3,0,0,0,0,0,0,0,0,0,14
2025 - 2026,2026 Summer,GRAD,UGRD,Laureano,Hoyos,,CE,3343,1,5,0,1,0,0,0,0,0,1,0,0,7
2025 - 2026,2026 Summer,GRAD,UGRD,Laureano,Hoyos,,CE,3343,101,5,0,2,0,1,0,0,0,0,0,0,8
2025 - 2026,2026 Summer,GRAD,GRAD,Mohammad,Najafi,,CE,5191,5,0,0,0,0,0,0,19,0,0,0,0,19
2025 - 2026,2026 Summer,GRAD,UGRD,Subhrangsu,Mandal,,CHEM,4311,1,25,17,9,0,0,1,0,0,0,0,0,52
2025 - 2026,2026 Summer,GRAD,UGRD,Kayunta,Johnson-Winters,,CHEM,4312,1,6,9,0,0,0,1,0,0,1,0,0,17
2025 - 2026,2026 Summer,GRAD,GRAD,Fangzhou,Wang,,CRCJ,5393,1,15,0,0,0,0,0,0,0,0,0,0,15
2025 - 2026,2026 Summer,GRAD,GRAD,Jaya,Davis,,CRCJ,5394,1,4,5,1,1,1,0,0,0,0,0,0,12
2025 - 2026,2026 Summer,GRAD,GRAD,David,Levine,,CSE,5191,1,0,0,0,0,0,0,27,0,0,0,0,27
2025 - 2026,2026 Summer,GRAD,GRAD,Bhanu,Jain,,CSE,5311,980,39,6,0,0,0,0,0,0,0,0,0,45
2025 - 2026,2026 Summer,GRAD,GRAD,Elizabeth,Diaz,,CSE,5321,1,2,1,2,0,0,0,0,0,1,0,0,6
2025 - 2026,2026 Summer,GRAD,GRAD,Bhanu,Jain,,CSE,5331,980,26,19,0,0,0,0,0,0,0,0,0,45
2025 - 2026,2026 Summer,GRAD,GRAD,Vamsikrishna,Gopikrishna,,CSE,5360,1,1,4,3,0,0,0,0,0,0,0,0,8
2025 - 2026,2026 Summer,GRAD,GRAD,Upendranatha,Chakravarthy,,CSE,5360,980,21,23,1,0,0,0,0,0,0,0,0,45
2025 - 2026,2026 Summer,GRAD,GRAD,Upendranatha,Chakravarthy,,CSE,6363,980,25,20,0,0,0,0,0,0,0,0,0,45
2025 - 2026,2026 Summer,GRAD,GRAD,Tatia,Jacobson Jordan,,ECON,5300,6,19,0,0,0,0,0,0,0,0,0,0,19
2025 - 2026,2026 Summer,GRAD,GRAD,Tatia,Jacobson Jordan,,ECON,5300,60,15,0,0,0,0,0,0,0,0,0,0,15
2025 - 2026,2026 Summer,GRAD,GRAD,Tara,Brown,,ECON,5313,6,15,16,7,1,3,0,0,0,1,0,0,43
2025 - 2026,2026 Summer,GRAD,GRAD,Tara,Brown,,ECON,5313,60,9,4,2,1,4,0,0,0,2,0,0,22
2025 - 2026,2026 Summer,GRAD,GRAD,Hui,Cao,,ECON,5313,70,43,5,0,0,0,0,0,0,2,0,0,50
2025 - 2026,2026 Summer,GRAD,GRAD,Terry-Ann,Rodriguez,,EDAD,5330,101,27,2,0,0,2,0,0,0,0,0,0,31
2025 - 2026,2026 Summer,GRAD,GRAD,Jessica,Knox,,EDAD,5360,121,44,0,0,0,1,0,0,0,0,0,0,45
2025 - 2026,2026 Summer,GRAD,GRAD,Meesha,Jones,,EDAD,5380,111,74,5,2,0,0,0,0,0,1,0,0,82
2025 - 2026,2026 Summer,GRAD,GRAD,Jessica,Knox,,EDAD,5384,121,97,1,0,1,0,0,0,0,0,0,0,99
2025 - 2026,2026 Summer,GRAD,GRAD,Joel,Leader,,EDAD,5384,121,97,1,0,1,0,0,0,0,0,0,0,99
2025 - 2026,2026 Summer,GRAD,GRAD,Joel,Leader,,EDAD,5389,101,20,1,0,0,2,0,0,0,3,0,0,26
2025 - 2026,2026 Summer,GRAD,GRAD,Terry-Ann,Rodriguez,,EDAD,5399,101,56,1,0,0,0,0,0,0,0,0,0,57
2025 - 2026,2026 Summer,GRAD,GRAD,Ericka,Roland,,EDAD,6392,1,7,0,0,0,0,0,0,0,1,0,0,8
2025 - 2026,2026 Summer,GRAD,GRAD,Maricela,Leon,,EDUC,5305,121,23,1,0,0,0,0,0,0,0,0,0,24
2025 - 2026,2026 Summer,GRAD,GRAD,Daniel,Robinson,,EDUC,5367,121,19,2,0,0,0,0,0,0,0,0,0,21
2025 - 2026,2026 Summer,GRAD,GRAD,Daniel,Robinson,,EDUC,5368,111,18,3,0,0,0,1,0,0,0,0,0,22
2025 - 2026,2026 Summer,GRAD,GRAD,Joyce,Myers,,EDUC,5394,111,25,7,1,0,0,0,0,0,0,0,0,33
2025 - 2026,2026 Summer,GRAD,GRAD,Candace,Lafferty,,EDUC,5397,121,22,4,2,0,0,0,0,0,0,0,0,28
2025 - 2026,2026 Summer,GRAD,GRAD,Mahyar,Sharif Vaghefi,,EMBA,5105,1,12,0,0,0,0,0,0,0,0,0,0,12
2025 - 2026,2026 Summer,GRAD,GRAD,Lars,Johnson,,EMBA,5111,1,12,0,0,0,0,0,0,0,0,0,0,12
2025 - 2026,2026 Summer,GRAD,GRAD,Anna-Lisa,Leefers,,EMBA,5123,1,12,0,0,0,0,0,0,0,0,0,0,12
2025 - 2026,2026 Summer,GRAD,GRAD,Fred,Miao,,EMBA,5199,1,12,0,0,0,0,0,0,0,0,0,0,12
2025 - 2026,2026 Summer,GRAD,GRAD,Narayanan,Janakiraman,,EMBA,5202,1,11,1,0,0,0,0,0,0,0,0,0,12
2025 - 2026,2026 Summer,GRAD,GRAD,Timothy,Richardson,,ENGL,5391,14,7,0,0,0,0,0,0,0,0,0,0,7
2025 - 2026,2026 Summer,GRAD,GRAD,Gabriel,Aguilar,,ENGL,6389,1,13,0,0,0,0,0,0,0,0,0,0,13
2025 - 2026,2026 Summer,GRAD,GRAD,Yibing,Du,,FINA,5311,1,8,5,0,0,0,0,0,0,2,0,0,15
2025 - 2026,2026 Summer,GRAD,GRAD,Qing,Hao,,FINA,5311,60,30,2,0,0,0,0,0,0,0,0,0,32
2025 - 2026,2026 Summer,GRAD,GRAD,David,Rakowski,,FINA,5334,60,8,7,0,0,0,0,0,0,0,0,0,15
2025 - 2026,2026 Summer,GRAD,GRAD,John,Adams,,FINA,5345,60,13,1,0,0,0,0,0,0,1,0,0,15
2025 - 2026,2026 Summer,GRAD,GRAD,Jiachu,Song,,FINA,5392,70,50,8,0,0,0,7,0,0,0,0,0,65
2025 - 2026,2026 Summer,GRAD,GRAD,Sima,Jannati,,FINA,6390,1,6,0,0,0,0,0,0,0,0,0,0,6
2025 - 2026,2026 Summer,GRAD,GRAD,William,Venable,,HCAD,5330,45,10,4,0,0,0,0,0,0,0,0,0,14
2025 - 2026,2026 Summer,GRAD,GRAD,Christy,Spivey,,HCAD,5333,45,12,7,0,0,0,0,0,0,1,0,0,20
2025 - 2026,2026 Summer,GRAD,GRAD,Radha,Mahapatra,,HCAD,5350,40,4,5,0,0,0,0,0,0,1,0,0,10
2025 - 2026,2026 Summer,GRAD,GRAD,Paul,Conrad,,HIST,6391,17,6,0,0,0,0,0,0,0,0,0,0,6
2025 - 2026,2026 Summer,GRAD,GRAD,Subhash,Singhal,,IE,5304,9,4,2,2,1,0,0,0,0,0,0,0,9
2025 - 2026,2026 Summer,GRAD,GRAD,Hugh,Kellam,,ILDT,5302,111,34,0,0,0,0,0,0,0,2,0,0,36
2025 - 2026,2026 Summer,GRAD,GRAD,Jessica,Kahlow,,ILDT,5350,121,26,2,0,0,1,0,0,0,1,0,0,30
2025 - 2026,2026 Summer,GRAD,GRAD,Hugh,Kellam,,ILDT,5399,101,8,0,0,0,0,0,0,0,0,0,0,8
2025 - 2026,2026 Summer,GRAD,GRAD,Koshy,Vaidyan Joseph,,INSY,5303,1,4,5,0,0,0,0,0,0,0,0,0,9
2025 - 2026,2026 Summer,GRAD,GRAD,Jingguo,Wang,,INSY,5375,70,33,13,2,0,0,8,0,0,0,0,0,56
2025 - 2026,2026 Summer,GRAD,GRAD,Xuedong,Gao,,INSY,5375,71,32,18,0,0,0,0,0,0,0,0,0,50
2025 - 2026,2026 Summer,GRAD,GRAD,Jingguo,Wang,,INSY,5375,72,30,16,2,0,0,15,0,0,0,0,0,63
2025 - 2026,2026 Summer,GRAD,GRAD,Sung Shun,Weng,,INSY,5375,73,3,2,1,0,0,0,0,0,0,0,0,6
2025 - 2026,2026 Summer,GRAD,GRAD,Sridhar,Nerur,,INSY,5376,70,14,0,0,0,0,0,0,0,0,0,0,14
2025 - 2026,2026 Summer,GRAD,GRAD,Hongwei,Wang,,INSY,5376,71,35,10,0,0,0,2,0,0,0,0,0,47
2025 - 2026,2026 Summer,GRAD,GRAD,Jung-Fa,Tsai,,INSY,5392,70,6,0,0,0,0,0,0,0,0,0,0,6
2025 - 2026,2026 Summer,GRAD,GRAD,Kuan-Ting,Lai,,INSY,5392,71,12,3,0,0,0,0,0,0,0,0,0,15
2025 - 2026,2026 Summer,GRAD,UGRD,Tyler,Garner,,KINE,3302,1,63,20,4,4,1,0,0,1,3,0,0,96
2025 - 2026,2026 Summer,GRAD,GRAD,Lizbeth,Alvarez,Laura Kunkel,KINE,5120,1,24,0,0,0,0,0,0,0,0,0,0,24
2025 - 2026,2026 Summer,GRAD,GRAD,Adam,Annaccone,,KINE,5123,1,25,0,0,0,0,0,0,0,0,0,0,25
2025 - 2026,2026 Summer,GRAD,GRAD,Meredith,Decker,,KINE,5229,1,15,9,0,0,0,0,0,0,0,0,0,24
2025 - 2026,2026 Summer,GRAD,GRAD,Laura,Kunkel,,KINE,5230,1,12,11,1,0,0,0,0,0,0,0,0,24
2025 - 2026,2026 Summer,GRAD,GRAD,Adam,Annaccone,,KINE,5236,1,24,0,0,0,0,0,0,0,0,0,0,24
2025 - 2026,2026 Summer,GRAD,GRAD,Melissa,Oden,,KINE,5250,1,8,0,0,0,0,0,0,0,0,0,0,8
2025 - 2026,2026 Summer,GRAD,GRAD,Meredith,Decker,,KINE,5306,1,16,4,0,0,0,5,0,0,0,0,0,25
2025 - 2026,2026 Summer,GRAD,GRAD,Adam,Annaccone,,KINE,5339,1,18,6,1,0,0,0,0,0,0,0,0,25
2025 - 2026,2026 Summer,GRAD,GRAD,Laura,Kunkel,,KINE,5343,1,19,4,2,0,0,0,0,0,0,0,0,25
2025 - 2026,2026 Summer,GRAD,GRAD,Lisa,Sheppard-Goodlett,,KINE,5399,1,5,1,0,0,0,0,0,0,0,0,0,6
2025 - 2026,2026 Summer,GRAD,GRAD,Sandra,Adams,,LIST,5350,111,18,0,0,0,0,0,0,0,0,0,0,18
2025 - 2026,2026 Summer,GRAD,GRAD,Melissa,Glenn,,LIST,5354,101,5,1,1,0,0,0,0,0,0,0,0,7
2025 - 2026,2026 Summer,GRAD,GRAD,Teddi,Martin,,LIST,5373,121,10,0,0,0,1,0,0,0,0,0,0,11
2025 - 2026,2026 Summer,GRAD,GRAD,Joo Hi,Lee,,MAED,5355,111,27,3,0,0,0,0,0,0,0,0,0,30
2025 - 2026,2026 Summer,GRAD,GRAD,Candace,Lafferty,,MAED,5356,121,13,4,1,0,0,0,0,0,0,0,0,18
2025 - 2026,2026 Summer,GRAD,GRAD,Chunke,Su,,MANA,5320,70,74,19,7,0,0,0,0,0,0,0,0,100
2025 - 2026,2026 Summer,GRAD,GRAD,Chunke,Su,,MANA,5320,71,30,20,0,0,0,0,0,0,0,0,0,50
2025 - 2026,2026 Summer,GRAD,GRAD,Di,Fan,,MANA,5320,72,36,23,0,0,0,0,0,0,0,0,0,59
2025 - 2026,2026 Summer,GRAD,GRAD,Chunke,Su,,MANA,5320,73,48,6,0,0,0,9,0,0,0,0,0,63
2025 - 2026,2026 Summer,GRAD,GRAD,Courtney,Hart,,MANA,5330,60,11,9,1,0,1,0,0,0,1,0,0,23
2025 - 2026,2026 Summer,GRAD,GRAD,Li,Sun,,MANA,5331,70,21,24,0,0,0,4,0,0,0,0,0,49
2025 - 2026,2026 Summer,GRAD,GRAD,Li,Sun,,MANA,5331,71,34,12,0,0,0,4,0,0,0,0,0,50
2025 - 2026,2026 Summer,GRAD,GRAD,Li,Sun,,MANA,5331,72,41,20,0,0,0,1,0,0,2,0,0,64
2025 - 2026,2026 Summer,GRAD,GRAD,Li,Sun,,MANA,5331,73,31,9,1,0,0,3,0,0,0,0,0,44
2025 - 2026,2026 Summer,GRAD,GRAD,Abdul,Rasheed,,MANA,5331,74,8,6,0,0,0,0,0,0,0,0,0,14
2025 - 2026,2026 Summer,GRAD,GRAD,Lesley,Regalado,,MANA,5332,1,16,1,0,0,0,0,0,0,0,0,0,17
2025 - 2026,2026 Summer,GRAD,GRAD,Jeffrey,McGee,,MANA,5336,1,13,5,0,0,0,0,0,0,0,0,0,18
2025 - 2026,2026 Summer,GRAD,GRAD,Jeffrey,McGee,,MANA,5336,20,5,2,1,0,0,1,0,0,0,0,0,9
2025 - 2026,2026 Summer,GRAD,GRAD,Jeffrey,McGee,,MANA,5336,60,16,8,0,0,0,0,0,0,0,0,0,24
2025 - 2026,2026 Summer,GRAD,GRAD,Sali,Li,,MANA,5336,70,15,35,0,0,0,0,0,0,0,0,0,50
2025 - 2026,2026 Summer,GRAD,GRAD,Sali,Li,,MANA,5336,71,22,28,0,0,0,0,0,0,0,0,0,50
2025 - 2026,2026 Summer,GRAD,GRAD,Sali,Li,,MANA,5336,72,32,27,0,0,0,0,0,0,0,0,0,59
2025 - 2026,2026 Summer,GRAD,GRAD,Sali,Li,,MANA,5336,73,35,24,0,0,0,0,0,0,0,0,0,59
2025 - 2026,2026 Summer,GRAD,GRAD,Thomas,Graca,,MANA,5337,2,22,17,0,0,1,0,0,0,0,0,0,40
2025 - 2026,2026 Summer,GRAD,GRAD,Thomas,Graca,,MANA,5337,60,16,19,0,0,0,0,0,0,0,0,0,35
2025 - 2026,2026 Summer,GRAD,GRAD,Ping,Han,,MANA,5340,70,31,27,0,0,0,5,0,0,0,0,0,63
2025 - 2026,2026 Summer,GRAD,GRAD,George,Benson,,MANA,5340,71,20,0,0,0,0,1,0,0,0,0,0,21
2025 - 2026,2026 Summer,GRAD,GRAD,Lars,Johnson,,MANA,5360,2,30,5,0,0,2,0,0,0,0,0,0,37
2025 - 2026,2026 Summer,GRAD,GRAD,Lars,Johnson,,MANA,5360,60,25,0,2,0,1,0,0,0,0,0,0,28
2025 - 2026,2026 Summer,GRAD,GRAD,Maoran,Zhu,,MANA,5392,70,55,0,0,0,0,0,0,0,0,0,0,55
2025 - 2026,2026 Summer,GRAD,GRAD,Jiann-Haw,Liou,,MANA,5392,71,7,0,0,0,0,3,0,0,0,0,0,10
2025 - 2026,2026 Summer,GRAD,GRAD,Chang-Hsien,Tsai,,MANA,5392,72,14,0,0,0,0,0,0,0,0,0,0,14
2025 - 2026,2026 Summer,GRAD,GRAD,Jiann-Haw,Liou,,MANA,5392,73,3,4,0,0,0,0,0,0,0,0,0,7
2025 - 2026,2026 Summer,GRAD,GRAD,Holly,Hungerford-Kresser,,MANA,6182,1,19,0,0,0,0,0,0,0,0,0,0,19
2025 - 2026,2026 Summer,GRAD,GRAD,Ritesh,Saini,,MARK,5311,20,8,4,0,0,0,0,0,0,0,0,0,12
2025 - 2026,2026 Summer,GRAD,GRAD,Jeffrey,Wallman,,MARK,5311,60,19,6,0,0,0,1,0,0,1,0,0,27
2025 - 2026,2026 Summer,GRAD,GRAD,Traci,Freling,,MARK,5330,31,4,4,2,0,1,0,0,0,0,0,0,11
2025 - 2026,2026 Summer,GRAD,GRAD,Xiaoming,Yang,,MARK,5331,70,34,15,1,0,0,2,0,0,1,0,0,53
2025 - 2026,2026 Summer,GRAD,GRAD,Guoyue,Xiong,,MARK,5331,71,30,16,0,0,0,0,0,0,1,0,0,47
2025 - 2026,2026 Summer,GRAD,GRAD,Zhiyong,Yang,,MARK,5340,70,21,20,5,0,0,4,0,0,0,0,0,50
2025 - 2026,2026 Summer,GRAD,GRAD,Zhiyong,Yang,,MARK,5340,71,24,19,6,0,0,1,0,0,0,0,0,50
2025 - 2026,2026 Summer,GRAD,UGRD,Te'a,Riley,,MATH,1301,2,5,2,4,0,2,0,0,0,0,0,0,13
2025 - 2026,2026 Summer,GRAD,GRAD,Barbara,Shipman,,MATH,5340,1,8,2,0,0,0,0,0,0,0,0,0,10
2025 - 2026,2026 Summer,GRAD,GRAD,John,Wayman,,MUSI,5350,2,6,0,0,0,0,0,0,0,0,0,0,6
2025 - 2026,2026 Summer,GRAD,UGRD,Sandra,Westmoreland,,NURS,3309,72,78,30,7,3,2,0,0,3,1,0,0,124
2025 - 2026,2026 Summer,GRAD,GRAD,Gigi,Thomas,,NURS,5120,10,0,0,0,0,0,0,6,0,0,0,0,6
2025 - 2026,2026 Summer,GRAD,GRAD,Elizabeth,Fuentes,Chinyere Emeh; Gigi Thomas,NURS,5120,12,0,0,0,0,0,0,8,0,2,0,0,10
2025 - 2026,2026 Summer,GRAD,GRAD,Elizabeth,Fuentes,Chinyere Emeh; Gigi Thomas,NURS,5120,13,0,0,0,0,0,0,7,0,1,0,0,8
2025 - 2026,2026 Summer,GRAD,GRAD,Ann,Birka,Gigi Thomas,NURS,5120,14,0,0,0,0,0,0,7,0,1,0,0,8
2025 - 2026,2026 Summer,GRAD,GRAD,Melissa,Miller,Gigi Thomas,NURS,5120,15,0,0,0,0,0,0,7,0,2,0,0,9
2025 - 2026,2026 Summer,GRAD,GRAD,Mary,Davis,Gigi Thomas,NURS,5120,18,0,0,0,0,0,0,10,0,0,0,0,10
2025 - 2026,2026 Summer,GRAD,GRAD,Cheryl,Mitchell,Mary Davis,NURS,5120,403,0,0,0,0,1,0,6,0,0,0,0,7
2025 - 2026,2026 Summer,GRAD,GRAD,Mary,Davis,,NURS,5120,404,0,0,0,0,0,0,9,0,0,0,0,9
2025 - 2026,2026 Summer,GRAD,GRAD,Shira,Love,Mary Davis,NURS,5120,405,0,0,0,0,0,0,9,0,0,0,0,9
2025 - 2026,2026 Summer,GRAD,GRAD,Shannon,Carey,Mary Davis,NURS,5120,406,0,0,0,0,0,0,10,0,0,0,0,10
2025 - 2026,2026 Summer,GRAD,GRAD,Kelly,Meier,Mary Davis,NURS,5120,407,0,0,0,0,3,0,3,0,1,0,0,7
2025 - 2026,2026 Summer,GRAD,GRAD,Ashley,Moore,Mary Davis,NURS,5120,408,0,0,0,0,2,0,6,0,0,0,0,8
2025 - 2026,2026 Summer,GRAD,GRAD,Lynn,Berger,Mary Davis,NURS,5120,409,0,0,0,0,1,0,6,0,0,0,0,7
2025 - 2026,2026 Summer,GRAD,GRAD,Lee,Sulkin,Mary Davis,NURS,5120,412,0,0,0,0,0,0,8,0,1,0,0,9
2025 - 2026,2026 Summer,GRAD,GRAD,Amy,Lunsford,Mary Davis,NURS,5120,416,0,0,0,0,0,0,6,0,0,0,0,6
2025 - 2026,2026 Summer,GRAD,GRAD,Shicobie,Adams,Mary Davis,NURS,5120,421,0,0,0,0,0,0,8,0,1,0,0,9
2025 - 2026,2026 Summer,GRAD,GRAD,Lynn,Berger,Mary Davis,NURS,5120,422,0,0,0,0,0,0,10,0,0,0,0,10
2025 - 2026,2026 Summer,GRAD,GRAD,Crystal,Cisneros,Mary Davis,NURS,5120,423,0,0,0,0,0,0,10,0,0,0,0,10
2025 - 2026,2026 Summer,GRAD,GRAD,Mary,Davis,,NURS,5120,424,0,0,0,0,0,0,9,0,0,0,0,9
2025 - 2026,2026 Summer,GRAD,GRAD,Kathleen,Garza,Mary Davis,NURS,5120,425,0,0,0,0,0,0,10,0,0,0,0,10
2025 - 2026,2026 Summer,GRAD,GRAD,Cheryl,Gordon,Mary Davis,NURS,5120,426,0,0,0,0,0,0,8,0,0,0,0,8
2025 - 2026,2026 Summer,GRAD,GRAD,Ashley,Pree,Mary Davis,NURS,5120,427,0,0,0,0,0,0,10,0,0,0,0,10
2025 - 2026,2026 Summer,GRAD,GRAD,Shira,Love,Mary Davis,NURS,5120,428,0,0,0,0,0,0,9,0,0,0,0,9
2025 - 2026,2026 Summer,GRAD,GRAD,Amy,Lunsford,Mary Davis,NURS,5120,429,0,0,0,0,0,0,9,0,0,0,0,9
2025 - 2026,2026 Summer,GRAD,GRAD,Cheryl,Mitchell,Mary Davis,NURS,5120,432,0,0,0,0,0,0,9,0,0,0,0,9
2025 - 2026,2026 Summer,GRAD,GRAD,Ashley,Moore,Mary Davis,NURS,5120,433,0,0,0,0,1,0,9,0,0,0,0,10
2025 - 2026,2026 Summer,GRAD,GRAD,Shannon,Carey,Mary Davis,NURS,5120,436,0,0,0,0,1,0,7,0,0,0,0,8
2025 - 2026,2026 Summer,GRAD,GRAD,Elizabeth,Welch,Mary Davis,NURS,5120,437,0,0,0,0,0,0,9,0,0,0,0,9
2025 - 2026,2026 Summer,GRAD,GRAD,Diane,St Pierre Runnels,Mary Davis,NURS,5120,438,0,0,0,0,0,0,8,0,0,0,0,8
2025 - 2026,2026 Summer,GRAD,GRAD,Lee,Sulkin,Mary Davis,NURS,5120,439,0,0,0,0,0,0,8,0,0,0,0,8
2025 - 2026,2026 Summer,GRAD,GRAD,Sumit,Trivedi,Mary Davis,NURS,5120,440,0,0,0,0,0,0,6,0,0,0,0,6
2025 - 2026,2026 Summer,GRAD,GRAD,Lindsay,Hermsdorfer,Courtney Werner,NURS,5130,12,0,0,0,0,0,0,9,0,0,0,0,9
2025 - 2026,2026 Summer,GRAD,GRAD,Melissa,Franklin,Courtney Werner,NURS,5130,13,0,0,0,0,1,0,9,0,0,0,0,10
2025 - 2026,2026 Summer,GRAD,GRAD,Vicky,Van Buren,Courtney Werner,NURS,5130,14,0,0,0,0,0,0,9,0,0,0,0,9
2025 - 2026,2026 Summer,GRAD,GRAD,Courtney,Werner,,NURS,5130,18,0,0,0,0,0,0,6,0,1,0,0,7
2025 - 2026,2026 Summer,GRAD,GRAD,Rachel,Mark,Angela Miller; Courtney Werner,NURS,5130,401,0,0,0,0,0,0,9,0,0,0,0,9
2025 - 2026,2026 Summer,GRAD,GRAD,Lisa,Lunsford,Angela Miller; Courtney Werner,NURS,5130,402,0,0,0,0,0,0,9,0,0,0,0,9
2025 - 2026,2026 Summer,GRAD,GRAD,Shannon,Dougrey,Angela Miller; Courtney Werner,NURS,5130,403,0,0,0,0,2,0,8,0,0,0,0,10
2025 - 2026,2026 Summer,GRAD,GRAD,Melissa,Franklin,Angela Miller; Courtney Werner,NURS,5130,404,0,0,0,0,2,0,7,0,0,0,0,9
2025 - 2026,2026 Summer,GRAD,GRAD,Lindsay,Hermsdorfer,Angela Miller; Courtney Werner,NURS,5130,405,0,0,0,0,1,0,9,0,0,0,0,10
2025 - 2026,2026 Summer,GRAD,GRAD,Anamarina,Jarecke,Angela Miller; Courtney Werner,NURS,5130,406,0,0,0,0,0,0,6,0,0,0,0,6
2025 - 2026,2026 Summer,GRAD,GRAD,Robbi,Nichols,Angela Miller; Courtney Werner,NURS,5130,407,0,0,0,0,0,0,6,0,0,0,0,6
2025 - 2026,2026 Summer,GRAD,GRAD,Brandi,Pitcox,Angela Miller; Courtney Werner,NURS,5130,408,0,0,0,0,0,0,7,0,1,0,0,8
2025 - 2026,2026 Summer,GRAD,GRAD,Ashley,Pree,Angela Miller; Courtney Werner,NURS,5130,409,0,0,0,0,1,0,8,0,1,0,0,10
2025 - 2026,2026 Summer,GRAD,GRAD,Ruth,Roberts,Angela Miller; Courtney Werner,NURS,5130,410,0,0,0,0,0,0,10,0,0,0,0,10
2025 - 2026,2026 Summer,GRAD,GRAD,Christina,Sanchez,Angela Miller; Courtney Werner,NURS,5130,411,0,0,0,0,1,0,9,0,0,0,0,10
2025 - 2026,2026 Summer,GRAD,GRAD,Courtney,Werner,,NURS,5130,412,0,0,0,0,1,0,9,0,0,0,0,10
2025 - 2026,2026 Summer,GRAD,GRAD,Ashlee,Loewen,Courtney Werner,NURS,5130,413,0,0,0,0,0,0,9,0,0,0,0,9
2025 - 2026,2026 Summer,GRAD,GRAD,Erica,Vance,Courtney Werner,NURS,5130,414,0,0,0,0,1,0,8,0,0,0,0,9
2025 - 2026,2026 Summer,GRAD,GRAD,Leslie,Wilson,Courtney Werner,NURS,5130,415,0,0,0,0,0,0,8,0,1,0,0,9
2025 - 2026,2026 Summer,GRAD,GRAD,Giselle,Escalona,Courtney Werner,NURS,5130,416,0,0,0,0,2,0,8,0,0,0,0,10
2025 - 2026,2026 Summer,GRAD,GRAD,Mary,Dixon,Courtney Werner,NURS,5130,418,0,0,0,0,0,0,10,0,0,0,0,10
2025 - 2026,2026 Summer,GRAD,GRAD,Ruth,Roberts,Courtney Werner,NURS,5130,419,0,0,0,0,0,0,9,0,0,0,0,9
2025 - 2026,2026 Summer,GRAD,GRAD,Brandi,Pitcox,Courtney Werner,NURS,5130,420,0,0,0,0,0,0,7,0,1,0,0,8
2025 - 2026,2026 Summer,GRAD,GRAD,Brandi,Pitcox,Courtney Werner,NURS,5130,431,0,0,0,0,0,0,9,0,1,0,0,10
2025 - 2026,2026 Summer,GRAD,GRAD,Angela,Miller,Courtney Werner,NURS,5130,432,0,0,0,0,2,0,7,0,1,0,0,10
2025 - 2026,2026 Summer,GRAD,GRAD,Lindsay,Hermsdorfer,Courtney Werner,NURS,5130,433,0,0,0,0,0,0,7,0,2,0,0,9
2025 - 2026,2026 Summer,GRAD,GRAD,Gigi,Thomas,,NURS,5220,10,23,15,0,0,0,0,0,0,2,0,0,40
2025 - 2026,2026 Summer,GRAD,GRAD,Gigi,Thomas,,NURS,5220,12,12,2,0,0,0,0,0,0,0,0,0,14
2025 - 2026,2026 Summer,GRAD,GRAD,Courtney,Werner,,NURS,5220,400,91,26,4,0,0,0,0,0,1,0,0,122
2025 - 2026,2026 Summer,GRAD,GRAD,Lindsay,Hermsdorfer,Courtney Werner,NURS,5220,401,111,38,4,1,1,0,0,0,1,0,0,156
2025 - 2026,2026 Summer,GRAD,GRAD,Marianne,Doan,,NURS,5300,400,18,0,0,0,0,0,0,0,0,0,0,18
2025 - 2026,2026 Summer,GRAD,GRAD,Margarita,Trevino,,NURS,5302,400,27,2,0,0,0,0,0,0,0,0,0,29
2025 - 2026,2026 Summer,GRAD,GRAD,Sharon,Blackerby,,NURS,5308,400,38,2,0,0,0,0,0,0,0,0,0,40
2025 - 2026,2026 Summer,GRAD,GRAD,Sharon,Blackerby,,NURS,5308,401,47,6,4,0,0,0,0,0,0,0,0,57
2025 - 2026,2026 Summer,GRAD,GRAD,Patricia,Allard,,NURS,5310,400,45,6,0,0,0,0,0,0,0,0,0,51
2025 - 2026,2026 Summer,GRAD,GRAD,Tammie,Peterson,,NURS,5311,400,35,0,0,0,0,0,0,0,0,0,0,35
2025 - 2026,2026 Summer,GRAD,GRAD,Cynthia,Garrett,Patricia Thomas,NURS,5312,400,17,11,0,0,0,0,0,0,0,0,0,28
2025 - 2026,2026 Summer,GRAD,GRAD,Jordan,Dudley,Sayda Major,NURS,5315,400,22,65,30,4,1,0,0,0,6,0,0,128
2025 - 2026,2026 Summer,GRAD,GRAD,Leiandie April,Hulet,,NURS,5315,401,37,92,41,5,1,1,0,0,17,0,0,194
2025 - 2026,2026 Summer,GRAD,GRAD,Sayda,Major,,NURS,5315,401,37,92,41,5,1,1,0,0,17,0,0,194
2025 - 2026,2026 Summer,GRAD,GRAD,Sayda,Major,,NURS,5315,402,10,53,41,2,3,6,0,0,12,0,0,127
2025 - 2026,2026 Summer,GRAD,GRAD,Shayla,Buckler,Aaron Langford,NURS,5324,12,6,0,0,0,0,0,0,0,0,0,0,6
2025 - 2026,2026 Summer,GRAD,GRAD,Cristina,Winters,Aaron Langford,NURS,5324,14,6,0,0,0,0,0,0,0,0,0,0,6
2025 - 2026,2026 Summer,GRAD,GRAD,Aaron,Langford,,NURS,5324,16,5,0,0,0,1,0,0,0,0,0,0,6
2025 - 2026,2026 Summer,GRAD,GRAD,Sharon,Brown,,NURS,5324,16,5,0,0,0,1,0,0,0,0,0,0,6
2025 - 2026,2026 Summer,GRAD,GRAD,Leigh,Griffis-Cogan,,NURS,5327,400,149,15,6,0,2,0,0,0,5,0,0,177
2025 - 2026,2026 Summer,GRAD,GRAD,Leigh,Griffis-Cogan,,NURS,5327,401,110,14,3,0,1,0,0,0,2,0,0,130
2025 - 2026,2026 Summer,GRAD,GRAD,Leigh,Griffis-Cogan,,NURS,5327,402,8,1,3,0,0,0,0,0,1,0,0,13
2025 - 2026,2026 Summer,GRAD,GRAD,Leigh,Griffis-Cogan,,NURS,5327,403,43,7,0,0,0,0,0,0,0,0,0,50
2025 - 2026,2026 Summer,GRAD,GRAD,Margarita,Trevino,,NURS,5329,400,42,2,0,0,0,0,0,0,0,0,0,44
2025 - 2026,2026 Summer,GRAD,GRAD,Patti,Parker,,NURS,5334,10,6,6,10,0,0,0,0,0,1,0,0,23
2025 - 2026,2026 Summer,GRAD,GRAD,Melissa,Miller,Patti Parker,NURS,5334,12,4,4,1,0,0,0,0,0,0,0,0,9
2025 - 2026,2026 Summer,GRAD,GRAD,Patti,Parker,Kyla Ripperger,NURS,5334,400,20,72,52,2,0,0,0,0,1,0,0,147
2025 - 2026,2026 Summer,GRAD,GRAD,Melissa,Miller,Kyla Ripperger; Patti Parker,NURS,5334,401,38,89,54,3,2,0,0,0,6,0,0,192
2025 - 2026,2026 Summer,GRAD,GRAD,Melissa,Miller,Kyla Ripperger; Patti Parker,NURS,5334,402,12,36,25,1,1,0,0,0,2,0,0,77
2025 - 2026,2026 Summer,GRAD,GRAD,Chinyere,Emeh,Elizabeth Fuentes,NURS,5337,454,5,1,0,0,0,0,0,0,0,0,0,6
2025 - 2026,2026 Summer,GRAD,GRAD,Doris,Harvey,Elizabeth Fuentes,NURS,5337,455,6,0,0,0,0,0,0,0,0,0,0,6
2025 - 2026,2026 Summer,GRAD,GRAD,Jessica,Miller,Elizabeth Fuentes,NURS,5337,456,6,0,0,0,0,0,0,0,0,0,0,6
2025 - 2026,2026 Summer,GRAD,GRAD,Debra,Phillips,Elizabeth Fuentes,NURS,5337,457,5,0,0,0,0,0,0,0,1,0,0,6
2025 - 2026,2026 Summer,GRAD,GRAD,Jackquelyn,Williams,Elizabeth Fuentes,NURS,5337,459,6,0,0,0,0,0,0,0,0,0,0,6
2025 - 2026,2026 Summer,GRAD,GRAD,Shicobie,Adams,Elizabeth Fuentes,NURS,5337,460,5,1,0,0,0,0,0,0,0,0,0,6
2025 - 2026,2026 Summer,GRAD,GRAD,Veronica,Garcia,Elizabeth Fuentes,NURS,5337,462,6,0,0,0,0,0,0,0,0,0,0,6
2025 - 2026,2026 Summer,GRAD,GRAD,Lindsay,Hermsdorfer,Elizabeth Fuentes,NURS,5337,463,6,0,0,0,0,0,0,0,0,0,0,6
2025 - 2026,2026 Summer,GRAD,GRAD,Ashlee,Loewen,Elizabeth Fuentes,NURS,5337,465,6,0,0,0,0,0,0,0,0,0,0,6
2025 - 2026,2026 Summer,GRAD,GRAD,Shira,Love,Elizabeth Fuentes,NURS,5337,466,5,1,0,0,0,0,0,0,0,0,0,6
2025 - 2026,2026 Summer,GRAD,GRAD,Ashley,Pichon,Elizabeth Fuentes,NURS,5337,467,6,0,0,0,0,0,0,0,0,0,0,6
2025 - 2026,2026 Summer,GRAD,GRAD,Karen,Riehm,Elizabeth Fuentes,NURS,5337,468,3,3,0,0,0,0,0,0,0,0,0,6
2025 - 2026,2026 Summer,GRAD,GRAD,Sharolyn,Dihigo,Elizabeth Fuentes,NURS,5337,469,6,0,0,0,0,0,0,0,0,0,0,6
2025 - 2026,2026 Summer,GRAD,GRAD,Francis,Basebang,Elizabeth Fuentes,NURS,5337,470,6,0,0,0,0,0,0,0,0,0,0,6
2025 - 2026,2026 Summer,GRAD,GRAD,Doris,Harvey,Elizabeth Fuentes,NURS,5337,474,6,0,0,0,0,0,0,0,0,0,0,6
2025 - 2026,2026 Summer,GRAD,GRAD,Ashley,Pree,Ashlee Loewen,NURS,5338,454,6,0,0,0,0,0,0,0,0,0,0,6
2025 - 2026,2026 Summer,GRAD,GRAD,Lauren,Runyon,Ashlee Loewen,NURS,5338,455,6,0,0,0,0,0,0,0,0,0,0,6
2025 - 2026,2026 Summer,GRAD,GRAD,Kimberly,Sava,Ashlee Loewen,NURS,5338,456,6,0,0,0,0,0,0,0,0,0,0,6
2025 - 2026,2026 Summer,GRAD,GRAD,Kara,Bragg,Ashlee Loewen,NURS,5338,457,5,0,0,0,0,0,0,0,1,0,0,6
2025 - 2026,2026 Summer,GRAD,GRAD,Deanna,Cason,Ashlee Loewen,NURS,5338,459,6,0,0,0,0,0,0,0,0,0,0,6
2025 - 2026,2026 Summer,GRAD,GRAD,Veronica,Garcia,Ashlee Loewen,NURS,5338,460,6,0,0,0,0,0,0,0,0,0,0,6
2025 - 2026,2026 Summer,GRAD,GRAD,Janelle,Traylor,Ashlee Loewen,NURS,5338,463,6,0,0,0,0,0,0,0,0,0,0,6
2025 - 2026,2026 Summer,GRAD,GRAD,Renee,Miphouvieng,Ashlee Loewen,NURS,5338,467,6,0,0,0,0,0,0,0,0,0,0,6
2025 - 2026,2026 Summer,GRAD,GRAD,Audrey,Collins,Ashlee Loewen,NURS,5338,469,6,0,0,0,0,0,0,0,0,0,0,6
2025 - 2026,2026 Summer,GRAD,GRAD,Lori,Karl,Ashlee Loewen,NURS,5338,470,6,0,0,0,0,0,0,0,0,0,0,6
2025 - 2026,2026 Summer,GRAD,GRAD,Ashley,Pree,Ashlee Loewen,NURS,5338,472,4,2,0,0,0,0,0,0,0,0,0,6
2025 - 2026,2026 Summer,GRAD,GRAD,Ashlee,Loewen,,NURS,5338,473,6,0,0,0,0,0,0,0,0,0,0,6
2025 - 2026,2026 Summer,GRAD,GRAD,Lauren,Runyon,Ashlee Loewen,NURS,5338,474,6,0,0,0,0,0,0,0,0,0,0,6
2025 - 2026,2026 Summer,GRAD,GRAD,Emily,Evans,Ashlee Loewen,NURS,5338,477,6,0,0,0,0,0,0,0,0,0,0,6
2025 - 2026,2026 Summer,GRAD,GRAD,Lori,Karl,Ashlee Loewen,NURS,5338,478,6,0,0,0,0,0,0,0,0,0,0,6
2025 - 2026,2026 Summer,GRAD,GRAD,Maryann,Ugoh,Ashlee Loewen,NURS,5338,479,6,0,0,0,0,0,0,0,0,0,0,6
2025 - 2026,2026 Summer,GRAD,GRAD,Monique,Huntley,Ashlee Loewen,NURS,5338,480,6,0,0,0,0,0,0,0,0,0,0,6
2025 - 2026,2026 Summer,GRAD,GRAD,Renee,Miphouvieng,Ashlee Loewen,NURS,5338,481,6,0,0,0,0,0,0,0,0,0,0,6
2025 - 2026,2026 Summer,GRAD,GRAD,Kimberly,Sava,Ashlee Loewen,NURS,5338,482,5,0,0,0,0,0,0,0,1,0,0,6
2025 - 2026,2026 Summer,GRAD,GRAD,Stephanie,Sealy,Ashlee Loewen,NURS,5338,483,6,0,0,0,0,0,0,0,0,0,0,6
2025 - 2026,2026 Summer,GRAD,GRAD,Shamika,Brooks,Ashlee Loewen,NURS,5338,485,5,1,0,0,0,0,0,0,0,0,0,6
2025 - 2026,2026 Summer,GRAD,GRAD,Deanna,Cason,Ashlee Loewen,NURS,5338,486,6,0,0,0,0,0,0,0,0,0,0,6
2025 - 2026,2026 Summer,GRAD,GRAD,Joy,Keeton,Ashlee Loewen,NURS,5338,488,6,0,0,0,0,0,0,0,0,0,0,6
2025 - 2026,2026 Summer,GRAD,GRAD,Shicobie,Adams,Ashlee Loewen,NURS,5338,489,6,0,0,0,0,0,0,0,0,0,0,6
2025 - 2026,2026 Summer,GRAD,GRAD,Debra,Phillips,,NURS,5339,400,17,3,0,0,0,0,0,0,0,0,0,20
2025 - 2026,2026 Summer,GRAD,GRAD,Pamela,Duffey,,NURS,5340,400,0,0,0,0,0,0,47,0,1,0,0,48
2025 - 2026,2026 Summer,GRAD,GRAD,Kirsten,Drake,Tamara Eades,NURS,5341,10,12,1,1,0,0,0,0,0,0,0,0,14
2025 - 2026,2026 Summer,GRAD,GRAD,Kirsten,Drake,,NURS,5341,400,19,4,4,0,0,0,0,0,0,0,0,27
2025 - 2026,2026 Summer,GRAD,GRAD,Candida,Constantine-Castillo,Tamara Eades,NURS,5342,10,15,0,0,0,0,0,0,0,0,0,0,15
2025 - 2026,2026 Summer,GRAD,GRAD,Candida,Constantine-Castillo,,NURS,5342,400,59,1,0,0,0,0,0,0,1,0,0,61
2025 - 2026,2026 Summer,GRAD,GRAD,Candida,Constantine-Castillo,,NURS,5343,400,42,0,0,0,0,0,0,0,0,0,0,42
2025 - 2026,2026 Summer,GRAD,GRAD,Sara,Moore,,NURS,5350,10,48,0,0,0,0,0,0,0,0,0,0,48
2025 - 2026,2026 Summer,GRAD,GRAD,Sara,Moore,,NURS,5350,12,8,0,0,0,0,0,0,0,0,0,0,8
2025 - 2026,2026 Summer,GRAD,GRAD,Sara,Moore,,NURS,5350,400,48,1,0,0,0,0,0,0,0,0,0,49
2025 - 2026,2026 Summer,GRAD,GRAD,Sara,Moore,,NURS,5350,401,130,3,1,0,0,0,0,0,0,0,0,134
2025 - 2026,2026 Summer,GRAD,GRAD,Carla,Collier,Mary Davis,NURS,5352,452,6,0,0,0,0,0,0,0,0,0,0,6
2025 - 2026,2026 Summer,GRAD,GRAD,Catherine,Ebune,Mary Davis,NURS,5352,452,6,0,0,0,0,0,0,0,0,0,0,6
2025 - 2026,2026 Summer,GRAD,GRAD,Lee,Sulkin,Ronnie Tobias,NURS,5353,451,2,3,1,0,0,0,0,0,0,0,0,6
2025 - 2026,2026 Summer,GRAD,GRAD,Shawna,Johnson,Ronnie Tobias,NURS,5353,454,3,3,0,0,0,0,0,0,0,0,0,6
2025 - 2026,2026 Summer,GRAD,GRAD,Roxana,Moriarty,Shannon Carey,NURS,5354,457,6,0,0,0,0,0,0,0,0,0,0,6
2025 - 2026,2026 Summer,GRAD,GRAD,Kaitlin,Mathew,Buffy Powell,NURS,5355,456,4,2,0,0,0,0,0,0,0,0,0,6
2025 - 2026,2026 Summer,GRAD,GRAD,Adriana,Munoz,Buffy Powell,NURS,5355,459,6,0,0,0,0,0,0,0,0,0,0,6
2025 - 2026,2026 Summer,GRAD,GRAD,Tiffany,Trent,Buffy Powell,NURS,5355,460,6,0,0,0,0,0,0,0,0,0,0,6
2025 - 2026,2026 Summer,GRAD,GRAD,Elizabeth,Azie,Buffy Powell,NURS,5355,461,6,0,0,0,0,0,0,0,0,0,0,6
2025 - 2026,2026 Summer,GRAD,GRAD,Mary,McKean,Buffy Powell,NURS,5355,463,6,0,0,0,0,0,0,0,0,0,0,6
2025 - 2026,2026 Summer,GRAD,GRAD,Jeanette,Blankenship,,NURS,5360,400,37,1,0,0,0,0,0,0,0,0,0,38
2025 - 2026,2026 Summer,GRAD,GRAD,Melissa,Salmons,Patricia Thomas,NURS,5362,401,0,0,0,0,0,0,6,0,0,0,0,6
2025 - 2026,2026 Summer,GRAD,GRAD,Jennifer,May,Patricia Thomas,NURS,5362,402,0,0,0,0,0,0,7,0,0,0,0,7
2025 - 2026,2026 Summer,GRAD,GRAD,Michelle,Hampton,,NURS,5366,10,16,8,0,0,0,0,0,0,1,0,0,25
2025 - 2026,2026 Summer,GRAD,GRAD,Michelle,Hampton,,NURS,5366,400,164,23,1,0,2,0,0,0,2,0,0,192
2025 - 2026,2026 Summer,GRAD,GRAD,Michelle,Hampton,,NURS,5366,401,125,15,3,0,1,0,0,0,0,0,0,144
2025 - 2026,2026 Summer,GRAD,GRAD,Michelle,Hampton,,NURS,5366,403,33,3,0,0,1,0,0,0,2,0,0,39
2025 - 2026,2026 Summer,GRAD,GRAD,Deborah,Behan,,NURS,5367,10,44,4,0,0,0,0,0,0,0,0,0,48
2025 - 2026,2026 Summer,GRAD,GRAD,Deborah,Behan,,NURS,5367,400,107,22,4,0,1,0,0,0,2,0,0,136
2025 - 2026,2026 Summer,GRAD,GRAD,Deborah,Behan,,NURS,5367,401,120,24,2,0,0,0,0,0,0,0,0,146
2025 - 2026,2026 Summer,GRAD,GRAD,Deborah,Behan,,NURS,5367,403,47,8,2,1,0,0,0,0,1,0,0,59
2025 - 2026,2026 Summer,GRAD,GRAD,Sommer,Mims,Sara Moore,NURS,5373,451,6,0,0,0,0,0,0,0,0,0,0,6
2025 - 2026,2026 Summer,GRAD,GRAD,Sara,Moore,,NURS,5374,451,6,0,0,0,0,0,0,0,0,0,0,6
2025 - 2026,2026 Summer,GRAD,GRAD,Tamara,Eades,,NURS,5382,400,31,0,0,0,0,0,0,0,1,0,0,32
2025 - 2026,2026 Summer,GRAD,GRAD,Daisha,Cipher,,NURS,5388,400,23,2,0,0,0,0,0,0,0,0,0,25
2025 - 2026,2026 Summer,GRAD,GRAD,Daisha,Cipher,,NURS,5388,401,19,1,0,0,0,0,0,0,1,0,0,21
2025 - 2026,2026 Summer,GRAD,GRAD,Kuangi Grace,Huang,,NURS,5432,400,47,88,10,2,1,0,0,0,1,0,0,149
2025 - 2026,2026 Summer,GRAD,GRAD,Kuangi Grace,Huang,,NURS,5432,401,16,35,11,0,0,0,0,0,0,0,0,62
2025 - 2026,2026 Summer,GRAD,GRAD,Rhonda,Winegar,,NURS,5433,400,4,15,6,1,0,0,0,0,1,0,0,27
2025 - 2026,2026 Summer,GRAD,GRAD,Bethany,McClean,Jaquetta Reeves,NURS,5434,400,107,40,0,0,0,0,0,0,0,0,0,147
2025 - 2026,2026 Summer,GRAD,GRAD,Bethany,McClean,Jaquetta Reeves,NURS,5434,401,49,19,1,0,0,0,0,0,0,0,0,69
2025 - 2026,2026 Summer,GRAD,GRAD,Melissa,Miller,Patti Parker,NURS,5461,1,3,3,1,0,0,0,0,0,0,0,0,7
2025 - 2026,2026 Summer,GRAD,GRAD,Patti,Parker,,NURS,5461,400,6,39,15,0,0,0,0,0,5,0,0,65
2025 - 2026,2026 Summer,GRAD,GRAD,Andrea,Tennancour,Patti Parker,NURS,5462,400,1,11,0,0,0,0,0,0,1,0,0,13
2025 - 2026,2026 Summer,GRAD,GRAD,Keri,Draganic,,NURS,5463,400,20,50,13,0,0,0,0,0,1,0,0,84
2025 - 2026,2026 Summer,GRAD,GRAD,Courtney,Werner,,NURS,5465,400,4,6,0,0,0,0,0,0,2,0,0,12
2025 - 2026,2026 Summer,GRAD,GRAD,Martha,Yee,,NURS,5466,400,2,1,1,1,0,0,0,0,1,0,0,6
2025 - 2026,2026 Summer,GRAD,GRAD,Collin,Naugher,,NURS,5467,400,14,2,0,0,0,0,0,0,0,0,0,16
2025 - 2026,2026 Summer,GRAD,GRAD,Kira,Short,Mhylee Allen,NURS,5537,10,9,0,0,0,0,0,0,0,1,0,0,10
2025 - 2026,2026 Summer,GRAD,GRAD,Jodie,Moore,Sayda Major,NURS,5640,456,0,0,0,0,0,0,6,0,0,0,0,6
2025 - 2026,2026 Summer,GRAD,GRAD,Cynthia,Brenchley,Sayda Major,NURS,5640,458,0,0,0,0,0,0,6,0,0,0,0,6
2025 - 2026,2026 Summer,GRAD,GRAD,Leiandie April,Hulet,Sayda Major,NURS,5640,462,0,0,0,0,0,0,6,0,0,0,0,6
2025 - 2026,2026 Summer,GRAD,GRAD,Shreebha,Kafle,Veronica Cedillo,NURS,5645,454,0,0,0,0,0,0,6,0,0,0,0,6
2025 - 2026,2026 Summer,GRAD,GRAD,Juan Carlos,Higuera,Aaron Langford,NURS,5650,12,0,0,0,0,0,0,6,0,0,0,0,6
2025 - 2026,2026 Summer,GRAD,GRAD,Kelley,Monroe,Aaron Langford,NURS,5650,13,0,0,0,0,0,0,6,0,0,0,0,6
2025 - 2026,2026 Summer,GRAD,GRAD,Jeffrey,Yarbrough,Juanita Flint,NURS,5660,454,0,0,0,0,0,0,6,0,0,0,0,6
2025 - 2026,2026 Summer,GRAD,GRAD,Amanda,Mendez,Juanita Flint,NURS,5660,455,0,0,0,0,0,0,6,0,0,0,0,6
2025 - 2026,2026 Summer,GRAD,GRAD,Dawn,Berger,Juanita Flint,NURS,5660,456,0,0,0,0,0,0,6,0,0,0,0,6
2025 - 2026,2026 Summer,GRAD,GRAD,Stephanie,Collins,Juanita Flint,NURS,5660,457,0,0,0,0,0,0,6,0,0,0,0,6
2025 - 2026,2026 Summer,GRAD,GRAD,Margaret,Ernster,Juanita Flint,NURS,5660,459,0,0,0,0,0,0,6,0,0,0,0,6
2025 - 2026,2026 Summer,GRAD,GRAD,Cindy,Joffrion Moss,Juanita Flint,NURS,5660,461,0,0,0,0,0,0,6,0,0,0,0,6
2025 - 2026,2026 Summer,GRAD,GRAD,Shari,Khorsandi,Juanita Flint,NURS,5660,462,0,0,0,0,0,0,6,0,0,0,0,6
2025 - 2026,2026 Summer,GRAD,GRAD,Jeffrey,Yarbrough,Juanita Flint,NURS,5660,463,0,0,0,0,0,0,6,0,0,0,0,6
2025 - 2026,2026 Summer,GRAD,GRAD,Debra,Phillips,Juanita Flint,NURS,5660,464,0,0,0,0,0,0,6,0,0,0,0,6
2025 - 2026,2026 Summer,GRAD,GRAD,Shari,Khorsandi,Juanita Flint,NURS,5660,466,0,0,0,0,0,0,6,0,0,0,0,6
2025 - 2026,2026 Summer,GRAD,GRAD,Dawn,Berger,Juanita Flint,NURS,5660,468,0,0,0,0,0,0,6,0,0,0,0,6
2025 - 2026,2026 Summer,GRAD,GRAD,Juanita,Flint,,NURS,5660,470,0,0,0,0,0,0,6,0,0,0,0,6
2025 - 2026,2026 Summer,GRAD,GRAD,Stephanie,Collins,Juanita Flint,NURS,5660,471,0,0,0,0,0,0,6,0,0,0,0,6
2025 - 2026,2026 Summer,GRAD,GRAD,Margaret,Ernster,Juanita Flint,NURS,5660,472,0,0,0,0,0,0,6,0,0,0,0,6
2025 - 2026,2026 Summer,GRAD,GRAD,Connie,Karvas,Juanita Flint,NURS,5660,473,0,0,0,0,0,0,6,0,0,0,0,6
2025 - 2026,2026 Summer,GRAD,GRAD,Kathleen,Garza,Juanita Flint,NURS,5660,477,0,0,0,0,0,0,6,0,0,0,0,6
2025 - 2026,2026 Summer,GRAD,GRAD,Kathleen,Garza,Juanita Flint,NURS,5660,479,0,0,0,0,0,0,6,0,0,0,0,6
2025 - 2026,2026 Summer,GRAD,GRAD,Barbara,Taylor,Juanita Flint,NURS,5660,480,0,0,0,0,0,0,6,0,0,0,0,6
2025 - 2026,2026 Summer,GRAD,GRAD,Joy,Keeton,Juanita Flint,NURS,5660,481,0,0,0,0,0,0,6,0,0,0,0,6
2025 - 2026,2026 Summer,GRAD,GRAD,Ashlee,Loewen,Juanita Flint,NURS,5660,486,0,0,0,0,0,0,6,0,0,0,0,6
2025 - 2026,2026 Summer,GRAD,GRAD,Leslie,Wilson,Christie Ramirez,NURS,5685,451,0,0,0,0,0,0,6,0,0,0,0,6
2025 - 2026,2026 Summer,GRAD,GRAD,Mari,Tietze,,NURS,6203,1,7,0,0,0,0,0,0,0,0,0,0,7
2025 - 2026,2026 Summer,GRAD,GRAD,Kristine,Cope,Stephanie Spohr; Tamara Eades,NURS,6307,400,15,1,0,0,0,0,0,0,0,0,0,16
2025 - 2026,2026 Summer,GRAD,GRAD,Kimberly,Siniscalchi,Adelaine Cunningham; Christi Nguyen; Jose Alejandro-White; Michelle Hampton; Tamara Eades,NURS,6320,400,25,2,0,0,0,0,0,0,0,0,0,27
2025 - 2026,2026 Summer,GRAD,GRAD,Kristine,Cope,Shirley Aycock; Tamara Eades,NURS,6322,400,13,0,0,0,0,0,0,0,0,0,0,13
2025 - 2026,2026 Summer,GRAD,GRAD,Cathryn,Brown,Cynthia Casey; Cynthia Diamond; Michelle Hampton; Tamara Eades,NURS,6323,400,4,1,1,1,0,0,0,0,5,0,0,12
2025 - 2026,2026 Summer,GRAD,GRAD,Kristine,Cope,Dianne Ross; Sharon Blackerby; Tamara Eades,NURS,6324,400,10,0,0,0,0,0,0,0,0,0,0,10
2025 - 2026,2026 Summer,GRAD,GRAD,Kirsten,Drake,Adelaine Cunningham; Cathryn Brown; Christi Nguyen; Cynthia Diamond; Deborah Behan; Jose Alejandro-White; Kellie Kahveci; Kimberly Hatchel; Kristine Cope; Michelle Hampton; Rhonda Winegar; Sharon Blackerby; Tamara Eades; Tiffany Trent,NURS,6326,400,9,9,2,0,0,0,0,0,3,0,0,23
2025 - 2026,2026 Summer,GRAD,GRAD,Cathryn,Brown,Cynthia Casey; Debra Hurd; Jose Alejandro-White; Tamara Eades,NURS,6327,400,10,6,1,0,0,0,0,0,1,0,0,18
2025 - 2026,2026 Summer,GRAD,GRAD,Tamara,Eades,Laura Kincheloe,NURS,6382,400,21,0,0,0,0,0,0,0,0,0,0,21
2025 - 2026,2026 Summer,GRAD,GRAD,Tamara,Eades,Adelaine Cunningham; Cathryn Brown; Cynthia Casey; Cynthia Diamond; Deborah Behan; Debra Hurd; Dianne Ross; Kellie Kahveci; Kimberly Hatchel; Kimberly Siniscalchi; Kirsten Drake; Kristine Cope; Michelle Hampton; Patti Parker; Sharon Blackerby; Thomas,NURS,6620,400,0,0,0,0,0,0,24,0,0,0,0,24
2025 - 2026,2026 Summer,GRAD,GRAD,Cathryn,Brown,Christi Nguyen; Cynthia Diamond; Deborah Behan; Kellie Kahveci; Kimberly Hatchel; Kimberly Siniscalchi; Kirsten Drake; Kristine Cope; Michelle Hampton; Patti Parker; Sharon Blackerby; Tamara Eades; Tiffany Trent,NURS,6621,400,0,0,0,0,0,0,21,0,0,0,1,22
2025 - 2026,2026 Summer,GRAD,GRAD,Courtney,Werner,,NURSC,5220,400,10,4,1,0,0,0,0,0,1,0,0,16
2025 - 2026,2026 Summer,GRAD,GRAD,Jordan,Dudley,Sayda Major,NURSC,5315,400,4,8,2,2,0,0,0,0,3,0,0,19
2025 - 2026,2026 Summer,GRAD,GRAD,Patti,Parker,Kyla Ripperger,NURSC,5334,400,1,18,5,0,0,0,0,0,1,0,0,25
2025 - 2026,2026 Summer,GRAD,GRAD,Kuangi Grace,Huang,,NURSC,5432,400,2,7,1,0,0,0,0,0,1,0,0,11
2025 - 2026,2026 Summer,GRAD,GRAD,Bethany,McClean,Jaquetta Reeves,NURSC,5434,400,3,3,0,0,0,0,0,0,0,0,0,6
2025 - 2026,2026 Summer,GRAD,GRAD,Keri,Draganic,,NURSC,5463,400,1,3,1,0,0,0,0,0,1,0,0,6
2025 - 2026,2026 Summer,GRAD,GRAD,Elizabeth,Welch,Mary Davis,NURSG,5120,410,0,0,0,0,0,0,6,0,0,0,0,6
2025 - 2026,2026 Summer,GRAD,GRAD,Ruth,Roberts,Courtney Werner,NURSG,5130,430,0,0,0,0,0,0,7,0,0,0,0,7
2025 - 2026,2026 Summer,GRAD,GRAD,Melissa,Franklin,Courtney Werner,NURSG,5130,435,0,0,0,0,0,0,6,0,0,0,0,6
2025 - 2026,2026 Summer,GRAD,GRAD,Courtney,Werner,,NURSG,5220,400,21,2,1,0,0,0,0,0,0,0,0,24
2025 - 2026,2026 Summer,GRAD,GRAD,Jordan,Dudley,Sayda Major,NURSG,5315,400,3,3,2,0,0,0,0,0,3,0,0,11
2025 - 2026,2026 Summer,GRAD,GRAD,Patti,Parker,Kyla Ripperger,NURSG,5334,400,2,9,3,0,0,0,0,0,2,0,0,16
2025 - 2026,2026 Summer,GRAD,GRAD,Kimberly,Hilmer,Elizabeth Fuentes,NURSG,5337,464,6,0,0,0,0,0,0,0,0,0,0,6
2025 - 2026,2026 Summer,GRAD,GRAD,Kirsten,Drake,,NURSG,5341,400,5,0,1,0,0,0,0,0,0,0,0,6
2025 - 2026,2026 Summer,GRAD,GRAD,Candida,Constantine-Castillo,,NURSG,5342,400,6,0,0,0,0,0,0,0,0,0,0,6
2025 - 2026,2026 Summer,GRAD,GRAD,Sara,Moore,,NURSG,5350,400,6,0,0,0,0,0,0,0,0,0,0,6
2025 - 2026,2026 Summer,GRAD,GRAD,Deborah,Behan,,NURSG,5367,401,20,1,0,0,0,0,0,0,3,0,0,24
2025 - 2026,2026 Summer,GRAD,GRAD,Kuangi Grace,Huang,,NURSG,5432,400,5,9,1,0,0,0,0,0,0,0,0,15
2025 - 2026,2026 Summer,GRAD,GRAD,Bethany,McClean,Jaquetta Reeves,NURSG,5434,400,10,4,0,0,0,0,0,0,0,0,0,14
2025 - 2026,2026 Summer,GRAD,GRAD,Alper,Nakkas,,OPMA,5361,60,35,3,1,0,0,0,0,0,0,0,0,39
2025 - 2026,2026 Summer,GRAD,GRAD,Qian,Shi,,OPMA,5364,70,27,17,0,0,0,0,0,0,0,0,0,44
2025 - 2026,2026 Summer,GRAD,GRAD,Alejandro,Rodriguez,,PAPP,5309,1,9,0,0,0,0,0,0,0,0,0,0,9
2025 - 2026,2026 Summer,GRAD,GRAD,David,Coursey,,PAPP,5320,101,27,3,0,0,0,0,0,0,1,0,0,31
2025 - 2026,2026 Summer,GRAD,GRAD,Jiwon,Suh,,PAPP,5320,301,19,1,1,0,0,0,0,0,0,0,0,21
2025 - 2026,2026 Summer,GRAD,GRAD,Joseph,Portugal,,PAPP,5321,301,11,16,1,0,0,0,0,0,0,0,0,28
2025 - 2026,2026 Summer,GRAD,GRAD,Jiseul,Kim,,PAPP,5329,201,26,2,0,0,0,0,0,0,0,0,0,28
2025 - 2026,2026 Summer,GRAD,GRAD,Karabi,Bezboruah,,PAPP,5354,201,12,2,0,0,0,0,0,0,0,0,0,14
2025 - 2026,2026 Summer,GRAD,GRAD,Jonathan,Asaadi,,PHYS,5394,19,0,0,0,0,0,0,8,0,0,0,0,8
2025 - 2026,2026 Summer,GRAD,GRAD,Alejandro,Rodriguez,,PLAN,5328,101,16,6,1,0,0,0,0,0,2,0,0,25
2025 - 2026,2026 Summer,GRAD,GRAD,Alejandro,Rodriguez,,PLAN,5329,201,21,0,0,0,1,0,0,0,0,0,0,22
2025 - 2026,2026 Summer,GRAD,GRAD,Katherine,Hoover,,SCED,5355,111,8,0,0,0,1,0,0,0,0,0,0,9
2025 - 2026,2026 Summer,GRAD,GRAD,Jiyoon,Yoon,,SCED,5356,121,10,0,0,0,0,0,0,0,0,0,0,10
2025 - 2026,2026 Summer,GRAD,UGRD,Mary,Hanson-Evans,,SOCI,1311,1,66,5,1,1,4,0,0,2,0,0,0,79
2025 - 2026,2026 Summer,GRAD,GRAD,Ling,Xu,,SOCW,5301,2,26,2,0,0,1,0,0,0,0,0,0,29
2025 - 2026,2026 Summer,GRAD,GRAD,Ling,Xu,,SOCW,5301,4,22,2,0,0,1,0,0,0,0,0,0,25
2025 - 2026,2026 Summer,GRAD,GRAD,Leah,Wilson,,SOCW,5301,6,23,1,0,0,1,0,0,0,0,0,0,25
2025 - 2026,2026 Summer,GRAD,GRAD,Jennifer,Murphy,,SOCW,5303,1,15,10,1,1,1,0,0,0,0,0,0,28
2025 - 2026,2026 Summer,GRAD,GRAD,Jennifer,Murphy,,SOCW,5303,2,18,6,1,0,1,0,0,0,1,0,0,27
2025 - 2026,2026 Summer,GRAD,GRAD,Mark,Frazier,,SOCW,5303,3,17,2,0,0,0,0,0,0,0,0,0,19
2025 - 2026,2026 Summer,GRAD,GRAD,Mark,Frazier,,SOCW,5303,7,8,0,0,0,0,0,0,0,0,0,0,8
2025 - 2026,2026 Summer,GRAD,GRAD,Latoya,Smith-Jones,,SOCW,5303,8,12,0,0,0,1,0,0,0,0,0,0,13
2025 - 2026,2026 Summer,GRAD,GRAD,Traneika,Turner-Wentt,,SOCW,5304,1,22,1,0,0,1,0,0,0,0,0,0,24
2025 - 2026,2026 Summer,GRAD,GRAD,Pamela,Johnson,,SOCW,5304,4,23,3,2,0,0,0,0,0,0,0,0,28
2025 - 2026,2026 Summer,GRAD,GRAD,Marilin,Jakubowske,,SOCW,5304,6,16,2,1,0,2,0,0,0,1,0,0,22
2025 - 2026,2026 Summer,GRAD,GRAD,Kelli,Rogers,,SOCW,5306,2,12,2,0,0,1,0,0,0,1,0,0,16
2025 - 2026,2026 Summer,GRAD,GRAD,Kelli,Rogers,,SOCW,5306,8,20,2,0,1,3,0,0,0,0,0,0,26
2025 - 2026,2026 Summer,GRAD,GRAD,Marcela,Nava,,SOCW,5306,9,26,1,1,0,0,1,0,0,0,0,0,29
2025 - 2026,2026 Summer,GRAD,GRAD,Ann,Hunt,,SOCW,5306,16,7,0,0,0,0,1,0,0,0,0,0,8
2025 - 2026,2026 Summer,GRAD,GRAD,Ann,Hunt,,SOCW,5306,17,9,0,0,0,1,0,0,0,0,0,0,10
2025 - 2026,2026 Summer,GRAD,GRAD,Diane,Mitschke,,SOCW,5307,3,25,1,0,1,1,0,0,0,0,0,0,28
2025 - 2026,2026 Summer,GRAD,GRAD,Diane,Mitschke,,SOCW,5307,5,20,0,1,0,0,0,0,0,0,0,0,21
2025 - 2026,2026 Summer,GRAD,GRAD,Tiara,Okoruwa,,SOCW,5307,8,18,8,0,0,0,1,0,0,0,0,0,27
2025 - 2026,2026 Summer,GRAD,GRAD,Mark,Frazier,,SOCW,5307,9,27,1,0,0,1,0,0,0,0,0,0,29
2025 - 2026,2026 Summer,GRAD,GRAD,Ann,Hunt,,SOCW,5307,16,1,2,3,0,0,0,0,0,0,0,0,6
2025 - 2026,2026 Summer,GRAD,GRAD,Ann,Hunt,,SOCW,5307,17,2,5,0,0,0,0,0,0,0,0,0,7
2025 - 2026,2026 Summer,GRAD,GRAD,Danielle,Harrell,,SOCW,5308,1,30,0,0,0,0,0,0,0,0,0,0,30
2025 - 2026,2026 Summer,GRAD,GRAD,Hui,Huang,,SOCW,5308,2,16,9,3,0,1,0,0,0,0,0,0,29
2025 - 2026,2026 Summer,GRAD,GRAD,Maryam,Rafieifar,,SOCW,5308,4,22,5,1,0,1,0,0,0,0,0,0,29
2025 - 2026,2026 Summer,GRAD,GRAD,Yangjin,Park,,SOCW,5308,8,24,0,0,0,0,0,0,0,1,0,0,25
2025 - 2026,2026 Summer,GRAD,GRAD,Yangjin,Park,,SOCW,5308,10,28,1,0,0,1,0,0,0,0,0,0,30
2025 - 2026,2026 Summer,GRAD,GRAD,Latoya,Smith-Jones,,SOCW,5308,12,6,0,0,0,0,0,0,0,0,0,0,6
2025 - 2026,2026 Summer,GRAD,GRAD,Rachel,Nava,,SOCW,5310,2,9,2,0,0,0,0,0,0,0,0,0,11
2025 - 2026,2026 Summer,GRAD,GRAD,Jaclyn,Kirsch,,SOCW,5311,2,21,8,1,0,0,0,0,0,0,0,0,30
2025 - 2026,2026 Summer,GRAD,GRAD,Jaclyn,Kirsch,,SOCW,5311,3,20,7,2,0,0,0,0,0,1,0,0,30
2025 - 2026,2026 Summer,GRAD,GRAD,Jaclyn,Kirsch,,SOCW,5311,4,13,7,3,1,0,0,0,0,0,0,0,24
2025 - 2026,2026 Summer,GRAD,GRAD,Aaron,Burgess,,SOCW,5311,5,27,2,1,0,0,0,0,0,0,0,0,30
2025 - 2026,2026 Summer,GRAD,GRAD,Jaclyn,Kirsch,,SOCW,5311,7,5,1,0,0,0,0,0,0,0,0,0,6
2025 - 2026,2026 Summer,GRAD,GRAD,Kelli,Rogers,,SOCW,5312,1,13,4,0,0,0,0,0,0,1,0,0,18
2025 - 2026,2026 Summer,GRAD,GRAD,James,Keaton,,SOCW,5313,1,29,1,0,0,0,0,0,0,0,0,0,30
2025 - 2026,2026 Summer,GRAD,GRAD,Yangjin,Park,,SOCW,5313,6,22,3,0,0,0,0,0,0,0,0,0,25
2025 - 2026,2026 Summer,GRAD,GRAD,Faheem,Ohri,,SOCW,5313,8,12,9,0,0,0,0,0,0,0,0,0,21
2025 - 2026,2026 Summer,GRAD,GRAD,Jessica,Sanchez,,SOCW,5314,6,25,0,0,0,0,0,0,0,1,0,0,26
2025 - 2026,2026 Summer,GRAD,GRAD,Don,Kelly,,SOCW,5315,5,25,4,0,0,0,0,0,0,0,0,0,29
2025 - 2026,2026 Summer,GRAD,GRAD,Don,Kelly,,SOCW,5315,6,15,2,1,0,0,0,0,0,0,0,0,18
2025 - 2026,2026 Summer,GRAD,GRAD,Kathy,Siepker,,SOCW,5316,1,29,0,0,0,0,0,0,0,0,0,0,29
2025 - 2026,2026 Summer,GRAD,GRAD,Noelle,Fields,,SOCW,5316,2,28,1,0,0,0,0,0,0,1,0,0,30
2025 - 2026,2026 Summer,GRAD,GRAD,Kathryn,Sohne,,SOCW,5316,4,24,1,1,0,0,0,0,0,0,0,0,26
2025 - 2026,2026 Summer,GRAD,GRAD,Kathryn,Sohne,,SOCW,5316,6,7,1,0,0,0,0,0,0,1,0,0,9
2025 - 2026,2026 Summer,GRAD,GRAD,Michael,Bennett,,SOCW,5317,2,6,14,6,0,0,0,0,0,0,0,0,26
2025 - 2026,2026 Summer,GRAD,GRAD,Albert,White,,SOCW,5318,1,24,2,2,0,0,0,0,0,1,0,0,29
2025 - 2026,2026 Summer,GRAD,GRAD,Aaron,Burgess,,SOCW,5319,1,27,1,0,0,0,0,0,0,0,0,0,28
2025 - 2026,2026 Summer,GRAD,GRAD,Aaron,Burgess,,SOCW,5319,2,25,0,0,1,0,0,0,0,0,0,0,26
2025 - 2026,2026 Summer,GRAD,GRAD,Joyce,White,,SOCW,5320,2,16,4,0,0,0,0,0,0,1,0,0,21
2025 - 2026,2026 Summer,GRAD,GRAD,Christian,Vazquez,,SOCW,5323,1,28,2,0,0,0,0,0,0,0,0,0,30
2025 - 2026,2026 Summer,GRAD,GRAD,James,Keaton,,SOCW,5323,3,28,1,0,0,0,0,0,0,0,0,0,29
2025 - 2026,2026 Summer,GRAD,GRAD,Christian,Vazquez,,SOCW,5323,7,4,1,1,0,0,0,0,0,0,0,0,6
2025 - 2026,2026 Summer,GRAD,GRAD,Christian,Vazquez,,SOCW,5323,8,20,2,1,0,0,0,0,0,1,0,0,24
2025 - 2026,2026 Summer,GRAD,GRAD,Elisha,Tones,,SOCW,5324,2,9,2,1,0,0,0,0,0,1,0,0,13
2025 - 2026,2026 Summer,GRAD,GRAD,Mansi,Patel,,SOCW,5325,1,13,1,0,0,0,0,0,0,1,0,0,15
2025 - 2026,2026 Summer,GRAD,GRAD,Marcela,Nava,,SOCW,5326,1,11,1,0,0,0,0,0,0,0,0,0,12
2025 - 2026,2026 Summer,GRAD,GRAD,Joyce,White,,SOCW,5327,1,28,1,0,0,0,0,0,0,1,0,0,30
2025 - 2026,2026 Summer,GRAD,GRAD,Noelle,Fields,,SOCW,5334,2,16,1,1,0,0,0,0,0,0,0,0,18
2025 - 2026,2026 Summer,GRAD,GRAD,Tracy,Orwig,,SOCW,5344,1,20,5,0,0,0,0,0,0,0,0,0,25
2025 - 2026,2026 Summer,GRAD,GRAD,De'An,Roper,,SOCW,5352,1,24,0,0,0,0,0,0,0,0,0,0,24
2025 - 2026,2026 Summer,GRAD,GRAD,Carla,Storey,,SOCW,5352,3,26,2,0,0,0,1,0,0,1,0,0,30
2025 - 2026,2026 Summer,GRAD,GRAD,Don,Kelly,,SOCW,5352,8,27,2,0,0,0,1,0,0,0,0,0,30
2025 - 2026,2026 Summer,GRAD,GRAD,Don,Kelly,,SOCW,5352,16,25,3,0,0,0,0,0,0,0,0,0,28
2025 - 2026,2026 Summer,GRAD,GRAD,Dianna,Jones,,SOCW,5353,3,29,1,0,0,0,0,0,0,0,0,0,30
2025 - 2026,2026 Summer,GRAD,GRAD,Dianna,Jones,,SOCW,5353,5,24,0,1,0,0,0,0,0,0,0,0,25
2025 - 2026,2026 Summer,GRAD,GRAD,Rachel,Franz,,SOCW,5353,6,21,2,0,0,0,0,0,0,1,0,0,24
2025 - 2026,2026 Summer,GRAD,GRAD,Dianna,Jones,,SOCW,5353,8,24,5,0,0,0,0,0,0,0,0,0,29
2025 - 2026,2026 Summer,GRAD,GRAD,Dianna,Jones,,SOCW,5353,9,22,3,3,0,0,0,0,0,0,0,0,28
2025 - 2026,2026 Summer,GRAD,GRAD,Donald,Schuman,,SOCW,5354,1,24,6,0,0,0,0,0,0,0,0,0,30
2025 - 2026,2026 Summer,GRAD,GRAD,Donald,Schuman,,SOCW,5354,2,18,10,0,0,0,0,0,0,0,0,0,28
2025 - 2026,2026 Summer,GRAD,GRAD,Sherry,Cabaniss,,SOCW,5354,8,25,2,0,0,0,0,0,0,0,0,0,27
2025 - 2026,2026 Summer,GRAD,GRAD,Peter,Norris,,SOCW,5355,1,24,2,0,0,0,0,0,0,0,0,0,26
2025 - 2026,2026 Summer,GRAD,GRAD,LaShaunn,Bold,,SOCW,5358,1,28,1,1,0,0,0,0,0,0,0,0,30
2025 - 2026,2026 Summer,GRAD,GRAD,LaShaunn,Bold,,SOCW,5358,6,25,2,0,0,0,0,0,0,2,0,0,29
2025 - 2026,2026 Summer,GRAD,GRAD,Destiney,Kinsey,,SOCW,5359,1,21,2,0,0,0,0,0,0,0,0,0,23
2025 - 2026,2026 Summer,GRAD,GRAD,Elisha,Tones,,SOCW,5360,1,12,1,1,0,0,0,0,0,0,0,0,14
2025 - 2026,2026 Summer,GRAD,GRAD,Morgan,PettyJohn,,SOCW,5366,3,16,6,4,1,1,0,0,0,0,0,0,28
2025 - 2026,2026 Summer,GRAD,GRAD,James,Keaton,,SOCW,5367,6,29,0,0,0,0,0,0,0,0,0,0,29
2025 - 2026,2026 Summer,GRAD,GRAD,Bonita,Dockery,,SOCW,5367,11,27,2,0,0,0,0,0,0,0,0,0,29
2025 - 2026,2026 Summer,GRAD,GRAD,Yangjin,Park,,SOCW,5369,5,28,1,0,0,0,0,0,0,0,0,0,29
2025 - 2026,2026 Summer,GRAD,GRAD,Mark,Frazier,,SOCW,5370,2,24,4,0,1,0,0,0,0,0,0,0,29
2025 - 2026,2026 Summer,GRAD,GRAD,Lorie,White,,SOCW,5381,1,97,3,0,0,0,0,0,0,0,0,0,100
2025 - 2026,2026 Summer,GRAD,GRAD,Maresia,Davis,,SOCW,5381,1,97,3,0,0,0,0,0,0,0,0,0,100
2025 - 2026,2026 Summer,GRAD,GRAD,Monica,Brown,,SOCW,5381,1,97,3,0,0,0,0,0,0,0,0,0,100
2025 - 2026,2026 Summer,GRAD,GRAD,Shamsun,Nahar,,SOCW,5381,1,97,3,0,0,0,0,0,0,0,0,0,100
2025 - 2026,2026 Summer,GRAD,GRAD,Shauntel,Adams,,SOCW,5381,1,97,3,0,0,0,0,0,0,0,0,0,100
2025 - 2026,2026 Summer,GRAD,GRAD,Talaun,Hammond,,SOCW,5381,1,97,3,0,0,0,0,0,0,0,0,0,100
2025 - 2026,2026 Summer,GRAD,GRAD,Zerita,Hall,,SOCW,5381,1,97,3,0,0,0,0,0,0,0,0,0,100
2025 - 2026,2026 Summer,GRAD,GRAD,Lorie,White,,SOCW,5381,7,6,0,0,0,0,0,0,0,0,0,0,6
2025 - 2026,2026 Summer,GRAD,GRAD,Maresia,Davis,,SOCW,5381,7,6,0,0,0,0,0,0,0,0,0,0,6
2025 - 2026,2026 Summer,GRAD,GRAD,Monica,Brown,,SOCW,5381,7,6,0,0,0,0,0,0,0,0,0,0,6
2025 - 2026,2026 Summer,GRAD,GRAD,Shamsun,Nahar,,SOCW,5381,7,6,0,0,0,0,0,0,0,0,0,0,6
2025 - 2026,2026 Summer,GRAD,GRAD,Shauntel,Adams,,SOCW,5381,7,6,0,0,0,0,0,0,0,0,0,0,6
2025 - 2026,2026 Summer,GRAD,GRAD,Talaun,Hammond,,SOCW,5381,7,6,0,0,0,0,0,0,0,0,0,0,6
2025 - 2026,2026 Summer,GRAD,GRAD,Zerita,Hall,,SOCW,5381,7,6,0,0,0,0,0,0,0,0,0,0,6
2025 - 2026,2026 Summer,GRAD,GRAD,Chava,Rousch-Carlisle,,SOCW,5385,1,54,0,0,0,0,1,0,0,1,0,0,56
2025 - 2026,2026 Summer,GRAD,GRAD,Hector,Ramos De Leon,,SOCW,5385,1,54,0,0,0,0,1,0,0,1,0,0,56
2025 - 2026,2026 Summer,GRAD,GRAD,Melissa,Flores,,SOCW,5385,1,54,0,0,0,0,1,0,0,1,0,0,56
2025 - 2026,2026 Summer,GRAD,GRAD,Mia,Kirby,,SOCW,5385,1,54,0,0,0,0,1,0,0,1,0,0,56
2025 - 2026,2026 Summer,GRAD,GRAD,Michelle,Young,,SOCW,5385,1,54,0,0,0,0,1,0,0,1,0,0,56
2025 - 2026,2026 Summer,GRAD,GRAD,Tahirah,Samuels,,SOCW,5385,1,54,0,0,0,0,1,0,0,1,0,0,56
2025 - 2026,2026 Summer,GRAD,GRAD,Aaron,Burgess,,SOCW,5392,26,11,0,0,0,0,0,0,0,0,0,0,11
2025 - 2026,2026 Summer,GRAD,GRAD,Mansi,Patel,,SOCW,5395,6,7,1,0,0,0,0,0,0,0,0,0,8
2025 - 2026,2026 Summer,GRAD,GRAD,Mansi,Patel,,SOCW,5395,7,12,1,0,0,0,0,0,0,0,0,0,13
2025 - 2026,2026 Summer,GRAD,GRAD,Jessica,Sanchez,,SOCW,5395,41,20,0,0,0,0,0,0,0,0,0,0,20
2025 - 2026,2026 Summer,GRAD,GRAD,Jolynne,Batchelor,,SOCW,5395,42,20,0,0,0,0,0,0,0,0,0,0,20
2025 - 2026,2026 Summer,GRAD,GRAD,Amanda,Hassan,,SOCW,5395,43,20,1,0,0,0,0,0,0,0,0,0,21
2025 - 2026,2026 Summer,GRAD,GRAD,Amanda,Hassan,,SOCW,5395,44,18,1,1,0,0,0,0,0,0,0,0,20
2025 - 2026,2026 Summer,GRAD,GRAD,Latoya,Smith-Jones,,SOCW,5395,45,18,1,0,1,0,0,0,0,0,0,0,20
2025 - 2026,2026 Summer,GRAD,GRAD,Erica,Taylor,,SOCW,5395,46,19,1,0,0,0,0,0,0,0,0,0,20
2025 - 2026,2026 Summer,GRAD,GRAD,Alaiyia,Williams,,SOCW,5395,48,18,2,0,0,0,0,0,0,0,0,0,20
2025 - 2026,2026 Summer,GRAD,GRAD,Jessica,Sanchez,,SOCW,5395,49,18,2,0,0,0,0,0,0,0,0,0,20
2025 - 2026,2026 Summer,GRAD,GRAD,Emarely,Rosa Davila,,SOCW,5395,50,18,0,0,0,1,0,0,0,0,0,0,19
2025 - 2026,2026 Summer,GRAD,GRAD,Jessica,Sanchez,,SOCW,5395,51,20,0,0,0,0,0,0,0,0,0,0,20
2025 - 2026,2026 Summer,GRAD,GRAD,Sheila,Gold,,SOCW,5395,52,17,1,0,1,0,0,0,0,1,0,0,20
2025 - 2026,2026 Summer,GRAD,GRAD,Jolynne,Batchelor,,SOCW,5395,54,7,0,0,0,0,0,0,0,0,0,0,7
2025 - 2026,2026 Summer,GRAD,GRAD,Dawnetta,Smith,,SOCW,5482,1,103,4,0,0,1,1,0,0,1,0,0,110
2025 - 2026,2026 Summer,GRAD,GRAD,Patrice,Green,,SOCW,5482,1,103,4,0,0,1,1,0,0,1,0,0,110
2025 - 2026,2026 Summer,GRAD,GRAD,Rachel,Franz,,SOCW,5482,1,103,4,0,0,1,1,0,0,1,0,0,110
2025 - 2026,2026 Summer,GRAD,GRAD,Robyn,Smith-Bull,,SOCW,5482,1,103,4,0,0,1,1,0,0,1,0,0,110
2025 - 2026,2026 Summer,GRAD,GRAD,Sandra,Balderas,,SOCW,5482,1,103,4,0,0,1,1,0,0,1,0,0,110
2025 - 2026,2026 Summer,GRAD,GRAD,Sharon,Martin,,SOCW,5482,1,103,4,0,0,1,1,0,0,1,0,0,110
2025 - 2026,2026 Summer,GRAD,GRAD,Shelly,Mota,,SOCW,5482,1,103,4,0,0,1,1,0,0,1,0,0,110
2025 - 2026,2026 Summer,GRAD,GRAD,Stephanie,Books,,SOCW,5482,1,103,4,0,0,1,1,0,0,1,0,0,110
2025 - 2026,2026 Summer,GRAD,GRAD,Da'Joya,Barnes,,SOCW,5483,1,148,5,0,0,0,0,0,0,0,0,0,153
2025 - 2026,2026 Summer,GRAD,GRAD,Destiney,Kinsey,,SOCW,5483,1,148,5,0,0,0,0,0,0,0,0,0,153
2025 - 2026,2026 Summer,GRAD,GRAD,Lorie,White,,SOCW,5483,1,148,5,0,0,0,0,0,0,0,0,0,153
2025 - 2026,2026 Summer,GRAD,GRAD,Sharon,Jones,,SOCW,5483,1,148,5,0,0,0,0,0,0,0,0,0,153
2025 - 2026,2026 Summer,GRAD,GRAD,Sharon,Martin,,SOCW,5483,1,148,5,0,0,0,0,0,0,0,0,0,153
2025 - 2026,2026 Summer,GRAD,GRAD,Shelly,Mota,,SOCW,5483,1,148,5,0,0,0,0,0,0,0,0,0,153
2025 - 2026,2026 Summer,GRAD,GRAD,Sherry,Cabaniss,,SOCW,5483,1,148,5,0,0,0,0,0,0,0,0,0,153
2025 - 2026,2026 Summer,GRAD,GRAD,Stephanie,Books,,SOCW,5483,1,148,5,0,0,0,0,0,0,0,0,0,153
2025 - 2026,2026 Summer,GRAD,GRAD,Zerita,Hall,,SOCW,5483,1,148,5,0,0,0,0,0,0,0,0,0,153
2025 - 2026,2026 Summer,GRAD,GRAD,Da'Joya,Barnes,,SOCW,5483,7,6,0,0,0,0,0,0,0,0,0,0,6
2025 - 2026,2026 Summer,GRAD,GRAD,Destiney,Kinsey,,SOCW,5483,7,6,0,0,0,0,0,0,0,0,0,0,6
2025 - 2026,2026 Summer,GRAD,GRAD,Lorie,White,,SOCW,5483,7,6,0,0,0,0,0,0,0,0,0,0,6
2025 - 2026,2026 Summer,GRAD,GRAD,Sharon,Jones,,SOCW,5483,7,6,0,0,0,0,0,0,0,0,0,0,6
2025 - 2026,2026 Summer,GRAD,GRAD,Sharon,Martin,,SOCW,5483,7,6,0,0,0,0,0,0,0,0,0,0,6
2025 - 2026,2026 Summer,GRAD,GRAD,Shelly,Mota,,SOCW,5483,7,6,0,0,0,0,0,0,0,0,0,0,6
2025 - 2026,2026 Summer,GRAD,GRAD,Sherry,Cabaniss,,SOCW,5483,7,6,0,0,0,0,0,0,0,0,0,0,6
2025 - 2026,2026 Summer,GRAD,GRAD,Stephanie,Books,,SOCW,5483,7,6,0,0,0,0,0,0,0,0,0,0,6
2025 - 2026,2026 Summer,GRAD,GRAD,Zerita,Hall,,SOCW,5483,7,6,0,0,0,0,0,0,0,0,0,0,6
2025 - 2026,2026 Summer,GRAD,GRAD,Haydee,Hall,,SOCW,5485,1,84,3,0,0,2,0,0,0,0,0,0,89
2025 - 2026,2026 Summer,GRAD,GRAD,Maresia,Davis,,SOCW,5485,1,84,3,0,0,2,0,0,0,0,0,0,89
2025 - 2026,2026 Summer,GRAD,GRAD,Mary Elizabeth,Kopsovich,,SOCW,5485,1,84,3,0,0,2,0,0,0,0,0,0,89
2025 - 2026,2026 Summer,GRAD,GRAD,Melissa,Flores,,SOCW,5485,1,84,3,0,0,2,0,0,0,0,0,0,89
2025 - 2026,2026 Summer,GRAD,GRAD,Mia,Kirby,,SOCW,5485,1,84,3,0,0,2,0,0,0,0,0,0,89
2025 - 2026,2026 Summer,GRAD,GRAD,Talaun,Hammond,,SOCW,5485,1,84,3,0,0,2,0,0,0,0,0,0,89
2025 - 2026,2026 Summer,GRAD,GRAD,Taren,Allen,,SOCW,5485,1,84,3,0,0,2,0,0,0,0,0,0,89
2025 - 2026,2026 Summer,GRAD,GRAD,Haydee,Hall,,SOCW,5486,1,84,3,0,0,2,0,0,0,0,0,0,89
2025 - 2026,2026 Summer,GRAD,GRAD,Maresia,Davis,,SOCW,5486,1,84,3,0,0,2,0,0,0,0,0,0,89
2025 - 2026,2026 Summer,GRAD,GRAD,Mary Elizabeth,Kopsovich,,SOCW,5486,1,84,3,0,0,2,0,0,0,0,0,0,89
2025 - 2026,2026 Summer,GRAD,GRAD,Melissa,Flores,,SOCW,5486,1,84,3,0,0,2,0,0,0,0,0,0,89
2025 - 2026,2026 Summer,GRAD,GRAD,Mia,Kirby,,SOCW,5486,1,84,3,0,0,2,0,0,0,0,0,0,89
2025 - 2026,2026 Summer,GRAD,GRAD,Talaun,Hammond,,SOCW,5486,1,84,3,0,0,2,0,0,0,0,0,0,89
2025 - 2026,2026 Summer,GRAD,GRAD,Taren,Allen,,SOCW,5486,1,84,3,0,0,2,0,0,0,0,0,0,89
2025 - 2026,2026 Summer,GRAD,GRAD,Alaiyia,Williams,,SOCW,5581,1,49,3,0,0,0,1,0,0,2,0,0,55
2025 - 2026,2026 Summer,GRAD,GRAD,Jamie,English,,SOCW,5581,1,49,3,0,0,0,1,0,0,2,0,0,55
2025 - 2026,2026 Summer,GRAD,GRAD,Michelle,Young,,SOCW,5581,1,49,3,0,0,0,1,0,0,2,0,0,55
2025 - 2026,2026 Summer,GRAD,GRAD,Monica,Brown,,SOCW,5581,1,49,3,0,0,0,1,0,0,2,0,0,55
2025 - 2026,2026 Summer,GRAD,GRAD,Rachel,Nava,,SOCW,5581,1,49,3,0,0,0,1,0,0,2,0,0,55
2025 - 2026,2026 Summer,GRAD,GRAD,Chava,Rousch-Carlisle,,SOCW,5585,1,54,0,0,0,0,1,0,0,1,0,0,56
2025 - 2026,2026 Summer,GRAD,GRAD,Hector,Ramos De Leon,,SOCW,5585,1,54,0,0,0,0,1,0,0,1,0,0,56
2025 - 2026,2026 Summer,GRAD,GRAD,Melissa,Flores,,SOCW,5585,1,54,0,0,0,0,1,0,0,1,0,0,56
2025 - 2026,2026 Summer,GRAD,GRAD,Mia,Kirby,,SOCW,5585,1,54,0,0,0,0,1,0,0,1,0,0,56
2025 - 2026,2026 Summer,GRAD,GRAD,Michelle,Young,,SOCW,5585,1,54,0,0,0,0,1,0,0,1,0,0,56
2025 - 2026,2026 Summer,GRAD,GRAD,Tahirah,Samuels,,SOCW,5585,1,54,0,0,0,0,1,0,0,1,0,0,56
2025 - 2026,2026 Summer,GRAD,GRAD,John,Romig,,SPED,5311,111,2,8,1,0,0,0,0,0,0,0,0,11
2025 - 2026,2026 Summer,GRAD,GRAD,John,Romig,,SPED,5313,121,21,4,1,0,1,0,0,0,0,0,0,27
2025 - 2026,2026 Summer,UGRD,UGRD,Joshua,Vali,,ACCT,2301,2,14,13,17,9,2,0,0,0,1,0,0,56
2025 - 2026,2026 Summer,UGRD,UGRD,Martin,Deatherage,,ACCT,2302,3,8,7,21,7,3,0,0,2,7,0,0,55
2025 - 2026,2026 Summer,UGRD,UGRD,Triza,Nganga,,ACCT,3303,1,5,13,6,0,0,0,0,0,4,0,0,28
2025 - 2026,2026 Summer,UGRD,UGRD,Terra,McGhee,,ACCT,3309,1,28,21,17,0,1,0,0,2,2,0,0,71
2025 - 2026,2026 Summer,UGRD,UGRD,Nicholas,Mitchell,,ACCT,3311,1,6,14,9,4,3,0,0,5,1,0,0,42
2025 - 2026,2026 Summer,UGRD,UGRD,Triza,Nganga,,ACCT,3312,1,3,10,13,4,3,0,0,0,2,0,0,35
2025 - 2026,2026 Summer,UGRD,UGRD,Kelly,Gebhart,,ACCT,3315,2,8,9,3,1,0,0,0,0,0,0,0,21
2025 - 2026,2026 Summer,UGRD,UGRD,Sandra,Henderson,,ACCT,4302,1,1,6,3,3,0,0,0,0,1,0,0,14
2025 - 2026,2026 Summer,UGRD,UGRD,Martin,Deatherage,,ACCT,4325,1,5,15,1,0,0,0,0,0,0,0,0,21
2025 - 2026,2026 Summer,UGRD,UGRD,Terra,McGhee,,ACCT,4393,1,0,0,0,0,0,0,6,0,0,0,0,6
2025 - 2026,2026 Summer,UGRD,UGRD,Katrina,Nuncio,,ANTH,1306,1,66,19,9,1,4,0,0,0,0,0,0,99
2025 - 2026,2026 Summer,UGRD,UGRD,Ritu,Khanduri,,ANTH,2322,1,25,13,3,3,3,0,0,0,0,0,0,47
2025 - 2026,2026 Summer,UGRD,UGRD,Josephine,Ryan,,ANTH,2322,2,41,11,1,3,2,0,0,1,1,0,0,60
2025 - 2026,2026 Summer,UGRD,UGRD,Cheryl,Donaldson,,ARCH,2300,101,20,1,3,0,0,0,0,3,1,0,0,28
2025 - 2026,2026 Summer,UGRD,UGRD,Cheryl,Donaldson,,ARCH,2300,201,16,3,4,0,1,0,0,0,0,0,0,24
2025 - 2026,2026 Summer,UGRD,UGRD,Heath,MacDonald,,ARCH,4305,101,10,2,2,0,0,0,0,0,0,0,0,14
2025 - 2026,2026 Summer,UGRD,UGRD,Steven,Quevedo,,ARCH,4305,101,10,2,2,0,0,0,0,0,0,0,0,14
2025 - 2026,2026 Summer,UGRD,UGRD,Heath,MacDonald,,ARCH,4306,101,5,7,2,0,0,0,0,0,0,0,0,14
2025 - 2026,2026 Summer,UGRD,UGRD,Steven,Quevedo,,ARCH,4306,101,5,7,2,0,0,0,0,0,0,0,0,14
2025 - 2026,2026 Summer,UGRD,UGRD,Nelson,Gomez-Torres,,AREN,3301,102,2,1,2,0,0,0,0,0,1,0,0,6
2025 - 2026,2026 Summer,UGRD,UGRD,Zhe,Yin,,AREN,3311,101,2,2,1,1,1,0,0,1,0,0,0,8
2025 - 2026,2026 Summer,UGRD,UGRD,Juan,Balderrama,,AREN,4348,101,5,2,1,0,0,0,0,0,0,0,0,8
2025 - 2026,2026 Summer,UGRD,UGRD,Kathleen,Janvier,,ART,1301,1,48,11,2,2,5,0,0,0,1,0,0,69
2025 - 2026,2026 Summer,UGRD,UGRD,Kathleen,Janvier,,ART,1301,2,47,10,2,1,6,0,0,1,1,0,0,68
2025 - 2026,2026 Summer,UGRD,UGRD,Debra,Dewitte,,ART,1301,700,87,11,3,1,3,0,0,2,3,0,0,110
2025 - 2026,2026 Summer,UGRD,UGRD,Frederick,Miller,,ART,1306,1,15,0,0,0,0,0,0,0,0,0,0,15
2025 - 2026,2026 Summer,UGRD,UGRD,Maria,Esswein,,ART,2304,1,14,2,1,0,0,0,0,0,0,0,0,17
2025 - 2026,2026 Summer,UGRD,UGRD,Benjamin,Terry,,ART,2371,1,7,4,1,0,0,0,0,0,0,0,0,12
2025 - 2026,2026 Summer,UGRD,UGRD,Simeen,Ishaque,,ART,3348,3,10,4,1,0,0,0,0,0,0,0,0,15
2025 - 2026,2026 Summer,UGRD,UGRD,Timothy,Carvalho,,ART,3356,1,12,2,1,0,0,0,0,0,0,0,0,15
2025 - 2026,2026 Summer,UGRD,UGRD,Lucy,Bartholomee,,ART,4302,1,13,1,0,0,0,0,0,0,0,0,0,14
2025 - 2026,2026 Summer,UGRD,UGRD,Loryn,O'Donnell,,ART,4355,1,9,4,1,2,0,0,0,0,0,0,0,16
2025 - 2026,2026 Summer,UGRD,UGRD,Ananya,Singh,,ART,4395,3,19,0,0,0,0,1,0,0,0,0,0,20
2025 - 2026,2026 Summer,UGRD,UGRD,Jason,Kouba,,ASA,1091,1,0,0,0,0,0,0,19,0,0,0,0,19
2025 - 2026,2026 Summer,UGRD,GRAD,Mei,Yang,,ASDS,5302,1,7,1,0,0,0,0,0,0,0,0,0,8
2025 - 2026,2026 Summer,UGRD,GRAD,Mahmoud,Jawad,,ASDS,6306,1,0,0,0,0,0,0,13,0,0,0,0,13
2025 - 2026,2026 Summer,UGRD,GRAD,Masoud,Rostami,,ASDS,6306,1,0,0,0,0,0,0,13,0,0,0,0,13
2025 - 2026,2026 Summer,UGRD,UGRD,Leona,Michael-Makelfa,,ASL,1441,1,10,2,0,0,1,0,0,0,0,0,0,13
2025 - 2026,2026 Summer,UGRD,UGRD,Nilakshi,Veerabathina,,ASTR,1345,1,13,6,2,0,0,0,0,1,0,0,0,22
2025 - 2026,2026 Summer,UGRD,UGRD,Nilakshi,Veerabathina,,ASTR,1346,1,5,3,2,0,1,0,0,0,0,0,0,11
2025 - 2026,2026 Summer,UGRD,UGRD,Julian,Rodriguez,,BCMN,2366,1,16,0,0,0,0,0,0,0,0,0,0,16
2025 - 2026,2026 Summer,UGRD,UGRD,Kevin,Carr,,BCOM,3360,1,8,12,1,0,0,0,0,0,0,0,0,21
2025 - 2026,2026 Summer,UGRD,UGRD,Daniel,Usera,,BCOM,3360,2,12,5,2,1,0,0,0,0,1,0,0,21
2025 - 2026,2026 Summer,UGRD,UGRD,Kevin,Carr,,BCOM,3360,3,6,27,4,1,0,0,0,1,1,0,0,40
2025 - 2026,2026 Summer,UGRD,UGRD,Daniel,Usera,,BCOM,3360,4,16,11,7,0,1,0,0,0,1,0,0,36
2025 - 2026,2026 Summer,UGRD,UGRD,Young-Tae,Kim,,BE,4350,12,16,0,0,0,0,0,0,0,0,0,0,16
2025 - 2026,2026 Summer,UGRD,UGRD,Melissa,Walsh,Taylor Wright-Poteet,BIOL,1301,1,19,32,8,9,6,0,0,3,5,0,0,82
2025 - 2026,2026 Summer,UGRD,UGRD,Melissa,Walsh,Claire Kim; Satabdi Mandal; Teresa Adhikari,BIOL,1301,500,27,37,14,10,10,0,0,1,4,0,0,103
2025 - 2026,2026 Summer,UGRD,UGRD,Heather,Arterburn,Fatimoh Egbinola,BIOL,1345,1,6,10,0,1,4,0,0,1,3,0,0,25
2025 - 2026,2026 Summer,UGRD,UGRD,Corey,Roelke,Melissa Salazar; Sukanya Samaddar,BIOL,1345,500,23,13,7,4,6,0,0,2,0,0,0,55
2025 - 2026,2026 Summer,UGRD,UGRD,Caitlin,Maynard,,BIOL,1441,1,19,12,9,1,1,0,0,1,0,0,0,43
2025 - 2026,2026 Summer,UGRD,UGRD,Corey,Roelke,,BIOL,1442,1,35,6,3,0,0,0,0,1,0,0,0,45
2025 - 2026,2026 Summer,UGRD,UGRD,Whitney,Tholen,,BIOL,2444,1,18,22,4,1,0,0,0,0,0,0,0,45
2025 - 2026,2026 Summer,UGRD,UGRD,Walter,Schargel,Marlana Swann; Tristan Herod,BIOL,2457,1,115,61,26,6,9,0,0,5,2,0,0,224
2025 - 2026,2026 Summer,UGRD,UGRD,Walter,Schargel,Huu Trung Tran; Maria Del Pilar Castellanos,BIOL,2457,500,54,26,7,13,6,0,0,1,1,0,0,108
2025 - 2026,2026 Summer,UGRD,UGRD,Xavier,Aranda,Anusuya Nepal; Priyanshi Himmatlal Borad,BIOL,2458,1,165,54,13,6,2,0,0,3,1,0,0,244
2025 - 2026,2026 Summer,UGRD,UGRD,Heather,Arterburn,Chathuri Devmika Wickramasinghe; Srinjoy Saha,BIOL,2458,11,79,42,16,6,4,0,0,2,4,0,0,153
2025 - 2026,2026 Summer,UGRD,UGRD,Heather,Charles,Matthew Kalman,BIOL,2458,500,41,32,6,10,10,0,0,2,2,0,0,103
2025 - 2026,2026 Summer,UGRD,UGRD,Dylan,Parks,Manuel Chavez; Musfika Ferdous,BIOL,2460,1,60,64,47,9,7,0,0,7,7,0,0,201
2025 - 2026,2026 Summer,UGRD,UGRD,Dylan,Parks,Abidemi Marcus,BIOL,2460,500,64,47,12,6,8,0,0,2,5,0,0,144
2025 - 2026,2026 Summer,UGRD,UGRD,Walter,Schargel,Kirsten Vernin,BIOL,3300,1,13,16,10,5,2,0,0,0,1,0,0,47
2025 - 2026,2026 Summer,UGRD,UGRD,Amandeep,Dhaliwal,,BIOL,3322,2,4,8,5,0,0,0,0,0,0,0,0,17
2025 - 2026,2026 Summer,UGRD,UGRD,Heather,Charles,Yiting Xu,BIOL,3323,1,32,30,3,3,0,0,0,0,1,0,0,69
2025 - 2026,2026 Summer,UGRD,UGRD,Whitney,Tholen,Lorelei Ing,BIOL,3353,1,9,18,8,2,1,0,0,1,1,0,0,40
2025 - 2026,2026 Summer,UGRD,UGRD,Corey,Roelke,,BIOL,3454,1,16,14,7,1,0,0,0,0,2,0,0,40
2025 - 2026,2026 Summer,UGRD,UGRD,Heather,Charles,Hannah Guss,BIOL,4311,1,27,24,9,3,0,0,0,2,3,0,0,68
2025 - 2026,2026 Summer,UGRD,UGRD,Scott,Smith,,BLAW,3310,1,5,19,26,1,11,0,0,2,2,0,0,66
2025 - 2026,2026 Summer,UGRD,UGRD,Scott,Smith,,BLAW,3314,1,3,1,2,0,0,0,0,0,0,0,0,6
2025 - 2026,2026 Summer,UGRD,UGRD,Maria,Sanford,,BLAW,4310,11,9,9,0,0,0,0,0,0,0,0,0,18
2025 - 2026,2026 Summer,UGRD,UGRD,Scott,Smith,,BLAW,4332,1,0,4,0,1,0,0,0,0,1,0,0,6
2025 - 2026,2026 Summer,UGRD,UGRD,Md,Helal,,BSTAT,2305,1,6,6,13,2,2,0,0,1,1,0,0,31
2025 - 2026,2026 Summer,UGRD,UGRD,Yi,Liu,,BSTAT,3321,1,5,9,3,0,0,0,0,0,1,0,0,18
2025 - 2026,2026 Summer,UGRD,UGRD,Md,Helal,,BSTAT,3321,2,6,6,8,3,2,0,0,1,2,0,0,28
2025 - 2026,2026 Summer,UGRD,UGRD,Samaneh,Samiee,,BSTAT,3321,3,13,23,19,13,0,0,0,0,3,0,0,71
2025 - 2026,2026 Summer,UGRD,UGRD,Hyeok,Choi,,CE,3131,2,4,5,0,0,0,0,0,0,0,0,0,9
2025 - 2026,2026 Summer,UGRD,UGRD,Srinivas,Prabakar,,CE,3142,1,10,4,0,0,0,0,0,0,0,0,0,14
2025 - 2026,2026 Summer,UGRD,UGRD,Armin,Afrasiabian,,CE,3143,1,11,3,0,0,0,0,0,0,0,0,0,14
2025 - 2026,2026 Summer,UGRD,UGRD,Arpita,Bhatt,,CE,3253,1,15,1,0,1,0,0,0,0,0,0,0,17
2025 - 2026,2026 Summer,UGRD,UGRD,Nelson,Gomez-Torres,,CE,3301,102,2,5,6,1,0,0,0,1,1,0,0,16
2025 - 2026,2026 Summer,UGRD,UGRD,Nelson,Gomez-Torres,,CE,3302,101,3,4,1,2,0,0,0,0,0,0,0,10
2025 - 2026,2026 Summer,UGRD,UGRD,Srinivas,Prabakar,,CE,3305,1,2,1,3,0,0,0,0,0,0,0,0,6
2025 - 2026,2026 Summer,UGRD,UGRD,Srinivas,Prabakar,,CE,3305,101,3,3,1,1,0,0,0,0,0,0,0,8
2025 - 2026,2026 Summer,UGRD,UGRD,Zhe,Yin,,CE,3311,101,10,2,3,0,0,0,0,0,1,0,0,16
2025 - 2026,2026 Summer,UGRD,UGRD,Hyeok,Choi,,CE,3334,101,3,4,0,0,0,0,0,0,0,0,0,7
2025 - 2026,2026 Summer,UGRD,UGRD,Habib,Ahmari,,CE,3342,1,1,2,6,0,1,0,0,0,0,0,0,10
2025 - 2026,2026 Summer,UGRD,UGRD,Habib,Ahmari,,CE,3342,101,1,4,2,2,0,0,0,0,0,0,0,9
2025 - 2026,2026 Summer,UGRD,UGRD,Laureano,Hoyos,,CE,3343,1,5,0,1,0,0,0,0,0,1,0,0,7
2025 - 2026,2026 Summer,UGRD,UGRD,Laureano,Hoyos,,CE,3343,101,5,0,2,0,1,0,0,0,0,0,0,8
2025 - 2026,2026 Summer,UGRD,UGRD,Zhe,Yin,,CE,4304,1,5,1,2,0,0,0,0,0,0,0,0,8
2025 - 2026,2026 Summer,UGRD,UGRD,Vinayak,Kaushal,,CE,4332,101,6,0,0,0,0,0,0,1,0,0,0,7
2025 - 2026,2026 Summer,UGRD,UGRD,Raad,Azzawi,,CE,4347,1,4,2,2,0,0,0,0,0,0,0,0,8
2025 - 2026,2026 Summer,UGRD,UGRD,Raad,Azzawi,,CE,4347,101,6,7,7,0,0,0,0,0,0,0,0,20
2025 - 2026,2026 Summer,UGRD,UGRD,Juan,Balderrama,,CE,4348,1,6,2,0,0,0,0,0,0,0,0,0,8
2025 - 2026,2026 Summer,UGRD,UGRD,Juan,Balderrama,,CE,4348,101,4,3,1,0,0,0,0,0,0,0,0,8
2025 - 2026,2026 Summer,UGRD,UGRD,Raad,Azzawi,,CE,4352,1,6,4,0,0,0,0,0,0,0,0,0,10
2025 - 2026,2026 Summer,UGRD,UGRD,Aiswarya,Acharath Mohanakrishnan,,CE,4393,1,12,1,0,0,0,0,0,0,0,0,0,13
2025 - 2026,2026 Summer,UGRD,UGRD,Jongyun,Heo,,CHEM,1441,1,5,2,8,2,1,0,0,3,2,0,0,23
2025 - 2026,2026 Summer,UGRD,UGRD,Joshua,Crowell,,CHEM,1441,1,19,11,13,7,3,0,0,5,6,0,0,64
2025 - 2026,2026 Summer,UGRD,UGRD,Joshua,Crowell,,CHEM,1442,1,32,27,23,22,11,1,0,7,9,0,0,132
2025 - 2026,2026 Summer,UGRD,UGRD,Joshua,Crowell,William Cleaver,CHEM,1442,1,32,27,23,22,11,1,0,7,9,0,0,132
2025 - 2026,2026 Summer,UGRD,UGRD,Seiichiro,Tanizaki,,CHEM,1451,1,44,52,60,2,3,0,0,1,5,0,0,167
2025 - 2026,2026 Summer,UGRD,UGRD,Seiichiro,Tanizaki,,CHEM,1451,500,43,41,31,6,12,0,0,7,17,0,0,157
2025 - 2026,2026 Summer,UGRD,UGRD,Cynthia,Griffith,,CHEM,1465,1,8,11,10,2,1,0,0,1,0,0,0,33
2025 - 2026,2026 Summer,UGRD,UGRD,Xue,Xu,Cynthia Griffith; Subhrangsu Mandal,CHEM,2181,1,13,2,0,0,0,0,0,1,0,0,0,16
2025 - 2026,2026 Summer,UGRD,UGRD,Xue,Xu,Cynthia Griffith; Subhrangsu Mandal,CHEM,2181,2,11,1,0,0,0,0,0,0,1,0,0,13
2025 - 2026,2026 Summer,UGRD,UGRD,Subhrangsu,Mandal,Cynthia Griffith; Xue Xu,CHEM,2181,3,17,0,0,0,0,0,0,0,0,0,0,17
2025 - 2026,2026 Summer,UGRD,UGRD,Joseph,Buonomo,Cynthia Griffith,CHEM,2181,4,10,5,0,0,1,0,0,0,0,0,0,16
2025 - 2026,2026 Summer,UGRD,UGRD,Subhrangsu,Mandal,Cynthia Griffith; Xue Xu,CHEM,2181,5,16,0,0,0,0,0,0,0,2,0,0,18
2025 - 2026,2026 Summer,UGRD,UGRD,Xue,Xu,Cynthia Griffith; Subhrangsu Mandal,CHEM,2181,6,12,1,0,0,0,0,0,0,0,0,0,13
2025 - 2026,2026 Summer,UGRD,UGRD,Lawton,Seal,Cynthia Griffith,CHEM,2182,1,8,1,2,0,0,0,0,0,0,0,0,11
2025 - 2026,2026 Summer,UGRD,UGRD,Lawton,Seal,Cynthia Griffith; Kayunta Johnson-Winters; Vo Quang Huy Phan,CHEM,2182,2,13,2,0,0,0,0,0,0,0,0,0,15
2025 - 2026,2026 Summer,UGRD,UGRD,Lawton,Seal,Cynthia Griffith; Kayunta Johnson-Winters; Vo Quang Huy Phan,CHEM,2182,3,11,2,0,0,0,0,0,0,0,0,0,13
2025 - 2026,2026 Summer,UGRD,UGRD,Kayunta,Johnson-Winters,Cynthia Griffith; Lawton Seal; Vo Quang Huy Phan,CHEM,2182,4,15,1,0,0,0,0,0,0,0,0,0,16
2025 - 2026,2026 Summer,UGRD,UGRD,Kayunta,Johnson-Winters,Cynthia Griffith; Lawton Seal; Vo Quang Huy Phan,CHEM,2182,5,9,5,1,0,0,0,0,0,0,0,0,15
2025 - 2026,2026 Summer,UGRD,UGRD,Lawton,Seal,Cynthia Griffith; Vo Quang Huy Phan,CHEM,2182,6,8,0,0,0,0,0,0,0,0,0,0,8
2025 - 2026,2026 Summer,UGRD,UGRD,Joseph,Buonomo,,CHEM,2321,1,11,13,8,4,3,1,0,1,0,0,0,41
2025 - 2026,2026 Summer,UGRD,UGRD,Xue,Xu,,CHEM,2321,1,29,17,16,14,15,0,0,3,4,0,0,98
2025 - 2026,2026 Summer,UGRD,UGRD,Lawton,Seal,,CHEM,2322,1,35,28,27,8,9,0,0,1,0,0,0,108
2025 - 2026,2026 Summer,UGRD,UGRD,Subhrangsu,Mandal,,CHEM,4311,1,25,17,9,0,0,1,0,0,0,0,0,52
2025 - 2026,2026 Summer,UGRD,UGRD,Kayunta,Johnson-Winters,,CHEM,4312,1,6,9,0,0,0,1,0,0,1,0,0,17
2025 - 2026,2026 Summer,UGRD,UGRD,Szu-Yen,Liang,,CHIN,2311,1,13,2,0,0,0,0,0,0,0,0,0,15
2025 - 2026,2026 Summer,UGRD,UGRD,Nelson,Gomez-Torres,,CM,1331,1,4,15,6,1,0,0,0,1,1,0,0,28
2025 - 2026,2026 Summer,UGRD,UGRD,Ahmad Kamal,Bani Hani,,CM,2313,1,2,7,0,0,0,0,0,0,1,0,0,10
2025 - 2026,2026 Summer,UGRD,UGRD,Ahmad Kamal,Bani Hani,,CM,2313,101,10,6,4,2,1,0,0,0,0,0,0,23
2025 - 2026,2026 Summer,UGRD,UGRD,Vinayak,Kaushal,,CM,2315,1,16,1,1,1,3,1,0,0,1,0,0,24
2025 - 2026,2026 Summer,UGRD,UGRD,Madhuri,Arjun,,CM,2331,1,4,5,2,0,1,0,0,1,0,0,0,13
2025 - 2026,2026 Summer,UGRD,UGRD,Madhuri,Arjun,,CM,2331,101,6,9,3,1,1,0,0,0,0,0,0,20
2025 - 2026,2026 Summer,UGRD,UGRD,Karthikeyan,Loganathan,,CM,3313,1,9,2,2,0,0,0,0,0,0,0,0,13
2025 - 2026,2026 Summer,UGRD,UGRD,Abeer,Almughrabi,,CM,3337,101,19,10,4,0,0,0,0,0,0,0,0,33
2025 - 2026,2026 Summer,UGRD,UGRD,Ahmad Kamal,Bani Hani,,CM,4306,1,8,1,0,0,0,0,0,0,0,0,0,9
2025 - 2026,2026 Summer,UGRD,UGRD,Ahmad Kamal,Bani Hani,,CM,4306,101,17,10,0,1,1,0,0,0,0,0,0,29
2025 - 2026,2026 Summer,UGRD,UGRD,Bijan,Shapoorian,,CM,4331,1,4,24,0,0,0,0,0,0,0,0,0,28
2025 - 2026,2026 Summer,UGRD,UGRD,Vinayak,Kaushal,,CM,4332,1,4,4,0,0,0,0,0,0,0,0,0,8
2025 - 2026,2026 Summer,UGRD,UGRD,Vinayak,Kaushal,,CM,4332,101,6,2,1,0,0,0,0,0,0,0,0,9
2025 - 2026,2026 Summer,UGRD,UGRD,Madhuri,Arjun,,CM,4357,1,9,4,0,0,0,0,0,0,0,0,0,13
2025 - 2026,2026 Summer,UGRD,UGRD,Madhuri,Arjun,,CM,4357,101,29,16,1,0,0,0,0,0,0,0,0,46
2025 - 2026,2026 Summer,UGRD,UGRD,Bijan,Shapoorian,,CM,4359,1,54,13,1,0,0,0,0,0,1,0,0,69
2025 - 2026,2026 Summer,UGRD,UGRD,Bijan,Shapoorian,,CM,4360,1,19,7,0,0,0,1,0,0,0,0,0,27
2025 - 2026,2026 Summer,UGRD,UGRD,Brian,Horton,,COMM,3300,1,10,9,1,0,2,0,0,0,0,0,0,22
2025 - 2026,2026 Summer,UGRD,UGRD,Roby,McEuen,,COMM,3303,1,7,8,1,0,0,0,0,0,1,0,0,17
2025 - 2026,2026 Summer,UGRD,UGRD,Andrew,Clark,,COMM,3310,1,34,10,4,0,0,0,0,0,1,0,0,49
2025 - 2026,2026 Summer,UGRD,UGRD,Erika,Pribanic-Smith,,COMM,3315,1,36,2,4,0,0,0,0,0,0,0,0,42
2025 - 2026,2026 Summer,UGRD,UGRD,Emily,Brooks,,COMM,3346,2,14,6,3,3,1,0,0,1,0,0,0,28
2025 - 2026,2026 Summer,UGRD,UGRD,LaDonna,Aiken,Geoffrey Campbell,COMM,4391,1,11,4,1,0,0,0,0,0,0,0,0,16
2025 - 2026,2026 Summer,UGRD,UGRD,April,Blount,,COMS,1301,1,19,1,0,0,0,0,0,0,0,0,0,20
2025 - 2026,2026 Summer,UGRD,UGRD,Damla,Ricks,,COMS,2302,1,18,6,0,0,0,0,0,1,0,0,0,25
2025 - 2026,2026 Summer,UGRD,UGRD,Gregory,McCown,,COMS,2302,1,14,0,0,0,0,0,0,0,0,0,0,14
2025 - 2026,2026 Summer,UGRD,UGRD,Abigail,Dase,,COMS,2302,2,20,0,1,0,0,0,0,0,1,0,0,22
2025 - 2026,2026 Summer,UGRD,UGRD,Varaidzo,Nyamandi,,COMS,2302,2,19,0,0,0,0,0,0,0,0,0,0,19
2025 - 2026,2026 Summer,UGRD,UGRD,Jay,Tillerson,,CRCJ,2334,1,18,5,3,2,3,0,0,0,1,0,0,32
2025 - 2026,2026 Summer,UGRD,UGRD,Christi,Gullion,,CRCJ,2350,1,22,8,1,4,1,0,0,0,0,0,0,36
2025 - 2026,2026 Summer,UGRD,UGRD,Jennifer,LaPrade,,CRCJ,3300,1,18,5,3,1,0,0,0,0,0,0,0,27
2025 - 2026,2026 Summer,UGRD,UGRD,Zerita,Hall,,CRCJ,3338,1,37,9,2,0,2,0,0,0,0,0,0,50
2025 - 2026,2026 Summer,UGRD,UGRD,Roger,Metcalf,,CRCJ,3340,1,31,2,1,0,1,0,0,0,0,0,0,35
2025 - 2026,2026 Summer,UGRD,UGRD,Kaitlyn,Pederson,,CRCJ,3350,1,2,15,8,7,2,0,0,1,0,0,0,35
2025 - 2026,2026 Summer,UGRD,UGRD,Patricia,Eddings,,CRCJ,3370,1,16,4,1,0,1,0,0,0,1,0,0,23
2025 - 2026,2026 Summer,UGRD,UGRD,Emily,Kirby,,CRCJ,4301,1,33,17,5,8,6,0,0,0,1,0,0,70
2025 - 2026,2026 Summer,UGRD,UGRD,Marnim,Galib,,CSE,1310,2,7,1,0,2,1,0,0,0,0,0,0,11
2025 - 2026,2026 Summer,UGRD,UGRD,Farnaz,Farahanipad,,CSE,1320,1,17,4,3,0,2,0,0,0,1,0,0,27
2025 - 2026,2026 Summer,UGRD,UGRD,Marika,Apostolova,,CSE,3310,1,26,1,0,0,0,0,0,0,0,0,0,27
2025 - 2026,2026 Summer,UGRD,UGRD,Nomaan,Mufti,,CSE,3314,1,16,30,6,1,0,0,0,0,1,0,0,54
2025 - 2026,2026 Summer,UGRD,UGRD,Donna,French,,CSE,3318,3,23,21,13,1,3,0,0,3,0,0,0,64
2025 - 2026,2026 Summer,UGRD,UGRD,David,Levine,,CSE,3320,2,21,9,4,0,0,0,0,0,1,0,0,35
2025 - 2026,2026 Summer,UGRD,UGRD,Vamsikrishna,Gopikrishna,,CSE,4308,1,9,25,9,1,1,0,0,0,1,0,0,46
2025 - 2026,2026 Summer,UGRD,UGRD,Christopher,Conly,,CSE,4316,1,29,1,0,0,0,0,0,0,0,0,0,30
2025 - 2026,2026 Summer,UGRD,UGRD,Shawn,Gieser,,CSE,4316,2,19,3,2,0,0,0,0,0,0,0,0,24
2025 - 2026,2026 Summer,UGRD,UGRD,Chenxi,Wang,,CSE,4316,3,22,3,0,0,0,0,0,0,0,0,0,25
2025 - 2026,2026 Summer,UGRD,UGRD,Shawn,Gieser,,CSE,4317,1,25,5,0,0,0,0,0,0,0,0,0,30
2025 - 2026,2026 Summer,UGRD,UGRD,Christopher,Conly,,CSE,4317,2,27,4,0,0,0,0,0,0,0,0,0,31
2025 - 2026,2026 Summer,UGRD,UGRD,Md Hasanuzzaman,Noor,,CSE,4317,3,31,0,0,0,0,0,0,0,0,0,0,31
2025 - 2026,2026 Summer,UGRD,UGRD,Elizabeth,Diaz,,CSE,4321,1,35,21,3,0,0,0,0,1,0,0,0,60
2025 - 2026,2026 Summer,UGRD,UGRD,Francklin,Rivas,,CSE,4334,1,6,1,0,0,0,0,0,0,0,0,0,7
2025 - 2026,2026 Summer,UGRD,UGRD,Md Salik,Parwez,,CSE,4344,1,31,24,3,1,0,0,0,0,0,0,0,59
2025 - 2026,2026 Summer,UGRD,UGRD,Nomaan,Mufti,,CSE,4358,1,6,7,6,0,0,0,0,0,0,0,0,19
2025 - 2026,2026 Summer,UGRD,UGRD,Ce,Bian,,DATA,3401,1,13,2,0,1,1,0,0,0,0,0,0,17
2025 - 2026,2026 Summer,UGRD,UGRD,Ce,Bian,,DATA,3402,1,4,4,1,0,1,0,0,0,0,0,0,10
2025 - 2026,2026 Summer,UGRD,UGRD,Mei,Yang,,DATA,3421,1,2,3,2,4,0,0,0,0,0,0,0,11
2025 - 2026,2026 Summer,UGRD,UGRD,Aaron,Burgess,,DIVR,2315,1,11,0,1,0,0,0,0,0,0,0,0,12
2025 - 2026,2026 Summer,UGRD,UGRD,Roger,Wehr,,ECON,2305,1,12,6,3,3,0,1,0,3,3,0,0,31
2025 - 2026,2026 Summer,UGRD,UGRD,Brian,Buckles,,ECON,2305,2,10,11,3,1,0,0,0,0,1,0,0,26
2025 - 2026,2026 Summer,UGRD,UGRD,Roger,Wehr,,ECON,2306,1,10,3,5,1,0,0,0,0,2,0,0,21
2025 - 2026,2026 Summer,UGRD,UGRD,Timothy,Wunder,,ECON,2306,6,17,24,8,2,2,0,0,1,5,0,0,59
2025 - 2026,2026 Summer,UGRD,UGRD,Christy,Spivey,,ECON,3301,6,25,17,4,1,0,0,0,0,2,0,0,49
2025 - 2026,2026 Summer,UGRD,UGRD,Ronald,Liggett,,ECON,3302,1,7,6,3,2,0,1,0,0,0,0,0,19
2025 - 2026,2026 Summer,UGRD,UGRD,William,Crowder,,ECON,3303,7,33,24,19,7,1,0,0,4,7,0,0,95
2025 - 2026,2026 Summer,UGRD,UGRD,Tara,Brown,,ECON,3310,1,3,9,1,0,0,0,0,0,1,0,0,14
2025 - 2026,2026 Summer,UGRD,UGRD,Tatia,Jacobson Jordan,,ECON,4300,6,14,2,0,0,1,0,0,0,1,0,0,18
2025 - 2026,2026 Summer,UGRD,UGRD,Antonia,Gkergki,,ECON,4393,1,0,0,0,0,0,0,8,0,0,0,0,8
2025 - 2026,2026 Summer,UGRD,UGRD,Elsa,Camargo,,EDUC,3301,111,14,7,1,2,0,0,0,0,0,0,0,24
2025 - 2026,2026 Summer,UGRD,UGRD,Joo Hi,Lee,,EDUC,4340,111,13,2,1,0,0,0,0,0,0,0,0,16
2025 - 2026,2026 Summer,UGRD,UGRD,Dibakar,Roy,,EE,2320,1,29,9,1,0,1,0,0,1,0,0,0,41
2025 - 2026,2026 Summer,UGRD,UGRD,Saibun,Tjuatja,,EE,2347,1,4,16,5,3,0,0,0,8,5,0,0,41
2025 - 2026,2026 Summer,UGRD,UGRD,David,Wetz,,EE,4149,1,10,0,0,0,0,0,0,0,0,0,0,10
2025 - 2026,2026 Summer,UGRD,UGRD,Emran,Dorrazehi,,ENGL,1301,1,11,4,3,0,1,0,0,0,1,0,0,20
2025 - 2026,2026 Summer,UGRD,UGRD,Julie,Jones,,ENGL,1301,700,22,13,1,0,5,0,0,3,0,0,0,44
2025 - 2026,2026 Summer,UGRD,UGRD,Amar,Sherma,,ENGL,1302,1,8,6,3,0,2,0,0,0,0,0,0,19
2025 - 2026,2026 Summer,UGRD,UGRD,Mahendra Bahadur,Thapa,,ENGL,1302,1,13,2,1,0,1,0,0,0,0,0,0,17
2025 - 2026,2026 Summer,UGRD,UGRD,Susan,Midwood,,ENGL,1302,1,5,7,3,0,2,0,0,0,2,1,0,20
2025 - 2026,2026 Summer,UGRD,UGRD,Clayton,Dillard,,ENGL,1302,2,6,5,4,0,2,0,0,4,1,0,0,22
2025 - 2026,2026 Summer,UGRD,UGRD,Pacificah,Mariita,,ENGL,1302,2,15,3,3,0,0,0,0,0,2,0,0,23
2025 - 2026,2026 Summer,UGRD,UGRD,Rechelle,Christie,,ENGL,1302,700,46,26,17,0,0,1,0,5,5,2,0,102
2025 - 2026,2026 Summer,UGRD,UGRD,Laura,Kopchick,,ENGL,1375,1,9,3,2,0,0,0,0,0,1,0,0,15
2025 - 2026,2026 Summer,UGRD,UGRD,Sarah,Shelton,,ENGL,2309,2,28,4,0,0,1,0,0,0,0,0,0,33
2025 - 2026,2026 Summer,UGRD,UGRD,Rachael,Mariboho,,ENGL,2309,700,19,16,4,0,0,0,0,1,0,0,0,40
2025 - 2026,2026 Summer,UGRD,UGRD,Kayla,Kassakatis,,ENGL,2319,2,16,3,0,0,1,0,0,0,1,0,0,21
2025 - 2026,2026 Summer,UGRD,UGRD,Erin,Murrah-Mandril,,ENGL,2329,1,12,19,1,0,0,0,0,1,1,0,0,34
2025 - 2026,2026 Summer,UGRD,UGRD,Amy,Bernhard,,ENGL,2329,2,18,7,0,0,0,0,0,2,0,0,0,27
2025 - 2026,2026 Summer,UGRD,UGRD,Bethany,Shaffer,,ENGL,2338,2,9,1,1,0,0,0,0,0,0,0,0,11
2025 - 2026,2026 Summer,UGRD,UGRD,Joanna,Johnson,,ENGL,4191,1,11,0,0,0,0,0,0,0,0,0,0,11
2025 - 2026,2026 Summer,UGRD,UGRD,James,Warren,,ENGL,4370,1,5,8,1,0,0,0,0,0,0,0,0,14
2025 - 2026,2026 Summer,UGRD,UGRD,Daniel,Kasper,,ENGL,4388,1,15,0,1,1,0,0,0,0,0,0,0,17
2025 - 2026,2026 Summer,UGRD,UGRD,Sarah,Shelton,,ENGL,4390,1,7,0,0,0,0,0,0,0,0,0,0,7
2025 - 2026,2026 Summer,UGRD,UGRD,Paul,Componation,,ENGR,2100,1,0,0,0,0,0,0,11,0,0,0,0,11
2025 - 2026,2026 Summer,UGRD,UGRD,Paul,Componation,,ENGR,3100,1,0,0,0,0,0,0,50,0,0,0,0,50
2025 - 2026,2026 Summer,UGRD,UGRD,Paul,Componation,,ENGR,4100,1,0,0,0,0,0,0,12,0,0,0,0,12
2025 - 2026,2026 Summer,UGRD,UGRD,Lori,Ramirez,,ENTR,3325,1,4,5,2,1,0,0,0,0,0,0,0,12
2025 - 2026,2026 Summer,UGRD,UGRD,Joshua,Pulcinella,,ENVR,1301,45,28,5,0,0,5,0,0,1,0,0,0,39
2025 - 2026,2026 Summer,UGRD,UGRD,Andrew,Hunt,,ENVR,3387,1,3,11,0,0,0,0,0,0,0,0,0,14
2025 - 2026,2026 Summer,UGRD,UGRD,Arne,Winguth,,ENVR,3387,1,3,11,0,0,0,0,0,0,0,0,0,14
2025 - 2026,2026 Summer,UGRD,UGRD,Ricardo,Sanchez Murillo,,ENVR,3387,1,3,11,0,0,0,0,0,0,0,0,0,14
2025 - 2026,2026 Summer,UGRD,UGRD,Un-Jung,Kim,,ENVR,3387,1,3,11,0,0,0,0,0,0,0,0,0,14
2025 - 2026,2026 Summer,UGRD,UGRD,Steve,Isbell,,FINA,2330,2,11,11,4,0,2,0,0,1,0,0,0,29
2025 - 2026,2026 Summer,UGRD,UGRD,Reginald,Gray,,FINA,3313,1,7,15,12,1,1,0,0,0,0,0,0,36
2025 - 2026,2026 Summer,UGRD,UGRD,Richard,Berard,,FINA,3313,2,8,45,20,4,2,0,0,0,3,0,0,82
2025 - 2026,2026 Summer,UGRD,UGRD,Kenza,Belaid,,FINA,3313,4,1,13,11,5,1,0,0,0,4,0,0,35
2025 - 2026,2026 Summer,UGRD,UGRD,Jafrin Akter,Juthi,,FINA,3315,1,3,5,4,0,0,0,0,0,0,0,0,12
2025 - 2026,2026 Summer,UGRD,UGRD,Elia,Salvador,,FINA,3315,2,5,3,1,0,0,0,0,0,0,0,0,9
2025 - 2026,2026 Summer,UGRD,UGRD,Trang,Thai,,FINA,3317,4,3,12,11,0,0,0,0,0,0,0,0,26
2025 - 2026,2026 Summer,UGRD,UGRD,Yibing,Du,,FINA,4315,1,6,16,3,0,0,0,0,0,1,0,0,26
2025 - 2026,2026 Summer,UGRD,UGRD,Trang,Thai,,FINA,4324,3,2,6,3,0,0,0,0,0,0,0,0,11
2025 - 2026,2026 Summer,UGRD,UGRD,Steve,Isbell,,FINA,4393,1,0,0,0,0,0,0,9,0,0,0,0,9
2025 - 2026,2026 Summer,UGRD,UGRD,Alexandria,Gray,,FREN,1441,2,10,8,3,0,3,0,0,1,0,0,0,25
2025 - 2026,2026 Summer,UGRD,UGRD,Charles,Travis,,GEOG,2301,1,31,9,2,0,0,1,0,1,0,0,0,44
2025 - 2026,2026 Summer,UGRD,UGRD,Elizabeth,Nelson,,GEOG,2302,1,6,4,3,1,2,0,0,0,0,0,0,16
2025 - 2026,2026 Summer,UGRD,UGRD,Cornelia,Winguth,,GEOL,1301,45,43,19,8,3,1,0,0,1,3,0,0,78
2025 - 2026,2026 Summer,UGRD,UGRD,Arne,Winguth,,GEOL,3387,1,3,9,1,0,0,0,0,0,0,0,0,13
2025 - 2026,2026 Summer,UGRD,UGRD,Majie,Fan,,GEOL,3387,1,3,9,1,0,0,0,0,0,0,0,0,13
2025 - 2026,2026 Summer,UGRD,UGRD,Ricardo,Sanchez Murillo,,GEOL,3387,1,3,9,1,0,0,0,0,0,0,0,0,13
2025 - 2026,2026 Summer,UGRD,UGRD,Majie,Fan,,GEOL,3388,1,4,6,3,0,0,0,0,0,0,0,0,13
2025 - 2026,2026 Summer,UGRD,UGRD,Nathan,Brown,,GEOL,3388,1,4,6,3,0,0,0,0,0,0,0,0,13
2025 - 2026,2026 Summer,UGRD,UGRD,Alexandria,Gray,,GLOBAL,2301,1,20,1,2,1,3,0,0,0,0,0,0,27
2025 - 2026,2026 Summer,UGRD,UGRD,Szu-Yen,Liang,,GLOBAL,3301,1,11,1,0,0,0,0,0,0,0,0,0,12
2025 - 2026,2026 Summer,UGRD,UGRD,Alicia,Garza,,GWSS,2310,2,23,1,2,2,1,0,0,0,0,0,0,29
2025 - 2026,2026 Summer,UGRD,UGRD,Aaron,Burgess,,GWSS,2315,1,9,1,0,0,1,0,0,0,0,0,0,11
2025 - 2026,2026 Summer,UGRD,UGRD,Tyler,Garner,,HEED,3301,1,10,7,1,1,0,0,0,0,1,0,0,20
2025 - 2026,2026 Summer,UGRD,UGRD,Stephanie,Spohr,,HEED,3305,2,38,20,7,2,2,0,0,0,0,0,0,69
2025 - 2026,2026 Summer,UGRD,UGRD,Joy,Jackson,,HEED,4311,500,50,8,3,0,1,0,0,0,0,0,0,62
2025 - 2026,2026 Summer,UGRD,UGRD,Tyler,Garner,,HEED,4312,500,78,36,9,2,3,1,0,0,0,0,0,129
2025 - 2026,2026 Summer,UGRD,UGRD,Stephanie,Spohr,,HEED,4320,500,46,29,3,0,1,0,0,1,1,0,0,81
2025 - 2026,2026 Summer,UGRD,UGRD,Nika,Davis,,HIST,1301,2,21,13,3,1,4,0,0,1,0,0,0,43
2025 - 2026,2026 Summer,UGRD,UGRD,Daniel,Degges,,HIST,1301,3,30,5,2,0,4,0,0,0,1,0,0,42
2025 - 2026,2026 Summer,UGRD,UGRD,Kevin,Smant,,HIST,1301,4,0,18,10,4,6,0,0,0,4,0,0,42
2025 - 2026,2026 Summer,UGRD,UGRD,Jonathan,Steplyk,,HIST,1301,6,24,7,2,2,5,1,0,0,0,0,0,41
2025 - 2026,2026 Summer,UGRD,UGRD,Margaret,Keller Garnett,,HIST,1301,700,99,21,8,1,7,1,0,0,1,0,0,138
2025 - 2026,2026 Summer,UGRD,UGRD,Daniel,Degges,,HIST,1302,1,34,4,2,1,2,0,0,0,1,0,0,44
2025 - 2026,2026 Summer,UGRD,UGRD,Angela,Austin,,HIST,1302,4,29,5,6,1,3,0,0,0,1,0,0,45
2025 - 2026,2026 Summer,UGRD,UGRD,Aaron,Johnson,,HIST,1302,700,64,42,12,0,8,0,0,3,0,0,0,129
2025 - 2026,2026 Summer,UGRD,UGRD,Merry,Jett,,HIST,1331,1,16,5,6,3,8,0,0,1,2,0,0,41
2025 - 2026,2026 Summer,UGRD,UGRD,Eric,Spenk,,HIST,1332,1,19,12,8,1,2,0,0,1,2,0,0,45
2025 - 2026,2026 Summer,UGRD,UGRD,Halen,Watkins,,HIST,3345,1,18,12,4,0,1,0,0,0,1,0,0,36
2025 - 2026,2026 Summer,UGRD,UGRD,Halen,Watkins,,HIST,3346,1,21,10,2,1,0,0,0,0,1,0,0,35
2025 - 2026,2026 Summer,UGRD,UGRD,Patryk,Babiracki,,HIST,3388,1,8,1,2,0,2,0,0,1,1,0,0,15
2025 - 2026,2026 Summer,UGRD,UGRD,Lowell,Davis,,HONR,4310,1,10,0,0,0,0,0,0,0,0,0,0,10
2025 - 2026,2026 Summer,UGRD,UGRD,Michael,Nalley,,HOSP,3350,1,12,19,6,0,1,0,0,1,0,0,0,39
2025 - 2026,2026 Summer,UGRD,UGRD,Michael,Nalley,,HOSP,3351,1,0,7,8,2,1,0,0,0,1,0,0,19
2025 - 2026,2026 Summer,UGRD,UGRD,Lars,Johnson,,HRMN,3320,1,48,5,1,0,0,0,0,0,0,0,0,54
2025 - 2026,2026 Summer,UGRD,UGRD,Thomas,Graca,,HRMN,3320,2,9,13,11,0,1,0,0,2,3,0,0,39
2025 - 2026,2026 Summer,UGRD,UGRD,Thomas,Graca,,HRMN,3320,3,5,20,14,0,1,0,0,1,0,0,0,41
2025 - 2026,2026 Summer,UGRD,UGRD,Steven,Gellman,,HUMA,3360,1,20,3,1,0,0,0,0,0,1,0,0,25
2025 - 2026,2026 Summer,UGRD,UGRD,Atefeh,Shoomal,,IE,2308,1,6,5,2,1,3,0,0,0,0,0,0,17
2025 - 2026,2026 Summer,UGRD,UGRD,Sampson,Gholston,,IE,3301,1,16,15,1,0,1,0,0,1,1,0,0,35
2025 - 2026,2026 Summer,UGRD,UGRD,Karen,Scott,,INSY,2303,1,30,13,8,1,3,0,0,8,1,0,0,64
2025 - 2026,2026 Summer,UGRD,UGRD,Scott,Johnson,,INSY,2303,1,6,28,19,4,19,1,0,5,6,0,0,88
2025 - 2026,2026 Summer,UGRD,UGRD,Prasad,Chetti,,INSY,3300,1,9,6,5,1,1,0,0,0,2,0,0,24
2025 - 2026,2026 Summer,UGRD,UGRD,Scott,Johnson,,INSY,3303,2,6,6,5,3,2,0,0,0,0,0,0,22
2025 - 2026,2026 Summer,UGRD,UGRD,Sajib,Datta,,INSY,3304,1,7,12,9,0,1,0,0,3,1,0,0,33
2025 - 2026,2026 Summer,UGRD,UGRD,Koshy,Vaidyan Joseph,,INSY,3305,1,5,12,15,0,0,0,0,1,0,0,0,33
2025 - 2026,2026 Summer,UGRD,UGRD,Sajib,Datta,,INSY,4305,1,6,6,9,2,0,0,0,1,1,0,0,25
2025 - 2026,2026 Summer,UGRD,UGRD,Koshy,Vaidyan Joseph,,INSY,4393,1,0,0,0,0,0,0,20,0,0,0,0,20
2025 - 2026,2026 Summer,UGRD,UGRD,Arden,Stephenson,,INTD,4493,1,0,0,0,0,0,2,8,0,0,0,0,10
2025 - 2026,2026 Summer,UGRD,UGRD,Lily,Tanner,,INTS,2388,1,57,20,2,1,10,0,0,5,11,0,0,106
2025 - 2026,2026 Summer,UGRD,UGRD,Lily,Tanner,,INTS,2388,2,58,19,2,1,9,0,0,4,9,0,0,102
2025 - 2026,2026 Summer,UGRD,UGRD,Crystal,Alvarez,,KINE,1100,1,9,3,1,0,0,0,0,0,0,0,0,13
2025 - 2026,2026 Summer,UGRD,UGRD,Crystal,Alvarez,,KINE,1300,1,7,5,1,0,0,0,0,0,0,0,0,13
2025 - 2026,2026 Summer,UGRD,UGRD,Lauren,Perez,,KINE,2350,1,40,4,2,2,1,0,0,0,0,0,0,49
2025 - 2026,2026 Summer,UGRD,UGRD,Lindsi,Smith,,KINE,2350,500,30,5,4,0,1,0,0,2,0,0,0,42
2025 - 2026,2026 Summer,UGRD,UGRD,Lindsi,Smith,,KINE,2350,501,27,2,1,0,2,0,0,1,0,0,0,33
2025 - 2026,2026 Summer,UGRD,UGRD,Tyler,Garner,,KINE,3302,1,63,20,4,4,1,0,0,1,3,0,0,96
2025 - 2026,2026 Summer,UGRD,UGRD,Larry,Nelson,,KINE,3312,1,12,0,0,0,0,0,0,0,0,0,0,12
2025 - 2026,2026 Summer,UGRD,UGRD,Alison,White,,KINE,3325,1,4,9,7,2,0,0,0,0,0,0,0,22
2025 - 2026,2026 Summer,UGRD,UGRD,Courtney,Jackson,,KINE,3350,1,10,11,1,0,1,0,0,0,0,0,0,23
2025 - 2026,2026 Summer,UGRD,UGRD,Brandie,Green,,KINE,3350,500,21,20,8,0,2,0,0,1,1,0,0,53
2025 - 2026,2026 Summer,UGRD,UGRD,Anita,Corbitt,,KINE,3352,1,14,2,0,0,0,0,0,0,0,0,0,16
2025 - 2026,2026 Summer,UGRD,UGRD,Stephanie,Spohr,,KINE,3355,500,87,23,11,1,2,0,0,1,0,0,0,125
2025 - 2026,2026 Summer,UGRD,UGRD,Anita,Corbitt,,KINE,3358,1,23,1,1,0,0,0,0,0,0,0,0,25
2025 - 2026,2026 Summer,UGRD,UGRD,Crystal,Alvarez,,KINE,3401,1,20,2,0,0,0,0,0,0,0,0,0,22
2025 - 2026,2026 Summer,UGRD,UGRD,Lindsi,Smith,,KINE,4351,500,54,5,1,0,0,0,0,0,0,0,0,60
2025 - 2026,2026 Summer,UGRD,UGRD,Laura,Phipps,,KINE,4353,1,5,1,2,0,0,0,0,0,0,0,0,8
2025 - 2026,2026 Summer,UGRD,UGRD,Alexis,Washington,,KINE,4354,500,21,4,0,0,0,0,0,0,0,0,0,25
2025 - 2026,2026 Summer,UGRD,UGRD,Lindsi,Smith,,KINE,4358,500,28,1,2,0,0,0,0,0,1,0,0,32
2025 - 2026,2026 Summer,UGRD,UGRD,Brandie,Green,,KINE,4359,500,20,5,1,1,0,0,0,0,1,0,0,28
2025 - 2026,2026 Summer,UGRD,UGRD,Cynthia,Trowbridge,,KINE,4415,1,12,15,4,0,0,0,0,0,1,0,0,32
2025 - 2026,2026 Summer,UGRD,UGRD,Crystal,Alvarez,,KINE,4490,1,28,0,0,0,0,0,0,0,0,0,0,28
2025 - 2026,2026 Summer,UGRD,UGRD,Crystal,Alvarez,,KINE,4491,1,6,0,0,0,0,0,0,0,0,0,0,6
2025 - 2026,2026 Summer,UGRD,GRAD,Lizbeth,Alvarez,Laura Kunkel,KINE,5120,1,24,0,0,0,0,0,0,0,0,0,0,24
2025 - 2026,2026 Summer,UGRD,GRAD,Meredith,Decker,,KINE,5229,1,15,9,0,0,0,0,0,0,0,0,0,24
2025 - 2026,2026 Summer,UGRD,GRAD,Laura,Kunkel,,KINE,5230,1,12,11,1,0,0,0,0,0,0,0,0,24
2025 - 2026,2026 Summer,UGRD,GRAD,Adam,Annaccone,,KINE,5236,1,24,0,0,0,0,0,0,0,0,0,0,24
2025 - 2026,2026 Summer,UGRD,UGRD,Holly,Hungerford-Kresser,,LIST,4343,111,16,3,1,0,0,0,0,0,0,0,0,20
2025 - 2026,2026 Summer,UGRD,UGRD,Teddi,Martin,,LIST,4373,101,41,4,1,0,0,0,0,0,0,0,0,46
2025 - 2026,2026 Summer,UGRD,UGRD,Melissa,Glenn,,LIST,4374,101,16,1,1,0,0,0,0,0,0,0,0,18
2025 - 2026,2026 Summer,UGRD,UGRD,Sandra,Adams,,LIST,4376,101,58,8,3,0,1,0,0,0,0,0,0,70
2025 - 2026,2026 Summer,UGRD,UGRD,Nancy,Michael,,MAE,1312,1,7,15,9,8,6,0,0,4,6,0,0,55
2025 - 2026,2026 Summer,UGRD,UGRD,Dragos,Dancila,,MAE,2312,1,1,4,8,6,5,0,0,0,2,0,0,26
2025 - 2026,2026 Summer,UGRD,UGRD,Alan,Bowling,,MAE,2323,1,7,18,19,5,6,0,0,2,5,0,0,62
2025 - 2026,2026 Summer,UGRD,UGRD,Seiichi,Nomura,,MAE,2360,1,7,12,16,4,2,0,0,3,0,0,0,44
2025 - 2026,2026 Summer,UGRD,UGRD,Aaron,Ameri,,MAE,2381,1,14,31,19,3,0,0,0,0,0,0,0,67
2025 - 2026,2026 Summer,UGRD,UGRD,Dragos,Dancila,,MAE,3181,1,14,1,0,1,0,0,0,0,0,0,0,16
2025 - 2026,2026 Summer,UGRD,UGRD,Dragos,Dancila,,MAE,3181,2,7,2,0,0,0,0,0,1,0,0,0,10
2025 - 2026,2026 Summer,UGRD,UGRD,Thomas,Allsup,,MAE,3183,1,6,8,2,0,0,0,0,0,0,0,0,16
2025 - 2026,2026 Summer,UGRD,UGRD,Zhen Xue,Han,,MAE,3301,1,4,3,4,11,4,0,0,1,10,0,0,37
2025 - 2026,2026 Summer,UGRD,UGRD,Brian,Dennis,,MAE,3302,1,6,3,5,2,0,0,0,2,3,0,0,21
2025 - 2026,2026 Summer,UGRD,UGRD,Zhen Xue,Han,,MAE,3303,1,3,1,4,2,1,0,0,2,6,0,0,19
2025 - 2026,2026 Summer,UGRD,UGRD,Ian,Maynard,,MAE,3306,1,3,7,7,0,0,0,0,0,1,0,0,18
2025 - 2026,2026 Summer,UGRD,UGRD,Miguel,Amaya,,MAE,3309,1,9,12,10,6,6,1,0,4,2,0,0,50
2025 - 2026,2026 Summer,UGRD,UGRD,Sunand,Santhanagopalan,,MAE,3310,1,10,10,6,0,1,0,0,0,0,0,0,27
2025 - 2026,2026 Summer,UGRD,UGRD,Sneha,Vanga,,MAE,3313,1,6,8,6,1,0,0,0,0,0,0,0,21
2025 - 2026,2026 Summer,UGRD,UGRD,Miguel,Amaya,,MAE,3314,1,6,11,9,3,3,0,0,1,3,0,0,36
2025 - 2026,2026 Summer,UGRD,UGRD,Robert,Woods,,MAE,3319,1,14,23,5,1,1,0,0,0,0,0,0,44
2025 - 2026,2026 Summer,UGRD,UGRD,Sunand,Santhanagopalan,,MAE,3324,1,4,11,5,1,0,0,0,0,0,0,0,21
2025 - 2026,2026 Summer,UGRD,UGRD,Julio,Benavides,,MAE,3360,1,6,10,4,0,0,0,0,0,0,0,0,20
2025 - 2026,2026 Summer,UGRD,UGRD,Bernd,Chudoba,,MAE,4151,1,8,17,10,2,0,0,0,1,0,0,0,38
2025 - 2026,2026 Summer,UGRD,UGRD,Roberto,Medina,Robert Woods,MAE,4188,1,31,10,0,0,0,0,0,0,0,0,0,41
2025 - 2026,2026 Summer,UGRD,UGRD,Thomas,Allsup,Robert Woods,MAE,4188,1,31,10,0,0,0,0,0,0,0,0,0,41
2025 - 2026,2026 Summer,UGRD,UGRD,Panayiotis,Shiakolas,,MAE,4310,1,13,21,30,3,2,0,0,0,0,0,0,69
2025 - 2026,2026 Summer,UGRD,UGRD,Robert,Woods,Thomas Allsup,MAE,4358,1,12,11,1,0,0,0,0,0,0,0,0,24
2025 - 2026,2026 Summer,UGRD,UGRD,Mark,Clark,,MANA,1301,1,14,5,5,1,2,0,0,1,3,0,0,31
2025 - 2026,2026 Summer,UGRD,UGRD,Lori,Ramirez,,MANA,3318,1,8,14,8,0,0,0,0,0,0,0,0,30
2025 - 2026,2026 Summer,UGRD,UGRD,Correy,Retzloff,,MANA,3318,2,3,13,12,1,0,0,0,0,0,0,0,29
2025 - 2026,2026 Summer,UGRD,UGRD,Michael,Nalley,,MANA,3318,3,2,7,4,0,0,0,0,0,0,0,0,13
2025 - 2026,2026 Summer,UGRD,UGRD,Lori,Ramirez,,MANA,3318,4,8,13,10,5,3,0,0,0,0,0,0,39
2025 - 2026,2026 Summer,UGRD,UGRD,Reinhard,Janson,,MANA,3319,1,2,3,2,0,0,0,0,0,0,0,0,7
2025 - 2026,2026 Summer,UGRD,UGRD,Mark,Clark,,MANA,4322,1,16,24,13,0,0,0,0,0,0,0,0,53
2025 - 2026,2026 Summer,UGRD,UGRD,Jeffrey,McGee,,MANA,4322,5,4,16,7,0,0,0,0,0,0,0,0,27
2025 - 2026,2026 Summer,UGRD,UGRD,Lori,Ramirez,,MANA,4325,2,5,3,0,0,0,0,0,0,1,0,0,9
2025 - 2026,2026 Summer,UGRD,UGRD,Lesley,Regalado,,MANA,4326,2,37,0,1,0,0,0,0,0,0,0,0,38
2025 - 2026,2026 Summer,UGRD,UGRD,Jade,Walker,,MANA,4326,3,32,4,1,0,0,0,0,2,0,0,0,39
2025 - 2026,2026 Summer,UGRD,UGRD,Kenyatta,Dawson,,MANA,4326,4,53,4,0,1,0,0,0,1,0,0,0,59
2025 - 2026,2026 Summer,UGRD,UGRD,Lars,Johnson,,MANA,4326,5,10,19,6,1,3,0,0,1,0,0,0,40
2025 - 2026,2026 Summer,UGRD,UGRD,Myrtle,Bell,,MANA,4329,2,15,0,0,0,0,0,0,0,1,0,0,16
2025 - 2026,2026 Summer,UGRD,UGRD,Mark,Clark,,MANA,4341,2,6,25,8,4,0,0,0,0,0,0,0,43
2025 - 2026,2026 Summer,UGRD,UGRD,Lesley,Regalado,,MANA,4390,1,13,1,0,0,0,0,0,0,0,0,0,14
2025 - 2026,2026 Summer,UGRD,UGRD,Lesley,Regalado,,MANA,4393,1,0,0,0,0,0,0,7,0,0,0,0,7
2025 - 2026,2026 Summer,UGRD,UGRD,Anne,Kurzweg,,MARK,3321,31,11,35,10,4,4,0,0,0,0,0,0,64
2025 - 2026,2026 Summer,UGRD,UGRD,Traci,Freling,,MARK,3321,32,4,31,23,2,3,0,0,1,1,0,0,65
2025 - 2026,2026 Summer,UGRD,UGRD,Traci,Freling,,MARK,3323,31,13,21,4,0,1,0,0,3,0,0,0,42
2025 - 2026,2026 Summer,UGRD,UGRD,Heather,Philip,,MARK,3324,31,17,13,12,3,3,0,0,1,6,0,0,55
2025 - 2026,2026 Summer,UGRD,UGRD,Lauren,Brewer,,MARK,3370,31,24,22,5,0,1,0,0,0,2,0,0,54
2025 - 2026,2026 Summer,UGRD,UGRD,Dejan,Terzic,,MARK,3370,32,7,26,16,3,1,0,0,0,1,0,0,54
2025 - 2026,2026 Summer,UGRD,UGRD,Heather,Philip,,MARK,4310,31,7,23,13,4,2,1,0,0,4,0,0,54
2025 - 2026,2026 Summer,UGRD,UGRD,Michael,Richarme,,MARK,4311,31,6,19,9,6,3,0,0,1,1,0,0,45
2025 - 2026,2026 Summer,UGRD,UGRD,Gregory,Wicklman,,MARK,4322,1,5,11,3,0,0,0,0,0,0,0,0,19
2025 - 2026,2026 Summer,UGRD,UGRD,Anne,Kurzweg,,MARK,4325,31,15,19,7,3,1,0,0,0,1,0,0,46
2025 - 2026,2026 Summer,UGRD,UGRD,Chien,Le,,MARK,4393,1,0,0,0,0,0,0,7,0,0,0,0,7
2025 - 2026,2026 Summer,UGRD,UGRD,Xavier,Vidal,,MAS,4350,1,6,0,0,0,0,0,0,0,0,0,0,6
2025 - 2026,2026 Summer,UGRD,UGRD,Tequita,Azantilow,,MATH,1301,1,8,5,1,0,4,0,0,0,0,0,0,18
2025 - 2026,2026 Summer,UGRD,UGRD,Te'a,Riley,,MATH,1301,2,5,2,4,0,2,0,0,0,0,0,0,13
2025 - 2026,2026 Summer,UGRD,UGRD,Aida,Allen,,MATH,1301,500,60,47,15,2,15,0,0,4,8,0,0,151
2025 - 2026,2026 Summer,UGRD,UGRD,Tahani,Altaji,,MATH,1303,1,13,9,6,0,1,0,0,0,0,0,0,29
2025 - 2026,2026 Summer,UGRD,UGRD,Hollie,Dyer,,MATH,1308,88,16,19,15,3,11,0,0,4,8,0,0,76
2025 - 2026,2026 Summer,UGRD,UGRD,Brandon,Watson,,MATH,1308,100,11,14,3,4,2,0,0,2,3,0,0,39
2025 - 2026,2026 Summer,UGRD,UGRD,Charles,Nottage,,MATH,1308,200,9,7,4,2,2,0,0,0,0,0,0,24
2025 - 2026,2026 Summer,UGRD,UGRD,Kristin,Seale,,MATH,1308,500,52,49,38,6,23,0,0,7,24,0,0,199
2025 - 2026,2026 Summer,UGRD,UGRD,Richa,Rawat,,MATH,1315,1,5,15,11,3,3,1,0,0,0,0,0,38
2025 - 2026,2026 Summer,UGRD,UGRD,Ivan,Toledo,,MATH,1316,2,11,7,5,1,2,0,0,0,1,0,0,27
2025 - 2026,2026 Summer,UGRD,UGRD,Saba,Asif,,MATH,1316,3,3,9,5,4,2,0,0,2,2,0,0,27
2025 - 2026,2026 Summer,UGRD,UGRD,Erica,Bajo Calderon,,MATH,1332,1,7,12,8,1,0,0,0,0,0,0,0,28
2025 - 2026,2026 Summer,UGRD,UGRD,Don,Wilathgamuwa,,MATH,1402,100,6,9,7,4,8,0,0,2,2,0,0,38
2025 - 2026,2026 Summer,UGRD,UGRD,Tahani,Altaji,,MATH,1402,200,7,7,6,0,2,0,0,0,0,0,0,22
2025 - 2026,2026 Summer,UGRD,UGRD,Emily,Jones,,MATH,1421,100,5,3,6,3,6,0,0,1,0,0,0,24
2025 - 2026,2026 Summer,UGRD,UGRD,Juan,Silva,,MATH,1421,200,4,3,6,1,2,0,0,1,2,0,0,19
2025 - 2026,2026 Summer,UGRD,UGRD,Jeremy,Glass,,MATH,1426,88,9,17,10,11,11,0,0,7,0,0,0,65
2025 - 2026,2026 Summer,UGRD,UGRD,Maryam,Sangi,,MATH,1426,100,1,10,21,7,8,0,0,2,4,0,0,53
2025 - 2026,2026 Summer,UGRD,UGRD,Mark,Krasij,,MATH,1426,200,6,13,20,7,3,0,0,4,2,0,0,55
2025 - 2026,2026 Summer,UGRD,UGRD,Benito,Chen Charpentier,,MATH,2326,1,4,11,2,2,1,0,0,0,0,0,0,20
2025 - 2026,2026 Summer,UGRD,UGRD,Ahmed,Ali,,MATH,2326,2,21,14,9,0,0,0,0,1,3,0,0,48
2025 - 2026,2026 Summer,UGRD,UGRD,Esteban,Diaz,,MATH,2326,3,6,14,11,2,0,0,0,2,0,0,0,35
2025 - 2026,2026 Summer,UGRD,UGRD,Aaron,Doupe,,MATH,2425,100,2,5,5,1,4,0,0,1,0,0,0,18
2025 - 2026,2026 Summer,UGRD,UGRD,Richa,Roy,,MATH,2425,200,2,8,11,0,0,0,0,3,4,0,0,28
2025 - 2026,2026 Summer,UGRD,UGRD,Esteban,Diaz,,MATH,2425,300,5,13,17,3,2,0,0,3,3,0,0,46
2025 - 2026,2026 Summer,UGRD,UGRD,Daniel,Warren,,MATH,3300,3,6,4,3,3,1,0,0,0,2,0,0,19
2025 - 2026,2026 Summer,UGRD,UGRD,Kevin,Barlow,,MATH,3316,3,17,10,5,0,0,0,0,1,0,0,0,33
2025 - 2026,2026 Summer,UGRD,UGRD,Blake,Norman,,MATH,3319,1,1,3,10,9,20,0,0,4,2,0,0,49
2025 - 2026,2026 Summer,UGRD,UGRD,Mohammad,Murad,,MATH,3330,3,13,18,17,3,3,0,0,2,2,0,0,58
2025 - 2026,2026 Summer,UGRD,UGRD,Barbara,Shipman,,MATH,4303,1,8,1,2,0,0,0,0,1,0,0,0,12
2025 - 2026,2026 Summer,UGRD,UGRD,Mike,Nguyen,,MUSI,1300,1,160,10,4,0,4,0,0,0,0,0,0,178
2025 - 2026,2026 Summer,UGRD,UGRD,Veronica,Schramm,,MUSI,1300,2,76,6,3,1,3,0,0,0,1,0,0,90
2025 - 2026,2026 Summer,UGRD,UGRD,Veronica,Schramm,,MUSI,1300,3,73,9,1,0,6,0,0,1,0,0,0,90
2025 - 2026,2026 Summer,UGRD,UGRD,Nola,Preston,,MUSI,2300,1,73,2,5,0,0,0,0,0,0,0,0,80
2025 - 2026,2026 Summer,UGRD,UGRD,Adejoke,Ogidan,,NURS,3261,600,238,20,4,0,0,0,0,1,0,0,0,263
2025 - 2026,2026 Summer,UGRD,UGRD,Sandra,Westmoreland,,NURS,3309,72,78,30,7,3,2,0,0,3,1,0,0,124
2025 - 2026,2026 Summer,UGRD,UGRD,Sandra,Westmoreland,,NURS,3309,500,98,23,10,3,4,0,0,3,4,0,0,145
2025 - 2026,2026 Summer,UGRD,UGRD,Rebecca,Rountree,,NURS,3315,500,125,13,5,0,2,0,0,1,1,0,0,147
2025 - 2026,2026 Summer,UGRD,UGRD,Rebecca,Rountree,,NURS,3315,501,137,18,3,0,0,2,0,2,2,0,0,164
2025 - 2026,2026 Summer,UGRD,UGRD,Quainshonda,Suber,,NURS,3320,1,10,36,0,0,0,0,0,0,1,0,0,47
2025 - 2026,2026 Summer,UGRD,UGRD,Thomas,Dombrowsky,,NURS,3321,600,114,138,9,0,0,0,0,0,0,0,0,261
2025 - 2026,2026 Summer,UGRD,UGRD,Julie,Snow,,NURS,3322,500,104,6,2,0,0,0,0,0,1,0,0,113
2025 - 2026,2026 Summer,UGRD,UGRD,Yan,Xiao,,NURS,3322,500,104,6,2,0,0,0,0,0,1,0,0,113
2025 - 2026,2026 Summer,UGRD,UGRD,Adejoke,Ogidan,,NURS,3325,500,83,34,7,0,5,0,0,1,2,0,0,132
2025 - 2026,2026 Summer,UGRD,UGRD,Adejoke,Ogidan,,NURS,3325,501,101,32,14,3,3,0,0,1,2,0,0,156
2025 - 2026,2026 Summer,UGRD,UGRD,Christine,Roberts,,NURS,3333,72,31,3,0,0,0,0,0,0,0,0,0,34
2025 - 2026,2026 Summer,UGRD,UGRD,Christine,Roberts,,NURS,3333,600,48,8,0,0,1,0,0,1,1,0,0,59
2025 - 2026,2026 Summer,UGRD,UGRD,Cynthia,Koomey,,NURS,3335,500,100,23,4,1,2,0,0,1,1,0,0,132
2025 - 2026,2026 Summer,UGRD,UGRD,Cynthia,Koomey,,NURS,3335,501,127,23,7,1,0,0,0,2,1,0,0,161
2025 - 2026,2026 Summer,UGRD,UGRD,Agnes,Deleawe,,NURS,3345,500,121,22,4,2,2,0,0,0,2,0,0,153
2025 - 2026,2026 Summer,UGRD,UGRD,Elisa,Stehling,,NURS,3345,500,121,22,4,2,2,0,0,0,2,0,0,153
2025 - 2026,2026 Summer,UGRD,UGRD,Elisa,Stehling,,NURS,3345,501,136,27,5,2,4,1,0,0,1,0,0,176
2025 - 2026,2026 Summer,UGRD,UGRD,Markeya,Hood,,NURS,3352,500,105,23,3,1,0,0,0,0,1,0,0,133
2025 - 2026,2026 Summer,UGRD,UGRD,Markeya,Hood,,NURS,3352,501,151,29,16,0,2,0,0,0,4,0,0,202
2025 - 2026,2026 Summer,UGRD,UGRD,Kristin,Sterling,,NURS,3364,72,19,5,5,1,0,0,0,0,0,0,0,30
2025 - 2026,2026 Summer,UGRD,UGRD,Kristin,Sterling,,NURS,3364,600,111,14,3,2,4,0,0,4,1,0,0,139
2025 - 2026,2026 Summer,UGRD,UGRD,Kristin,Sterling,,NURS,3364,601,86,16,4,2,8,0,0,2,2,0,0,120
2025 - 2026,2026 Summer,UGRD,UGRD,Kelle,George,,NURS,3364,603,58,12,5,2,3,0,0,0,0,0,0,80
2025 - 2026,2026 Summer,UGRD,UGRD,Kristin,Sterling,,NURS,3364,603,58,12,5,2,3,0,0,0,0,0,0,80
2025 - 2026,2026 Summer,UGRD,UGRD,Dinah,Houston,,NURS,3365,1,17,29,0,1,0,0,0,0,0,0,0,47
2025 - 2026,2026 Summer,UGRD,UGRD,Kimberly,Mortus,Donna Davis,NURS,3366,72,1,25,9,8,7,0,0,5,5,0,0,60
2025 - 2026,2026 Summer,UGRD,UGRD,Crystal,Ramirez,Donna Davis,NURS,3366,73,1,3,0,2,0,0,0,1,0,0,0,7
2025 - 2026,2026 Summer,UGRD,UGRD,Alyssa,Peterson,,NURS,3375,500,99,13,5,1,2,0,0,1,1,0,0,122
2025 - 2026,2026 Summer,UGRD,UGRD,Leslie,Jennings,,NURS,3375,500,99,13,5,1,2,0,0,1,1,0,0,122
2025 - 2026,2026 Summer,UGRD,UGRD,Alyssa,Peterson,,NURS,3375,501,139,19,6,0,0,0,0,0,3,0,0,167
2025 - 2026,2026 Summer,UGRD,UGRD,Leslie,Jennings,,NURS,3375,501,139,19,6,0,0,0,0,0,3,0,0,167
2025 - 2026,2026 Summer,UGRD,UGRD,Susan,Justice,,NURS,3381,600,73,62,2,1,0,0,0,0,0,0,0,138
2025 - 2026,2026 Summer,UGRD,UGRD,Susan,Justice,,NURS,3381,601,87,35,0,0,0,0,0,0,0,0,0,122
2025 - 2026,2026 Summer,UGRD,UGRD,Deborah,Hansford,,NURS,3385,72,10,0,0,0,0,0,0,0,0,0,0,10
2025 - 2026,2026 Summer,UGRD,UGRD,Leslie,Jennings,,NURS,3385,72,10,0,0,0,0,0,0,0,0,0,0,10
2025 - 2026,2026 Summer,UGRD,UGRD,Paula,Wyman,Caren Brown; Charee Cash; Charlyn Gilmore; Katie McLean; Sohyun Kim; Tarshula Campbell-Pierre; Thomas Dombrowsky,NURS,3632,1,8,31,6,1,0,0,0,0,1,0,0,47
2025 - 2026,2026 Summer,UGRD,UGRD,Donna,Cleary,,NURS,3661,600,42,83,12,1,0,0,0,0,0,0,0,138
2025 - 2026,2026 Summer,UGRD,UGRD,Janet,Makori,,NURS,3661,600,42,83,12,1,0,0,0,0,0,0,0,138
2025 - 2026,2026 Summer,UGRD,UGRD,Donna,Cleary,,NURS,3661,601,46,73,3,0,0,0,0,0,0,0,0,122
2025 - 2026,2026 Summer,UGRD,UGRD,Janet,Makori,,NURS,3661,601,46,73,3,0,0,0,0,0,0,0,0,122
2025 - 2026,2026 Summer,UGRD,UGRD,Rhonda,Hudson,,NURS,4199,600,256,27,3,1,0,0,0,1,0,0,0,288
2025 - 2026,2026 Summer,UGRD,UGRD,Kelley,Monroe,,NURS,4323,72,43,4,0,0,0,0,0,0,0,0,0,47
2025 - 2026,2026 Summer,UGRD,UGRD,Regina,Urban,,NURS,4325,500,42,71,20,2,0,0,0,3,7,0,0,145
2025 - 2026,2026 Summer,UGRD,UGRD,Thomas,Dombrowsky,,NURS,4325,500,42,71,20,2,0,0,0,3,7,0,0,145
2025 - 2026,2026 Summer,UGRD,UGRD,Regina,Urban,,NURS,4325,501,46,73,14,1,1,0,0,2,5,0,0,142
2025 - 2026,2026 Summer,UGRD,UGRD,Thomas,Dombrowsky,,NURS,4325,501,46,73,14,1,1,0,0,2,5,0,0,142
2025 - 2026,2026 Summer,UGRD,UGRD,Tara,Martin,,NURS,4331,600,39,75,17,2,0,0,0,1,0,0,0,134
2025 - 2026,2026 Summer,UGRD,UGRD,Tara,Martin,,NURS,4331,601,39,101,14,0,0,0,0,0,1,0,0,155
2025 - 2026,2026 Summer,UGRD,UGRD,Rebecca,Rountree,,NURS,4341,600,81,71,2,1,0,0,0,1,0,0,0,156
2025 - 2026,2026 Summer,UGRD,UGRD,Rebecca,Rountree,,NURS,4341,601,65,61,6,0,1,0,0,0,0,0,0,133
2025 - 2026,2026 Summer,UGRD,UGRD,Alyssa,Peterson,Amy Hiett; Andrea Nutting; Donna Davis; Gloria-Grace Rose,NURS,4350,1,0,0,0,0,0,0,12,0,0,0,0,12
2025 - 2026,2026 Summer,UGRD,UGRD,Donna,Davis,Gloria-Grace Rose,NURS,4350,2,0,0,0,0,0,0,12,0,0,0,0,12
2025 - 2026,2026 Summer,UGRD,UGRD,Andrea,Nutting,Gloria-Grace Rose,NURS,4350,3,0,0,0,0,0,0,11,0,0,0,0,11
2025 - 2026,2026 Summer,UGRD,UGRD,Amy,Hiett,Gloria-Grace Rose,NURS,4350,4,0,0,0,0,0,0,12,0,0,0,0,12
2025 - 2026,2026 Summer,UGRD,UGRD,Courtney,Johnson,,NURS,4351,1,43,4,0,0,0,0,0,0,0,0,0,47
2025 - 2026,2026 Summer,UGRD,UGRD,Rebecca,Mathews,,NURS,4455,500,117,15,6,2,0,0,0,0,1,0,0,141
2025 - 2026,2026 Summer,UGRD,UGRD,Rebecca,Mathews,,NURS,4455,501,105,36,10,1,0,0,0,2,6,0,0,160
2025 - 2026,2026 Summer,UGRD,UGRD,Lacy,Chandler,Andrea Nutting; Janet Makori; Karen Liddy; Trevor Richards,NURS,4462,1,47,0,0,0,0,0,0,0,0,0,0,47
2025 - 2026,2026 Summer,UGRD,UGRD,Shayla,Buckler,,NURS,4465,500,119,22,2,1,1,0,0,0,1,0,0,146
2025 - 2026,2026 Summer,UGRD,UGRD,Shayla,Buckler,,NURS,4465,501,116,25,8,0,0,0,0,1,4,0,0,154
2025 - 2026,2026 Summer,UGRD,UGRD,Crystal,Ramirez,,NURS,4581,600,44,77,39,7,2,0,0,1,1,0,0,171
2025 - 2026,2026 Summer,UGRD,UGRD,Kirsti,Landels,,NURS,4581,600,44,77,39,7,2,0,0,1,1,0,0,171
2025 - 2026,2026 Summer,UGRD,UGRD,Crystal,Ramirez,,NURS,4581,601,39,65,26,2,0,0,0,0,1,0,0,133
2025 - 2026,2026 Summer,UGRD,UGRD,Kirsti,Landels,,NURS,4581,601,39,65,26,2,0,0,0,0,1,0,0,133
2025 - 2026,2026 Summer,UGRD,UGRD,Fatoumata,Jallow,,NURS,4685,500,104,30,1,0,0,0,0,0,1,0,0,136
2025 - 2026,2026 Summer,UGRD,UGRD,Fatoumata,Jallow,,NURS,4685,501,104,32,2,0,0,0,0,0,0,0,0,138
2025 - 2026,2026 Summer,UGRD,UGRD,Mary,Mancini,,NURS-EL,3300,500,0,0,0,0,1,0,69,2,1,0,0,73
2025 - 2026,2026 Summer,UGRD,UGRD,Jennifer,Roye,,NURS-HI,3358,72,10,4,1,0,0,0,0,0,1,0,0,16
2025 - 2026,2026 Summer,UGRD,UGRD,Ahmad,Hamdan,,NURS-SS,2232,600,12,0,0,0,0,0,0,0,0,0,0,12
2025 - 2026,2026 Summer,UGRD,UGRD,Christine,Roberts,,NURS-SS,2232,600,12,0,0,0,0,0,0,0,0,0,0,12
2025 - 2026,2026 Summer,UGRD,UGRD,Donna,Davis,,NURS-UL,3366,600,28,53,18,12,8,0,0,12,11,0,0,142
2025 - 2026,2026 Summer,UGRD,UGRD,Donna,Davis,,NURS-UL,3366,601,21,42,15,17,15,1,0,10,13,0,0,134
2025 - 2026,2026 Summer,UGRD,UGRD,Kimberly,Mortus,,NURS-UL,3366,601,21,42,15,17,15,1,0,10,13,0,0,134
2025 - 2026,2026 Summer,UGRD,GRAD,Leigh,Griffis-Cogan,,NURSG,5327,400,17,4,0,0,0,0,0,0,0,0,0,21
2025 - 2026,2026 Summer,UGRD,GRAD,Leigh,Griffis-Cogan,,NURSG,5327,401,8,1,0,0,0,0,0,0,0,0,0,9
2025 - 2026,2026 Summer,UGRD,GRAD,Michelle,Hampton,,NURSG,5366,400,10,1,1,0,0,0,0,0,0,0,0,12
2025 - 2026,2026 Summer,UGRD,GRAD,Michelle,Hampton,,NURSG,5366,401,13,6,1,0,0,0,0,0,0,0,0,20
2025 - 2026,2026 Summer,UGRD,UGRD,Rebecca,Rountree,,NURSU,3315,500,18,2,0,0,0,0,0,0,1,0,0,21
2025 - 2026,2026 Summer,UGRD,UGRD,Rebecca,Rountree,,NURSU,3315,501,25,1,0,0,0,0,0,0,0,0,0,26
2025 - 2026,2026 Summer,UGRD,UGRD,Adejoke,Ogidan,,NURSU,3325,500,30,1,0,0,0,0,0,0,0,0,0,31
2025 - 2026,2026 Summer,UGRD,UGRD,Adejoke,Ogidan,,NURSU,3325,501,19,5,0,0,0,0,0,0,0,0,0,24
2025 - 2026,2026 Summer,UGRD,UGRD,Cynthia,Koomey,,NURSU,3335,500,22,5,0,1,0,0,0,0,0,0,0,28
2025 - 2026,2026 Summer,UGRD,UGRD,Cynthia,Koomey,,NURSU,3335,501,23,0,1,0,1,0,0,0,0,0,0,25
2025 - 2026,2026 Summer,UGRD,UGRD,Agnes,Deleawe,,NURSU,3345,500,18,2,0,0,0,0,0,0,0,0,0,20
2025 - 2026,2026 Summer,UGRD,UGRD,Elisa,Stehling,,NURSU,3345,500,18,2,0,0,0,0,0,0,0,0,0,20
2025 - 2026,2026 Summer,UGRD,UGRD,Elisa,Stehling,,NURSU,3345,501,28,2,0,0,0,0,0,0,0,0,0,30
2025 - 2026,2026 Summer,UGRD,UGRD,Markeya,Hood,,NURSU,3352,501,17,3,0,0,1,0,0,0,0,0,0,21
2025 - 2026,2026 Summer,UGRD,UGRD,Alyssa,Peterson,,NURSU,3375,500,19,2,0,0,0,0,0,0,0,0,0,21
2025 - 2026,2026 Summer,UGRD,UGRD,Leslie,Jennings,,NURSU,3375,500,19,2,0,0,0,0,0,0,0,0,0,21
2025 - 2026,2026 Summer,UGRD,UGRD,Alyssa,Peterson,,NURSU,3375,501,20,2,0,0,0,0,0,0,0,0,0,22
2025 - 2026,2026 Summer,UGRD,UGRD,Leslie,Jennings,,NURSU,3375,501,20,2,0,0,0,0,0,0,0,0,0,22
2025 - 2026,2026 Summer,UGRD,UGRD,Regina,Urban,,NURSU,4325,500,7,9,1,0,1,0,0,0,3,0,0,21
2025 - 2026,2026 Summer,UGRD,UGRD,Thomas,Dombrowsky,,NURSU,4325,500,7,9,1,0,1,0,0,0,3,0,0,21
2025 - 2026,2026 Summer,UGRD,UGRD,Regina,Urban,,NURSU,4325,501,12,14,2,0,0,0,0,1,0,0,0,29
2025 - 2026,2026 Summer,UGRD,UGRD,Thomas,Dombrowsky,,NURSU,4325,501,12,14,2,0,0,0,0,1,0,0,0,29
2025 - 2026,2026 Summer,UGRD,UGRD,Rebecca,Mathews,,NURSU,4455,500,12,4,1,0,0,0,0,0,0,0,0,17
2025 - 2026,2026 Summer,UGRD,UGRD,Rebecca,Mathews,,NURSU,4455,501,17,8,0,0,1,0,0,0,0,0,0,26
2025 - 2026,2026 Summer,UGRD,UGRD,Shayla,Buckler,,NURSU,4465,500,19,0,0,0,0,0,0,0,1,0,0,20
2025 - 2026,2026 Summer,UGRD,UGRD,Shayla,Buckler,,NURSU,4465,501,22,6,1,0,0,0,0,0,1,0,0,30
2025 - 2026,2026 Summer,UGRD,UGRD,Fatoumata,Jallow,,NURSU,4685,500,7,0,0,0,0,0,0,0,0,0,0,7
2025 - 2026,2026 Summer,UGRD,UGRD,Fatoumata,Jallow,,NURSU,4685,501,20,1,0,0,0,0,0,0,0,0,0,21
2025 - 2026,2026 Summer,UGRD,UGRD,Samaneh,Samiee,,OPMA,3306,2,14,31,14,1,2,0,0,0,1,0,0,63
2025 - 2026,2026 Summer,UGRD,UGRD,Luke,Roelofs,,PHIL,2300,1,14,10,2,1,0,0,0,0,1,0,0,28
2025 - 2026,2026 Summer,UGRD,UGRD,Peter,Zuk,,PHIL,2300,3,14,1,0,0,0,0,0,0,0,0,0,15
2025 - 2026,2026 Summer,UGRD,UGRD,Madhab,Pokhrel,,PHYS,1441,1,26,26,17,3,3,1,0,3,5,0,0,84
2025 - 2026,2026 Summer,UGRD,UGRD,Fajer,Jaafari,,PHYS,1442,1,19,22,17,3,4,0,0,1,0,0,0,66
2025 - 2026,2026 Summer,UGRD,UGRD,Muhammad,Huda,,PHYS,1443,1,7,4,3,1,0,0,0,1,1,0,0,17
2025 - 2026,2026 Summer,UGRD,UGRD,Varghese Anto,Chirayath,,PHYS,1443,1,30,19,6,1,0,0,0,2,0,0,0,58
2025 - 2026,2026 Summer,UGRD,UGRD,Amir,Farbin,,PHYS,1444,1,5,10,2,1,0,0,0,2,0,0,0,20
2025 - 2026,2026 Summer,UGRD,UGRD,Joseph,Ngai,,PHYS,1444,1,6,15,14,0,1,0,0,3,1,0,0,40
2025 - 2026,2026 Summer,UGRD,UGRD,Vanessa,Delgado,,PLAN,1301,1,7,0,1,0,0,0,0,0,1,0,0,9
2025 - 2026,2026 Summer,UGRD,UGRD,Mahdis,Hamisi,,PLAN,3301,201,24,1,0,0,1,0,0,0,0,0,0,26
2025 - 2026,2026 Summer,UGRD,UGRD,Luis,Macias Barrientos,,PLAN,4310,201,10,1,0,0,0,0,0,0,0,0,0,11
2025 - 2026,2026 Summer,UGRD,UGRD,Aisha,Owusu,,PLAN,4320,102,9,0,0,0,0,0,0,0,0,0,0,9
2025 - 2026,2026 Summer,UGRD,UGRD,Jessica,Suma,,PLAN,4356,201,8,2,0,0,5,0,0,0,1,0,0,16
2025 - 2026,2026 Summer,UGRD,UGRD,Tongbin,Qu,,PLAN,4395,102,10,1,0,0,0,0,0,0,0,0,0,11
2025 - 2026,2026 Summer,UGRD,UGRD,Gregg,Gleichert,,POLS,2311,2,170,15,5,3,7,0,0,5,1,0,0,206
2025 - 2026,2026 Summer,UGRD,UGRD,Gregg,Gleichert,,POLS,2311,700,116,8,3,0,3,1,0,2,0,0,0,133
2025 - 2026,2026 Summer,UGRD,UGRD,Matthew,Nowlin,,POLS,2312,2,102,34,8,3,1,0,0,2,1,0,0,151
2025 - 2026,2026 Summer,UGRD,UGRD,Thomas,Little,,POLS,2312,2,137,40,9,6,6,0,0,1,1,0,0,200
2025 - 2026,2026 Summer,UGRD,UGRD,Matthew,Nowlin,,POLS,2312,3,94,27,11,8,2,0,0,0,3,0,0,145
2025 - 2026,2026 Summer,UGRD,UGRD,Stephanie,Carter,,POLS,2312,3,125,7,2,2,7,0,0,1,0,0,0,144
2025 - 2026,2026 Summer,UGRD,UGRD,Stephanie,Carter,,POLS,2312,4,78,5,3,3,7,0,0,1,0,0,0,97
2025 - 2026,2026 Summer,UGRD,UGRD,Thomas,Little,,POLS,2312,700,128,29,4,0,1,0,0,2,0,0,0,164
2025 - 2026,2026 Summer,UGRD,UGRD,Kimberly,Caraway,,POLS,2610,1,13,4,0,0,0,0,0,0,0,0,0,17
2025 - 2026,2026 Summer,UGRD,UGRD,Brent,Sasley,,POLS,3328,1,13,2,3,3,1,0,0,1,2,0,0,25
2025 - 2026,2026 Summer,UGRD,UGRD,Brent,Sasley,,POLS,4393,1,5,0,0,0,0,1,0,0,0,0,0,6
2025 - 2026,2026 Summer,UGRD,UGRD,Rachel,Baldridge,,PSYC,1315,1,41,16,7,0,8,22,0,2,1,0,0,97
2025 - 2026,2026 Summer,UGRD,UGRD,Nicholas,Smith,,PSYC,1315,700,48,1,0,0,1,0,0,0,0,0,0,50
2025 - 2026,2026 Summer,UGRD,UGRD,Alan,Hernandez,,PSYC,2300,1,5,8,4,0,1,0,0,0,0,0,0,18
2025 - 2026,2026 Summer,UGRD,UGRD,Patrick,Rolwes,,PSYC,3200,1,40,6,0,0,0,0,0,0,0,0,0,46
2025 - 2026,2026 Summer,UGRD,UGRD,Erin,Austin,,PSYC,3300,2,18,18,8,2,4,0,0,1,0,0,0,51
2025 - 2026,2026 Summer,UGRD,UGRD,Erin,Austin,,PSYC,3310,1,92,10,4,0,1,0,0,1,0,0,0,108
2025 - 2026,2026 Summer,UGRD,UGRD,Erin,Austin,,PSYC,3310,700,78,12,2,3,3,0,0,1,0,0,0,99
2025 - 2026,2026 Summer,UGRD,UGRD,Rachel,Baldridge,,PSYC,3313,1,12,0,0,0,0,0,0,0,0,0,0,12
2025 - 2026,2026 Summer,UGRD,UGRD,Rachel,Baldridge,,PSYC,3315,1,25,7,1,2,1,0,0,0,0,0,0,36
2025 - 2026,2026 Summer,UGRD,UGRD,Bonnie,Laster,,PSYC,3318,2,53,29,15,2,2,0,0,0,3,0,0,104
2025 - 2026,2026 Summer,UGRD,UGRD,Amandeep,Dhaliwal,,PSYC,3322,2,6,16,26,4,1,0,0,0,3,0,0,56
2025 - 2026,2026 Summer,UGRD,UGRD,Bonnie,Laster,,PSYC,3334,6,43,12,4,3,4,0,0,0,0,0,0,66
2025 - 2026,2026 Summer,UGRD,UGRD,Elias,Chandarlis,,PSYC,4412,1,16,0,0,0,0,0,0,0,0,0,0,16
2025 - 2026,2026 Summer,UGRD,UGRD,Steve,Isbell,,REAE,3325,1,46,38,4,0,0,0,0,0,2,0,0,90
2025 - 2026,2026 Summer,UGRD,UGRD,Steve,Isbell,,REAE,4314,2,7,6,1,0,0,0,0,0,0,0,0,14
2025 - 2026,2026 Summer,UGRD,UGRD,Gregory,Hale,,SCIE,3301,300,7,10,7,2,2,0,0,0,0,0,0,28
2025 - 2026,2026 Summer,UGRD,UGRD,Steven,Gellman,,SCIE,4392,1,16,0,0,0,0,0,0,0,0,0,0,16
2025 - 2026,2026 Summer,UGRD,UGRD,David,Arditi,,SOCI,1310,1,43,39,11,3,13,1,0,1,3,0,0,114
2025 - 2026,2026 Summer,UGRD,UGRD,Lauren,Dent,,SOCI,1310,700,57,4,1,0,0,0,0,1,0,0,0,63
2025 - 2026,2026 Summer,UGRD,UGRD,Mary,Hanson-Evans,,SOCI,1311,1,66,5,1,1,4,0,0,2,0,0,0,79
2025 - 2026,2026 Summer,UGRD,UGRD,Dorothy,Kalanzi,,SOCI,1311,700,91,3,2,0,4,0,0,3,0,0,0,103
2025 - 2026,2026 Summer,UGRD,UGRD,Lilian,Chavez,,SOCI,3336,1,35,11,2,1,3,1,0,0,2,0,0,55
2025 - 2026,2026 Summer,UGRD,UGRD,Krystal,Beamon,,SOCI,3337,1,50,5,2,1,1,0,0,1,0,0,0,60
2025 - 2026,2026 Summer,UGRD,UGRD,Srabastee,De Bhaumik,,SOCW,2302,5,7,6,0,0,0,0,0,0,0,0,0,13
2025 - 2026,2026 Summer,UGRD,UGRD,Traneika,Turner-Wentt,,SOCW,2302,6,17,1,1,1,1,0,0,1,1,0,0,23
2025 - 2026,2026 Summer,UGRD,UGRD,Traneika,Turner-Wentt,,SOCW,2302,8,6,2,0,0,1,0,0,0,0,0,0,9
2025 - 2026,2026 Summer,UGRD,UGRD,Christina,Mecca,,SOCW,2361,6,12,2,2,0,2,0,0,1,0,0,0,19
2025 - 2026,2026 Summer,UGRD,UGRD,Tiara,Okoruwa,,SOCW,3300,4,19,1,1,0,0,0,0,1,1,0,0,23
2025 - 2026,2026 Summer,UGRD,UGRD,Humaun,Kabir,,SOCW,3303,2,6,1,0,0,0,0,0,0,0,0,0,7
2025 - 2026,2026 Summer,UGRD,UGRD,Herman,Agboh,,SOCW,3303,3,18,2,3,0,2,0,0,0,0,0,0,25
2025 - 2026,2026 Summer,UGRD,UGRD,Diana,Pryor,,SOCW,3306,2,23,5,0,0,0,0,0,0,0,0,0,28
2025 - 2026,2026 Summer,UGRD,UGRD,Kelli,Rogers,,SOCW,3306,4,13,5,0,0,1,0,0,0,1,0,0,20
2025 - 2026,2026 Summer,UGRD,UGRD,Stephen,Silva,,SOCW,3307,6,17,3,0,0,1,0,0,0,0,0,0,21
2025 - 2026,2026 Summer,UGRD,UGRD,Jasmine,Davis,,SOCW,3307,8,14,4,0,1,2,0,0,2,0,0,0,23
2025 - 2026,2026 Summer,UGRD,UGRD,Rachel,Stankus,,SOCW,3308,1,8,0,0,0,0,0,0,0,0,0,0,8
2025 - 2026,2026 Summer,UGRD,UGRD,Soeun,Jang,,SOCW,3308,8,12,2,2,0,1,0,0,0,0,0,0,17
2025 - 2026,2026 Summer,UGRD,UGRD,Esmeralda,Rubalcava Hernandez,,SOCW,3308,16,11,1,0,1,0,0,0,1,0,0,0,14
2025 - 2026,2026 Summer,UGRD,UGRD,Stephanie,Bonilla,,SOCW,3309,2,9,1,0,0,0,0,0,0,0,0,0,10
2025 - 2026,2026 Summer,UGRD,UGRD,Jordan,Lloyd,,SOCW,3309,6,12,0,1,0,0,0,0,0,0,0,0,13
2025 - 2026,2026 Summer,UGRD,UGRD,Jordan,Lloyd,,SOCW,3309,8,7,0,0,1,0,0,0,0,0,0,0,8
2025 - 2026,2026 Summer,UGRD,UGRD,Darlene,Hunter,,SOCW,3312,6,11,9,3,0,0,0,0,0,1,0,0,24
2025 - 2026,2026 Summer,UGRD,UGRD,Derelle,Walker,,SOCW,3312,8,14,4,3,1,2,0,0,1,0,0,0,25
2025 - 2026,2026 Summer,UGRD,UGRD,Esmeralda,Rubalcava Hernandez,,SOCW,3314,6,23,1,0,0,0,0,0,0,0,0,0,24
2025 - 2026,2026 Summer,UGRD,UGRD,Stephanie,Bonilla,,SOCW,3320,6,16,2,1,2,1,0,0,0,1,0,0,23
2025 - 2026,2026 Summer,UGRD,UGRD,Stephanie,Bonilla,,SOCW,4310,6,16,11,0,1,1,0,0,0,0,0,0,29
2025 - 2026,2026 Summer,UGRD,UGRD,Tasha,Pelletier,,SOCW,4310,8,15,2,0,0,0,0,0,0,0,0,0,17
2025 - 2026,2026 Summer,UGRD,UGRD,Karla,Arenas-Itotia,,SOCW,4314,6,19,0,0,3,0,0,0,1,0,0,0,23
2025 - 2026,2026 Summer,UGRD,UGRD,Karla,Arenas-Itotia,,SOCW,4314,8,18,7,2,1,2,0,0,0,0,0,0,30
2025 - 2026,2026 Summer,UGRD,UGRD,Kathy,Siepker,,SOCW,4335,6,17,2,0,0,1,0,0,0,1,0,0,21
2025 - 2026,2026 Summer,UGRD,UGRD,Brittany,Baker,,SOCW,4344,6,24,3,0,0,0,0,0,1,2,0,0,30
2025 - 2026,2026 Summer,UGRD,UGRD,Morgan,PettyJohn,,SOCW,4366,6,11,8,2,0,3,0,0,0,0,0,0,24
2025 - 2026,2026 Summer,UGRD,UGRD,Cindy,Bassey,,SOCW,4451,101,25,2,0,0,0,1,0,0,0,0,0,28
2025 - 2026,2026 Summer,UGRD,UGRD,Lauren,O'Leary,,SOCW,4451,101,25,2,0,0,0,1,0,0,0,0,0,28
2025 - 2026,2026 Summer,UGRD,UGRD,Melissa,Pollock,,SOCW,4451,101,25,2,0,0,0,1,0,0,0,0,0,28
2025 - 2026,2026 Summer,UGRD,UGRD,Olivia,Cruse,,SOCW,4451,101,25,2,0,0,0,1,0,0,0,0,0,28
2025 - 2026,2026 Summer,UGRD,UGRD,Cindy,Bassey,,SOCW,4452,101,29,1,1,0,0,0,0,0,0,0,0,31
2025 - 2026,2026 Summer,UGRD,UGRD,Jamie,English,,SOCW,4452,101,29,1,1,0,0,0,0,0,0,0,0,31
2025 - 2026,2026 Summer,UGRD,UGRD,Latoya,Hogg,,SOCW,4452,101,29,1,1,0,0,0,0,0,0,0,0,31
2025 - 2026,2026 Summer,UGRD,UGRD,Hailey,Carson,,SOCW,4455,101,28,2,0,0,1,2,0,0,0,0,0,33
2025 - 2026,2026 Summer,UGRD,UGRD,Melissa,Flores,,SOCW,4455,101,28,2,0,0,1,2,0,0,0,0,0,33
2025 - 2026,2026 Summer,UGRD,UGRD,Melissa,Pollock,,SOCW,4455,101,28,2,0,0,1,2,0,0,0,0,0,33
2025 - 2026,2026 Summer,UGRD,UGRD,Hailey,Carson,,SOCW,4456,101,28,2,1,0,0,2,0,0,0,0,0,33
2025 - 2026,2026 Summer,UGRD,UGRD,Melissa,Flores,,SOCW,4456,101,28,2,1,0,0,2,0,0,0,0,0,33
2025 - 2026,2026 Summer,UGRD,UGRD,Melissa,Pollock,,SOCW,4456,101,28,2,1,0,0,2,0,0,0,0,0,33
2025 - 2026,2026 Summer,UGRD,UGRD,Cindy,Bassey,,SOCW,4551,1,24,3,0,0,0,1,0,0,0,0,0,28
2025 - 2026,2026 Summer,UGRD,UGRD,Lauren,O'Leary,,SOCW,4551,1,24,3,0,0,0,1,0,0,0,0,0,28
2025 - 2026,2026 Summer,UGRD,UGRD,Melissa,Pollock,,SOCW,4551,1,24,3,0,0,0,1,0,0,0,0,0,28
2025 - 2026,2026 Summer,UGRD,UGRD,Olivia,Cruse,,SOCW,4551,1,24,3,0,0,0,1,0,0,0,0,0,28
2025 - 2026,2026 Summer,UGRD,UGRD,Cindy,Bassey,,SOCW,4552,1,29,1,1,0,0,0,0,0,0,0,0,31
2025 - 2026,2026 Summer,UGRD,UGRD,Jamie,English,,SOCW,4552,1,29,1,1,0,0,0,0,0,0,0,0,31
2025 - 2026,2026 Summer,UGRD,UGRD,Latoya,Hogg,,SOCW,4552,1,29,1,1,0,0,0,0,0,0,0,0,31
2025 - 2026,2026 Summer,UGRD,UGRD,Hailey,Carson,,SOCW,4555,1,28,2,1,0,0,2,0,0,0,0,0,33
2025 - 2026,2026 Summer,UGRD,UGRD,Melissa,Flores,,SOCW,4555,1,28,2,1,0,0,2,0,0,0,0,0,33
2025 - 2026,2026 Summer,UGRD,UGRD,Melissa,Pollock,,SOCW,4555,1,28,2,1,0,0,2,0,0,0,0,0,33
2025 - 2026,2026 Summer,UGRD,UGRD,Hailey,Carson,,SOCW,4556,1,29,2,0,0,0,2,0,0,0,0,0,33
2025 - 2026,2026 Summer,UGRD,UGRD,Melissa,Flores,,SOCW,4556,1,29,2,0,0,0,2,0,0,0,0,0,33
2025 - 2026,2026 Summer,UGRD,UGRD,Melissa,Pollock,,SOCW,4556,1,29,2,0,0,0,2,0,0,0,0,0,33
2025 - 2026,2026 Summer,UGRD,UGRD,Sebastian,Munoz Ruz,,SPAN,1441,1,9,7,9,3,2,0,0,1,0,0,0,31
2025 - 2026,2026 Summer,UGRD,UGRD,David,Hervas,,SPAN,1441,2,16,7,6,0,0,0,0,1,0,0,0,30
2025 - 2026,2026 Summer,UGRD,UGRD,Angela,Garner,,SPAN,1442,1,16,8,2,0,0,0,0,0,3,0,0,29
2025 - 2026,2026 Summer,UGRD,UGRD,Rosa,Tellez,,SPAN,1442,2,27,1,0,0,1,0,0,0,0,0,0,29
2025 - 2026,2026 Summer,UGRD,UGRD,Vicente Jose,Iranzo Banuls,,SPAN,2313,1,4,1,0,0,2,0,0,1,2,0,0,10
2025 - 2026,2026 Summer,UGRD,UGRD,Sebastian,Munoz Ruz,,SPAN,3309,1,10,9,1,0,0,0,0,1,1,0,0,22
2025 - 2026,2026 Summer,UGRD,UGRD,Vicente Jose,Iranzo Banuls,,SPAN,3313,1,6,5,0,0,0,0,0,0,0,0,0,11
2025 - 2026,2026 Summer,UGRD,UGRD,David,Hervas,,SPAN,3315,1,7,6,0,0,0,0,0,0,0,0,0,13
2025 - 2026,2026 Summer,UGRD,UGRD,Donald,Schuman,,SUT,3319,1,3,2,0,0,2,0,0,0,0,0,0,7
2025 - 2026,2026 Summer,UGRD,UGRD,Laurel,Whitsett,,THEA,1342,1,21,3,0,0,0,0,0,1,0,0,0,25
2025 - 2026,2026 Summer,UGRD,UGRD,Tyler,Haws,,THEA,1342,1,32,1,1,0,1,0,0,0,0,0,0,35
2025 - 2026,2026 Summer,UGRD,UGRD,Felicia,Bertch,,THEA,1342,2,26,5,0,0,3,0,0,1,0,0,0,35
2025 - 2026,2026 Summer,UGRD,UGRD,Kelley,Smith,,THEA,1342,3,23,0,1,0,0,0,0,0,0,0,0,24
2025 - 2026,2026 Summer,UGRD,UGRD,Kelley,Smith,,THEA,1342,10,31,1,2,0,2,0,0,0,0,0,0,36
2025 - 2026,2026 Summer,UGRD,UGRD,Kelley,Smith,,THEA,1343,1,14,3,0,0,0,0,0,0,0,0,0,17
