Academic Year,Term,Academic Career,Course Career,Primary Instructor First Name,Primary Instructor Last Name,Non Primary Instructors,Subject,Catalog Number,Section Number,A,B,C,D,F,I,P,Q,W,Z,R,Total Grades
2025 - 2026,2026 Spring,GRAD,UGRD,Cheryl,Prachyl,,ACCT,2301,6,6,12,22,14,3,0,0,0,5,0,0,62
2025 - 2026,2026 Spring,GRAD,UGRD,Joshua,Vali,,ACCT,2301,7,6,13,23,6,3,0,0,2,3,0,0,56
2025 - 2026,2026 Spring,GRAD,UGRD,Jeffrey,Austin,,ACCT,2301,8,10,20,19,7,2,0,0,0,1,0,0,59
2025 - 2026,2026 Spring,GRAD,UGRD,Martin,Deatherage,,ACCT,2302,4,5,20,22,5,7,0,0,0,2,0,0,61
2025 - 2026,2026 Spring,GRAD,UGRD,Michael,Prachyl,,ACCT,2302,5,3,11,21,7,5,0,0,2,4,0,0,53
2025 - 2026,2026 Spring,GRAD,UGRD,Kelly,Gebhart,,ACCT,3315,1,12,14,9,3,1,0,0,0,4,0,0,43
2025 - 2026,2026 Spring,GRAD,GRAD,Nicholas,Mitchell,,ACCT,5133,1,7,1,1,0,0,0,0,0,0,0,0,9
2025 - 2026,2026 Spring,GRAD,GRAD,Xiaojing,Li,,ACCT,5301,70,45,5,0,0,0,0,0,0,0,0,0,50
2025 - 2026,2026 Spring,GRAD,GRAD,Xiaojing,Li,,ACCT,5301,71,33,17,0,0,0,0,0,0,0,0,0,50
2025 - 2026,2026 Spring,GRAD,GRAD,Xiaojing,Li,,ACCT,5301,72,45,5,0,0,0,0,0,0,0,0,0,50
2025 - 2026,2026 Spring,GRAD,GRAD,Bin,Srinidhi,,ACCT,5307,2,9,9,3,0,0,0,0,0,3,0,0,24
2025 - 2026,2026 Spring,GRAD,GRAD,Martin,Deatherage,,ACCT,5307,60,22,17,3,0,0,0,0,0,0,0,0,42
2025 - 2026,2026 Spring,GRAD,GRAD,Jianhua,Liu,,ACCT,5307,70,22,32,0,0,0,0,0,0,3,0,0,57
2025 - 2026,2026 Spring,GRAD,GRAD,Li-Chin,Ho,,ACCT,5307,71,9,9,0,0,0,0,0,0,0,0,0,18
2025 - 2026,2026 Spring,GRAD,GRAD,Nicholas,Mitchell,,ACCT,5311,1,2,2,1,2,2,0,0,0,3,0,0,12
2025 - 2026,2026 Spring,GRAD,GRAD,Loretta,Dollar,,ACCT,5314,1,1,7,0,0,1,0,0,0,0,0,0,9
2025 - 2026,2026 Spring,GRAD,GRAD,Meng,Li,,ACCT,5316,1,3,3,0,0,0,0,0,0,0,0,0,6
2025 - 2026,2026 Spring,GRAD,GRAD,Cheryl,Prachyl,,ACCT,5319,1,1,1,7,1,0,0,0,0,2,0,0,12
2025 - 2026,2026 Spring,GRAD,GRAD,Cheryl,Prachyl,,ACCT,5321,1,6,10,0,0,0,0,0,0,0,0,0,16
2025 - 2026,2026 Spring,GRAD,GRAD,Stephanie,Rasmussen,,ACCT,5323,1,5,3,0,0,0,0,0,0,0,0,0,8
2025 - 2026,2026 Spring,GRAD,GRAD,Sandra,Henderson,,ACCT,5329,1,4,10,2,0,0,0,0,0,0,0,0,16
2025 - 2026,2026 Spring,GRAD,GRAD,Sandra,Henderson,,ACCT,5335,1,14,7,0,0,0,0,0,0,0,0,0,21
2025 - 2026,2026 Spring,GRAD,GRAD,Bethane,Hall,,ACCT,5340,1,5,4,3,1,0,0,0,0,2,0,0,15
2025 - 2026,2026 Spring,GRAD,GRAD,Lee,Schwemer,,ACCT,5347,1,8,0,0,0,0,0,0,0,0,0,0,8
2025 - 2026,2026 Spring,GRAD,GRAD,Sandra,Henderson,,ACCT,5380,3,4,4,0,0,0,0,0,0,0,0,0,8
2025 - 2026,2026 Spring,GRAD,GRAD,Ramgopal,Venkataraman,,ACCT,6312,4,6,1,0,0,0,0,0,0,0,0,0,7
2025 - 2026,2026 Spring,GRAD,GRAD,Bo,Wang,,AE,5311,1,5,2,0,0,0,0,0,0,0,0,0,7
2025 - 2026,2026 Spring,GRAD,GRAD,Brian,Dennis,,AE,5327,1,7,0,0,0,0,0,0,0,0,0,0,7
2025 - 2026,2026 Spring,GRAD,GRAD,Albert,Tong,,AE,5332,1,6,5,0,1,0,0,0,0,0,0,0,12
2025 - 2026,2026 Spring,GRAD,GRAD,Albert,Tong,,AE,5332,2,3,2,3,0,0,0,0,0,1,0,0,9
2025 - 2026,2026 Spring,GRAD,GRAD,Frank,Lu,,AE,5350,1,7,1,1,0,0,0,0,0,0,0,0,9
2025 - 2026,2026 Spring,GRAD,GRAD,Animesh,Chakravarthy,,AE,5362,1,4,1,1,0,0,0,0,0,1,0,0,7
2025 - 2026,2026 Spring,GRAD,GRAD,Animesh,Chakravarthy,,AE,5362,2,1,2,3,0,0,0,0,0,0,0,0,6
2025 - 2026,2026 Spring,GRAD,GRAD,David,Franco Santa Cruz,,ARCH,5315,4,10,6,0,0,0,0,0,0,0,0,0,16
2025 - 2026,2026 Spring,GRAD,GRAD,Mahmoud,Bayat,,ARCH,5324,1,8,0,0,0,0,0,0,0,0,0,0,8
2025 - 2026,2026 Spring,GRAD,GRAD,Atefe,Makhmalbaf,,ARCH,5326,1,41,15,0,0,0,0,0,0,0,0,0,56
2025 - 2026,2026 Spring,GRAD,GRAD,Mahmoud,Bayat,,ARCH,5328,1,56,0,0,0,0,0,0,0,0,0,0,56
2025 - 2026,2026 Spring,GRAD,GRAD,Lorena,Toffer,,ARCH,5331,1,6,2,0,0,0,0,0,0,0,0,0,8
2025 - 2026,2026 Spring,GRAD,GRAD,Bradley,Bell,,ARCH,5333,1,30,13,2,0,0,0,0,0,0,0,0,45
2025 - 2026,2026 Spring,GRAD,GRAD,Heath,MacDonald,,ARCH,5336,1,18,0,0,0,0,0,0,0,0,0,0,18
2025 - 2026,2026 Spring,GRAD,GRAD,Amanda,Aman,,ARCH,5343,1,3,4,0,0,0,0,0,0,0,0,0,7
2025 - 2026,2026 Spring,GRAD,GRAD,Nubras,Samayeen,,ARCH,5395,1,8,1,0,0,0,0,0,0,0,0,0,9
2025 - 2026,2026 Spring,GRAD,GRAD,Shermeen,Yousif,,ARCH,5395,2,9,0,0,0,0,0,0,0,0,0,0,9
2025 - 2026,2026 Spring,GRAD,GRAD,Atefe,Makhmalbaf,,ARCH,5395,4,7,0,0,0,0,0,0,0,0,0,0,7
2025 - 2026,2026 Spring,GRAD,GRAD,Amy,Trick,,ARCH,5395,5,8,9,2,0,0,0,0,0,0,0,0,19
2025 - 2026,2026 Spring,GRAD,GRAD,Liliana,Morales,,ARCH,5592,1,3,4,0,0,0,0,0,0,0,0,0,7
2025 - 2026,2026 Spring,GRAD,GRAD,Javier,Sanchez,,ARCH,5594,1,0,6,3,1,0,0,0,0,1,0,0,11
2025 - 2026,2026 Spring,GRAD,GRAD,Bradley,Bell,,ARCH,5670,1,8,7,0,0,0,0,0,0,0,0,0,15
2025 - 2026,2026 Spring,GRAD,GRAD,Shadi,Nazarian,,ARCH,5670,2,15,0,0,0,0,0,0,0,0,0,0,15
2025 - 2026,2026 Spring,GRAD,GRAD,Zachary,Porter,,ARCH,5670,3,11,4,0,0,0,0,0,0,0,0,0,15
2025 - 2026,2026 Spring,GRAD,GRAD,Charles,MacBride,,ARCH,5672,1,8,3,0,0,0,0,0,0,0,0,0,11
2025 - 2026,2026 Spring,GRAD,GRAD,Gregory,Ibanez,,ARCH,5672,2,6,2,4,0,0,0,0,0,0,0,0,12
2025 - 2026,2026 Spring,GRAD,GRAD,Michael,Shaw,,ARCH,5672,2,6,2,4,0,0,0,0,0,0,0,0,12
2025 - 2026,2026 Spring,GRAD,GRAD,Bang,Dang,Rizwan Faruqui,ARCH,5672,3,8,4,0,0,0,0,0,0,0,0,0,12
2025 - 2026,2026 Spring,GRAD,GRAD,Dennis,Chiessa,,ARCH,5672,4,12,2,0,0,0,0,0,0,0,0,0,14
2025 - 2026,2026 Spring,GRAD,GRAD,Mary,Vaccaro,,ART,5320,1,7,0,0,0,0,0,0,0,0,0,0,7
2025 - 2026,2026 Spring,GRAD,UGRD,Joshua,Young,Joseph Solano,AS,1122,1,4,9,0,0,0,0,0,1,1,0,0,15
2025 - 2026,2026 Spring,GRAD,UGRD,William,De Bord,Joseph Solano,AS,1181,1,0,0,0,0,0,0,21,1,0,0,0,22
2025 - 2026,2026 Spring,GRAD,GRAD,Afshan,Boodhwani,,ASDS,5301,1,8,3,0,0,0,0,0,0,0,0,0,11
2025 - 2026,2026 Spring,GRAD,GRAD,Erol,Ozkan,,ASDS,5302,1,11,0,0,0,0,0,0,0,0,0,0,11
2025 - 2026,2026 Spring,GRAD,GRAD,Afshan,Boodhwani,,ASDS,5303,1,12,0,0,0,0,2,0,0,0,0,0,14
2025 - 2026,2026 Spring,GRAD,GRAD,Afshan,Boodhwani,,ASDS,5304,1,19,1,0,0,0,0,0,0,0,0,0,20
2025 - 2026,2026 Spring,GRAD,GRAD,Mahmoud,Jawad,,ASDS,5305,1,16,4,0,0,0,0,0,0,0,0,0,20
2025 - 2026,2026 Spring,GRAD,GRAD,Mei,Yang,,ASDS,5305,1,16,4,0,0,0,0,0,0,0,0,0,20
2025 - 2026,2026 Spring,GRAD,GRAD,Mahmoud,Jawad,,ASDS,5306,1,16,3,0,0,0,0,0,0,0,0,0,19
2025 - 2026,2026 Spring,GRAD,GRAD,Afshan,Boodhwani,,ASDS,6301,2,25,5,0,0,0,0,0,0,0,0,0,30
2025 - 2026,2026 Spring,GRAD,GRAD,Erol,Ozkan,,ASDS,6302,2,23,0,0,0,0,0,0,0,0,0,0,23
2025 - 2026,2026 Spring,GRAD,GRAD,Mahmoud,Jawad,,ASDS,6303,2,27,4,0,0,0,0,0,0,0,0,0,31
2025 - 2026,2026 Spring,GRAD,GRAD,Ce,Bian,,ASDS,6304,1,10,6,0,0,0,0,0,0,0,0,0,16
2025 - 2026,2026 Spring,GRAD,GRAD,Ce,Bian,,ASDS,6306,1,0,0,0,0,0,0,33,0,0,0,0,33
2025 - 2026,2026 Spring,GRAD,GRAD,Mei,Yang,,ASDS,6306,1,0,0,0,0,0,0,33,0,0,0,0,33
2025 - 2026,2026 Spring,GRAD,GRAD,Daniel,Usera,,BCOM,5375,2,5,1,0,0,0,0,0,0,0,0,0,6
2025 - 2026,2026 Spring,GRAD,GRAD,Hao,Xu,,BE,5301,25,6,0,0,0,0,0,0,0,0,0,0,6
2025 - 2026,2026 Spring,GRAD,GRAD,Hao,Xu,,BE,5309,25,6,6,0,0,0,0,0,0,0,0,0,12
2025 - 2026,2026 Spring,GRAD,GRAD,Cheng-Jen,Chuong,,BE,5310,2,2,2,1,1,0,0,0,0,0,0,0,6
2025 - 2026,2026 Spring,GRAD,GRAD,Jun,Liao,,BE,5314,11,13,5,0,0,0,0,0,0,0,0,0,18
2025 - 2026,2026 Spring,GRAD,GRAD,Liping,Tang,,BE,5318,5,13,1,0,0,0,0,0,0,0,0,0,14
2025 - 2026,2026 Spring,GRAD,GRAD,Georgios,Alexandrakis,,BE,5324,3,9,0,0,0,0,0,0,0,0,0,0,9
2025 - 2026,2026 Spring,GRAD,GRAD,Yi,Hong,,BE,5333,6,5,2,0,0,0,0,0,0,0,0,0,7
2025 - 2026,2026 Spring,GRAD,GRAD,Hanli,Liu,,BE,5343,9,7,8,4,0,0,0,0,0,0,0,0,19
2025 - 2026,2026 Spring,GRAD,GRAD,Baohong,Yuan,,BE,5344,14,14,0,0,0,0,0,0,0,0,0,0,14
2025 - 2026,2026 Spring,GRAD,GRAD,Kytai,Nguyen,,BE,5372,4,12,4,0,0,0,0,0,0,0,0,0,16
2025 - 2026,2026 Spring,GRAD,GRAD,Digant,Dave,,BE,5382,7,8,0,0,0,0,0,0,0,0,0,0,8
2025 - 2026,2026 Spring,GRAD,GRAD,Michael,Cho,,BE,5385,8,12,4,2,0,0,0,0,0,0,0,0,18
2025 - 2026,2026 Spring,GRAD,GRAD,Kytai,Nguyen,Salman Sohrabi,BE,6102,13,0,0,0,0,0,0,9,0,0,0,0,9
2025 - 2026,2026 Spring,GRAD,UGRD,Alicia,Rogers,,BIOL,3315,1,38,30,29,8,4,0,0,0,4,0,0,113
2025 - 2026,2026 Spring,GRAD,UGRD,Matthew,Fujita,,BIOL,3317,1,20,1,2,0,4,0,0,0,0,0,0,27
2025 - 2026,2026 Spring,GRAD,GRAD,Dylan,Parks,,BIOL,5303,2,11,1,0,0,0,0,0,0,0,0,0,12
2025 - 2026,2026 Spring,GRAD,GRAD,Heather,Charles,,BIOL,5304,2,20,2,0,0,0,0,0,0,1,0,0,23
2025 - 2026,2026 Spring,GRAD,GRAD,Heather,Charles,,BIOL,5309,2,9,0,0,0,0,0,0,0,1,0,0,10
2025 - 2026,2026 Spring,GRAD,GRAD,Heather,Charles,,BIOL,5341,1,4,1,1,0,0,0,0,0,0,0,0,6
2025 - 2026,2026 Spring,GRAD,GRAD,Allan,Clark,,BIOL,5359,2,6,7,1,0,0,0,0,0,0,0,0,14
2025 - 2026,2026 Spring,GRAD,GRAD,Shawn,Christensen,,BIOL,5359,2,6,7,1,0,0,0,0,0,0,0,0,14
2025 - 2026,2026 Spring,GRAD,GRAD,Melissa,Walsh,,BIOL,5392,1,4,1,1,0,0,0,0,0,0,0,0,6
2025 - 2026,2026 Spring,GRAD,GRAD,Luke,Frishkoff,,BIOL,6303,1,9,0,0,0,0,0,0,0,0,0,0,9
2025 - 2026,2026 Spring,GRAD,GRAD,Roger,Meiners,,BLAW,5330,6,5,7,5,0,0,0,0,0,1,0,0,18
2025 - 2026,2026 Spring,GRAD,GRAD,Roger,Meiners,,BLAW,5330,60,1,19,4,0,2,0,0,0,2,0,0,28
2025 - 2026,2026 Spring,GRAD,GRAD,Scott,Smith,,BLAW,5332,1,12,1,1,0,0,0,0,0,0,0,0,14
2025 - 2026,2026 Spring,GRAD,GRAD,Wendy,Casper,,BSAD,6311,96,3,6,2,0,0,0,0,0,0,0,0,11
2025 - 2026,2026 Spring,GRAD,GRAD,Mahmut,Yasar,,BSAD,6318,1,8,8,0,0,0,0,0,0,0,0,0,16
2025 - 2026,2026 Spring,GRAD,UGRD,Yi,Liu,,BSTAT,3321,5,13,25,25,2,3,0,0,1,3,0,0,72
2025 - 2026,2026 Spring,GRAD,UGRD,Md,Helal,,BSTAT,3321,9,14,15,24,4,6,0,0,1,8,0,0,72
2025 - 2026,2026 Spring,GRAD,UGRD,Kay Yut,Chen,,BSTAT,3321,11,15,26,14,3,3,0,0,4,6,0,0,71
2025 - 2026,2026 Spring,GRAD,GRAD,Jayarajan,Samuel,,BSTAT,5325,3,9,10,3,1,0,0,0,0,3,0,0,26
2025 - 2026,2026 Spring,GRAD,UGRD,Vistasp,Karbhari,,CE,2313,1,5,15,11,10,15,0,0,0,14,0,0,70
2025 - 2026,2026 Spring,GRAD,UGRD,Nelson,Gomez-Torres,,CE,3302,1,4,3,5,0,1,0,0,0,0,0,0,13
2025 - 2026,2026 Spring,GRAD,UGRD,Habib,Ahmari,,CE,3342,1,5,11,11,1,2,0,0,0,0,0,0,30
2025 - 2026,2026 Spring,GRAD,UGRD,Laureano,Hoyos,,CE,3343,101,11,7,2,1,1,0,0,0,1,0,0,23
2025 - 2026,2026 Spring,GRAD,UGRD,Zhe,Yin,,CE,4304,1,16,2,1,0,1,0,0,0,0,0,0,20
2025 - 2026,2026 Spring,GRAD,UGRD,Dongfeng,Li,,CE,4328,1,13,12,5,1,2,0,0,0,0,0,0,33
2025 - 2026,2026 Spring,GRAD,GRAD,Mohammad,Najafi,,CE,5191,5,0,0,0,0,0,0,9,0,0,0,0,9
2025 - 2026,2026 Spring,GRAD,GRAD,Parisa,Beigvand,,CE,5191,5,0,0,0,0,0,0,9,0,0,0,0,9
2025 - 2026,2026 Spring,GRAD,GRAD,Michelle,Hummel,,CE,5300,1,6,3,0,0,0,0,0,0,0,0,0,9
2025 - 2026,2026 Spring,GRAD,GRAD,Nilo,Tsung,,CE,5300,3,8,3,0,0,1,0,0,0,0,0,0,12
2025 - 2026,2026 Spring,GRAD,GRAD,Mohammad,Jaberizadeh,,CE,5300,4,14,0,0,0,0,0,0,0,0,0,0,14
2025 - 2026,2026 Spring,GRAD,GRAD,Panagiotis,Danoglidis,,CE,5300,4,14,0,0,0,0,0,0,0,0,0,0,14
2025 - 2026,2026 Spring,GRAD,GRAD,Himan,Hojat Jalali,,CE,5303,1,16,10,4,1,0,0,0,0,0,0,0,31
2025 - 2026,2026 Spring,GRAD,GRAD,Raad,Azzawi,,CE,5307,1,4,2,0,0,0,0,0,0,0,0,0,6
2025 - 2026,2026 Spring,GRAD,GRAD,Raad,Azzawi,,CE,5307,101,4,2,1,0,0,0,0,0,0,0,0,7
2025 - 2026,2026 Spring,GRAD,GRAD,Juan,Balderrama,,CE,5308,1,6,4,0,0,0,0,0,0,0,0,0,10
2025 - 2026,2026 Spring,GRAD,GRAD,Shih-Ho,Chao,,CE,5309,1,13,1,0,0,0,0,0,0,0,0,0,14
2025 - 2026,2026 Spring,GRAD,GRAD,Raad,Azzawi,,CE,5311,1,2,9,7,0,0,0,0,0,0,0,0,18
2025 - 2026,2026 Spring,GRAD,GRAD,Raad,Azzawi,,CE,5311,101,2,6,3,3,0,0,0,0,0,0,0,14
2025 - 2026,2026 Spring,GRAD,GRAD,Jinzhu,Yu,,CE,5316,1,8,0,1,0,0,0,0,0,0,0,0,9
2025 - 2026,2026 Spring,GRAD,GRAD,Hyeok,Choi,,CE,5319,1,4,4,1,0,0,0,0,0,1,0,0,10
2025 - 2026,2026 Spring,GRAD,GRAD,Xiujuan,Chen,,CE,5325,1,4,3,0,0,0,0,0,0,0,0,0,7
2025 - 2026,2026 Spring,GRAD,GRAD,Adnan,Rajib,,CE,5329,1,10,2,0,0,0,0,0,0,0,0,0,12
2025 - 2026,2026 Spring,GRAD,GRAD,Pengfei,Li,,CE,5330,1,5,3,0,0,0,0,0,0,0,0,0,8
2025 - 2026,2026 Spring,GRAD,GRAD,Md Nazmus,Sakib,,CE,5343,1,10,3,0,0,0,0,0,0,0,0,0,13
2025 - 2026,2026 Spring,GRAD,GRAD,Mohammad,Najafi,,CE,5344,1,5,1,0,0,0,0,0,0,0,0,0,6
2025 - 2026,2026 Spring,GRAD,GRAD,Yu,Zhang,,CE,5347,1,5,5,0,0,0,0,0,0,0,0,0,10
2025 - 2026,2026 Spring,GRAD,GRAD,Nilo,Tsung,,CE,5350,1,6,9,0,0,0,0,0,0,0,0,0,15
2025 - 2026,2026 Spring,GRAD,GRAD,Habib,Ahmari,,CE,5353,1,4,3,0,0,0,0,0,0,0,0,0,7
2025 - 2026,2026 Spring,GRAD,GRAD,Niloofar,Parsaeifard,,CE,5355,1,5,3,1,0,0,0,0,0,0,0,0,9
2025 - 2026,2026 Spring,GRAD,GRAD,Stefan,Romanoschi,,CE,5361,1,4,2,1,0,0,0,0,0,1,0,0,8
2025 - 2026,2026 Spring,GRAD,GRAD,Stefan,Romanoschi,,CE,5361,101,4,2,1,1,0,0,0,0,0,0,0,8
2025 - 2026,2026 Spring,GRAD,GRAD,Md,Hossain,,CE,5364,1,7,2,1,0,0,0,0,0,0,0,0,10
2025 - 2026,2026 Spring,GRAD,GRAD,Xinbao,Yu,,CE,5364,1,7,2,1,0,0,0,0,0,0,0,0,10
2025 - 2026,2026 Spring,GRAD,GRAD,Laureano,Hoyos,,CE,5367,1,8,2,1,0,0,0,0,0,0,0,0,11
2025 - 2026,2026 Spring,GRAD,GRAD,Md Asif,Akhtar,,CE,5369,1,9,0,0,0,0,0,0,0,0,0,0,9
2025 - 2026,2026 Spring,GRAD,GRAD,Niloofar,Parsaeifard,,CE,5377,1,3,1,2,0,0,0,0,0,0,0,0,6
2025 - 2026,2026 Spring,GRAD,GRAD,Arpita,Bhatt,,CE,5382,1,7,1,0,1,0,0,0,0,0,0,0,9
2025 - 2026,2026 Spring,GRAD,GRAD,Xinbao,Yu,,CE,6311,1,12,1,0,0,0,0,0,0,0,0,0,13
2025 - 2026,2026 Spring,GRAD,GRAD,Xinbao,Yu,,CE,6311,101,4,1,0,0,0,0,0,0,1,0,0,6
2025 - 2026,2026 Spring,GRAD,UGRD,Parham,Asgari,,CHEM,3307,1,6,4,1,1,0,0,0,0,0,0,0,12
2025 - 2026,2026 Spring,GRAD,UGRD,Allison,Stelling,,CHEM,4311,1,142,4,0,0,0,0,0,0,5,0,0,151
2025 - 2026,2026 Spring,GRAD,GRAD,Subhrangsu,Mandal,,CHEM,5011,1,27,0,0,0,0,0,0,0,0,0,0,27
2025 - 2026,2026 Spring,GRAD,GRAD,Sherri,McFarland,,CHEM,5300,1,17,6,2,0,0,0,0,0,0,0,0,25
2025 - 2026,2026 Spring,GRAD,GRAD,Byung Ran,So,,CHEM,5335,1,7,5,0,0,0,0,0,0,0,0,0,12
2025 - 2026,2026 Spring,GRAD,GRAD,He,Dong,,CHEM,5358,1,4,10,0,0,0,0,0,0,0,0,0,14
2025 - 2026,2026 Spring,GRAD,GRAD,Junha,Jeon,,CHEM,5381,1,21,0,0,0,0,0,0,0,0,0,0,21
2025 - 2026,2026 Spring,GRAD,GRAD,Rasika,Dias,,CHEM,5383,1,9,0,0,0,0,0,0,0,0,0,0,9
2025 - 2026,2026 Spring,GRAD,UGRD,Vinayak,Kaushal,,CM,4306,1,3,6,0,0,0,0,0,1,0,0,0,10
2025 - 2026,2026 Spring,GRAD,GRAD,Nilo,Tsung,,CM,5300,3,11,7,0,0,0,0,0,0,0,0,0,18
2025 - 2026,2026 Spring,GRAD,GRAD,Nilo,Tsung,,CM,5342,1,7,7,4,0,0,0,0,0,0,0,0,18
2025 - 2026,2026 Spring,GRAD,GRAD,Nilo,Tsung,,CM,5342,101,0,2,5,0,0,1,0,0,0,0,0,8
2025 - 2026,2026 Spring,GRAD,GRAD,Md Nazmus,Sakib,,CM,5343,1,11,2,0,0,0,0,0,0,1,0,0,14
2025 - 2026,2026 Spring,GRAD,GRAD,Mohammad,Najafi,,CM,5344,1,4,7,1,0,0,0,0,0,0,0,0,12
2025 - 2026,2026 Spring,GRAD,GRAD,Nilo,Tsung,,CM,5350,1,10,43,0,0,0,0,0,0,0,0,0,53
2025 - 2026,2026 Spring,GRAD,GRAD,Niloofar,Parsaeifard,,CM,5355,1,16,6,3,0,0,0,0,0,0,0,0,25
2025 - 2026,2026 Spring,GRAD,GRAD,Niloofar,Parsaeifard,,CM,5377,1,14,5,4,0,0,0,0,0,0,0,0,23
2025 - 2026,2026 Spring,GRAD,GRAD,Zhe,Yin,,CM,5378,1,13,9,4,1,1,0,0,0,0,0,0,28
2025 - 2026,2026 Spring,GRAD,GRAD,Karthikeyan,Loganathan,,CM,5379,1,12,0,0,0,0,0,0,0,0,0,0,12
2025 - 2026,2026 Spring,GRAD,GRAD,Somin,Park,,CM,5386,1,9,2,0,0,1,0,0,0,0,0,0,12
2025 - 2026,2026 Spring,GRAD,GRAD,Nilo,Tsung,,CM,5387,1,5,17,0,0,0,0,0,0,0,0,0,22
2025 - 2026,2026 Spring,GRAD,GRAD,Mark,Tremayne,,COMM,5352,1,4,3,0,0,0,0,0,0,0,0,0,7
2025 - 2026,2026 Spring,GRAD,GRAD,Erica,Robinson,,CRCJ,5310,2,13,4,2,0,1,0,0,0,0,0,0,20
2025 - 2026,2026 Spring,GRAD,GRAD,Roger,Metcalf,,CRCJ,5342,1,7,0,0,0,1,0,0,0,1,0,0,9
2025 - 2026,2026 Spring,GRAD,GRAD,Roger,Metcalf,,CRCJ,5342,4,12,2,3,0,0,0,0,0,0,0,0,17
2025 - 2026,2026 Spring,GRAD,GRAD,Jaya,Davis,,CRCJ,5380,1,5,6,2,1,0,0,0,0,1,0,0,15
2025 - 2026,2026 Spring,GRAD,GRAD,Kaitlyn,Pederson,,CRCJ,5393,1,4,7,0,0,1,0,0,0,2,0,0,14
2025 - 2026,2026 Spring,GRAD,GRAD,Kaitlyn,Pederson,,CRCJ,5393,2,8,4,2,0,0,0,0,0,0,0,0,14
2025 - 2026,2026 Spring,GRAD,GRAD,David,Levine,,CSE,5191,1,0,0,0,0,0,0,6,0,0,0,0,6
2025 - 2026,2026 Spring,GRAD,GRAD,David,Levine,,CSE,5192,1,0,0,0,0,0,0,7,0,0,0,0,7
2025 - 2026,2026 Spring,GRAD,GRAD,Negin,Fraidouni,,CSE,5301,4,11,7,2,1,1,0,0,0,2,0,0,24
2025 - 2026,2026 Spring,GRAD,GRAD,Negin,Fraidouni,,CSE,5301,9,20,8,7,0,0,0,0,0,0,0,0,35
2025 - 2026,2026 Spring,GRAD,GRAD,Jiayi,Meng,,CSE,5306,2,16,5,0,1,0,0,0,0,1,0,0,23
2025 - 2026,2026 Spring,GRAD,GRAD,Md Hasanuzzaman,Noor,,CSE,5306,4,35,12,3,4,2,0,0,0,0,0,0,56
2025 - 2026,2026 Spring,GRAD,GRAD,Jiandong,Wang,,CSE,5307,1,2,3,0,1,0,0,0,0,0,0,0,6
2025 - 2026,2026 Spring,GRAD,GRAD,Negin,Fraidouni,,CSE,5311,5,18,7,9,2,0,0,0,0,0,0,0,36
2025 - 2026,2026 Spring,GRAD,GRAD,Nicholas,Gans,,CSE,5315,3,10,4,3,0,0,0,0,0,0,0,0,17
2025 - 2026,2026 Spring,GRAD,GRAD,Leonidas,Fegaras,,CSE,5317,1,6,1,1,0,0,0,0,0,0,0,0,8
2025 - 2026,2026 Spring,GRAD,GRAD,Bob,Weems,,CSE,5319,1,37,0,0,0,0,0,0,0,0,0,0,37
2025 - 2026,2026 Spring,GRAD,GRAD,Elizabeth,Diaz,,CSE,5320,1,12,3,0,0,0,0,0,0,0,0,0,15
2025 - 2026,2026 Spring,GRAD,GRAD,Elizabeth,Diaz,,CSE,5321,1,11,1,1,0,0,0,0,0,3,0,0,16
2025 - 2026,2026 Spring,GRAD,GRAD,Nadra,Guizani,,CSE,5324,220,15,2,0,0,0,0,0,0,0,0,0,17
2025 - 2026,2026 Spring,GRAD,GRAD,Bahra,Khalili Najafabadi,,CSE,5325,2,19,6,0,0,0,0,0,0,1,0,0,26
2025 - 2026,2026 Spring,GRAD,GRAD,Giridhar,Amaravadi,,CSE,5325,220,17,0,0,0,0,0,0,0,0,0,0,17
2025 - 2026,2026 Spring,GRAD,GRAD,Abhishek,Santra,,CSE,5330,8,9,10,1,0,0,0,0,0,0,0,0,20
2025 - 2026,2026 Spring,GRAD,GRAD,Abhishek,Santra,,CSE,5331,1,4,4,0,0,0,0,0,0,0,0,0,8
2025 - 2026,2026 Spring,GRAD,GRAD,Chengkai,Li,,CSE,5334,2,4,2,2,0,0,0,0,0,1,0,0,9
2025 - 2026,2026 Spring,GRAD,GRAD,Marnim,Galib,,CSE,5334,4,15,13,0,0,2,0,0,0,0,0,0,30
2025 - 2026,2026 Spring,GRAD,GRAD,Marnim,Galib,,CSE,5334,5,18,6,1,0,0,0,0,0,0,0,0,25
2025 - 2026,2026 Spring,GRAD,GRAD,Elizabeth,Diaz,,CSE,5335,1,25,15,0,0,0,0,0,0,0,0,0,40
2025 - 2026,2026 Spring,GRAD,GRAD,Yonghe,Liu,,CSE,5344,980,0,0,0,0,0,0,89,0,0,0,0,89
2025 - 2026,2026 Spring,GRAD,GRAD,Ishfaq,Ahmad,,CSE,5351,1,5,1,3,1,0,0,0,0,0,0,0,10
2025 - 2026,2026 Spring,GRAD,GRAD,Sihong,He,,CSE,5360,1,44,2,0,0,0,0,0,0,0,0,0,46
2025 - 2026,2026 Spring,GRAD,GRAD,Vamsikrishna,Gopikrishna,,CSE,5360,2,14,3,0,0,0,0,0,0,0,0,0,17
2025 - 2026,2026 Spring,GRAD,GRAD,Vamsikrishna,Gopikrishna,,CSE,5360,3,6,0,0,0,0,0,0,0,1,0,0,7
2025 - 2026,2026 Spring,GRAD,GRAD,Harry,Shomer,,CSE,5367,1,6,0,0,0,0,0,0,0,0,0,0,6
2025 - 2026,2026 Spring,GRAD,GRAD,Farhad,Kamangar,,CSE,5368,1,9,9,3,2,1,0,0,0,0,0,0,24
2025 - 2026,2026 Spring,GRAD,GRAD,Alex,Dillhoff,,CSE,5373,1,14,0,0,0,1,0,0,0,0,0,0,15
2025 - 2026,2026 Spring,GRAD,GRAD,Faysal Hossain,Shezan,,CSE,5382,1,10,0,0,0,0,0,0,0,0,0,0,10
2025 - 2026,2026 Spring,GRAD,GRAD,Stoddard,Rosenkrantz,,CSE,5382,220,14,4,0,0,0,0,0,0,0,0,0,18
2025 - 2026,2026 Spring,GRAD,GRAD,Yonghe,Liu,,CSE,5393,980,0,0,0,0,0,0,45,0,0,0,0,45
2025 - 2026,2026 Spring,GRAD,GRAD,Jude,Agujiobi,,CSE,6324,5,7,0,0,0,0,0,0,0,0,0,0,7
2025 - 2026,2026 Spring,GRAD,GRAD,Bahra,Khalili Najafabadi,,CSE,6324,220,15,3,0,0,0,0,0,0,0,0,0,18
2025 - 2026,2026 Spring,GRAD,GRAD,Ashraf,Aboulnaga,,CSE,6331,1,9,0,0,0,0,0,0,0,0,0,0,9
2025 - 2026,2026 Spring,GRAD,GRAD,Md Hasanuzzaman,Noor,,CSE,6332,1,14,31,11,1,1,0,0,0,0,0,0,58
2025 - 2026,2026 Spring,GRAD,GRAD,Leonidas,Fegaras,,CSE,6332,3,5,7,1,0,0,0,0,0,1,0,0,14
2025 - 2026,2026 Spring,GRAD,GRAD,Hao,Che,,CSE,6349,1,6,0,0,0,1,0,0,0,0,0,0,7
2025 - 2026,2026 Spring,GRAD,GRAD,Debashri,Roy,,CSE,6349,2,12,0,0,1,0,0,0,0,0,0,0,13
2025 - 2026,2026 Spring,GRAD,GRAD,Song,Jiang,,CSE,6350,1,2,5,1,0,0,0,0,0,0,0,0,8
2025 - 2026,2026 Spring,GRAD,GRAD,Dajiang,Zhu,,CSE,6363,5,19,4,0,0,1,0,0,0,0,0,0,24
2025 - 2026,2026 Spring,GRAD,GRAD,Diego,Patino,Marnim Galib,CSE,6367,1,30,10,0,0,0,0,0,0,0,0,0,40
2025 - 2026,2026 Spring,GRAD,GRAD,Habeeb,Olufowobi,,CSE,6388,1,10,5,0,0,0,0,0,0,0,0,0,15
2025 - 2026,2026 Spring,GRAD,GRAD,Junzhou,Huang,,CSE,6392,1,57,0,0,0,0,0,0,0,0,0,0,57
2025 - 2026,2026 Spring,GRAD,GRAD,Miao,Yin,,CSE,6392,2,40,0,0,0,0,0,0,0,0,0,0,40
2025 - 2026,2026 Spring,GRAD,GRAD,Remi,Chou,,CSE,6392,3,8,0,0,0,0,0,0,0,0,0,0,8
2025 - 2026,2026 Spring,GRAD,GRAD,Mohammad,Islam,,CSE,6392,4,9,0,0,0,0,0,0,0,0,0,0,9
2025 - 2026,2026 Spring,GRAD,GRAD,Yuede,Ji,,CSE,6392,5,12,0,0,0,1,0,0,0,0,0,0,13
2025 - 2026,2026 Spring,GRAD,GRAD,Junzhou,Huang,,CSE,6699,3,0,0,0,0,0,0,2,0,0,0,4,6
2025 - 2026,2026 Spring,GRAD,GRAD,Soumaya,Gharsallaoui,,DASC,5300,2,4,4,1,0,0,0,0,0,0,0,0,9
2025 - 2026,2026 Spring,GRAD,GRAD,Soumaya,Gharsallaoui,,DASC,5301,1,7,2,0,0,0,0,0,0,0,0,0,9
2025 - 2026,2026 Spring,GRAD,GRAD,Manfred,Huber,,DASC,5302,2,5,6,0,0,0,0,0,0,0,0,0,11
2025 - 2026,2026 Spring,GRAD,GRAD,Rozsa,Zaruba,,DASC,5302,2,5,6,0,0,0,0,0,0,0,0,0,11
2025 - 2026,2026 Spring,GRAD,GRAD,Soumaya,Gharsallaoui,,DASC,5304,2,12,3,0,0,0,0,0,0,0,0,0,15
2025 - 2026,2026 Spring,GRAD,GRAD,Rozsa,Zaruba,,DASC,5305,1,13,0,0,0,0,0,0,0,0,0,0,13
2025 - 2026,2026 Spring,GRAD,GRAD,Md Hasanuzzaman,Noor,,DASC,5306,1,10,4,0,0,0,0,0,0,0,0,0,14
2025 - 2026,2026 Spring,GRAD,GRAD,Rozsa,Zaruba,,DASC,5309,1,31,0,0,0,0,0,0,0,0,0,0,31
2025 - 2026,2026 Spring,GRAD,GRAD,Rozsa,Zaruba,,DASC,5309,2,36,0,0,0,0,0,0,0,0,0,0,36
2025 - 2026,2026 Spring,GRAD,GRAD,Rozsa,Zaruba,,DASC,5391,1,11,2,0,0,0,0,0,0,0,0,0,13
2025 - 2026,2026 Spring,GRAD,UGRD,Mei,Yang,Mahmoud Jawad,DATA,3311,1,5,6,11,11,6,0,0,0,2,0,0,41
2025 - 2026,2026 Spring,GRAD,GRAD,Tatia,Jacobson Jordan,,ECON,5300,6,21,0,0,0,0,0,0,0,0,0,0,21
2025 - 2026,2026 Spring,GRAD,GRAD,Tatia,Jacobson Jordan,,ECON,5300,60,38,1,0,0,0,0,0,0,0,0,0,39
2025 - 2026,2026 Spring,GRAD,GRAD,Michael,Ward,,ECON,5313,1,8,9,2,0,0,0,0,0,1,0,0,20
2025 - 2026,2026 Spring,GRAD,GRAD,Tara,Brown,,ECON,5313,20,8,5,1,1,0,0,0,0,0,0,0,15
2025 - 2026,2026 Spring,GRAD,GRAD,Tara,Brown,,ECON,5313,60,17,12,6,0,0,0,0,0,1,0,0,36
2025 - 2026,2026 Spring,GRAD,GRAD,Mingwang,Cheng,,ECON,5313,70,34,11,0,0,0,0,0,0,0,0,0,45
2025 - 2026,2026 Spring,GRAD,GRAD,Mingwang,Cheng,,ECON,5313,71,33,11,0,0,0,0,0,0,0,0,0,44
2025 - 2026,2026 Spring,GRAD,GRAD,Hui,Cao,,ECON,5313,72,44,6,0,0,0,0,0,0,0,0,0,50
2025 - 2026,2026 Spring,GRAD,GRAD,Hui,Cao,,ECON,5313,73,42,7,0,0,0,1,0,0,0,0,0,50
2025 - 2026,2026 Spring,GRAD,GRAD,Hui,Cao,,ECON,5313,74,43,6,0,0,0,1,0,0,0,0,0,50
2025 - 2026,2026 Spring,GRAD,GRAD,Tara,Brown,,ECON,5313,75,14,7,0,0,0,0,0,0,0,0,0,21
2025 - 2026,2026 Spring,GRAD,GRAD,Chi-Young,Choi,,ECON,5327,1,5,7,0,0,0,0,0,0,2,0,0,14
2025 - 2026,2026 Spring,GRAD,GRAD,Christy,Spivey,,ECON,5333,6,7,4,1,0,0,0,0,0,1,0,0,13
2025 - 2026,2026 Spring,GRAD,GRAD,Ashish,Sedai,,ECON,5336,1,14,6,1,0,0,0,0,0,1,0,0,22
2025 - 2026,2026 Spring,GRAD,GRAD,Christopher,Candreva,,ECON,5337,1,3,2,0,1,0,0,0,0,0,0,0,6
2025 - 2026,2026 Spring,GRAD,GRAD,Aaron,Smallwood,,ECON,5337,2,10,8,3,0,0,0,0,0,2,0,0,23
2025 - 2026,2026 Spring,GRAD,GRAD,Mahmut,Yasar,,ECON,5339,1,5,9,1,0,0,0,0,0,2,0,0,17
2025 - 2026,2026 Spring,GRAD,GRAD,Hsin-Wei,Hsu,,ECON,5391,70,2,4,0,0,0,0,0,0,0,0,0,6
2025 - 2026,2026 Spring,GRAD,GRAD,Hsin-Wei,Hsu,,ECON,5391,71,0,0,0,0,0,6,0,0,0,0,0,6
2025 - 2026,2026 Spring,GRAD,GRAD,Meesha,Jones,,EDAD,5305,111,73,7,0,0,0,0,0,0,0,0,0,80
2025 - 2026,2026 Spring,GRAD,GRAD,Terry-Ann,Rodriguez,,EDAD,5330,101,58,1,0,0,3,0,0,0,2,0,0,64
2025 - 2026,2026 Spring,GRAD,GRAD,Meesha,Jones,,EDAD,5360,121,7,3,1,0,0,0,0,0,0,0,0,11
2025 - 2026,2026 Spring,GRAD,GRAD,Jessica,Knox,,EDAD,5381,121,111,8,1,0,1,0,0,0,1,0,0,122
2025 - 2026,2026 Spring,GRAD,GRAD,Joel,Leader,,EDAD,5381,121,111,8,1,0,1,0,0,0,1,0,0,122
2025 - 2026,2026 Spring,GRAD,GRAD,Joel,Leader,,EDAD,5389,101,32,2,0,0,0,0,0,0,3,0,0,37
2025 - 2026,2026 Spring,GRAD,GRAD,Terry-Ann,Rodriguez,,EDAD,5399,101,34,2,0,0,0,0,0,0,0,0,0,36
2025 - 2026,2026 Spring,GRAD,GRAD,Ericka,Roland,,EDAD,6318,1,6,3,0,0,1,0,0,0,0,0,0,10
2025 - 2026,2026 Spring,GRAD,GRAD,Meredith,Billings,,EDAD,6325,1,5,2,0,0,0,1,0,0,0,0,0,8
2025 - 2026,2026 Spring,GRAD,GRAD,Katherine,Hoover,,EDUC,5305,111,35,1,0,1,0,0,0,0,2,0,0,39
2025 - 2026,2026 Spring,GRAD,GRAD,Daniel,Robinson,,EDUC,5360,101,9,11,1,0,0,0,0,0,1,0,0,22
2025 - 2026,2026 Spring,GRAD,GRAD,Jodi,Tommerdahl,,EDUC,5362,101,12,6,0,0,1,0,0,0,1,0,0,20
2025 - 2026,2026 Spring,GRAD,GRAD,Hugh,Kellam,,EDUC,5390,111,22,0,0,0,0,0,0,0,0,0,0,22
2025 - 2026,2026 Spring,GRAD,GRAD,Luis,Perez Cortes,,EDUC,5390,121,17,0,0,1,0,0,0,0,1,0,0,19
2025 - 2026,2026 Spring,GRAD,GRAD,Jodi,Tommerdahl,,EDUC,5397,111,24,1,0,0,0,0,0,0,0,0,0,25
2025 - 2026,2026 Spring,GRAD,GRAD,Yan,Wan,,EE,5304,1,25,0,0,0,2,0,0,0,0,0,0,27
2025 - 2026,2026 Spring,GRAD,GRAD,Chenyun,Pan,,EE,5319,1,8,2,0,0,0,0,0,0,0,0,0,10
2025 - 2026,2026 Spring,GRAD,GRAD,James,Ferlez,,EE,5321,1,4,2,0,0,0,0,0,0,0,0,0,6
2025 - 2026,2026 Spring,GRAD,GRAD,Yijing,Xie,,EE,5325,1,12,0,0,0,1,0,0,0,0,0,0,13
2025 - 2026,2026 Spring,GRAD,GRAD,Hongtei,Tseng,,EE,5329,1,7,0,0,0,0,0,0,0,0,0,0,7
2025 - 2026,2026 Spring,GRAD,GRAD,Weidong,Zhou,,EE,5340,1,2,3,1,1,0,0,0,0,0,0,0,7
2025 - 2026,2026 Spring,GRAD,GRAD,Zeynep,Celik,,EE,5344,1,3,3,0,0,0,0,0,0,0,0,0,6
2025 - 2026,2026 Spring,GRAD,GRAD,Michael,Manry,,EE,5354,1,7,1,0,0,0,0,0,0,0,0,0,8
2025 - 2026,2026 Spring,GRAD,GRAD,Qilian,Liang,,EE,5364,1,12,18,0,0,1,0,0,0,0,0,0,31
2025 - 2026,2026 Spring,GRAD,GRAD,Tianqiao,Zhao,,EE,5376,1,14,0,0,0,0,0,0,0,0,0,0,14
2025 - 2026,2026 Spring,GRAD,GRAD,Wei-Jen,Lee,,EE,5378,1,7,4,0,0,0,0,0,0,0,0,0,11
2025 - 2026,2026 Spring,GRAD,GRAD,Wei-Jen,Lee,,EE,5378,2,6,1,0,0,0,0,0,0,0,0,0,7
2025 - 2026,2026 Spring,GRAD,GRAD,Yichen,Zhang,,EE,5379,1,6,0,0,0,0,0,0,0,0,0,0,6
2025 - 2026,2026 Spring,GRAD,GRAD,Tianqiao,Zhao,,EE,5379,3,6,0,0,0,0,0,0,0,0,0,0,6
2025 - 2026,2026 Spring,GRAD,GRAD,Seunghyun,Lee,,EE,5382,1,11,0,0,0,0,0,0,0,0,0,0,11
2025 - 2026,2026 Spring,GRAD,GRAD,Liwei,Zhou,,EE,5698,36,0,0,0,0,0,0,0,0,0,0,6,6
2025 - 2026,2026 Spring,GRAD,GRAD,Ali,Davoudi,,EE,6375,1,10,8,0,0,0,0,0,0,0,0,0,18
2025 - 2026,2026 Spring,GRAD,GRAD,Cynthia,St John,,EMBA,5106,1,12,0,0,0,0,0,0,0,0,0,0,12
2025 - 2026,2026 Spring,GRAD,GRAD,Nandu,Nagarajan,,EMBA,5303,1,10,2,0,0,0,0,0,0,0,0,0,12
2025 - 2026,2026 Spring,GRAD,GRAD,Ramgopal,Venkataraman,,EMBA,5303,1,10,2,0,0,0,0,0,0,0,0,0,12
2025 - 2026,2026 Spring,GRAD,GRAD,Edmund,Prater,,EMBA,5307,1,7,5,0,0,0,0,0,0,0,0,0,12
2025 - 2026,2026 Spring,GRAD,GRAD,Edmund,Prater,,EMBA,5307,2,5,7,0,0,0,0,0,0,0,0,0,12
2025 - 2026,2026 Spring,GRAD,GRAD,David,Rakowski,,EMBA,5309,1,10,2,0,0,0,0,0,0,0,0,0,12
2025 - 2026,2026 Spring,GRAD,GRAD,Qing,Hao,,EMBA,5309,1,10,2,0,0,0,0,0,0,0,0,0,12
2025 - 2026,2026 Spring,GRAD,GRAD,Sriram,Villupuram,,EMBA,5309,1,10,2,0,0,0,0,0,0,0,0,0,12
2025 - 2026,2026 Spring,GRAD,GRAD,Susanna,Khavul,,EMBA,5310,1,12,0,0,0,0,0,0,0,0,0,0,12
2025 - 2026,2026 Spring,GRAD,GRAD,Liliana,Nordtvedt,,EMBA,5313,1,12,0,0,0,0,0,0,0,0,0,0,12
2025 - 2026,2026 Spring,GRAD,UGRD,Amy,Tigner,,ENGL,3363,1,5,8,2,1,1,0,0,0,1,0,0,18
2025 - 2026,2026 Spring,GRAD,GRAD,Douglas,Stark,,ENGL,5310,1,10,2,0,0,0,0,0,0,1,0,0,13
2025 - 2026,2026 Spring,GRAD,GRAD,Stephanie,Kinzinger,,ENGL,5326,1,4,2,1,1,1,0,0,0,0,0,0,9
2025 - 2026,2026 Spring,GRAD,GRAD,Erin,Murrah-Mandril,,ENGL,5328,1,6,1,0,0,0,0,0,0,1,0,0,8
2025 - 2026,2026 Spring,GRAD,GRAD,Jacqueline,Fay,,ENGL,5331,1,8,3,0,0,0,0,0,0,0,0,0,11
2025 - 2026,2026 Spring,GRAD,GRAD,Amy,Hodges,,ENGL,5333,1,6,0,0,0,0,0,0,0,0,0,0,6
2025 - 2026,2026 Spring,GRAD,GRAD,Cedrick,May,,ENGL,5360,1,11,1,0,0,0,0,0,0,1,0,0,13
2025 - 2026,2026 Spring,GRAD,GRAD,Gabriel,Aguilar,,ENGL,6389,1,8,0,0,0,0,0,0,0,0,0,0,8
2025 - 2026,2026 Spring,GRAD,GRAD,Yunyao,Li,,EVSE,5199,1,0,0,0,0,0,0,8,0,0,0,0,8
2025 - 2026,2026 Spring,GRAD,GRAD,Yike,Shen,,EVSE,5458,1,6,0,0,0,0,0,0,0,0,0,0,6
2025 - 2026,2026 Spring,GRAD,GRAD,Salil,Sarkar,,FINA,5311,3,9,7,2,1,1,0,0,0,6,0,0,26
2025 - 2026,2026 Spring,GRAD,GRAD,Salil,Sarkar,,FINA,5311,20,5,5,3,0,0,0,0,0,1,0,0,14
2025 - 2026,2026 Spring,GRAD,GRAD,Qing,Hao,,FINA,5311,60,40,10,2,0,1,0,0,0,0,0,0,53
2025 - 2026,2026 Spring,GRAD,GRAD,Teng,Wang,,FINA,5317,1,12,1,0,0,0,0,0,0,0,0,0,13
2025 - 2026,2026 Spring,GRAD,GRAD,John,Adams,,FINA,5323,1,5,5,0,0,0,0,0,0,0,0,0,10
2025 - 2026,2026 Spring,GRAD,GRAD,Sriram,Villupuram,,FINA,5331,1,3,5,0,0,0,0,0,0,0,0,0,8
2025 - 2026,2026 Spring,GRAD,GRAD,David,Rakowski,,FINA,5334,60,19,1,0,0,1,0,0,0,0,0,0,21
2025 - 2026,2026 Spring,GRAD,GRAD,Jiachu,Song,,FINA,5340,70,45,5,0,0,0,0,0,0,0,0,0,50
2025 - 2026,2026 Spring,GRAD,GRAD,Liang-Chih,Liu,,FINA,5340,71,6,0,0,0,0,0,0,0,0,0,0,6
2025 - 2026,2026 Spring,GRAD,GRAD,Jiachu,Song,,FINA,5340,72,48,9,0,0,0,0,0,0,3,0,0,60
2025 - 2026,2026 Spring,GRAD,GRAD,Sanjiv,Sabherwal,,FINA,5351,1,10,7,2,1,1,0,0,0,1,0,0,22
2025 - 2026,2026 Spring,GRAD,GRAD,John,Adams,,FINA,6312,1,9,0,0,0,0,0,0,0,0,0,0,9
2025 - 2026,2026 Spring,GRAD,UGRD,Najia,Alameddin,,FREN,4314,1,7,5,5,0,0,0,0,0,0,0,0,17
2025 - 2026,2026 Spring,GRAD,GRAD,Martin,Deatherage,,HCAD,5305,40,5,6,0,0,0,0,0,0,1,0,0,12
2025 - 2026,2026 Spring,GRAD,GRAD,Martin,Deatherage,,HCAD,5305,45,4,4,0,0,0,0,0,0,0,0,0,8
2025 - 2026,2026 Spring,GRAD,GRAD,Martin,Deatherage,,HCAD,5306,40,2,8,1,0,0,0,0,0,0,0,0,11
2025 - 2026,2026 Spring,GRAD,GRAD,Martin,Deatherage,,HCAD,5306,45,6,2,0,0,0,0,0,0,0,0,0,8
2025 - 2026,2026 Spring,GRAD,GRAD,Martin,Deatherage,,HCAD,5316,40,3,5,2,1,0,0,0,0,0,0,0,11
2025 - 2026,2026 Spring,GRAD,GRAD,Martin,Deatherage,,HCAD,5316,45,2,5,0,1,0,0,0,0,0,0,0,8
2025 - 2026,2026 Spring,GRAD,UGRD,Tyler,Garner,,HEED,3301,1,29,34,14,5,5,0,0,1,0,0,0,88
2025 - 2026,2026 Spring,GRAD,UGRD,Yeonwoo,Kim,,HEED,4320,1,64,4,2,2,0,0,0,0,2,0,0,74
2025 - 2026,2026 Spring,GRAD,GRAD,David,Baillargeon,,HIST,5341,1,10,1,0,0,0,1,0,0,0,0,0,12
2025 - 2026,2026 Spring,GRAD,GRAD,Evelyn,Montgomery,,HIST,5348,1,10,1,0,0,0,0,0,0,0,0,0,11
2025 - 2026,2026 Spring,GRAD,GRAD,Sara,Collini,,HIST,5348,1,10,1,0,0,0,0,0,0,0,0,0,11
2025 - 2026,2026 Spring,GRAD,GRAD,David,LaFevor,,HIST,5360,1,10,1,0,0,0,1,0,0,0,0,0,12
2025 - 2026,2026 Spring,GRAD,GRAD,Sarah,Rose,,HIST,5364,1,4,2,0,0,0,0,0,0,0,0,0,6
2025 - 2026,2026 Spring,GRAD,GRAD,Imre,Demhardt,,HIST,6361,1,3,0,0,0,0,2,0,0,2,0,0,7
2025 - 2026,2026 Spring,GRAD,GRAD,Paul,Conrad,,HIST,6364,1,7,2,0,0,0,0,0,0,0,0,0,9
2025 - 2026,2026 Spring,GRAD,UGRD,Maysaa,Hamdan,,IE,2308,7,7,10,9,2,3,1,0,0,2,0,0,34
2025 - 2026,2026 Spring,GRAD,UGRD,S M Tazim,Ahmed,,IE,3301,7,20,6,1,1,0,0,0,0,2,0,0,30
2025 - 2026,2026 Spring,GRAD,UGRD,Raziye,Aghapour,,IE,3315,2,11,11,6,2,1,0,0,1,1,0,0,33
2025 - 2026,2026 Spring,GRAD,GRAD,Aera,LeBoulluec,,IE,5300,1,6,1,0,0,0,0,0,0,0,0,0,7
2025 - 2026,2026 Spring,GRAD,GRAD,Herbert,Corley,,IE,5300,4,9,0,0,0,0,0,0,0,0,0,0,9
2025 - 2026,2026 Spring,GRAD,GRAD,Subhash,Singhal,,IE,5303,9,5,4,1,0,0,0,0,0,0,0,0,10
2025 - 2026,2026 Spring,GRAD,GRAD,Mahmudur,Rahman,,IE,5304,2,7,0,0,0,0,0,0,0,1,0,0,8
2025 - 2026,2026 Spring,GRAD,GRAD,Subhash,Singhal,,IE,5317,2,1,2,0,1,0,0,0,0,2,0,0,6
2025 - 2026,2026 Spring,GRAD,GRAD,Mohammad,Jahanbakht,,IE,5317,9,4,3,0,0,0,0,0,0,0,0,0,7
2025 - 2026,2026 Spring,GRAD,GRAD,Victoria,Chen,,IE,5318,1,5,3,0,0,0,1,0,0,0,0,0,9
2025 - 2026,2026 Spring,GRAD,GRAD,Mohammad,Jahanbakht,,IE,5346,2,5,3,0,0,0,0,0,0,0,0,0,8
2025 - 2026,2026 Spring,GRAD,GRAD,Susan,Ferreira,,IE,5351,1,3,3,0,0,0,0,0,0,0,0,0,6
2025 - 2026,2026 Spring,GRAD,GRAD,Susan,Ferreira,,IE,5351,2,0,5,1,0,0,0,0,0,1,0,0,7
2025 - 2026,2026 Spring,GRAD,GRAD,James,Lummus,,IE,6305,1,6,0,0,0,0,0,0,0,0,0,0,6
2025 - 2026,2026 Spring,GRAD,GRAD,Shouyi,Wang,,IE,6318,1,13,1,0,0,0,0,0,0,0,0,0,14
2025 - 2026,2026 Spring,GRAD,GRAD,Luis,Perez Cortes,,ILDT,5303,101,42,1,0,0,0,0,0,0,2,0,0,45
2025 - 2026,2026 Spring,GRAD,GRAD,Luis,Perez Cortes,,ILDT,5310,101,16,0,0,0,0,0,0,0,1,0,0,17
2025 - 2026,2026 Spring,GRAD,GRAD,Jessica,Kahlow,,ILDT,5340,101,10,0,0,0,0,0,0,0,0,0,0,10
2025 - 2026,2026 Spring,GRAD,GRAD,Hugh,Kellam,,ILDT,5370,101,27,0,0,0,0,0,0,0,1,0,0,28
2025 - 2026,2026 Spring,GRAD,GRAD,Hugh,Kellam,,ILDT,5398,101,10,0,0,0,0,0,0,0,0,0,0,10
2025 - 2026,2026 Spring,GRAD,GRAD,Chaitanya,Sambhara,,INSY,5303,1,3,5,3,1,0,0,0,0,0,0,0,12
2025 - 2026,2026 Spring,GRAD,GRAD,Radha,Mahapatra,,INSY,5335,1,2,7,2,0,0,0,0,0,0,0,0,11
2025 - 2026,2026 Spring,GRAD,GRAD,Sung Hyun,Kwon,,INSY,5336,1,15,12,0,0,1,0,0,0,0,0,0,28
2025 - 2026,2026 Spring,GRAD,GRAD,Shuvro,Chakrobartty,,INSY,5337,1,14,10,2,0,0,0,0,0,0,0,0,26
2025 - 2026,2026 Spring,GRAD,GRAD,Chien-Hung,Lai,,INSY,5337,70,10,5,0,0,0,0,0,0,0,0,0,15
2025 - 2026,2026 Spring,GRAD,GRAD,Mingwei,Sun,,INSY,5339,1,14,9,1,0,0,1,0,0,0,0,0,25
2025 - 2026,2026 Spring,GRAD,GRAD,Santoso,Budiman,,INSY,5345,1,5,8,0,0,0,0,0,0,0,0,0,13
2025 - 2026,2026 Spring,GRAD,GRAD,Santoso,Budiman,,INSY,5345,2,3,3,0,0,0,0,0,0,0,0,0,6
2025 - 2026,2026 Spring,GRAD,GRAD,Santoso,Budiman,,INSY,5345,30,12,0,0,0,0,0,0,0,0,0,0,12
2025 - 2026,2026 Spring,GRAD,GRAD,Radha,Mahapatra,,INSY,5348,1,2,4,0,0,0,0,0,0,0,0,0,6
2025 - 2026,2026 Spring,GRAD,GRAD,Anil,Singh,,INSY,5357,1,8,5,1,0,0,0,0,0,0,0,0,14
2025 - 2026,2026 Spring,GRAD,GRAD,Ramakrishna,Koganti,,INSY,5373,1,7,4,0,0,0,0,0,0,0,0,0,11
2025 - 2026,2026 Spring,GRAD,GRAD,Chaitanya,Sambhara,,INSY,5375,1,7,22,10,3,0,0,0,0,0,0,0,42
2025 - 2026,2026 Spring,GRAD,GRAD,Xuedong,Gao,,INSY,5375,70,40,10,0,0,0,0,0,0,0,0,0,50
2025 - 2026,2026 Spring,GRAD,GRAD,Jingguo,Wang,,INSY,5375,71,26,15,8,0,0,11,0,0,0,0,0,60
2025 - 2026,2026 Spring,GRAD,GRAD,Sridhar,Nerur,,INSY,5376,30,7,0,0,0,0,0,0,0,0,0,0,7
2025 - 2026,2026 Spring,GRAD,GRAD,Yi-Chun,Wang,,INSY,5376,70,10,0,0,0,0,0,0,0,0,0,0,10
2025 - 2026,2026 Spring,GRAD,GRAD,Riyaz,Sikora,,INSY,5377,30,9,3,0,0,0,0,0,0,0,0,0,12
2025 - 2026,2026 Spring,GRAD,GRAD,Kambiz,Saffarizadeh,,INSY,5378,1,6,4,3,0,0,0,0,0,0,0,0,13
2025 - 2026,2026 Spring,GRAD,GRAD,Sridhar,Nerur,,INSY,5378,30,7,0,0,0,0,0,0,0,0,0,0,7
2025 - 2026,2026 Spring,GRAD,GRAD,Jayarajan,Samuel,,INSY,5379,1,18,4,0,0,0,0,0,0,0,0,0,22
2025 - 2026,2026 Spring,GRAD,GRAD,Sridhar,Nerur,,INSY,6301,1,9,1,0,0,0,0,0,0,0,0,0,10
2025 - 2026,2026 Spring,GRAD,UGRD,Tyler,Garner,,KINE,3302,1,93,12,10,2,4,1,0,0,2,0,0,124
2025 - 2026,2026 Spring,GRAD,UGRD,Abu,Yilla,,KINE,3307,1,22,13,5,4,2,0,0,0,0,0,0,46
2025 - 2026,2026 Spring,GRAD,GRAD,Meredith,Decker,,KINE,5222,1,24,0,0,0,0,1,0,0,0,0,0,25
2025 - 2026,2026 Spring,GRAD,GRAD,Laura,Kunkel,,KINE,5237,1,24,1,0,0,0,0,0,0,0,0,0,25
2025 - 2026,2026 Spring,GRAD,GRAD,Adam,Annaccone,,KINE,5241,1,24,0,0,0,0,0,0,0,0,0,0,24
2025 - 2026,2026 Spring,GRAD,GRAD,Melissa,Oden,,KINE,5250,1,6,0,0,0,0,0,0,0,0,0,0,6
2025 - 2026,2026 Spring,GRAD,GRAD,Xiangli,Gu,,KINE,5323,1,9,2,0,0,0,0,0,0,0,0,0,11
2025 - 2026,2026 Spring,GRAD,GRAD,Adam,Annaccone,,KINE,5324,1,22,3,0,0,0,0,0,0,0,0,0,25
2025 - 2026,2026 Spring,GRAD,GRAD,Meredith,Decker,,KINE,5325,1,11,13,1,0,0,0,0,0,0,0,0,25
2025 - 2026,2026 Spring,GRAD,GRAD,Meredith,Decker,,KINE,5334,1,23,1,0,0,0,0,0,0,0,0,0,24
2025 - 2026,2026 Spring,GRAD,GRAD,Mark,Ricard,,KINE,5350,1,9,0,0,0,0,0,0,0,0,0,0,9
2025 - 2026,2026 Spring,GRAD,GRAD,Kyrah,Brown,,KINE,5371,1,13,1,1,0,0,0,0,0,0,0,0,15
2025 - 2026,2026 Spring,GRAD,GRAD,Yosef,Khan,,KINE,5372,1,3,11,0,0,0,0,0,0,0,0,0,14
2025 - 2026,2026 Spring,GRAD,GRAD,Denise,Hernandez,,KINE,5374,1,8,1,1,0,0,0,0,0,0,0,0,10
2025 - 2026,2026 Spring,GRAD,GRAD,Kyrah,Brown,,KINE,5375,1,9,2,0,0,0,0,0,0,0,0,0,11
2025 - 2026,2026 Spring,GRAD,GRAD,Lisa,Sheppard-Goodlett,,KINE,5377,1,12,3,1,0,0,0,0,0,0,0,0,16
2025 - 2026,2026 Spring,GRAD,GRAD,Melissa,Oden,,KINE,5383,1,5,2,0,0,0,0,0,0,0,0,0,7
2025 - 2026,2026 Spring,GRAD,GRAD,Erin,Carlson,,KINE,5384,1,16,1,0,0,0,0,0,0,0,0,0,17
2025 - 2026,2026 Spring,GRAD,GRAD,Tiffany,Kindratt,,KINE,5386,1,15,6,1,0,0,0,0,0,0,0,0,22
2025 - 2026,2026 Spring,GRAD,GRAD,Erin,Carlson,,KINE,5387,1,15,2,1,0,0,0,0,0,0,0,0,18
2025 - 2026,2026 Spring,GRAD,GRAD,Feinuo,Sun,,KINE,5391,1,10,0,0,0,0,0,0,0,0,0,0,10
2025 - 2026,2026 Spring,GRAD,GRAD,Laura,Kunkel,,KINE,5520,1,23,1,0,0,0,0,0,0,0,0,0,24
2025 - 2026,2026 Spring,GRAD,GRAD,Mark,Ricard,,KINE,5694,1,6,0,0,0,0,0,0,0,0,0,0,6
2025 - 2026,2026 Spring,GRAD,GRAD,Paul,Fadel,,KINE,6100,1,0,0,0,0,0,0,12,0,0,0,0,12
2025 - 2026,2026 Spring,GRAD,GRAD,Jingsong,Zhou,Ang Li,KINE,6293,1,8,0,0,0,0,0,0,0,0,0,0,8
2025 - 2026,2026 Spring,GRAD,GRAD,Michael,Nelson,,KINE,6303,1,7,2,0,0,0,0,0,0,0,0,0,9
2025 - 2026,2026 Spring,GRAD,GRAD,Yungfei,Kao,,KINE,6308,1,6,0,0,0,0,0,0,0,0,0,0,6
2025 - 2026,2026 Spring,GRAD,GRAD,Monty,McMahen,,LARC,5340,1,6,0,0,0,0,0,0,0,0,0,0,6
2025 - 2026,2026 Spring,GRAD,GRAD,Letora,Anderson,,LARC,5342,1,6,1,0,0,0,0,0,0,0,0,0,7
2025 - 2026,2026 Spring,GRAD,GRAD,Ann,Podeszwa,,LARC,5380,1,8,1,0,0,0,0,0,0,0,0,0,9
2025 - 2026,2026 Spring,GRAD,GRAD,Joowon,Im,,LARC,5664,1,6,1,0,0,0,1,0,0,0,0,0,8
2025 - 2026,2026 Spring,GRAD,UGRD,Joseph,Sabbagh,,LING,3340,1,12,5,4,1,2,0,0,0,1,0,0,25
2025 - 2026,2026 Spring,GRAD,UGRD,Naoko,Witzel,,LING,3370,1,14,6,2,0,2,0,0,0,1,0,0,25
2025 - 2026,2026 Spring,GRAD,UGRD,Ivy,Hauser,,LING,4301,1,6,5,3,0,0,0,0,0,0,0,0,14
2025 - 2026,2026 Spring,GRAD,GRAD,Catharine,Welch,,LING,5301,2,9,0,0,0,0,0,0,0,0,0,0,9
2025 - 2026,2026 Spring,GRAD,GRAD,Jeffrey,Witzel,,LING,5304,2,7,0,0,0,0,0,0,0,0,0,0,7
2025 - 2026,2026 Spring,GRAD,GRAD,Laurel,Stvan,,LING,5372,1,11,0,0,0,0,0,0,0,0,0,0,11
2025 - 2026,2026 Spring,GRAD,GRAD,Holly,Hungerford-Kresser,,LIST,5345,111,18,2,0,0,1,0,0,0,0,0,0,21
2025 - 2026,2026 Spring,GRAD,GRAD,Wideline,Seraphin,,LIST,5346,121,19,1,0,0,0,0,0,0,0,0,0,20
2025 - 2026,2026 Spring,GRAD,GRAD,Sandra,Adams,,LIST,5361,101,17,0,0,0,1,0,0,0,0,0,0,18
2025 - 2026,2026 Spring,GRAD,UGRD,Sneha,Vanga,,MAE,3313,1,26,12,6,3,0,0,0,1,0,0,0,48
2025 - 2026,2026 Spring,GRAD,GRAD,Julia,Calabrese,,MAED,5353,111,24,1,0,0,0,0,0,0,0,0,0,25
2025 - 2026,2026 Spring,GRAD,GRAD,Julia,Calabrese,,MAED,5354,121,24,2,0,0,0,0,0,0,0,0,0,26
2025 - 2026,2026 Spring,GRAD,GRAD,Hao,Ren,,MANA,5320,70,2,40,0,0,0,2,0,0,0,0,0,44
2025 - 2026,2026 Spring,GRAD,GRAD,Di,Fan,,MANA,5320,71,36,25,0,0,0,0,0,0,1,0,0,62
2025 - 2026,2026 Spring,GRAD,GRAD,Yu-Wen,Liu,,MANA,5321,70,14,0,0,0,0,0,0,0,0,0,0,14
2025 - 2026,2026 Spring,GRAD,GRAD,Ariane,Froidevaux,,MANA,5323,1,19,6,4,1,0,0,0,0,2,0,0,32
2025 - 2026,2026 Spring,GRAD,GRAD,Thomas,Graca,,MANA,5327,1,5,10,0,0,0,0,0,0,2,0,0,17
2025 - 2026,2026 Spring,GRAD,GRAD,Hanbo,Shim,,MANA,5329,1,14,2,0,0,0,0,0,0,0,0,0,16
2025 - 2026,2026 Spring,GRAD,GRAD,Mark,Clark,,MANA,5330,60,14,16,4,0,0,0,0,0,4,0,0,38
2025 - 2026,2026 Spring,GRAD,GRAD,Li,Sun,,MANA,5331,70,24,21,0,0,0,0,0,0,0,0,0,45
2025 - 2026,2026 Spring,GRAD,GRAD,Li,Sun,,MANA,5331,71,35,16,0,0,0,0,0,0,0,0,0,51
2025 - 2026,2026 Spring,GRAD,GRAD,Lesley,Regalado,,MANA,5332,1,44,2,2,0,0,0,0,0,0,0,0,48
2025 - 2026,2026 Spring,GRAD,GRAD,Charles,Newson,,MANA,5334,1,23,7,0,0,0,0,0,0,0,0,0,30
2025 - 2026,2026 Spring,GRAD,GRAD,Owen,Parker,,MANA,5336,1,15,6,0,0,0,0,0,0,0,0,0,21
2025 - 2026,2026 Spring,GRAD,GRAD,Owen,Parker,,MANA,5336,60,24,14,1,0,0,0,0,0,0,0,0,39
2025 - 2026,2026 Spring,GRAD,GRAD,Abdul,Rasheed,,MANA,5336,71,19,0,0,0,0,0,0,0,0,0,0,19
2025 - 2026,2026 Spring,GRAD,GRAD,Thomas,Graca,,MANA,5337,1,34,9,0,0,0,0,0,0,0,0,0,43
2025 - 2026,2026 Spring,GRAD,GRAD,Thomas,Graca,,MANA,5337,60,15,24,0,0,1,0,0,0,0,0,0,40
2025 - 2026,2026 Spring,GRAD,GRAD,Fuli,Li,,MANA,5339,70,35,33,0,0,0,1,0,0,0,0,0,69
2025 - 2026,2026 Spring,GRAD,GRAD,Lars,Johnson,,MANA,5344,2,10,4,0,0,0,0,0,0,0,0,0,14
2025 - 2026,2026 Spring,GRAD,GRAD,Michael,Beeson,,MANA,5344,3,17,0,0,0,0,0,0,0,0,0,0,17
2025 - 2026,2026 Spring,GRAD,GRAD,Suzanne,Smith,,MANA,5345,1,4,2,0,0,0,0,0,0,1,0,0,7
2025 - 2026,2026 Spring,GRAD,GRAD,Matthew,Hirst,,MANA,5348,1,9,5,0,0,0,0,0,0,0,0,0,14
2025 - 2026,2026 Spring,GRAD,GRAD,Jeanne,Michalski,,MANA,5360,1,26,12,1,0,0,0,0,0,0,0,0,39
2025 - 2026,2026 Spring,GRAD,GRAD,David,Arena,,MANA,5360,60,30,8,0,0,0,0,0,0,2,0,0,40
2025 - 2026,2026 Spring,GRAD,GRAD,Jian,Liang,,MANA,5360,70,15,39,0,0,0,2,0,0,0,0,0,56
2025 - 2026,2026 Spring,GRAD,GRAD,Jeffrey,McGee,,MANA,6318,1,6,0,0,0,0,0,0,0,0,0,0,6
2025 - 2026,2026 Spring,GRAD,GRAD,Jorge,Martinez Garcia,,MARK,5311,1,8,9,0,0,0,0,0,0,1,0,0,18
2025 - 2026,2026 Spring,GRAD,GRAD,Jeffrey,Wallman,,MARK,5311,60,21,12,0,0,0,0,0,0,2,0,0,35
2025 - 2026,2026 Spring,GRAD,GRAD,Narayanan,Janakiraman,,MARK,5328,1,12,7,0,0,0,0,0,0,0,0,0,19
2025 - 2026,2026 Spring,GRAD,GRAD,Narayanan,Janakiraman,,MARK,5331,71,14,0,0,0,0,0,0,0,0,0,0,14
2025 - 2026,2026 Spring,GRAD,GRAD,Yiyi,Li,,MARK,5337,1,18,11,0,0,0,0,0,0,0,0,0,29
2025 - 2026,2026 Spring,GRAD,GRAD,Michaela,Mora Suarez,,MARK,5338,1,6,5,0,0,0,0,0,0,1,0,0,12
2025 - 2026,2026 Spring,GRAD,GRAD,Narayanan,Janakiraman,,MARK,5340,1,6,0,0,0,0,0,0,0,0,0,0,6
2025 - 2026,2026 Spring,GRAD,GRAD,Xiaoming,Yang,,MARK,5340,70,41,15,0,0,0,4,0,0,0,0,0,60
2025 - 2026,2026 Spring,GRAD,GRAD,Douglas,Grisaffe,,MARK,5343,1,4,1,1,0,0,0,0,0,1,0,0,7
2025 - 2026,2026 Spring,GRAD,UGRD,Xavier,Vidal,,MAS,4393,1,7,0,0,0,0,0,0,0,0,0,0,7
2025 - 2026,2026 Spring,GRAD,UGRD,Ahmed,Ali,,MATH,1315,2,5,10,24,6,9,0,0,1,1,0,0,56
2025 - 2026,2026 Spring,GRAD,UGRD,Mohammad,Murad,,MATH,3319,3,17,13,20,5,2,0,0,0,1,0,0,58
2025 - 2026,2026 Spring,GRAD,UGRD,Michaela,Vancliff,,MATH,4321,1,5,2,3,0,0,0,0,1,0,0,0,11
2025 - 2026,2026 Spring,GRAD,UGRD,Barbara,Shipman,,MATH,4335,1,8,6,5,5,0,0,0,0,3,0,0,27
2025 - 2026,2026 Spring,GRAD,UGRD,Barbara,Shipman,,MATH,4391,2,8,0,1,1,0,0,0,0,0,0,0,10
2025 - 2026,2026 Spring,GRAD,GRAD,Keaton,Hamm,,MATH,5300,1,11,0,1,0,0,1,0,0,0,0,0,13
2025 - 2026,2026 Spring,GRAD,GRAD,Ren-Cang,Li,,MATH,5317,1,3,3,1,0,0,0,0,0,2,0,0,9
2025 - 2026,2026 Spring,GRAD,GRAD,Andrzej,Korzeniowski,,MATH,5319,1,22,0,0,0,0,0,0,0,0,0,0,22
2025 - 2026,2026 Spring,GRAD,GRAD,Tuncay,Aktosun,,MATH,5322,1,8,0,0,0,0,0,0,0,0,0,0,8
2025 - 2026,2026 Spring,GRAD,GRAD,Michaela,Vancliff,,MATH,5331,1,4,6,6,2,0,0,0,0,1,0,0,19
2025 - 2026,2026 Spring,GRAD,GRAD,Souvik,Roy,,MATH,5374,1,15,0,0,0,0,1,0,0,0,0,0,16
2025 - 2026,2026 Spring,GRAD,GRAD,Gaik,Ambartsoumian,,MATH,5392,1,22,0,0,0,0,0,0,0,0,0,0,22
2025 - 2026,2026 Spring,GRAD,GRAD,Dimitar,Grantcharov,,MATH,5392,2,16,0,0,0,0,0,0,0,0,0,0,16
2025 - 2026,2026 Spring,GRAD,GRAD,Chaoqun,Liu,,MATH,5392,3,8,0,0,0,0,0,0,0,0,0,0,8
2025 - 2026,2026 Spring,GRAD,GRAD,Li,Wang,,MATH,6311,1,27,4,0,0,0,0,0,0,0,0,0,31
2025 - 2026,2026 Spring,GRAD,GRAD,Xinlei,Wang,,MATH,6390,1,5,3,0,0,0,0,0,0,0,0,0,8
2025 - 2026,2026 Spring,GRAD,GRAD,Ankur,Jain,,ME,5101,4,0,0,0,0,0,0,23,0,0,0,0,23
2025 - 2026,2026 Spring,GRAD,GRAD,Animesh,Chakravarthy,,ME,5303,1,5,3,1,0,1,0,0,0,1,0,0,11
2025 - 2026,2026 Spring,GRAD,GRAD,Animesh,Chakravarthy,,ME,5303,2,0,2,4,0,0,0,0,0,0,0,0,6
2025 - 2026,2026 Spring,GRAD,GRAD,Bo,Wang,,ME,5311,1,10,2,1,0,0,0,0,0,1,0,0,14
2025 - 2026,2026 Spring,GRAD,GRAD,Seiichi,Nomura,,ME,5312,1,4,5,0,0,0,0,0,0,2,0,0,11
2025 - 2026,2026 Spring,GRAD,GRAD,Hyejin,Moon,,ME,5321,1,9,3,1,0,0,0,0,0,0,0,0,13
2025 - 2026,2026 Spring,GRAD,GRAD,Hyejin,Moon,,ME,5321,2,3,3,0,0,0,0,0,0,0,0,0,6
2025 - 2026,2026 Spring,GRAD,GRAD,Robert,Taylor,,ME,5327,1,5,3,1,0,0,0,0,0,0,0,0,9
2025 - 2026,2026 Spring,GRAD,GRAD,Seiichi,Nomura,,ME,5332,1,12,16,4,4,2,0,0,0,1,0,0,39
2025 - 2026,2026 Spring,GRAD,GRAD,Seiichi,Nomura,,ME,5332,2,0,10,0,0,0,0,0,0,0,0,0,10
2025 - 2026,2026 Spring,GRAD,GRAD,Albert,Tong,,ME,5345,1,5,2,0,0,0,0,0,0,0,0,0,7
2025 - 2026,2026 Spring,GRAD,GRAD,Dereje,Agonafer,,ME,5353,1,20,0,0,0,0,0,0,0,0,0,0,20
2025 - 2026,2026 Spring,GRAD,GRAD,Sunand,Santhanagopalan,,ME,5382,1,17,2,1,0,0,0,0,0,0,0,0,20
2025 - 2026,2026 Spring,GRAD,GRAD,Xin,Liu,,ME,5390,1,11,11,0,0,0,0,0,0,0,0,0,22
2025 - 2026,2026 Spring,GRAD,GRAD,Ashfaq,Adnan,,ME,6397,39,0,0,0,0,0,0,0,0,0,0,7,7
2025 - 2026,2026 Spring,GRAD,UGRD,Antonio,Leonvega,,MILS,0180,3,11,0,0,0,0,0,0,0,1,0,0,12
2025 - 2026,2026 Spring,GRAD,UGRD,Gregory,LeClair,,MILS,0180,4,8,2,0,0,0,0,0,0,1,0,0,11
2025 - 2026,2026 Spring,GRAD,UGRD,Antonio,Leonvega,,MILS,3132,1,8,3,0,0,0,0,0,0,1,0,0,12
2025 - 2026,2026 Spring,GRAD,UGRD,Antonio,Leonvega,,MILS,3342,1,8,3,0,0,0,0,0,0,1,0,0,12
2025 - 2026,2026 Spring,GRAD,UGRD,Gregory,LeClair,,MILS,4142,1,8,2,0,0,0,0,0,0,1,0,0,11
2025 - 2026,2026 Spring,GRAD,UGRD,Gregory,LeClair,,MILS,4342,1,9,2,0,0,0,0,0,0,1,0,0,12
2025 - 2026,2026 Spring,GRAD,GRAD,Seong,Koh,,MSE,5193,1,0,0,0,0,0,0,24,0,0,0,0,24
2025 - 2026,2026 Spring,GRAD,GRAD,Di,Zhang,,MSE,5300,1,5,3,0,0,0,0,0,0,1,0,0,9
2025 - 2026,2026 Spring,GRAD,GRAD,Seong,Koh,,MSE,5305,1,5,5,0,0,0,0,0,0,0,0,0,10
2025 - 2026,2026 Spring,GRAD,GRAD,Kyung Suk,Yum,,MSE,5312,1,7,2,0,0,0,0,0,0,1,0,0,10
2025 - 2026,2026 Spring,GRAD,GRAD,Yaowu,Hao,,MSE,5320,1,19,0,0,0,0,0,0,0,0,0,0,19
2025 - 2026,2026 Spring,GRAD,GRAD,Choong-Un,Kim,,MSE,5339,1,13,0,0,0,1,0,0,0,0,0,0,14
2025 - 2026,2026 Spring,GRAD,UGRD,Jessica,Ferring Glenn,,MUSI,3101,1,8,2,1,0,0,0,0,1,0,0,0,12
2025 - 2026,2026 Spring,GRAD,UGRD,Michael,Morrison,,MUSI,3125,2,8,5,3,0,0,0,0,0,0,0,0,16
2025 - 2026,2026 Spring,GRAD,UGRD,Joe,Moore,,MUSI,3394,1,13,2,4,0,7,0,0,1,3,0,0,30
2025 - 2026,2026 Spring,GRAD,GRAD,Michael,Morrison,,MUSI,5010,20,0,0,0,0,0,0,7,0,0,0,0,7
2025 - 2026,2026 Spring,GRAD,GRAD,Martha,Walvoord,,MUSI,5100,1,8,0,0,0,0,0,0,0,0,0,0,8
2025 - 2026,2026 Spring,GRAD,GRAD,Silas,Huff,,MUSI,5111,1,10,0,0,0,0,0,0,0,0,0,0,10
2025 - 2026,2026 Spring,GRAD,GRAD,Emily,Eubanks,,MUSI,5308,1,15,5,1,0,0,0,0,0,1,0,0,22
2025 - 2026,2026 Spring,GRAD,GRAD,Graham,Hunt,,MUSI,5349,1,7,0,0,0,0,0,0,0,1,0,0,8
2025 - 2026,2026 Spring,GRAD,GRAD,Diane,Lange,,MUSI,5391,33,4,0,1,0,0,0,0,0,2,0,0,7
2025 - 2026,2026 Spring,GRAD,UGRD,Maria Aranzazu,Gil Recalde,Sandra Westmoreland,NURS,3309,73,70,37,6,4,5,0,0,0,3,0,0,125
2025 - 2026,2026 Spring,GRAD,GRAD,Courtney,Morse,Kira Short,NURS,5110,10,0,0,0,0,0,0,10,0,0,0,0,10
2025 - 2026,2026 Spring,GRAD,GRAD,Aaron,Langford,,NURS,5112,10,43,0,0,0,1,0,0,0,0,0,0,44
2025 - 2026,2026 Spring,GRAD,GRAD,Gigi,Thomas,,NURS,5120,1,0,0,0,0,0,0,7,0,1,0,0,8
2025 - 2026,2026 Spring,GRAD,GRAD,Melissa,Miller,Gigi Thomas,NURS,5120,10,0,0,0,0,0,0,9,0,0,0,0,9
2025 - 2026,2026 Spring,GRAD,GRAD,Ashley,Walters,Mary Davis,NURS,5120,401,0,0,0,0,0,0,10,0,0,0,0,10
2025 - 2026,2026 Spring,GRAD,GRAD,Sumit,Trivedi,Mary Davis,NURS,5120,402,0,0,0,0,0,0,10,0,0,0,0,10
2025 - 2026,2026 Spring,GRAD,GRAD,Cheryl,Mitchell,Mary Davis,NURS,5120,405,0,0,0,0,0,0,6,0,0,0,0,6
2025 - 2026,2026 Spring,GRAD,GRAD,Anneshia,Redic,Mary Davis,NURS,5120,406,0,0,0,0,0,0,6,0,0,0,0,6
2025 - 2026,2026 Spring,GRAD,GRAD,Debra,Phillips,Mary Davis,NURS,5120,408,0,0,0,0,1,0,9,0,0,0,0,10
2025 - 2026,2026 Spring,GRAD,GRAD,Crystal,Cisneros,Mary Davis,NURS,5120,409,0,0,0,0,0,0,9,0,0,0,0,9
2025 - 2026,2026 Spring,GRAD,GRAD,Shannon,Carey,Mary Davis,NURS,5120,410,0,0,0,0,1,0,9,0,0,0,0,10
2025 - 2026,2026 Spring,GRAD,GRAD,Elizabeth,Welch,Mary Davis,NURS,5120,411,0,0,0,0,0,0,9,0,0,0,0,9
2025 - 2026,2026 Spring,GRAD,GRAD,Ashley,Moore,Mary Davis,NURS,5120,412,0,0,0,0,1,0,8,0,0,0,0,9
2025 - 2026,2026 Spring,GRAD,GRAD,Amy,Lunsford,Mary Davis,NURS,5120,413,0,0,0,0,1,0,8,0,0,0,0,9
2025 - 2026,2026 Spring,GRAD,GRAD,Kindra,McWilliam-Ross,Mary Davis,NURS,5120,414,0,0,0,0,1,0,8,0,0,0,0,9
2025 - 2026,2026 Spring,GRAD,GRAD,Mary,Davis,,NURS,5120,415,0,0,0,0,0,0,10,0,0,0,0,10
2025 - 2026,2026 Spring,GRAD,GRAD,Cheryl,Mitchell,Mary Davis,NURS,5120,416,0,0,0,0,0,0,10,0,0,0,0,10
2025 - 2026,2026 Spring,GRAD,GRAD,Shicobie,Adams,Mary Davis,NURS,5120,420,0,0,0,0,1,0,9,0,0,0,0,10
2025 - 2026,2026 Spring,GRAD,GRAD,Katherine,Afshar,Mary Davis,NURS,5120,421,0,0,0,0,0,0,10,0,0,0,0,10
2025 - 2026,2026 Spring,GRAD,GRAD,Shannon,Carey,Mary Davis,NURS,5120,422,0,0,0,0,0,0,10,0,0,0,0,10
2025 - 2026,2026 Spring,GRAD,GRAD,Crystal,Cisneros,Mary Davis,NURS,5120,423,0,0,0,0,0,0,10,0,0,0,0,10
2025 - 2026,2026 Spring,GRAD,GRAD,Mary,Davis,,NURS,5120,424,0,0,0,0,0,0,10,0,0,0,0,10
2025 - 2026,2026 Spring,GRAD,GRAD,Chinyere,Emeh,Mary Davis,NURS,5120,425,0,0,0,0,0,0,10,0,0,0,0,10
2025 - 2026,2026 Spring,GRAD,GRAD,Kathleen,Garza,Mary Davis,NURS,5120,426,0,0,0,0,0,0,10,0,0,0,0,10
2025 - 2026,2026 Spring,GRAD,GRAD,Cheryl,Gordon,Mary Davis,NURS,5120,427,0,0,0,0,0,0,10,0,0,0,0,10
2025 - 2026,2026 Spring,GRAD,GRAD,Shira,Love,Mary Davis,NURS,5120,428,0,0,0,0,2,0,7,0,1,0,0,10
2025 - 2026,2026 Spring,GRAD,GRAD,Kindra,McWilliam-Ross,Mary Davis,NURS,5120,429,0,0,0,0,0,0,10,0,0,0,0,10
2025 - 2026,2026 Spring,GRAD,GRAD,Cheryl,Mitchell,Mary Davis,NURS,5120,431,0,0,0,0,1,0,5,0,0,0,0,6
2025 - 2026,2026 Spring,GRAD,GRAD,Lynn,Berger,Mary Davis,NURS,5120,436,0,0,0,0,0,0,10,0,0,0,0,10
2025 - 2026,2026 Spring,GRAD,GRAD,Elizabeth,Welch,Mary Davis,NURS,5120,437,0,0,0,0,0,0,9,0,1,0,0,10
2025 - 2026,2026 Spring,GRAD,GRAD,Diane,St Pierre Runnels,Mary Davis,NURS,5120,438,0,0,0,0,2,0,8,0,0,0,0,10
2025 - 2026,2026 Spring,GRAD,GRAD,Lee,Sulkin,Mary Davis,NURS,5120,439,0,0,0,0,0,0,9,0,1,0,0,10
2025 - 2026,2026 Spring,GRAD,GRAD,Sumit,Trivedi,Mary Davis,NURS,5120,440,0,0,0,0,0,0,10,0,0,0,0,10
2025 - 2026,2026 Spring,GRAD,GRAD,Ashley,Walters,Mary Davis,NURS,5120,441,0,0,0,0,0,0,8,0,1,0,0,9
2025 - 2026,2026 Spring,GRAD,GRAD,Kindra,McWilliam-Ross,Mary Davis,NURS,5120,443,0,0,0,0,0,0,10,0,0,0,0,10
2025 - 2026,2026 Spring,GRAD,GRAD,Shannon,Carey,Mary Davis,NURS,5120,444,0,0,0,0,0,0,10,0,0,0,0,10
2025 - 2026,2026 Spring,GRAD,GRAD,Kathleen,Garza,Mary Davis,NURS,5120,449,0,0,0,0,1,0,9,0,0,0,0,10
2025 - 2026,2026 Spring,GRAD,GRAD,Amy,Lunsford,Mary Davis,NURS,5120,450,0,0,0,0,1,0,5,0,0,0,0,6
2025 - 2026,2026 Spring,GRAD,GRAD,Crystal,Cisneros,Mary Davis,NURS,5120,451,0,0,0,0,0,0,10,0,0,0,0,10
2025 - 2026,2026 Spring,GRAD,GRAD,Shicobie,Adams,Mary Davis,NURS,5120,452,0,0,0,0,0,0,6,0,1,0,0,7
2025 - 2026,2026 Spring,GRAD,GRAD,Katherine,Afshar,Mary Davis,NURS,5120,453,0,0,0,0,0,0,6,0,1,0,0,7
2025 - 2026,2026 Spring,GRAD,GRAD,Lynn,Berger,Mary Davis,NURS,5120,454,0,0,0,0,0,0,10,0,0,0,0,10
2025 - 2026,2026 Spring,GRAD,GRAD,Kindra,McWilliam-Ross,Mary Davis,NURS,5120,455,0,0,0,0,0,0,8,0,0,0,0,8
2025 - 2026,2026 Spring,GRAD,GRAD,Chinyere,Emeh,Mary Davis,NURS,5120,456,0,0,0,0,3,0,4,0,0,0,0,7
2025 - 2026,2026 Spring,GRAD,GRAD,Mary,Davis,,NURS,5120,457,0,0,0,0,0,0,6,0,0,0,0,6
2025 - 2026,2026 Spring,GRAD,GRAD,Shira,Love,Mary Davis,NURS,5120,458,0,0,0,0,1,0,6,0,0,0,0,7
2025 - 2026,2026 Spring,GRAD,GRAD,Jodie,Moore,Mary Davis,NURS,5120,459,0,0,0,0,0,0,8,0,0,0,0,8
2025 - 2026,2026 Spring,GRAD,GRAD,Shannon,Carey,Mary Davis,NURS,5120,460,0,0,0,0,0,0,7,0,0,0,0,7
2025 - 2026,2026 Spring,GRAD,GRAD,Bethany,McClean,Courtney Werner,NURS,5130,1,0,0,0,0,0,0,7,0,1,0,0,8
2025 - 2026,2026 Spring,GRAD,GRAD,Courtney,Werner,,NURS,5130,10,0,0,0,0,0,0,7,0,0,0,0,7
2025 - 2026,2026 Spring,GRAD,GRAD,Shannon,Dougrey,Angela Miller; Courtney Werner,NURS,5130,401,0,0,0,0,0,0,10,0,0,0,0,10
2025 - 2026,2026 Spring,GRAD,GRAD,Amy,Winslow,Angela Miller; Courtney Werner,NURS,5130,403,0,0,0,0,0,0,6,0,0,0,0,6
2025 - 2026,2026 Spring,GRAD,GRAD,Leslie,Wilson,Angela Miller; Courtney Werner,NURS,5130,404,0,0,0,0,0,0,8,0,0,0,0,8
2025 - 2026,2026 Spring,GRAD,GRAD,Melissa,Franklin,Angela Miller; Courtney Werner,NURS,5130,405,0,0,0,0,1,0,9,0,0,0,0,10
2025 - 2026,2026 Spring,GRAD,GRAD,Erica,Vance,Angela Miller; Courtney Werner,NURS,5130,406,0,0,0,0,0,0,10,0,0,0,0,10
2025 - 2026,2026 Spring,GRAD,GRAD,Christina,Sanchez,Angela Miller; Courtney Werner,NURS,5130,407,0,0,0,0,0,0,8,0,1,0,0,9
2025 - 2026,2026 Spring,GRAD,GRAD,Lindsay,Hermsdorfer,Angela Miller; Courtney Werner,NURS,5130,408,0,0,0,0,1,0,7,0,0,0,0,8
2025 - 2026,2026 Spring,GRAD,GRAD,Ruth,Roberts,Angela Miller; Courtney Werner,NURS,5130,409,0,0,0,0,1,0,8,0,0,0,0,9
2025 - 2026,2026 Spring,GRAD,GRAD,Anamarina,Jarecke,Angela Miller; Courtney Werner,NURS,5130,410,0,0,0,0,0,0,10,0,0,0,0,10
2025 - 2026,2026 Spring,GRAD,GRAD,Suji,John,Angela Miller; Courtney Werner,NURS,5130,411,0,0,0,0,2,0,8,0,0,0,0,10
2025 - 2026,2026 Spring,GRAD,GRAD,Ashlee,Loewen,Angela Miller; Courtney Werner,NURS,5130,412,0,0,0,0,0,0,10,0,0,0,0,10
2025 - 2026,2026 Spring,GRAD,GRAD,Lisa,Lunsford,Angela Miller; Courtney Werner,NURS,5130,413,0,0,0,0,0,0,8,0,1,0,0,9
2025 - 2026,2026 Spring,GRAD,GRAD,Rachel,Mark,Angela Miller; Courtney Werner,NURS,5130,414,0,0,0,0,1,0,6,0,2,0,0,9
2025 - 2026,2026 Spring,GRAD,GRAD,Angela,Miller,Courtney Werner,NURS,5130,416,0,0,0,0,1,0,9,0,0,0,0,10
2025 - 2026,2026 Spring,GRAD,GRAD,Brandi,Pitcox,Angela Miller; Courtney Werner,NURS,5130,417,0,0,0,0,0,0,10,0,0,0,0,10
2025 - 2026,2026 Spring,GRAD,GRAD,Courtney,Werner,,NURS,5130,418,0,0,0,0,0,0,10,0,0,0,0,10
2025 - 2026,2026 Spring,GRAD,GRAD,Kelly,Meier,Courtney Werner,NURS,5130,419,0,0,0,0,0,0,10,0,0,0,0,10
2025 - 2026,2026 Spring,GRAD,GRAD,Robbi,Nichols,Courtney Werner,NURS,5130,420,0,0,0,0,2,0,8,0,0,0,0,10
2025 - 2026,2026 Spring,GRAD,GRAD,Courtney,Werner,Shannon Dougrey,NURS,5130,421,0,0,0,0,0,0,10,0,0,0,0,10
2025 - 2026,2026 Spring,GRAD,GRAD,Toshia,McKeon,Courtney Werner,NURS,5130,422,0,0,0,0,0,0,10,0,0,0,0,10
2025 - 2026,2026 Spring,GRAD,GRAD,Suji,John,Courtney Werner,NURS,5130,423,0,0,0,0,0,0,10,0,0,0,0,10
2025 - 2026,2026 Spring,GRAD,GRAD,Anamarina,Jarecke,Courtney Werner,NURS,5130,424,0,0,0,0,0,0,10,0,0,0,0,10
2025 - 2026,2026 Spring,GRAD,GRAD,Melissa,Franklin,Courtney Werner,NURS,5130,425,0,0,0,0,1,0,9,0,0,0,0,10
2025 - 2026,2026 Spring,GRAD,GRAD,Lindsay,Hermsdorfer,Angela Miller; Courtney Werner,NURS,5130,436,0,0,0,0,2,0,5,0,0,0,0,7
2025 - 2026,2026 Spring,GRAD,GRAD,Angela,Miller,Courtney Werner,NURS,5130,440,0,0,0,0,0,0,8,0,1,0,0,9
2025 - 2026,2026 Spring,GRAD,GRAD,Melissa,Franklin,Angela Miller; Courtney Werner,NURS,5130,441,0,0,0,0,0,0,9,0,0,0,0,9
2025 - 2026,2026 Spring,GRAD,GRAD,Anamarina,Jarecke,Angela Miller; Courtney Werner,NURS,5130,442,0,0,0,0,0,0,6,0,0,0,0,6
2025 - 2026,2026 Spring,GRAD,GRAD,Ashlee,Loewen,Angela Miller; Courtney Werner,NURS,5130,443,0,0,0,0,0,0,10,0,0,0,0,10
2025 - 2026,2026 Spring,GRAD,GRAD,Brandi,Pitcox,Angela Miller; Courtney Werner,NURS,5130,445,0,0,0,0,0,0,7,0,0,0,0,7
2025 - 2026,2026 Spring,GRAD,GRAD,Kimberly,Thompson,,NURS,5140,1,0,0,0,0,0,0,10,0,0,0,0,10
2025 - 2026,2026 Spring,GRAD,GRAD,Kimberly,Thompson,,NURS,5140,10,0,0,0,0,1,0,9,0,0,0,0,10
2025 - 2026,2026 Spring,GRAD,GRAD,Cristina,Winters,,NURS,5140,12,0,0,0,0,0,0,10,0,0,0,0,10
2025 - 2026,2026 Spring,GRAD,GRAD,Sharon,Brown,,NURS,5140,13,0,0,0,0,1,0,8,0,0,0,0,9
2025 - 2026,2026 Spring,GRAD,GRAD,Melissa,Salmons,Jennifer May,NURS,5150,401,0,0,0,0,0,0,8,0,0,0,0,8
2025 - 2026,2026 Spring,GRAD,GRAD,Melissa,Salmons,Jennifer May,NURS,5150,402,0,0,0,0,0,0,10,0,0,0,0,10
2025 - 2026,2026 Spring,GRAD,GRAD,Marianne,Doan,Jennifer May,NURS,5150,403,0,0,0,0,0,0,10,0,0,0,0,10
2025 - 2026,2026 Spring,GRAD,GRAD,Marianne,Doan,Jennifer May,NURS,5150,404,0,0,0,0,1,0,9,0,0,0,0,10
2025 - 2026,2026 Spring,GRAD,GRAD,Julie,Jung,Jennifer May,NURS,5150,405,0,0,0,0,0,0,7,0,0,0,0,7
2025 - 2026,2026 Spring,GRAD,GRAD,Julie,Jung,Jennifer May,NURS,5150,406,0,0,0,0,0,0,9,0,0,0,0,9
2025 - 2026,2026 Spring,GRAD,GRAD,Cynthia,Rodriguez Wewerka,Jennifer May,NURS,5150,407,0,0,0,0,0,0,10,0,0,0,0,10
2025 - 2026,2026 Spring,GRAD,GRAD,Jennifer,May,,NURS,5150,408,0,0,0,0,0,0,9,0,0,0,0,9
2025 - 2026,2026 Spring,GRAD,GRAD,Kira,Short,,NURS,5204,10,8,3,1,0,0,0,0,0,0,0,0,12
2025 - 2026,2026 Spring,GRAD,GRAD,Aaron,Langford,,NURS,5213,10,27,9,0,0,0,0,0,0,0,0,0,36
2025 - 2026,2026 Spring,GRAD,GRAD,Gigi,Thomas,,NURS,5220,10,16,5,0,0,0,0,0,0,1,0,0,22
2025 - 2026,2026 Spring,GRAD,GRAD,Courtney,Werner,,NURS,5220,400,139,36,5,0,0,0,0,0,0,0,0,180
2025 - 2026,2026 Spring,GRAD,GRAD,Lindsay,Hermsdorfer,Courtney Werner,NURS,5220,401,129,57,3,0,1,0,0,0,1,0,0,191
2025 - 2026,2026 Spring,GRAD,GRAD,Lindsay,Hermsdorfer,Courtney Werner,NURS,5220,402,48,28,0,0,0,0,0,0,2,0,0,78
2025 - 2026,2026 Spring,GRAD,GRAD,Sharon,Brown,,NURS,5222,10,25,9,0,0,0,0,0,0,0,0,0,34
2025 - 2026,2026 Spring,GRAD,GRAD,Kimberly,Thompson,,NURS,5223,10,21,13,1,0,0,0,0,0,0,0,0,35
2025 - 2026,2026 Spring,GRAD,GRAD,Marianne,Doan,,NURS,5300,400,64,2,0,0,0,0,0,0,0,0,0,66
2025 - 2026,2026 Spring,GRAD,GRAD,Margarita,Trevino,,NURS,5302,400,56,3,0,0,0,0,0,0,0,0,0,59
2025 - 2026,2026 Spring,GRAD,GRAD,Dianne,Ross,Sharon Blackerby,NURS,5308,400,66,6,0,0,0,0,0,0,1,0,0,73
2025 - 2026,2026 Spring,GRAD,GRAD,Sharon,Blackerby,,NURS,5308,401,22,2,1,0,0,0,0,0,1,0,0,26
2025 - 2026,2026 Spring,GRAD,GRAD,Patricia,Allard,,NURS,5310,400,26,1,0,0,0,0,0,0,0,0,0,27
2025 - 2026,2026 Spring,GRAD,GRAD,Tammie,Peterson,,NURS,5311,400,67,1,0,0,0,0,0,0,0,0,0,68
2025 - 2026,2026 Spring,GRAD,GRAD,Patricia,Thomas,,NURS,5312,400,5,2,1,0,0,0,0,0,0,0,0,8
2025 - 2026,2026 Spring,GRAD,GRAD,Cynthia,Garrett,Patricia Thomas,NURS,5312,401,12,28,1,0,0,0,0,0,2,0,0,43
2025 - 2026,2026 Spring,GRAD,GRAD,Ann,Eckhardt,,NURS,5315,1,2,5,0,0,0,0,0,0,1,0,0,8
2025 - 2026,2026 Spring,GRAD,GRAD,Jennifer,Woo,,NURS,5315,1,2,5,0,0,0,0,0,0,1,0,0,8
2025 - 2026,2026 Spring,GRAD,GRAD,Zui,Pan,,NURS,5315,1,2,5,0,0,0,0,0,0,1,0,0,8
2025 - 2026,2026 Spring,GRAD,GRAD,Ann,Eckhardt,,NURS,5315,10,16,17,8,1,0,0,0,0,8,0,0,50
2025 - 2026,2026 Spring,GRAD,GRAD,Jennifer,Woo,,NURS,5315,10,16,17,8,1,0,0,0,0,8,0,0,50
2025 - 2026,2026 Spring,GRAD,GRAD,Zui,Pan,,NURS,5315,10,16,17,8,1,0,0,0,0,8,0,0,50
2025 - 2026,2026 Spring,GRAD,GRAD,Ann,Eckhardt,,NURS,5315,12,2,5,1,0,0,0,0,0,2,0,0,10
2025 - 2026,2026 Spring,GRAD,GRAD,Jennifer,Woo,,NURS,5315,12,2,5,1,0,0,0,0,0,2,0,0,10
2025 - 2026,2026 Spring,GRAD,GRAD,Zui,Pan,,NURS,5315,12,2,5,1,0,0,0,0,0,2,0,0,10
2025 - 2026,2026 Spring,GRAD,GRAD,Jordan,Dudley,Sayda Major,NURS,5315,400,38,81,38,5,3,0,0,0,11,0,0,176
2025 - 2026,2026 Spring,GRAD,GRAD,Allison,Tuppeny,Sayda Major,NURS,5315,401,25,87,51,8,5,0,0,0,17,0,0,193
2025 - 2026,2026 Spring,GRAD,GRAD,Sayda,Major,,NURS,5315,403,25,75,35,2,3,0,0,0,6,0,0,146
2025 - 2026,2026 Spring,GRAD,GRAD,Nancy,Nagel,Sayda Major,NURS,5315,404,11,49,29,7,2,0,0,0,8,0,0,106
2025 - 2026,2026 Spring,GRAD,GRAD,Corina,Salinas,Aaron Langford,NURS,5324,10,4,0,0,0,0,0,0,0,2,0,0,6
2025 - 2026,2026 Spring,GRAD,GRAD,Sharon,Brown,Aaron Langford,NURS,5324,12,6,0,0,0,0,0,0,0,0,0,0,6
2025 - 2026,2026 Spring,GRAD,GRAD,Corina,Salinas,Aaron Langford,NURS,5325,10,4,0,0,0,0,0,0,0,2,0,0,6
2025 - 2026,2026 Spring,GRAD,GRAD,Sharon,Brown,Aaron Langford,NURS,5325,12,6,0,0,0,0,0,0,0,0,0,0,6
2025 - 2026,2026 Spring,GRAD,GRAD,Maryann,Ugoh,Aaron Langford,NURS,5325,14,6,0,0,0,0,0,0,0,0,0,0,6
2025 - 2026,2026 Spring,GRAD,GRAD,Donna,Bacchus,,NURS,5327,10,20,18,1,0,0,0,0,0,6,0,0,45
2025 - 2026,2026 Spring,GRAD,GRAD,Leigh,Griffis-Cogan,,NURS,5327,12,4,7,3,0,0,0,0,0,1,0,0,15
2025 - 2026,2026 Spring,GRAD,GRAD,Leigh,Griffis-Cogan,,NURS,5327,400,128,17,5,0,2,0,0,0,2,0,0,154
2025 - 2026,2026 Spring,GRAD,GRAD,Leigh,Griffis-Cogan,,NURS,5327,401,144,29,10,0,2,0,0,0,4,0,0,189
2025 - 2026,2026 Spring,GRAD,GRAD,Leigh,Griffis-Cogan,,NURS,5327,402,88,24,3,0,2,0,0,0,2,0,0,119
2025 - 2026,2026 Spring,GRAD,GRAD,Maxine,Adegbola,Leigh Griffis-Cogan,NURS,5327,403,147,27,3,1,0,0,0,0,3,0,0,181
2025 - 2026,2026 Spring,GRAD,GRAD,Leigh,Griffis-Cogan,,NURS,5327,404,17,4,0,0,0,0,0,0,0,0,0,21
2025 - 2026,2026 Spring,GRAD,GRAD,Leigh,Griffis-Cogan,,NURS,5327,405,58,14,1,0,0,0,0,0,5,0,0,78
2025 - 2026,2026 Spring,GRAD,GRAD,Margarita,Trevino,,NURS,5329,400,39,1,0,0,0,0,0,0,0,0,0,40
2025 - 2026,2026 Spring,GRAD,GRAD,Margarita,Trevino,,NURS,5329,401,28,1,0,0,0,0,0,0,0,0,0,29
2025 - 2026,2026 Spring,GRAD,GRAD,Patti,Parker,,NURS,5334,1,1,4,1,0,0,0,0,0,1,0,0,7
2025 - 2026,2026 Spring,GRAD,GRAD,Patti,Parker,,NURS,5334,10,15,31,7,1,0,0,0,0,1,0,0,55
2025 - 2026,2026 Spring,GRAD,GRAD,Melissa,Miller,Patti Parker,NURS,5334,12,1,18,8,1,0,0,0,0,2,0,0,30
2025 - 2026,2026 Spring,GRAD,GRAD,Patti,Parker,Kyla Ripperger,NURS,5334,400,10,55,23,5,2,0,0,0,5,0,0,100
2025 - 2026,2026 Spring,GRAD,GRAD,Melissa,Miller,Kyla Ripperger; Patti Parker,NURS,5334,401,12,29,40,4,1,0,0,0,4,0,0,90
2025 - 2026,2026 Spring,GRAD,GRAD,Patti,Parker,Kyla Ripperger,NURS,5334,402,20,82,36,3,1,0,0,0,8,0,0,150
2025 - 2026,2026 Spring,GRAD,GRAD,Sharron,Ballard,Elizabeth Fuentes,NURS,5337,452,6,0,0,0,0,0,0,0,0,0,0,6
2025 - 2026,2026 Spring,GRAD,GRAD,Blessing,Chimenga,Elizabeth Fuentes,NURS,5337,454,6,0,0,0,0,0,0,0,0,0,0,6
2025 - 2026,2026 Spring,GRAD,GRAD,Crystal,Cisneros,Elizabeth Fuentes,NURS,5337,455,6,0,0,0,0,0,0,0,0,0,0,6
2025 - 2026,2026 Spring,GRAD,GRAD,Sharolyn,Dihigo,Elizabeth Fuentes,NURS,5337,456,5,1,0,0,0,0,0,0,0,0,0,6
2025 - 2026,2026 Spring,GRAD,GRAD,Chinyere,Emeh,Elizabeth Fuentes,NURS,5337,457,5,1,0,0,0,0,0,0,0,0,0,6
2025 - 2026,2026 Spring,GRAD,GRAD,Veronica,Garcia,Elizabeth Fuentes,NURS,5337,458,6,0,0,0,0,0,0,0,0,0,0,6
2025 - 2026,2026 Spring,GRAD,GRAD,Doris,Harvey,Elizabeth Fuentes,NURS,5337,459,6,0,0,0,0,0,0,0,0,0,0,6
2025 - 2026,2026 Spring,GRAD,GRAD,Lindsay,Hermsdorfer,Elizabeth Fuentes,NURS,5337,460,6,0,0,0,0,0,0,0,0,0,0,6
2025 - 2026,2026 Spring,GRAD,GRAD,Ashlee,Loewen,Elizabeth Fuentes,NURS,5337,461,6,0,0,0,0,0,0,0,0,0,0,6
2025 - 2026,2026 Spring,GRAD,GRAD,Bethany,McClean,Elizabeth Fuentes,NURS,5337,463,6,0,0,0,0,0,0,0,0,0,0,6
2025 - 2026,2026 Spring,GRAD,GRAD,Debra,Phillips,Elizabeth Fuentes,NURS,5337,465,6,0,0,0,0,0,0,0,0,0,0,6
2025 - 2026,2026 Spring,GRAD,GRAD,Ashley,Pichon,Elizabeth Fuentes,NURS,5337,466,6,0,0,0,0,0,0,0,0,0,0,6
2025 - 2026,2026 Spring,GRAD,GRAD,Kelly,Meier,Elizabeth Fuentes,NURS,5337,469,5,1,0,0,0,0,0,0,0,0,0,6
2025 - 2026,2026 Spring,GRAD,GRAD,Jackquelyn,Williams,Elizabeth Fuentes,NURS,5337,471,6,0,0,0,0,0,0,0,0,0,0,6
2025 - 2026,2026 Spring,GRAD,GRAD,Sharron,Ballard,Elizabeth Fuentes,NURS,5337,472,6,0,0,0,0,0,0,0,0,0,0,6
2025 - 2026,2026 Spring,GRAD,GRAD,Shicobie,Adams,Elizabeth Fuentes,NURS,5337,473,6,0,0,0,0,0,0,0,0,0,0,6
2025 - 2026,2026 Spring,GRAD,GRAD,Elizabeth,Fuentes,,NURS,5337,475,6,0,0,0,0,0,0,0,0,0,0,6
2025 - 2026,2026 Spring,GRAD,GRAD,Jhasmun,Crutcher,Elizabeth Fuentes,NURS,5337,476,5,1,0,0,0,0,0,0,0,0,0,6
2025 - 2026,2026 Spring,GRAD,GRAD,Blessing,Chimenga,Elizabeth Fuentes,NURS,5337,478,6,0,0,0,0,0,0,0,0,0,0,6
2025 - 2026,2026 Spring,GRAD,GRAD,Ashlee,Loewen,Elizabeth Fuentes,NURS,5337,481,6,0,0,0,0,0,0,0,0,0,0,6
2025 - 2026,2026 Spring,GRAD,GRAD,Shira,Love,Elizabeth Fuentes,NURS,5337,482,4,2,0,0,0,0,0,0,0,0,0,6
2025 - 2026,2026 Spring,GRAD,GRAD,Lindsay,Hermsdorfer,Elizabeth Fuentes,NURS,5337,487,6,0,0,0,0,0,0,0,0,0,0,6
2025 - 2026,2026 Spring,GRAD,GRAD,Kimberly,Hilmer,Elizabeth Fuentes,NURS,5337,488,6,0,0,0,0,0,0,0,0,0,0,6
2025 - 2026,2026 Spring,GRAD,GRAD,Veronica,Garcia,Elizabeth Fuentes,NURS,5337,489,6,0,0,0,0,0,0,0,0,0,0,6
2025 - 2026,2026 Spring,GRAD,GRAD,Deanna,Cason,Ashlee Loewen,NURS,5338,455,6,0,0,0,0,0,0,0,0,0,0,6
2025 - 2026,2026 Spring,GRAD,GRAD,Janelle,Traylor,Ashlee Loewen,NURS,5338,456,6,0,0,0,0,0,0,0,0,0,0,6
2025 - 2026,2026 Spring,GRAD,GRAD,Stephanie,Sealy,Ashlee Loewen,NURS,5338,458,6,0,0,0,0,0,0,0,0,0,0,6
2025 - 2026,2026 Spring,GRAD,GRAD,Juanita,Flint,Ashlee Loewen,NURS,5338,459,6,0,0,0,0,0,0,0,0,0,0,6
2025 - 2026,2026 Spring,GRAD,GRAD,Lauren,Runyon,Ashlee Loewen,NURS,5338,460,6,0,0,0,0,0,0,0,0,0,0,6
2025 - 2026,2026 Spring,GRAD,GRAD,Veronica,Garcia,Ashlee Loewen,NURS,5338,461,6,0,0,0,0,0,0,0,0,0,0,6
2025 - 2026,2026 Spring,GRAD,GRAD,Jaquetta,Reeves,Ashlee Loewen,NURS,5338,462,6,0,0,0,0,0,0,0,0,0,0,6
2025 - 2026,2026 Spring,GRAD,GRAD,Monique,Huntley,Ashlee Loewen,NURS,5338,463,5,1,0,0,0,0,0,0,0,0,0,6
2025 - 2026,2026 Spring,GRAD,GRAD,Ashley,Pree,Ashlee Loewen,NURS,5338,464,6,0,0,0,0,0,0,0,0,0,0,6
2025 - 2026,2026 Spring,GRAD,GRAD,Lori,Karl,Ashlee Loewen,NURS,5338,465,6,0,0,0,0,0,0,0,0,0,0,6
2025 - 2026,2026 Spring,GRAD,GRAD,Purvi,Patel,Ashlee Loewen,NURS,5338,466,6,0,0,0,0,0,0,0,0,0,0,6
2025 - 2026,2026 Spring,GRAD,GRAD,Mark,Meyer,Ashlee Loewen,NURS,5338,467,6,0,0,0,0,0,0,0,0,0,0,6
2025 - 2026,2026 Spring,GRAD,GRAD,Renee,Miphouvieng,Ashlee Loewen,NURS,5338,468,5,1,0,0,0,0,0,0,0,0,0,6
2025 - 2026,2026 Spring,GRAD,GRAD,Kara,Bragg,Ashlee Loewen,NURS,5338,469,6,0,0,0,0,0,0,0,0,0,0,6
2025 - 2026,2026 Spring,GRAD,GRAD,Audrey,Collins,Ashlee Loewen,NURS,5338,470,6,0,0,0,0,0,0,0,0,0,0,6
2025 - 2026,2026 Spring,GRAD,GRAD,Kimberly,Sava,Ashlee Loewen,NURS,5338,471,5,1,0,0,0,0,0,0,0,0,0,6
2025 - 2026,2026 Spring,GRAD,GRAD,Ashley,Pree,Ashlee Loewen,NURS,5338,472,5,1,0,0,0,0,0,0,0,0,0,6
2025 - 2026,2026 Spring,GRAD,GRAD,Shamika,Brooks,Ashlee Loewen,NURS,5338,476,4,2,0,0,0,0,0,0,0,0,0,6
2025 - 2026,2026 Spring,GRAD,GRAD,Emily,Evans,Ashlee Loewen,NURS,5338,477,6,0,0,0,0,0,0,0,0,0,0,6
2025 - 2026,2026 Spring,GRAD,GRAD,Lori,Karl,Ashlee Loewen,NURS,5338,479,5,1,0,0,0,0,0,0,0,0,0,6
2025 - 2026,2026 Spring,GRAD,GRAD,Monique,Huntley,Ashlee Loewen,NURS,5338,480,5,1,0,0,0,0,0,0,0,0,0,6
2025 - 2026,2026 Spring,GRAD,GRAD,Ashlee,Loewen,,NURS,5338,484,6,0,0,0,0,0,0,0,0,0,0,6
2025 - 2026,2026 Spring,GRAD,GRAD,Debra,Phillips,,NURS,5339,400,36,3,0,0,0,0,0,0,0,0,0,39
2025 - 2026,2026 Spring,GRAD,GRAD,Debra,Phillips,,NURS,5339,401,42,5,0,0,0,0,0,0,1,0,0,48
2025 - 2026,2026 Spring,GRAD,GRAD,Pamela,Duffey,,NURS,5340,400,0,0,0,0,0,0,64,0,0,0,0,64
2025 - 2026,2026 Spring,GRAD,GRAD,Kirsten,Drake,,NURS,5341,400,16,1,0,1,0,0,0,0,0,0,0,18
2025 - 2026,2026 Spring,GRAD,GRAD,Kirsten,Drake,,NURS,5341,401,21,3,0,0,2,0,0,0,0,0,0,26
2025 - 2026,2026 Spring,GRAD,GRAD,Kirsten,Drake,,NURS,5341,402,31,6,1,0,0,0,0,0,0,0,0,38
2025 - 2026,2026 Spring,GRAD,GRAD,Candida,Constantine-Castillo,,NURS,5342,400,18,0,0,0,0,0,0,0,0,0,0,18
2025 - 2026,2026 Spring,GRAD,GRAD,Candida,Constantine-Castillo,,NURS,5342,401,20,0,0,0,0,0,0,0,0,0,0,20
2025 - 2026,2026 Spring,GRAD,GRAD,Candida,Constantine-Castillo,,NURS,5343,400,55,0,0,0,1,0,0,0,0,0,0,56
2025 - 2026,2026 Spring,GRAD,GRAD,Candida,Constantine-Castillo,,NURS,5343,401,41,3,1,0,0,0,0,0,1,0,0,46
2025 - 2026,2026 Spring,GRAD,GRAD,Sara,Moore,,NURS,5350,10,18,0,0,0,0,0,0,0,0,0,0,18
2025 - 2026,2026 Spring,GRAD,GRAD,Sara,Moore,,NURS,5350,400,137,3,0,0,0,0,0,0,0,0,0,140
2025 - 2026,2026 Spring,GRAD,GRAD,Sara,Moore,,NURS,5350,401,144,2,1,0,0,0,0,0,1,0,0,148
2025 - 2026,2026 Spring,GRAD,GRAD,Sara,Moore,,NURS,5350,402,112,1,0,0,0,0,0,0,1,0,0,114
2025 - 2026,2026 Spring,GRAD,GRAD,Sara,Moore,,NURS,5350,403,142,1,0,0,0,0,0,0,3,0,0,146
2025 - 2026,2026 Spring,GRAD,GRAD,Sara,Moore,,NURS,5350,404,102,1,0,0,0,0,0,0,0,0,0,103
2025 - 2026,2026 Spring,GRAD,GRAD,Sumit,Trivedi,Ronnie Tobias,NURS,5353,455,4,2,0,0,0,0,0,0,0,0,0,6
2025 - 2026,2026 Spring,GRAD,GRAD,Lydia,Harris,Essence Carter-Griffin; Shannon Carey,NURS,5354,453,4,2,0,0,0,0,0,0,0,0,0,6
2025 - 2026,2026 Spring,GRAD,GRAD,Ashley,Moore,Essence Carter-Griffin; Shannon Carey,NURS,5354,456,5,1,0,0,0,0,0,0,0,0,0,6
2025 - 2026,2026 Spring,GRAD,GRAD,Gabriell,Grayson,Essence Carter-Griffin; Shannon Carey,NURS,5354,457,4,2,0,0,0,0,0,0,0,0,0,6
2025 - 2026,2026 Spring,GRAD,GRAD,Kandace,Williams,Essence Carter-Griffin; Shannon Carey,NURS,5354,458,4,2,0,0,0,0,0,0,0,0,0,6
2025 - 2026,2026 Spring,GRAD,GRAD,Sumit,Trivedi,Essence Carter-Griffin; Shannon Carey,NURS,5354,459,6,0,0,0,0,0,0,0,0,0,0,6
2025 - 2026,2026 Spring,GRAD,GRAD,Keri,Draganic,Essence Carter-Griffin; Shannon Carey,NURS,5354,460,6,0,0,0,0,0,0,0,0,0,0,6
2025 - 2026,2026 Spring,GRAD,GRAD,Tiffany,Trent,Essence Carter-Griffin; Shannon Carey,NURS,5354,461,1,4,0,0,0,0,0,0,1,0,0,6
2025 - 2026,2026 Spring,GRAD,GRAD,Krystle,Garrett,Buffy Powell; Essence Carter-Griffin,NURS,5355,452,6,0,0,0,0,0,0,0,0,0,0,6
2025 - 2026,2026 Spring,GRAD,GRAD,Mary,McKean,Buffy Powell; Essence Carter-Griffin,NURS,5355,454,6,0,0,0,0,0,0,0,0,0,0,6
2025 - 2026,2026 Spring,GRAD,GRAD,Angela,McConnell,Buffy Powell; Essence Carter-Griffin,NURS,5355,457,6,0,0,0,0,0,0,0,0,0,0,6
2025 - 2026,2026 Spring,GRAD,GRAD,Krystle,Garrett,Buffy Powell; Essence Carter-Griffin,NURS,5355,460,6,0,0,0,0,0,0,0,0,0,0,6
2025 - 2026,2026 Spring,GRAD,GRAD,Elizabeth,Azie,Buffy Powell; Essence Carter-Griffin,NURS,5355,461,6,0,0,0,0,0,0,0,0,0,0,6
2025 - 2026,2026 Spring,GRAD,GRAD,Rodel,Aguirre,Buffy Powell; Essence Carter-Griffin,NURS,5355,463,4,2,0,0,0,0,0,0,0,0,0,6
2025 - 2026,2026 Spring,GRAD,GRAD,Diane,St Pierre Runnels,Buffy Powell; Essence Carter-Griffin,NURS,5355,464,5,1,0,0,0,0,0,0,0,0,0,6
2025 - 2026,2026 Spring,GRAD,GRAD,Jeanette,Blankenship,,NURS,5360,400,42,2,0,0,1,0,0,0,0,0,0,45
2025 - 2026,2026 Spring,GRAD,GRAD,Jeanette,Blankenship,Patricia Thomas,NURS,5360,401,21,1,0,0,0,0,0,0,0,0,0,22
2025 - 2026,2026 Spring,GRAD,GRAD,Bethany,Hultquist,Patricia Thomas,NURS,5362,400,0,0,0,0,0,0,6,0,0,0,0,6
2025 - 2026,2026 Spring,GRAD,GRAD,Jennifer,May,Patricia Thomas,NURS,5362,402,0,0,0,0,0,0,7,0,1,0,0,8
2025 - 2026,2026 Spring,GRAD,GRAD,Melissa,Salmons,Patricia Thomas,NURS,5362,403,0,0,0,0,0,0,6,0,0,0,0,6
2025 - 2026,2026 Spring,GRAD,GRAD,Cynthia,Rodriguez Wewerka,Patricia Thomas,NURS,5362,404,0,0,0,0,0,0,7,0,0,0,0,7
2025 - 2026,2026 Spring,GRAD,GRAD,Julie,Jung,Patricia Thomas,NURS,5362,405,0,0,0,0,1,0,6,0,0,0,0,7
2025 - 2026,2026 Spring,GRAD,GRAD,Michelle,Hampton,,NURS,5366,10,41,10,2,0,0,0,0,0,2,0,0,55
2025 - 2026,2026 Spring,GRAD,GRAD,Michelle,Hampton,,NURS,5366,11,3,4,0,0,0,0,0,0,0,0,0,7
2025 - 2026,2026 Spring,GRAD,GRAD,Barbara,Schneider,,NURS,5366,13,16,8,0,0,0,0,0,0,1,0,0,25
2025 - 2026,2026 Spring,GRAD,GRAD,Michelle,Hampton,,NURS,5366,400,128,12,1,1,1,0,0,0,2,0,0,145
2025 - 2026,2026 Spring,GRAD,GRAD,Michelle,Hampton,,NURS,5366,401,142,22,2,1,3,0,0,0,0,0,0,170
2025 - 2026,2026 Spring,GRAD,GRAD,Michelle,Hampton,,NURS,5366,402,118,18,3,1,2,0,0,0,4,0,0,146
2025 - 2026,2026 Spring,GRAD,GRAD,Michelle,Hampton,,NURS,5366,403,41,9,0,0,0,0,0,0,1,0,0,51
2025 - 2026,2026 Spring,GRAD,GRAD,Michelle,Hampton,,NURS,5366,404,131,10,4,0,0,0,0,0,1,0,0,146
2025 - 2026,2026 Spring,GRAD,GRAD,Michelle,Hampton,,NURS,5366,405,58,9,2,0,1,0,0,0,2,0,0,72
2025 - 2026,2026 Spring,GRAD,GRAD,Donna,Bacchus,,NURS,5367,10,16,14,2,0,0,0,0,0,3,0,0,35
2025 - 2026,2026 Spring,GRAD,GRAD,Deborah,Behan,,NURS,5367,400,124,14,2,0,0,0,0,0,4,0,0,144
2025 - 2026,2026 Spring,GRAD,GRAD,Deborah,Behan,,NURS,5367,401,40,5,2,0,1,0,0,0,2,0,0,50
2025 - 2026,2026 Spring,GRAD,GRAD,Deborah,Behan,,NURS,5367,402,146,15,4,0,2,0,0,0,1,0,0,168
2025 - 2026,2026 Spring,GRAD,GRAD,Deborah,Behan,,NURS,5367,403,70,10,1,0,0,0,0,0,1,0,0,82
2025 - 2026,2026 Spring,GRAD,GRAD,Sharon,Wilson,Deborah Behan,NURS,5367,405,171,20,3,0,2,0,0,0,1,0,0,197
2025 - 2026,2026 Spring,GRAD,GRAD,Deborah,Behan,,NURS,5367,406,168,20,2,0,0,0,0,0,2,0,0,192
2025 - 2026,2026 Spring,GRAD,GRAD,Deborah,Behan,,NURS,5367,407,16,4,0,1,1,0,0,0,1,0,0,23
2025 - 2026,2026 Spring,GRAD,GRAD,Tamara,Eades,,NURS,5382,400,41,2,1,0,0,0,0,0,1,0,0,45
2025 - 2026,2026 Spring,GRAD,GRAD,Daisha,Cipher,,NURS,5388,10,10,1,0,0,0,0,0,0,0,0,0,11
2025 - 2026,2026 Spring,GRAD,GRAD,Daisha,Cipher,,NURS,5388,400,23,3,1,0,1,0,0,0,0,0,0,28
2025 - 2026,2026 Spring,GRAD,GRAD,Daisha,Cipher,,NURS,5388,401,20,2,0,0,0,0,0,0,0,0,0,22
2025 - 2026,2026 Spring,GRAD,GRAD,Daisha,Cipher,,NURS,5388,402,40,9,2,2,1,0,0,0,0,0,0,54
2025 - 2026,2026 Spring,GRAD,GRAD,Aaron,Langford,,NURS,5410,10,41,6,0,0,1,0,0,0,0,0,0,48
2025 - 2026,2026 Spring,GRAD,GRAD,Kuangi Grace,Huang,,NURS,5432,400,44,86,13,1,0,0,0,0,2,0,0,146
2025 - 2026,2026 Spring,GRAD,GRAD,Kuangi Grace,Huang,,NURS,5432,401,5,14,8,0,0,0,0,0,1,0,0,28
2025 - 2026,2026 Spring,GRAD,GRAD,Kuangi Grace,Huang,,NURS,5432,402,26,50,10,1,0,0,0,0,0,0,0,87
2025 - 2026,2026 Spring,GRAD,GRAD,Rhonda,Winegar,,NURS,5433,400,17,40,18,0,1,0,0,0,2,0,0,78
2025 - 2026,2026 Spring,GRAD,GRAD,Rhonda,Winegar,,NURS,5433,401,49,61,29,4,0,0,0,0,3,0,0,146
2025 - 2026,2026 Spring,GRAD,GRAD,Rhonda,Winegar,,NURS,5433,403,14,46,29,1,0,0,0,0,3,0,0,93
2025 - 2026,2026 Spring,GRAD,GRAD,Jaquetta,Reeves,,NURS,5434,400,70,29,0,1,0,0,0,0,1,0,0,101
2025 - 2026,2026 Spring,GRAD,GRAD,Jaquetta,Reeves,,NURS,5434,401,46,21,1,0,0,0,0,0,0,0,0,68
2025 - 2026,2026 Spring,GRAD,GRAD,Patti,Parker,,NURS,5461,400,1,25,12,1,0,0,0,0,2,0,0,41
2025 - 2026,2026 Spring,GRAD,GRAD,Patti,Parker,,NURS,5461,401,9,72,16,0,1,0,0,0,2,0,0,100
2025 - 2026,2026 Spring,GRAD,GRAD,Andrea,Tennancour,Patti Parker,NURS,5462,400,4,14,1,0,0,0,0,0,0,0,0,19
2025 - 2026,2026 Spring,GRAD,GRAD,Shawna,Johnson,Patti Parker,NURS,5462,401,1,6,1,1,0,0,0,0,0,0,0,9
2025 - 2026,2026 Spring,GRAD,GRAD,Keri,Draganic,,NURS,5463,400,14,40,8,0,0,0,0,0,1,0,0,63
2025 - 2026,2026 Spring,GRAD,GRAD,Nancy,Nagel,Keri Draganic,NURS,5463,401,4,16,6,0,0,0,0,0,0,0,0,26
2025 - 2026,2026 Spring,GRAD,GRAD,Courtney,Werner,,NURS,5465,400,5,5,0,0,0,0,0,0,1,0,0,11
2025 - 2026,2026 Spring,GRAD,GRAD,Courtney,Werner,,NURS,5465,401,7,11,0,0,0,0,0,0,0,0,0,18
2025 - 2026,2026 Spring,GRAD,GRAD,Kristin,Gigli,Martha Yee,NURS,5466,400,4,1,1,0,0,0,0,0,0,0,0,6
2025 - 2026,2026 Spring,GRAD,GRAD,Martha,Yee,,NURS,5466,401,5,3,0,0,0,0,0,0,0,0,0,8
2025 - 2026,2026 Spring,GRAD,GRAD,Collin,Naugher,,NURS,5467,400,12,4,1,0,0,0,0,0,0,0,0,17
2025 - 2026,2026 Spring,GRAD,GRAD,Collin,Naugher,,NURS,5467,401,5,3,0,0,0,0,0,0,0,0,0,8
2025 - 2026,2026 Spring,GRAD,GRAD,Courtney,Morse,Kira Short,NURS,5610,10,0,0,0,0,0,0,6,0,0,0,0,6
2025 - 2026,2026 Spring,GRAD,GRAD,Mary,Roberts,Sayda Major,NURS,5640,453,0,0,0,0,0,0,6,0,0,0,0,6
2025 - 2026,2026 Spring,GRAD,GRAD,Kelley,Monroe,,NURS,5650,5,0,0,0,0,0,0,6,0,0,0,0,6
2025 - 2026,2026 Spring,GRAD,GRAD,Debra,Phillips,Elizabeth Fuentes; Juanita Flint,NURS,5660,455,0,0,0,0,0,0,6,0,0,0,0,6
2025 - 2026,2026 Spring,GRAD,GRAD,Margaret,Ernster,Juanita Flint,NURS,5660,456,0,0,0,0,0,0,6,0,0,0,0,6
2025 - 2026,2026 Spring,GRAD,GRAD,Cindy,Joffrion Moss,Juanita Flint,NURS,5660,457,0,0,0,0,0,0,6,0,0,0,0,6
2025 - 2026,2026 Spring,GRAD,GRAD,Jeffrey,Yarbrough,Juanita Flint,NURS,5660,461,0,0,0,0,0,0,6,0,0,0,0,6
2025 - 2026,2026 Spring,GRAD,GRAD,Connie,Karvas,Elizabeth Fuentes; Juanita Flint,NURS,5660,462,0,0,0,0,0,0,6,0,0,0,0,6
2025 - 2026,2026 Spring,GRAD,GRAD,Charisse,Rivers,Juanita Flint,NURS,5660,465,0,0,0,0,0,0,6,0,0,0,0,6
2025 - 2026,2026 Spring,GRAD,GRAD,Daisy,Williams,Juanita Flint,NURS,5660,466,0,0,0,0,0,0,6,0,0,0,0,6
2025 - 2026,2026 Spring,GRAD,GRAD,Joy,Keeton,Elizabeth Fuentes; Juanita Flint,NURS,5660,467,0,0,0,0,0,0,6,0,0,0,0,6
2025 - 2026,2026 Spring,GRAD,GRAD,Jeffrey,Yarbrough,Juanita Flint,NURS,5660,472,0,0,0,0,0,0,6,0,0,0,0,6
2025 - 2026,2026 Spring,GRAD,GRAD,Renee,Manworren,,NURS,6102,1,12,1,0,0,0,0,0,0,0,0,0,13
2025 - 2026,2026 Spring,GRAD,GRAD,Elizabeth,Merwin,,NURS,6304,1,5,1,0,0,0,0,0,0,0,0,0,6
2025 - 2026,2026 Spring,GRAD,GRAD,Regina,Urban,,NURS,6305,1,4,4,0,0,0,0,0,0,0,0,0,8
2025 - 2026,2026 Spring,GRAD,GRAD,Kristine,Cope,Cynthia Plonien; Dianne Ross; Stephanie Spohr,NURS,6307,400,9,0,0,0,0,0,0,0,0,0,0,9
2025 - 2026,2026 Spring,GRAD,GRAD,Kristine,Cope,Cynthia Plonien; Dianne Ross; Sharon Blackerby; Stephanie Spohr,NURS,6307,401,19,3,0,0,0,0,0,0,0,0,0,22
2025 - 2026,2026 Spring,GRAD,GRAD,Daisha,Cipher,,NURS,6318,1,6,1,0,0,0,0,0,0,0,0,0,7
2025 - 2026,2026 Spring,GRAD,GRAD,Kimberly,Hatchel,Amber Arnold; Christi Nguyen; Jose Alejandro-White; Kimberly Siniscalchi; Michelle Hampton,NURS,6320,400,18,4,0,0,0,0,0,0,0,0,0,22
2025 - 2026,2026 Spring,GRAD,GRAD,Kimberly,Hatchel,Christi Nguyen; Jose Alejandro-White; Kimberly Siniscalchi; Michelle Hampton,NURS,6320,401,17,2,0,0,0,0,0,0,0,0,0,19
2025 - 2026,2026 Spring,GRAD,GRAD,Kristine,Cope,Adelaine Cunningham; Cynthia Diamond; Cynthia Plonien; Sandra Laird; Shirley Aycock,NURS,6322,400,14,3,0,0,2,0,0,0,1,0,0,20
2025 - 2026,2026 Spring,GRAD,GRAD,Kristine,Cope,Cynthia Plonien; Shirley Aycock,NURS,6322,401,7,0,0,0,0,0,0,0,0,0,0,7
2025 - 2026,2026 Spring,GRAD,GRAD,Cathryn,Brown,Cynthia Casey; Cynthia Plonien; Shirley Aycock,NURS,6323,400,5,5,0,0,0,0,0,0,2,0,0,12
2025 - 2026,2026 Spring,GRAD,GRAD,Cathryn,Brown,Cynthia Casey; Cynthia Diamond; Cynthia Plonien; Jose Alejandro-White; Laura Kincheloe,NURS,6323,401,7,5,1,0,0,0,0,0,2,0,0,15
2025 - 2026,2026 Spring,GRAD,GRAD,Kirsten,Drake,Adelaine Cunningham; Cathryn Brown; Christi Nguyen; Cynthia Casey; Cynthia Diamond; Cynthia Plonien; Debra Hurd; Dianne Ross; Kellie Kahveci; Kimberly Hatchel; Kimberly Siniscalchi; Kristine Cope; Michelle Hampton; Patti Parker; Sharon Blackerby; Tho,NURS,6326,400,12,14,0,0,1,0,0,0,5,0,0,32
2025 - 2026,2026 Spring,GRAD,GRAD,Cathryn,Brown,Cynthia Casey; Cynthia Plonien; Debra Hurd; Elizabeth Merwin,NURS,6327,400,17,1,0,0,0,0,0,0,4,0,0,22
2025 - 2026,2026 Spring,GRAD,GRAD,Cathryn,Brown,Cynthia Casey; Cynthia Plonien; Debra Hurd; Elizabeth Merwin,NURS,6327,401,13,11,1,0,0,0,0,0,5,0,0,30
2025 - 2026,2026 Spring,GRAD,GRAD,Tamara,Eades,Cynthia Plonien; Laura Kincheloe,NURS,6382,400,11,2,0,0,0,0,0,0,0,0,0,13
2025 - 2026,2026 Spring,GRAD,GRAD,Tamara,Eades,Cynthia Plonien,NURS,6382,401,14,3,0,0,0,0,0,0,1,0,0,18
2025 - 2026,2026 Spring,GRAD,GRAD,Tamara,Eades,Cathryn Brown; Christi Nguyen; Cynthia Diamond; Cynthia Plonien; Deborah Behan; Kellie Kahveci; Kimberly Hatchel; Kimberly Siniscalchi; Kirsten Drake; Kristine Cope; Michelle Hampton; Sharon Blackerby; Thomas Dombrowsky; Tiffany Trent,NURS,6620,400,0,0,0,0,0,0,22,0,0,0,0,22
2025 - 2026,2026 Spring,GRAD,GRAD,Cathryn,Brown,Cecilia Flores; Christi Nguyen; Cynthia Casey; Cynthia Plonien; Deborah Behan; Dianne Ross; Kellie Kahveci; Kimberly Siniscalchi; Kirsten Drake; Kristine Cope; Michelle Hampton; Patti Parker; Sharon Blackerby; Thomas Dombrowsky; Tiffany Trent,NURS,6621,400,0,0,0,0,0,0,24,0,0,0,0,24
2025 - 2026,2026 Spring,GRAD,GRAD,Mari,Tietze,,NURS-HI,5385,10,9,0,0,0,0,0,0,0,1,0,0,10
2025 - 2026,2026 Spring,GRAD,GRAD,Kristine,Cope,,NURS-HI,5386,1,11,0,0,0,0,0,0,0,1,0,0,12
2025 - 2026,2026 Spring,GRAD,GRAD,Toshia,McKeon,Angela Miller; Courtney Werner,NURSC,5130,444,0,0,0,0,0,0,6,0,0,0,0,6
2025 - 2026,2026 Spring,GRAD,GRAD,Courtney,Werner,,NURSC,5220,400,6,2,0,0,0,0,0,0,0,0,0,8
2025 - 2026,2026 Spring,GRAD,GRAD,Jordan,Dudley,Sayda Major,NURSC,5315,400,3,11,3,0,1,0,0,0,2,0,0,20
2025 - 2026,2026 Spring,GRAD,GRAD,Sayda,Major,,NURSC,5315,403,1,8,4,0,0,0,0,0,3,0,0,16
2025 - 2026,2026 Spring,GRAD,GRAD,Patti,Parker,Kyla Ripperger,NURSC,5334,400,1,11,6,0,0,0,0,0,0,0,0,18
2025 - 2026,2026 Spring,GRAD,GRAD,Patti,Parker,Kyla Ripperger,NURSC,5334,402,1,6,1,0,0,0,0,0,0,0,0,8
2025 - 2026,2026 Spring,GRAD,GRAD,Sara,Moore,,NURSC,5350,400,8,0,0,0,0,0,0,0,0,0,0,8
2025 - 2026,2026 Spring,GRAD,GRAD,Sara,Moore,,NURSC,5350,401,8,0,1,0,0,0,0,0,0,0,0,9
2025 - 2026,2026 Spring,GRAD,GRAD,Deborah,Behan,,NURSC,5367,402,6,1,0,0,0,0,0,0,1,0,0,8
2025 - 2026,2026 Spring,GRAD,GRAD,Kuangi Grace,Huang,,NURSC,5432,400,1,4,2,0,0,0,0,0,0,0,0,7
2025 - 2026,2026 Spring,GRAD,GRAD,Rhonda,Winegar,,NURSC,5433,401,2,3,3,0,0,0,0,0,0,0,0,8
2025 - 2026,2026 Spring,GRAD,GRAD,Jaquetta,Reeves,,NURSC,5434,400,5,1,0,0,0,0,0,0,0,0,0,6
2025 - 2026,2026 Spring,GRAD,GRAD,Patti,Parker,,NURSC,5461,400,1,6,3,0,0,0,0,0,0,0,0,10
2025 - 2026,2026 Spring,GRAD,GRAD,Patti,Parker,,NURSC,5461,401,1,4,0,0,0,0,0,0,1,0,0,6
2025 - 2026,2026 Spring,GRAD,GRAD,Keri,Draganic,,NURSC,5463,400,3,5,1,0,0,0,0,0,0,0,0,9
2025 - 2026,2026 Spring,GRAD,GRAD,Courtney,Werner,,NURSG,5220,400,10,6,0,0,0,0,0,0,0,0,0,16
2025 - 2026,2026 Spring,GRAD,GRAD,Tammie,Peterson,,NURSG,5311,400,7,0,0,0,0,0,0,0,0,0,0,7
2025 - 2026,2026 Spring,GRAD,GRAD,Jordan,Dudley,Sayda Major,NURSG,5315,400,2,9,4,0,0,1,0,0,2,0,0,18
2025 - 2026,2026 Spring,GRAD,GRAD,Sayda,Major,,NURSG,5315,403,1,6,3,0,0,1,0,0,2,0,0,13
2025 - 2026,2026 Spring,GRAD,GRAD,Patti,Parker,Kyla Ripperger,NURSG,5334,400,6,14,3,0,0,0,0,0,4,0,0,27
2025 - 2026,2026 Spring,GRAD,GRAD,Patti,Parker,Kyla Ripperger,NURSG,5334,402,0,4,2,0,0,0,0,0,0,0,0,6
2025 - 2026,2026 Spring,GRAD,GRAD,Mark,Meyer,Ashlee Loewen,NURSG,5338,474,6,0,0,0,0,0,0,0,0,0,0,6
2025 - 2026,2026 Spring,GRAD,GRAD,Pamela,Duffey,,NURSG,5340,400,0,0,0,0,0,0,7,0,0,0,0,7
2025 - 2026,2026 Spring,GRAD,GRAD,Candida,Constantine-Castillo,,NURSG,5343,400,6,0,0,0,0,0,0,0,0,0,0,6
2025 - 2026,2026 Spring,GRAD,GRAD,Candida,Constantine-Castillo,,NURSG,5343,401,10,0,0,0,0,0,0,0,0,0,0,10
2025 - 2026,2026 Spring,GRAD,GRAD,Sara,Moore,,NURSG,5350,401,24,0,0,0,1,0,0,0,0,0,0,25
2025 - 2026,2026 Spring,GRAD,GRAD,Deborah,Behan,,NURSG,5367,400,10,0,0,0,0,0,0,0,1,0,0,11
2025 - 2026,2026 Spring,GRAD,GRAD,Deborah,Behan,,NURSG,5367,401,5,2,0,0,0,0,0,0,1,0,0,8
2025 - 2026,2026 Spring,GRAD,GRAD,Deborah,Behan,,NURSG,5367,402,20,3,0,0,0,0,0,0,0,0,0,23
2025 - 2026,2026 Spring,GRAD,GRAD,Kuangi Grace,Huang,,NURSG,5432,400,7,10,0,0,0,0,0,0,0,0,0,17
2025 - 2026,2026 Spring,GRAD,GRAD,Rhonda,Winegar,,NURSG,5433,401,4,11,1,0,0,0,0,0,0,0,0,16
2025 - 2026,2026 Spring,GRAD,GRAD,Jaquetta,Reeves,,NURSG,5434,400,9,3,0,0,0,0,0,0,0,0,0,12
2025 - 2026,2026 Spring,GRAD,GRAD,Jaquetta,Reeves,,NURSG,5434,401,1,5,0,0,0,0,0,0,0,0,0,6
2025 - 2026,2026 Spring,GRAD,GRAD,Bradly,Masters,,OPMA,5361,1,6,8,0,0,0,0,0,0,1,0,0,15
2025 - 2026,2026 Spring,GRAD,GRAD,Ramakrishna,Koganti,,OPMA,5361,2,5,6,0,0,0,0,0,0,0,0,0,11
2025 - 2026,2026 Spring,GRAD,GRAD,Bradly,Masters,,OPMA,5361,20,8,5,0,0,0,0,0,0,0,0,0,13
2025 - 2026,2026 Spring,GRAD,GRAD,Randall,Napier,,OPMA,5361,60,34,5,0,0,0,0,0,0,0,0,0,39
2025 - 2026,2026 Spring,GRAD,GRAD,Shu-Kai,Fan,,OPMA,5361,70,2,2,2,0,0,0,0,0,0,0,0,6
2025 - 2026,2026 Spring,GRAD,GRAD,Junguang,Zhang,,OPMA,5364,70,37,13,0,0,0,0,0,0,0,0,0,50
2025 - 2026,2026 Spring,GRAD,GRAD,Junguang,Zhang,,OPMA,5364,71,40,12,0,0,0,0,0,0,0,0,0,52
2025 - 2026,2026 Spring,GRAD,GRAD,Randall,Napier,,OPMA,5369,1,5,1,0,0,0,0,0,0,0,0,0,6
2025 - 2026,2026 Spring,GRAD,GRAD,David,Coursey,,PAPP,5302,201,11,5,0,0,0,0,0,0,1,0,0,17
2025 - 2026,2026 Spring,GRAD,GRAD,Alejandro,Rodriguez,,PAPP,5309,201,11,0,0,0,0,0,0,0,0,0,0,11
2025 - 2026,2026 Spring,GRAD,GRAD,Joseph,Portugal,,PAPP,5309,301,19,7,2,1,0,1,0,0,0,0,0,30
2025 - 2026,2026 Spring,GRAD,GRAD,Joseph,Portugal,,PAPP,5309,302,5,9,7,0,0,0,0,0,0,0,0,21
2025 - 2026,2026 Spring,GRAD,GRAD,Emily,Nwakpuda,,PAPP,5345,101,8,0,0,0,0,0,0,0,1,0,0,9
2025 - 2026,2026 Spring,GRAD,GRAD,Evan,Mistur,,PAPP,5345,301,25,5,0,0,0,0,0,0,0,0,0,30
2025 - 2026,2026 Spring,GRAD,GRAD,Evan,Mistur,,PAPP,5350,201,8,1,1,1,1,0,0,0,0,0,0,12
2025 - 2026,2026 Spring,GRAD,GRAD,Jiwon,Suh,,PAPP,5351,1,7,0,0,0,0,0,0,0,0,0,0,7
2025 - 2026,2026 Spring,GRAD,GRAD,Jiwon,Suh,,PAPP,5351,301,21,0,0,0,0,0,0,0,0,0,0,21
2025 - 2026,2026 Spring,GRAD,GRAD,Emily,Nwakpuda,,PAPP,5355,201,7,1,0,0,0,0,0,0,0,0,0,8
2025 - 2026,2026 Spring,GRAD,GRAD,Alejandro,Rodriguez,,PAPP,5358,101,27,3,0,0,0,0,0,0,2,0,0,32
2025 - 2026,2026 Spring,GRAD,GRAD,Jiseul,Kim,,PAPP,6306,1,6,0,0,0,0,0,0,0,0,0,0,6
2025 - 2026,2026 Spring,GRAD,GRAD,Jiseul,Kim,,PAPP,6326,1,5,0,0,0,0,0,0,0,1,0,0,6
2025 - 2026,2026 Spring,GRAD,GRAD,Muhammad,Huda,,PHYS,5306,1,2,6,1,0,0,1,0,0,0,0,0,10
2025 - 2026,2026 Spring,GRAD,GRAD,Yuan,Mei,,PHYS,5308,1,2,8,0,0,0,1,0,0,0,0,0,11
2025 - 2026,2026 Spring,GRAD,GRAD,Zihan,Wang,,PHYS,5309,1,7,2,1,0,0,1,0,0,0,0,0,11
2025 - 2026,2026 Spring,GRAD,GRAD,Jonathan,Asaadi,,PHYS,5326,1,9,0,0,0,0,0,0,0,0,0,0,9
2025 - 2026,2026 Spring,GRAD,GRAD,Anton,Artemev,,PHYS,5391,2,4,2,0,0,0,0,0,0,0,0,0,6
2025 - 2026,2026 Spring,GRAD,GRAD,Julene,Paul,,PLAN,5303,1,8,1,0,0,0,0,0,0,1,0,0,10
2025 - 2026,2026 Spring,GRAD,GRAD,Deden,Rukmana,,PLAN,5308,1,12,4,0,0,0,0,0,0,3,0,0,19
2025 - 2026,2026 Spring,GRAD,GRAD,Julene,Paul,,PLAN,5315,1,4,3,0,0,0,0,0,0,0,0,0,7
2025 - 2026,2026 Spring,GRAD,GRAD,Alejandro,Rodriguez,,PLAN,5328,1,6,5,2,0,0,0,0,0,0,0,0,13
2025 - 2026,2026 Spring,GRAD,GRAD,Qisheng,Pan,,PLAN,5330,1,7,7,0,0,1,0,0,0,0,0,0,15
2025 - 2026,2026 Spring,GRAD,GRAD,Malini,Roy,,PLAN,5332,1,14,0,0,0,0,0,0,0,0,0,0,14
2025 - 2026,2026 Spring,GRAD,GRAD,Deden,Rukmana,,PLAN,5363,1,10,5,0,0,0,0,0,0,1,0,0,16
2025 - 2026,2026 Spring,GRAD,GRAD,Ariadna,Reyes-Sanchez,,PLAN,5370,101,16,1,0,0,0,0,0,0,0,0,0,17
2025 - 2026,2026 Spring,GRAD,GRAD,Bai Linh,Hoang,,POLS,5317,1,4,3,0,1,0,0,0,0,0,0,0,8
2025 - 2026,2026 Spring,GRAD,GRAD,Christopher,Chambers-Ju,,POLS,5347,1,6,4,0,0,0,0,0,0,0,0,0,10
2025 - 2026,2026 Spring,GRAD,GRAD,Bo Won,Kim,,POLS,5384,1,4,3,0,0,0,0,0,0,0,0,0,7
2025 - 2026,2026 Spring,GRAD,UGRD,Susan,Eddlemon Villalobos,,PSYC,3310,3,318,36,4,5,3,0,0,1,2,0,0,369
2025 - 2026,2026 Spring,GRAD,GRAD,Rachel,Baldridge,,PSYC,5127,1,13,1,0,0,0,0,0,0,0,0,0,14
2025 - 2026,2026 Spring,GRAD,GRAD,Larry,Martinez,,PSYC,5324,1,13,1,0,0,0,0,0,0,0,0,0,14
2025 - 2026,2026 Spring,GRAD,GRAD,Michelle,Martin-Raugh,,PSYC,5326,1,13,0,0,0,0,0,0,0,0,0,0,13
2025 - 2026,2026 Spring,GRAD,GRAD,Larry,Martinez,,PSYC,5391,39,0,0,0,0,0,0,9,0,0,0,0,9
2025 - 2026,2026 Spring,GRAD,GRAD,Jared,Kenworthy,,PSYC,5407,1,16,5,0,0,0,0,0,0,0,0,0,21
2025 - 2026,2026 Spring,GRAD,GRAD,Linda,Perrotti,,PSYC,6101,1,0,0,0,0,0,0,19,0,0,0,0,19
2025 - 2026,2026 Spring,GRAD,GRAD,Sriram,Villupuram,,REAE,5321,1,1,6,0,0,0,0,0,0,0,0,0,7
2025 - 2026,2026 Spring,GRAD,GRAD,Ramya,Aroul,James Hansz,REAE,6390,1,5,1,0,0,0,0,0,0,0,0,0,6
2025 - 2026,2026 Spring,GRAD,GRAD,Jiyoon,Yoon,,SCED,5353,111,12,1,1,0,0,0,0,0,1,0,0,15
2025 - 2026,2026 Spring,GRAD,GRAD,Jiyoon,Yoon,,SCED,5354,121,12,0,0,0,1,0,0,0,0,0,0,13
2025 - 2026,2026 Spring,GRAD,GRAD,Robert,Kunovich,,SOCI,5304,1,4,5,0,0,0,0,0,0,1,0,0,10
2025 - 2026,2026 Spring,GRAD,GRAD,Heather,Jacobson,,SOCI,5325,1,3,2,0,0,0,0,0,0,1,0,0,6
2025 - 2026,2026 Spring,GRAD,GRAD,Kelly,Bergstrand,,SOCI,5326,1,17,0,0,0,0,0,0,0,2,0,0,19
2025 - 2026,2026 Spring,GRAD,GRAD,Ling,Xu,,SOCW,5301,1,26,2,0,0,0,0,0,0,1,0,0,29
2025 - 2026,2026 Spring,GRAD,GRAD,Yangjin,Park,,SOCW,5301,2,14,0,0,0,1,0,0,0,0,0,0,15
2025 - 2026,2026 Spring,GRAD,GRAD,Kelli,Rogers,,SOCW,5301,3,21,1,0,0,0,0,0,0,2,0,0,24
2025 - 2026,2026 Spring,GRAD,GRAD,Ling,Xu,,SOCW,5301,4,21,2,1,0,2,0,0,0,1,0,0,27
2025 - 2026,2026 Spring,GRAD,GRAD,Maryam,Rafieifar,,SOCW,5301,6,13,4,0,0,0,0,0,0,1,0,0,18
2025 - 2026,2026 Spring,GRAD,GRAD,Traneika,Turner-Wentt,,SOCW,5301,7,23,5,0,0,0,0,0,0,0,0,0,28
2025 - 2026,2026 Spring,GRAD,GRAD,Traneika,Turner-Wentt,,SOCW,5301,8,10,0,0,0,0,0,0,0,0,0,0,10
2025 - 2026,2026 Spring,GRAD,GRAD,Traneika,Turner-Wentt,,SOCW,5301,9,10,1,0,0,1,0,0,0,1,0,0,13
2025 - 2026,2026 Spring,GRAD,GRAD,Ling,Xu,,SOCW,5301,10,5,0,0,0,0,0,0,0,1,0,0,6
2025 - 2026,2026 Spring,GRAD,GRAD,Eusebius,Small,,SOCW,5303,2,22,5,0,0,1,1,0,0,0,0,0,29
2025 - 2026,2026 Spring,GRAD,GRAD,Kathleen,Preble,,SOCW,5303,3,25,3,1,1,0,0,0,0,0,0,0,30
2025 - 2026,2026 Spring,GRAD,GRAD,Ann,Hunt,,SOCW,5303,4,18,9,0,1,0,0,0,0,2,0,0,30
2025 - 2026,2026 Spring,GRAD,GRAD,Ann,Hunt,,SOCW,5303,5,18,4,0,0,1,0,0,0,3,0,0,26
2025 - 2026,2026 Spring,GRAD,GRAD,Ann,Hunt,,SOCW,5303,6,7,0,1,0,0,0,0,0,0,0,0,8
2025 - 2026,2026 Spring,GRAD,GRAD,Ann,Hunt,,SOCW,5303,7,7,1,0,0,0,0,0,0,0,0,0,8
2025 - 2026,2026 Spring,GRAD,GRAD,Eusebius,Small,,SOCW,5303,8,18,1,0,0,0,0,0,0,1,0,0,20
2025 - 2026,2026 Spring,GRAD,GRAD,Melissa,Pollock,,SOCW,5303,9,29,1,0,0,0,0,0,0,0,0,0,30
2025 - 2026,2026 Spring,GRAD,GRAD,Latoya,Smith-Jones,,SOCW,5303,10,28,1,1,0,0,0,0,0,0,0,0,30
2025 - 2026,2026 Spring,GRAD,GRAD,Michelle Dionne,Jones,,SOCW,5303,11,19,7,1,1,0,0,0,0,1,0,0,29
2025 - 2026,2026 Spring,GRAD,GRAD,Kiva,Harper,,SOCW,5304,1,21,3,1,0,0,0,0,0,1,0,0,26
2025 - 2026,2026 Spring,GRAD,GRAD,Aaron,Burgess,,SOCW,5304,2,12,0,0,0,0,0,0,0,0,0,0,12
2025 - 2026,2026 Spring,GRAD,GRAD,Jennifer,O'Brien,,SOCW,5304,3,25,2,0,0,1,0,0,0,2,0,0,30
2025 - 2026,2026 Spring,GRAD,GRAD,Pamela,Johnson,,SOCW,5304,4,16,9,1,0,2,0,0,0,1,0,0,29
2025 - 2026,2026 Spring,GRAD,GRAD,Pamela,Johnson,,SOCW,5304,5,14,5,1,0,1,0,0,0,1,0,0,22
2025 - 2026,2026 Spring,GRAD,GRAD,Aaron,Burgess,,SOCW,5304,6,20,0,0,0,0,0,0,0,0,0,0,20
2025 - 2026,2026 Spring,GRAD,GRAD,Marilin,Jakubowske,,SOCW,5304,7,11,0,1,0,0,0,0,0,0,0,0,12
2025 - 2026,2026 Spring,GRAD,GRAD,Marilin,Jakubowske,,SOCW,5304,9,7,2,0,0,1,0,0,0,0,0,0,10
2025 - 2026,2026 Spring,GRAD,GRAD,Marcela,Nava,,SOCW,5306,1,21,2,2,0,0,0,0,0,4,0,0,29
2025 - 2026,2026 Spring,GRAD,GRAD,Marcela,Nava,,SOCW,5306,2,25,2,1,0,0,0,0,0,1,0,0,29
2025 - 2026,2026 Spring,GRAD,GRAD,Dianna,Jones,,SOCW,5306,3,23,1,0,0,2,0,0,0,2,0,0,28
2025 - 2026,2026 Spring,GRAD,GRAD,Aaron,Burgess,,SOCW,5306,7,27,1,0,0,1,0,0,0,1,0,0,30
2025 - 2026,2026 Spring,GRAD,GRAD,Dianna,Jones,,SOCW,5306,8,18,0,0,0,0,0,0,0,1,0,0,19
2025 - 2026,2026 Spring,GRAD,GRAD,Dianna,Jones,,SOCW,5306,19,8,0,0,0,1,0,0,0,1,0,0,10
2025 - 2026,2026 Spring,GRAD,GRAD,Marcela,Nava,,SOCW,5306,21,21,5,2,0,1,0,0,0,0,0,0,29
2025 - 2026,2026 Spring,GRAD,GRAD,Lindsay,Malhotra,,SOCW,5307,1,11,1,0,0,0,0,0,0,1,0,0,13
2025 - 2026,2026 Spring,GRAD,GRAD,Diane,Mitschke,,SOCW,5307,2,30,0,0,0,0,0,0,0,0,0,0,30
2025 - 2026,2026 Spring,GRAD,GRAD,Diane,Mitschke,,SOCW,5307,3,31,0,0,0,0,0,0,0,0,0,0,31
2025 - 2026,2026 Spring,GRAD,GRAD,Mia,Kirby,,SOCW,5307,4,29,1,0,0,0,0,0,0,0,0,0,30
2025 - 2026,2026 Spring,GRAD,GRAD,Mia,Kirby,,SOCW,5307,5,26,3,0,0,0,0,0,0,1,0,0,30
2025 - 2026,2026 Spring,GRAD,GRAD,Jessica,Sanchez,,SOCW,5307,6,29,1,0,0,0,0,0,0,0,0,0,30
2025 - 2026,2026 Spring,GRAD,GRAD,Jessica,Sanchez,,SOCW,5307,8,22,1,0,0,0,0,0,0,0,0,0,23
2025 - 2026,2026 Spring,GRAD,GRAD,Jessica,Sanchez,,SOCW,5307,12,7,0,0,0,0,0,0,0,0,0,0,7
2025 - 2026,2026 Spring,GRAD,GRAD,Lindsay,Malhotra,,SOCW,5307,13,16,0,0,0,0,0,0,0,0,0,0,16
2025 - 2026,2026 Spring,GRAD,GRAD,Michelle Dionne,Jones,,SOCW,5307,14,13,11,1,0,1,0,0,0,2,0,0,28
2025 - 2026,2026 Spring,GRAD,GRAD,Hui,Huang,,SOCW,5308,1,20,0,0,0,0,0,0,0,0,0,0,20
2025 - 2026,2026 Spring,GRAD,GRAD,Yun,Chen,,SOCW,5308,2,26,4,0,0,1,0,0,0,0,0,0,31
2025 - 2026,2026 Spring,GRAD,GRAD,Hanna,Haran,,SOCW,5308,3,22,5,0,0,0,0,0,0,0,0,0,27
2025 - 2026,2026 Spring,GRAD,GRAD,Carol,Lee,,SOCW,5308,5,14,13,2,1,0,0,0,0,1,0,0,31
2025 - 2026,2026 Spring,GRAD,GRAD,Maryam,Rafieifar,,SOCW,5308,6,23,8,0,0,0,0,0,0,0,0,0,31
2025 - 2026,2026 Spring,GRAD,GRAD,Karen,Magruder,,SOCW,5311,1,25,4,0,0,0,0,0,0,0,0,0,29
2025 - 2026,2026 Spring,GRAD,GRAD,Latisha,Archie-Thomas,,SOCW,5311,3,24,1,2,0,1,0,0,0,1,0,0,29
2025 - 2026,2026 Spring,GRAD,GRAD,De'An,Roper,,SOCW,5311,4,22,2,1,0,1,0,0,0,0,0,0,26
2025 - 2026,2026 Spring,GRAD,GRAD,De'An,Roper,,SOCW,5311,5,6,0,0,0,0,0,0,0,0,0,0,6
2025 - 2026,2026 Spring,GRAD,GRAD,Karen,Magruder,,SOCW,5311,6,13,3,0,0,2,0,0,0,1,0,0,19
2025 - 2026,2026 Spring,GRAD,GRAD,De'An,Roper,,SOCW,5311,19,11,0,0,0,0,0,0,0,0,0,0,11
2025 - 2026,2026 Spring,GRAD,GRAD,Kathryn,Sohne,,SOCW,5311,20,26,4,0,0,0,0,0,0,0,0,0,30
2025 - 2026,2026 Spring,GRAD,GRAD,Kathryn,Sohne,,SOCW,5311,21,25,3,0,0,0,0,0,0,1,0,0,29
2025 - 2026,2026 Spring,GRAD,GRAD,Carla,Storey,,SOCW,5311,22,24,3,1,1,0,0,0,0,0,0,0,29
2025 - 2026,2026 Spring,GRAD,GRAD,Dianna,Jones,,SOCW,5312,1,22,0,1,0,0,0,0,0,0,0,0,23
2025 - 2026,2026 Spring,GRAD,GRAD,Yao,Wang,,SOCW,5313,2,9,3,0,0,0,0,0,0,0,0,0,12
2025 - 2026,2026 Spring,GRAD,GRAD,Philip,Baiden,,SOCW,5313,11,19,8,3,0,0,0,0,0,0,0,0,30
2025 - 2026,2026 Spring,GRAD,GRAD,Philip,Baiden,,SOCW,5313,12,14,7,1,2,1,0,0,0,1,0,0,26
2025 - 2026,2026 Spring,GRAD,GRAD,Shamsun,Nahar,,SOCW,5313,15,31,0,0,0,0,0,0,0,0,0,0,31
2025 - 2026,2026 Spring,GRAD,GRAD,Latoya,Hogg,,SOCW,5313,20,10,20,0,0,1,1,0,0,0,0,0,32
2025 - 2026,2026 Spring,GRAD,GRAD,Jamie,English,,SOCW,5314,1,5,0,1,0,0,0,0,0,0,0,0,6
2025 - 2026,2026 Spring,GRAD,GRAD,Jessica,Sanchez,,SOCW,5314,13,7,0,0,0,1,0,0,0,0,0,0,8
2025 - 2026,2026 Spring,GRAD,GRAD,Saltanat,Childress,,SOCW,5314,15,14,4,3,0,1,0,0,0,0,0,0,22
2025 - 2026,2026 Spring,GRAD,GRAD,Karla,Arenas-Itotia,,SOCW,5314,16,20,1,0,0,0,0,0,0,0,0,0,21
2025 - 2026,2026 Spring,GRAD,GRAD,Karla,Arenas-Itotia,,SOCW,5314,30,12,0,0,0,0,0,0,0,0,0,0,12
2025 - 2026,2026 Spring,GRAD,GRAD,Rachel,Voth Schrag,,SOCW,5314,31,8,0,0,0,0,0,0,0,2,0,0,10
2025 - 2026,2026 Spring,GRAD,GRAD,Karla,Arenas-Itotia,,SOCW,5314,32,4,2,0,0,0,0,0,0,0,0,0,6
2025 - 2026,2026 Spring,GRAD,GRAD,Rachel,Franz,,SOCW,5315,1,7,1,0,0,0,0,0,0,0,0,0,8
2025 - 2026,2026 Spring,GRAD,GRAD,Donna,Schuman,,SOCW,5315,2,26,2,0,1,0,0,0,0,0,0,0,29
2025 - 2026,2026 Spring,GRAD,GRAD,Donna,Schuman,,SOCW,5315,5,22,5,2,0,0,0,0,0,0,0,0,29
2025 - 2026,2026 Spring,GRAD,GRAD,Rachel,Franz,,SOCW,5315,7,22,3,0,0,0,0,0,0,2,0,0,27
2025 - 2026,2026 Spring,GRAD,GRAD,James,Keaton,,SOCW,5315,24,8,7,0,0,0,0,0,0,0,0,0,15
2025 - 2026,2026 Spring,GRAD,GRAD,James,Keaton,,SOCW,5315,25,15,0,0,0,0,0,0,0,0,0,0,15
2025 - 2026,2026 Spring,GRAD,GRAD,James,Keaton,,SOCW,5315,31,9,0,0,0,0,0,0,0,0,0,0,9
2025 - 2026,2026 Spring,GRAD,GRAD,Kathryn,Sohne,,SOCW,5316,1,6,0,0,0,0,0,0,0,1,0,0,7
2025 - 2026,2026 Spring,GRAD,GRAD,Christine,Spadola,,SOCW,5316,2,30,0,0,0,0,0,0,0,0,0,0,30
2025 - 2026,2026 Spring,GRAD,GRAD,Kiva,Harper,,SOCW,5316,5,23,5,1,0,0,0,0,0,0,0,0,29
2025 - 2026,2026 Spring,GRAD,GRAD,Christine,Spadola,,SOCW,5316,6,28,1,0,0,0,0,0,0,0,0,0,29
2025 - 2026,2026 Spring,GRAD,GRAD,Jordan,Lloyd,,SOCW,5316,30,25,4,0,0,1,0,0,0,0,0,0,30
2025 - 2026,2026 Spring,GRAD,GRAD,Jordan,Lloyd,,SOCW,5316,31,25,2,1,1,0,0,0,0,1,0,0,30
2025 - 2026,2026 Spring,GRAD,GRAD,Kiva,Harper,,SOCW,5316,32,11,3,0,0,0,0,0,0,0,0,0,14
2025 - 2026,2026 Spring,GRAD,GRAD,Kiva,Harper,,SOCW,5316,33,11,1,0,0,0,0,0,0,0,0,0,12
2025 - 2026,2026 Spring,GRAD,GRAD,Michael,Bennett,,SOCW,5317,1,6,5,4,0,0,0,0,0,1,0,0,16
2025 - 2026,2026 Spring,GRAD,GRAD,Michael,Bennett,,SOCW,5317,3,1,3,1,1,0,0,0,0,0,0,0,6
2025 - 2026,2026 Spring,GRAD,GRAD,Da'Joya,Barnes,,SOCW,5318,5,20,1,0,0,0,0,0,0,1,0,0,22
2025 - 2026,2026 Spring,GRAD,GRAD,Albert,White,,SOCW,5318,6,9,0,0,0,0,0,0,0,0,0,0,9
2025 - 2026,2026 Spring,GRAD,GRAD,Da'Joya,Barnes,,SOCW,5318,8,14,2,0,0,0,0,0,0,0,0,0,16
2025 - 2026,2026 Spring,GRAD,GRAD,Andrea,Germany,,SOCW,5319,1,21,4,0,0,0,0,0,0,0,0,0,25
2025 - 2026,2026 Spring,GRAD,GRAD,Stephanie,Books,,SOCW,5319,8,27,1,0,0,0,0,0,0,0,0,0,28
2025 - 2026,2026 Spring,GRAD,GRAD,Daniel,Cummings,,SOCW,5319,9,26,1,0,0,0,0,0,0,0,0,0,27
2025 - 2026,2026 Spring,GRAD,GRAD,Joyce,White,,SOCW,5320,1,10,5,0,0,0,0,0,0,2,0,0,17
2025 - 2026,2026 Spring,GRAD,GRAD,Joyce,White,,SOCW,5320,8,7,1,0,1,1,0,0,0,0,0,0,10
2025 - 2026,2026 Spring,GRAD,GRAD,Joyce,White,,SOCW,5321,2,20,0,0,1,0,0,0,0,0,0,0,21
2025 - 2026,2026 Spring,GRAD,GRAD,Erica,Taylor,,SOCW,5323,1,21,2,0,0,0,0,0,0,2,0,0,25
2025 - 2026,2026 Spring,GRAD,GRAD,Christian,Vazquez,,SOCW,5323,3,23,6,0,0,1,0,0,0,0,0,0,30
2025 - 2026,2026 Spring,GRAD,GRAD,Erica,Taylor,,SOCW,5323,4,25,3,0,0,1,0,0,0,1,0,0,30
2025 - 2026,2026 Spring,GRAD,GRAD,Christian,Vazquez,,SOCW,5323,5,23,3,2,0,0,0,0,0,0,0,0,28
2025 - 2026,2026 Spring,GRAD,GRAD,Erica,Robinson,,SOCW,5323,6,20,4,3,0,1,0,0,0,2,0,0,30
2025 - 2026,2026 Spring,GRAD,GRAD,Don,Kelly,,SOCW,5323,8,10,0,0,0,0,1,0,0,0,0,0,11
2025 - 2026,2026 Spring,GRAD,GRAD,Elisha,Tones,,SOCW,5324,1,14,1,1,0,0,0,0,0,0,0,0,16
2025 - 2026,2026 Spring,GRAD,GRAD,Dianna,Jones,,SOCW,5326,4,12,1,0,0,0,0,0,0,0,0,0,13
2025 - 2026,2026 Spring,GRAD,GRAD,Richard,Hoefer,,SOCW,5328,1,8,3,7,0,0,0,0,0,0,0,0,18
2025 - 2026,2026 Spring,GRAD,GRAD,Richard,Hoefer,,SOCW,5328,3,10,1,3,0,0,0,0,0,0,0,0,14
2025 - 2026,2026 Spring,GRAD,GRAD,Kathy,Siepker,,SOCW,5333,1,11,1,0,0,0,0,0,0,0,0,0,12
2025 - 2026,2026 Spring,GRAD,GRAD,Gabrielle,Scott,,SOCW,5333,2,9,1,0,0,0,0,0,0,1,0,0,11
2025 - 2026,2026 Spring,GRAD,GRAD,Noelle,Fields,,SOCW,5334,1,13,1,0,0,0,0,0,0,1,0,0,15
2025 - 2026,2026 Spring,GRAD,GRAD,Noelle,Fields,,SOCW,5334,3,5,0,0,0,0,0,0,0,1,0,0,6
2025 - 2026,2026 Spring,GRAD,GRAD,Tahirah,Samuels,,SOCW,5335,1,8,1,0,0,0,0,0,0,0,0,0,9
2025 - 2026,2026 Spring,GRAD,GRAD,Marcela,Nava,,SOCW,5343,1,25,4,0,0,0,1,0,0,0,0,0,30
2025 - 2026,2026 Spring,GRAD,GRAD,Tracy,Orwig,,SOCW,5344,2,11,2,0,0,0,0,0,0,1,0,0,14
2025 - 2026,2026 Spring,GRAD,GRAD,Elisha,Tones,,SOCW,5352,2,22,4,2,0,0,0,0,0,1,0,0,29
2025 - 2026,2026 Spring,GRAD,GRAD,Elisha,Tones,,SOCW,5352,3,19,2,0,0,0,0,0,0,0,0,0,21
2025 - 2026,2026 Spring,GRAD,GRAD,Rachel,Nava,,SOCW,5352,19,22,4,0,0,0,0,0,0,0,0,0,26
2025 - 2026,2026 Spring,GRAD,GRAD,Elisha,Tones,,SOCW,5352,21,19,2,2,1,0,0,0,0,0,0,0,24
2025 - 2026,2026 Spring,GRAD,GRAD,Adrienne,Johnson,,SOCW,5352,22,12,0,1,0,1,0,0,0,1,0,0,15
2025 - 2026,2026 Spring,GRAD,GRAD,Jamie,English,,SOCW,5353,1,13,0,0,0,1,0,0,0,0,0,0,14
2025 - 2026,2026 Spring,GRAD,GRAD,Sandra,Balderas,,SOCW,5353,2,26,2,1,0,1,0,0,0,0,0,0,30
2025 - 2026,2026 Spring,GRAD,GRAD,Brittany,Baker,,SOCW,5353,3,27,3,0,0,0,0,0,0,0,0,0,30
2025 - 2026,2026 Spring,GRAD,GRAD,Rachel,Nava,,SOCW,5353,4,26,0,0,0,0,0,0,0,1,0,0,27
2025 - 2026,2026 Spring,GRAD,GRAD,Sandra,Balderas,,SOCW,5353,8,26,3,0,0,1,0,0,0,0,0,0,30
2025 - 2026,2026 Spring,GRAD,GRAD,Brittany,Baker,,SOCW,5353,11,27,0,0,0,0,0,0,0,0,0,0,27
2025 - 2026,2026 Spring,GRAD,GRAD,Debra,Woody,,SOCW,5354,1,26,2,0,1,1,0,0,0,0,0,0,30
2025 - 2026,2026 Spring,GRAD,GRAD,Michelle,Washburn,,SOCW,5354,2,11,0,0,0,0,0,0,0,0,0,0,11
2025 - 2026,2026 Spring,GRAD,GRAD,Donald,Schuman,,SOCW,5354,5,22,4,0,0,0,0,0,0,1,0,0,27
2025 - 2026,2026 Spring,GRAD,GRAD,Albert,White,,SOCW,5354,6,17,4,0,0,2,0,0,0,0,0,0,23
2025 - 2026,2026 Spring,GRAD,GRAD,Debra,Woody,,SOCW,5354,19,24,4,1,0,0,0,0,0,1,0,0,30
2025 - 2026,2026 Spring,GRAD,GRAD,Donald,Schuman,,SOCW,5354,20,13,3,0,0,0,0,0,0,0,0,0,16
2025 - 2026,2026 Spring,GRAD,GRAD,Sherry,Cabaniss,,SOCW,5354,21,11,2,0,0,0,0,0,0,0,0,0,13
2025 - 2026,2026 Spring,GRAD,GRAD,Peter,Norris,,SOCW,5355,1,23,1,0,0,0,0,0,0,1,0,0,25
2025 - 2026,2026 Spring,GRAD,GRAD,Jennifer,Malone,,SOCW,5356,4,25,1,0,0,1,0,0,0,0,0,0,27
2025 - 2026,2026 Spring,GRAD,GRAD,Karen,Magruder,,SOCW,5356,5,19,5,0,0,1,0,0,0,0,0,0,25
2025 - 2026,2026 Spring,GRAD,GRAD,Sheila,Gold,,SOCW,5357,29,8,4,0,0,1,0,0,0,1,0,0,14
2025 - 2026,2026 Spring,GRAD,GRAD,LaShaunn,Bold,,SOCW,5358,2,25,1,0,0,1,0,0,0,0,0,0,27
2025 - 2026,2026 Spring,GRAD,GRAD,LaShaunn,Bold,,SOCW,5358,4,18,0,0,0,2,0,0,0,1,0,0,21
2025 - 2026,2026 Spring,GRAD,GRAD,Victor,Allen,,SOCW,5359,1,11,0,0,0,1,0,0,0,1,0,0,13
2025 - 2026,2026 Spring,GRAD,GRAD,Don,Kelly,,SOCW,5360,1,7,1,0,0,0,0,0,0,0,0,0,8
2025 - 2026,2026 Spring,GRAD,GRAD,Kiva,Harper,,SOCW,5361,1,5,0,0,0,0,0,0,0,1,0,0,6
2025 - 2026,2026 Spring,GRAD,GRAD,Allison,Etchison,,SOCW,5362,1,20,4,0,0,0,1,0,0,1,0,0,26
2025 - 2026,2026 Spring,GRAD,GRAD,Mia,Kirby,,SOCW,5362,19,28,1,1,0,0,0,0,0,0,0,0,30
2025 - 2026,2026 Spring,GRAD,GRAD,Mia,Kirby,,SOCW,5362,20,20,2,1,0,0,0,0,0,0,0,0,23
2025 - 2026,2026 Spring,GRAD,GRAD,Aundraea,Brown,,SOCW,5363,1,8,0,0,0,0,0,0,0,0,0,0,8
2025 - 2026,2026 Spring,GRAD,GRAD,Theresa,Davis,,SOCW,5363,2,18,6,0,0,1,0,0,0,0,0,0,25
2025 - 2026,2026 Spring,GRAD,GRAD,Jordan,Lloyd,,SOCW,5363,3,20,0,0,0,0,0,0,0,0,0,0,20
2025 - 2026,2026 Spring,GRAD,GRAD,Theresa,Davis,,SOCW,5363,5,13,1,0,0,0,0,0,0,1,0,0,15
2025 - 2026,2026 Spring,GRAD,GRAD,Jolynne,Batchelor,,SOCW,5363,12,27,0,0,0,0,0,0,0,0,0,0,27
2025 - 2026,2026 Spring,GRAD,GRAD,Tiara,Okoruwa,,SOCW,5365,2,19,2,0,0,0,0,0,0,0,0,0,21
2025 - 2026,2026 Spring,GRAD,GRAD,Rachel,Nava,,SOCW,5365,31,15,3,0,0,0,0,0,0,2,0,0,20
2025 - 2026,2026 Spring,GRAD,GRAD,Morgan,PettyJohn,,SOCW,5366,1,7,5,3,0,0,0,0,0,1,0,0,16
2025 - 2026,2026 Spring,GRAD,GRAD,Morgan,PettyJohn,,SOCW,5366,2,9,2,2,0,1,0,0,0,0,0,0,14
2025 - 2026,2026 Spring,GRAD,GRAD,Leah,Wilson,,SOCW,5367,5,30,0,0,0,0,0,0,0,0,0,0,30
2025 - 2026,2026 Spring,GRAD,GRAD,Jolynne,Batchelor,,SOCW,5367,6,24,0,1,0,1,0,0,0,1,0,0,27
2025 - 2026,2026 Spring,GRAD,GRAD,Michelle Dionne,Jones,,SOCW,5369,2,6,3,0,0,0,0,0,0,0,0,0,9
2025 - 2026,2026 Spring,GRAD,GRAD,LaShaunn,Bold,,SOCW,5369,3,18,2,0,0,0,0,0,0,1,0,0,21
2025 - 2026,2026 Spring,GRAD,GRAD,Yangjin,Park,,SOCW,5369,5,7,0,0,0,0,0,0,0,0,0,0,7
2025 - 2026,2026 Spring,GRAD,GRAD,LaShaunn,Bold,,SOCW,5369,6,13,3,0,0,0,0,0,0,0,0,0,16
2025 - 2026,2026 Spring,GRAD,GRAD,Sheila,Gold,,SOCW,5370,1,6,0,0,0,0,0,0,0,0,0,0,6
2025 - 2026,2026 Spring,GRAD,GRAD,Pamela,Johnson,,SOCW,5370,2,25,5,0,0,0,0,0,0,0,0,0,30
2025 - 2026,2026 Spring,GRAD,GRAD,Andrea,Germany,,SOCW,5370,3,19,4,1,0,0,0,0,0,1,0,0,25
2025 - 2026,2026 Spring,GRAD,GRAD,Mansi,Patel,,SOCW,5371,5,10,4,1,0,0,0,0,0,1,0,0,16
2025 - 2026,2026 Spring,GRAD,GRAD,Mansi,Patel,,SOCW,5371,6,11,7,1,0,0,0,0,0,0,0,0,19
2025 - 2026,2026 Spring,GRAD,GRAD,Alaiyia,Williams,,SOCW,5381,1,47,1,1,0,0,0,0,0,1,0,0,50
2025 - 2026,2026 Spring,GRAD,GRAD,Michelle,Young,,SOCW,5381,1,47,1,1,0,0,0,0,0,1,0,0,50
2025 - 2026,2026 Spring,GRAD,GRAD,Monica,Brown,,SOCW,5381,1,47,1,1,0,0,0,0,0,1,0,0,50
2025 - 2026,2026 Spring,GRAD,GRAD,Chava,Rousch-Carlisle,,SOCW,5385,1,52,2,0,0,1,0,0,0,2,0,0,57
2025 - 2026,2026 Spring,GRAD,GRAD,Hector,Ramos De Leon,,SOCW,5385,1,52,2,0,0,1,0,0,0,2,0,0,57
2025 - 2026,2026 Spring,GRAD,GRAD,Latoya,Hogg,,SOCW,5385,1,52,2,0,0,1,0,0,0,2,0,0,57
2025 - 2026,2026 Spring,GRAD,GRAD,Melissa,Flores,,SOCW,5385,1,52,2,0,0,1,0,0,0,2,0,0,57
2025 - 2026,2026 Spring,GRAD,GRAD,Michelle,Young,,SOCW,5385,1,52,2,0,0,1,0,0,0,2,0,0,57
2025 - 2026,2026 Spring,GRAD,GRAD,Jennifer,Sterling,,SOCW,5392,5,14,4,1,1,0,0,0,0,0,0,0,20
2025 - 2026,2026 Spring,GRAD,GRAD,Amanda,Hassan,,SOCW,5395,3,20,0,0,0,0,0,0,0,0,0,0,20
2025 - 2026,2026 Spring,GRAD,GRAD,Alaiyia,Williams,,SOCW,5395,4,19,1,0,0,0,0,0,0,0,0,0,20
2025 - 2026,2026 Spring,GRAD,GRAD,Diane,Mitschke,,SOCW,5395,5,13,4,0,0,1,0,0,0,1,0,0,19
2025 - 2026,2026 Spring,GRAD,GRAD,Don,Kelly,,SOCW,5395,6,19,1,0,0,0,0,0,0,0,0,0,20
2025 - 2026,2026 Spring,GRAD,GRAD,Emarely,Rosa Davila,,SOCW,5395,7,13,3,0,0,0,0,0,0,1,0,0,17
2025 - 2026,2026 Spring,GRAD,GRAD,Talaun,Hammond,,SOCW,5395,8,9,1,1,0,0,0,0,0,0,0,0,11
2025 - 2026,2026 Spring,GRAD,GRAD,Latoya,Smith-Jones,,SOCW,5395,9,11,2,1,0,0,0,0,0,0,0,0,14
2025 - 2026,2026 Spring,GRAD,GRAD,Alaiyia,Williams,,SOCW,5395,11,16,1,0,0,0,0,0,0,0,0,0,17
2025 - 2026,2026 Spring,GRAD,GRAD,Don,Kelly,,SOCW,5395,12,8,0,0,0,0,0,0,0,0,0,0,8
2025 - 2026,2026 Spring,GRAD,GRAD,Amanda,Hassan,,SOCW,5395,13,10,0,0,0,0,0,0,0,0,0,0,10
2025 - 2026,2026 Spring,GRAD,GRAD,Destiney,Kinsey,,SOCW,5482,2,158,1,0,0,0,0,0,0,4,0,0,163
2025 - 2026,2026 Spring,GRAD,GRAD,Lorie,White,,SOCW,5482,2,158,1,0,0,0,0,0,0,4,0,0,163
2025 - 2026,2026 Spring,GRAD,GRAD,Shamsun,Nahar,,SOCW,5482,2,158,1,0,0,0,0,0,0,4,0,0,163
2025 - 2026,2026 Spring,GRAD,GRAD,Sharon,Jones,,SOCW,5482,2,158,1,0,0,0,0,0,0,4,0,0,163
2025 - 2026,2026 Spring,GRAD,GRAD,Sharon,Martin,,SOCW,5482,2,158,1,0,0,0,0,0,0,4,0,0,163
2025 - 2026,2026 Spring,GRAD,GRAD,Shelly,Mota,,SOCW,5482,2,158,1,0,0,0,0,0,0,4,0,0,163
2025 - 2026,2026 Spring,GRAD,GRAD,Stephanie,Books,,SOCW,5482,2,158,1,0,0,0,0,0,0,4,0,0,163
2025 - 2026,2026 Spring,GRAD,GRAD,Zerita,Hall,,SOCW,5482,2,158,1,0,0,0,0,0,0,4,0,0,163
2025 - 2026,2026 Spring,GRAD,GRAD,Destiney,Kinsey,,SOCW,5482,7,6,0,0,0,0,0,0,0,0,0,0,6
2025 - 2026,2026 Spring,GRAD,GRAD,Lorie,White,,SOCW,5482,7,6,0,0,0,0,0,0,0,0,0,0,6
2025 - 2026,2026 Spring,GRAD,GRAD,Shamsun,Nahar,,SOCW,5482,7,6,0,0,0,0,0,0,0,0,0,0,6
2025 - 2026,2026 Spring,GRAD,GRAD,Sharon,Jones,,SOCW,5482,7,6,0,0,0,0,0,0,0,0,0,0,6
2025 - 2026,2026 Spring,GRAD,GRAD,Sharon,Martin,,SOCW,5482,7,6,0,0,0,0,0,0,0,0,0,0,6
2025 - 2026,2026 Spring,GRAD,GRAD,Shelly,Mota,,SOCW,5482,7,6,0,0,0,0,0,0,0,0,0,0,6
2025 - 2026,2026 Spring,GRAD,GRAD,Stephanie,Books,,SOCW,5482,7,6,0,0,0,0,0,0,0,0,0,0,6
2025 - 2026,2026 Spring,GRAD,GRAD,Zerita,Hall,,SOCW,5482,7,6,0,0,0,0,0,0,0,0,0,0,6
2025 - 2026,2026 Spring,GRAD,GRAD,Dawnetta,Smith,,SOCW,5483,2,76,3,2,0,0,0,0,0,1,0,0,82
2025 - 2026,2026 Spring,GRAD,GRAD,Patrice,Green,,SOCW,5483,2,76,3,2,0,0,0,0,0,1,0,0,82
2025 - 2026,2026 Spring,GRAD,GRAD,Robyn,Smith-Bull,,SOCW,5483,2,76,3,2,0,0,0,0,0,1,0,0,82
2025 - 2026,2026 Spring,GRAD,GRAD,Sharon,Martin,,SOCW,5483,2,76,3,2,0,0,0,0,0,1,0,0,82
2025 - 2026,2026 Spring,GRAD,GRAD,Shauntel,Adams,,SOCW,5483,2,76,3,2,0,0,0,0,0,1,0,0,82
2025 - 2026,2026 Spring,GRAD,GRAD,Shelly,Mota,,SOCW,5483,2,76,3,2,0,0,0,0,0,1,0,0,82
2025 - 2026,2026 Spring,GRAD,GRAD,Stephanie,Books,,SOCW,5483,2,76,3,2,0,0,0,0,0,1,0,0,82
2025 - 2026,2026 Spring,GRAD,GRAD,Dawnetta,Smith,,SOCW,5483,3,6,0,0,0,0,0,0,0,0,0,0,6
2025 - 2026,2026 Spring,GRAD,GRAD,Patrice,Green,,SOCW,5483,3,6,0,0,0,0,0,0,0,0,0,0,6
2025 - 2026,2026 Spring,GRAD,GRAD,Robyn,Smith-Bull,,SOCW,5483,3,6,0,0,0,0,0,0,0,0,0,0,6
2025 - 2026,2026 Spring,GRAD,GRAD,Sharon,Martin,,SOCW,5483,3,6,0,0,0,0,0,0,0,0,0,0,6
2025 - 2026,2026 Spring,GRAD,GRAD,Shauntel,Adams,,SOCW,5483,3,6,0,0,0,0,0,0,0,0,0,0,6
2025 - 2026,2026 Spring,GRAD,GRAD,Shelly,Mota,,SOCW,5483,3,6,0,0,0,0,0,0,0,0,0,0,6
2025 - 2026,2026 Spring,GRAD,GRAD,Stephanie,Books,,SOCW,5483,3,6,0,0,0,0,0,0,0,0,0,0,6
2025 - 2026,2026 Spring,GRAD,GRAD,Haydee,Hall,,SOCW,5485,2,107,5,0,0,0,0,0,0,0,0,0,112
2025 - 2026,2026 Spring,GRAD,GRAD,Mary Elizabeth,Kopsovich,,SOCW,5485,2,107,5,0,0,0,0,0,0,0,0,0,112
2025 - 2026,2026 Spring,GRAD,GRAD,Melissa,Flores,,SOCW,5485,2,107,5,0,0,0,0,0,0,0,0,0,112
2025 - 2026,2026 Spring,GRAD,GRAD,Sherry,Cabaniss,,SOCW,5485,2,107,5,0,0,0,0,0,0,0,0,0,112
2025 - 2026,2026 Spring,GRAD,GRAD,Talaun,Hammond,,SOCW,5485,2,107,5,0,0,0,0,0,0,0,0,0,112
2025 - 2026,2026 Spring,GRAD,GRAD,Taren,Allen,,SOCW,5485,2,107,5,0,0,0,0,0,0,0,0,0,112
2025 - 2026,2026 Spring,GRAD,GRAD,Haydee,Hall,,SOCW,5486,1,107,5,0,0,0,0,0,0,0,0,0,112
2025 - 2026,2026 Spring,GRAD,GRAD,Mary Elizabeth,Kopsovich,,SOCW,5486,1,107,5,0,0,0,0,0,0,0,0,0,112
2025 - 2026,2026 Spring,GRAD,GRAD,Melissa,Flores,,SOCW,5486,1,107,5,0,0,0,0,0,0,0,0,0,112
2025 - 2026,2026 Spring,GRAD,GRAD,Sherry,Cabaniss,,SOCW,5486,1,107,5,0,0,0,0,0,0,0,0,0,112
2025 - 2026,2026 Spring,GRAD,GRAD,Talaun,Hammond,,SOCW,5486,1,107,5,0,0,0,0,0,0,0,0,0,112
2025 - 2026,2026 Spring,GRAD,GRAD,Taren,Allen,,SOCW,5486,1,107,5,0,0,0,0,0,0,0,0,0,112
2025 - 2026,2026 Spring,GRAD,GRAD,Latisha,Archie-Thomas,,SOCW,5581,1,104,3,0,0,1,1,0,0,6,0,0,115
2025 - 2026,2026 Spring,GRAD,GRAD,Lorie,White,,SOCW,5581,1,104,3,0,0,1,1,0,0,6,0,0,115
2025 - 2026,2026 Spring,GRAD,GRAD,Maresia,Davis,,SOCW,5581,1,104,3,0,0,1,1,0,0,6,0,0,115
2025 - 2026,2026 Spring,GRAD,GRAD,Monica,Brown,,SOCW,5581,1,104,3,0,0,1,1,0,0,6,0,0,115
2025 - 2026,2026 Spring,GRAD,GRAD,Shamsun,Nahar,,SOCW,5581,1,104,3,0,0,1,1,0,0,6,0,0,115
2025 - 2026,2026 Spring,GRAD,GRAD,Shauntel,Adams,,SOCW,5581,1,104,3,0,0,1,1,0,0,6,0,0,115
2025 - 2026,2026 Spring,GRAD,GRAD,Talaun,Hammond,,SOCW,5581,1,104,3,0,0,1,1,0,0,6,0,0,115
2025 - 2026,2026 Spring,GRAD,GRAD,Zerita,Hall,,SOCW,5581,1,104,3,0,0,1,1,0,0,6,0,0,115
2025 - 2026,2026 Spring,GRAD,GRAD,Latisha,Archie-Thomas,,SOCW,5581,2,6,1,0,0,0,0,0,0,0,0,0,7
2025 - 2026,2026 Spring,GRAD,GRAD,Lorie,White,,SOCW,5581,2,6,1,0,0,0,0,0,0,0,0,0,7
2025 - 2026,2026 Spring,GRAD,GRAD,Maresia,Davis,,SOCW,5581,2,6,1,0,0,0,0,0,0,0,0,0,7
2025 - 2026,2026 Spring,GRAD,GRAD,Monica,Brown,,SOCW,5581,2,6,1,0,0,0,0,0,0,0,0,0,7
2025 - 2026,2026 Spring,GRAD,GRAD,Shamsun,Nahar,,SOCW,5581,2,6,1,0,0,0,0,0,0,0,0,0,7
2025 - 2026,2026 Spring,GRAD,GRAD,Shauntel,Adams,,SOCW,5581,2,6,1,0,0,0,0,0,0,0,0,0,7
2025 - 2026,2026 Spring,GRAD,GRAD,Talaun,Hammond,,SOCW,5581,2,6,1,0,0,0,0,0,0,0,0,0,7
2025 - 2026,2026 Spring,GRAD,GRAD,Zerita,Hall,,SOCW,5581,2,6,1,0,0,0,0,0,0,0,0,0,7
2025 - 2026,2026 Spring,GRAD,GRAD,Chava,Rousch-Carlisle,,SOCW,5585,1,53,2,0,0,0,0,0,0,2,0,0,57
2025 - 2026,2026 Spring,GRAD,GRAD,Hector,Ramos De Leon,,SOCW,5585,1,53,2,0,0,0,0,0,0,2,0,0,57
2025 - 2026,2026 Spring,GRAD,GRAD,Latoya,Hogg,,SOCW,5585,1,53,2,0,0,0,0,0,0,2,0,0,57
2025 - 2026,2026 Spring,GRAD,GRAD,Melissa,Flores,,SOCW,5585,1,53,2,0,0,0,0,0,0,2,0,0,57
2025 - 2026,2026 Spring,GRAD,GRAD,Michelle,Young,,SOCW,5585,1,53,2,0,0,0,0,0,0,2,0,0,57
2025 - 2026,2026 Spring,GRAD,GRAD,Jennifer,Murphy,,SOCW,6328,1,6,2,0,0,0,0,0,0,0,0,0,8
2025 - 2026,2026 Spring,GRAD,GRAD,Danielle,Harrell,,SOCW,6341,1,6,1,0,0,0,0,0,0,0,0,0,7
2025 - 2026,2026 Spring,GRAD,GRAD,Kathleen,Preble,,SOCW,6348,1,6,0,0,0,0,0,0,0,0,0,0,6
2025 - 2026,2026 Spring,GRAD,GRAD,Jaclyn,Kirsch,,SOCW,6349,2,7,0,1,0,0,0,0,0,0,0,0,8
2025 - 2026,2026 Spring,GRAD,GRAD,Jessica,Sanchez,,SOCW,6396,1,6,0,0,0,0,0,0,0,0,0,0,6
2025 - 2026,2026 Spring,GRAD,GRAD,Alicia,Rueda-Acedo,,SPAN,5310,1,5,2,0,0,0,0,0,0,0,0,0,7
2025 - 2026,2026 Spring,GRAD,GRAD,Jinny,Choi,,SPAN,5332,1,5,2,0,0,0,0,0,0,0,0,0,7
2025 - 2026,2026 Spring,GRAD,GRAD,Janie,Claywell,,SPED,5303,111,17,0,1,0,0,0,0,0,0,0,0,18
2025 - 2026,2026 Spring,GRAD,GRAD,Janie,Claywell,,SPED,5304,121,18,0,0,0,0,2,0,0,0,0,0,20
2025 - 2026,2026 Spring,GRAD,GRAD,Tracie,Anderson,,SPED,5305,121,20,0,0,0,1,0,0,0,1,0,0,22
2025 - 2026,2026 Spring,GRAD,GRAD,Tracie,Anderson,,SPED,5306,121,13,0,0,0,1,0,0,0,0,0,0,14
2025 - 2026,2026 Spring,GRAD,GRAD,Cynite,Ola,,SPED,5315,121,4,2,0,0,0,0,0,0,0,0,0,6
2025 - 2026,2026 Spring,GRAD,GRAD,Kelvin,Afolabi,,SPED,5316,111,6,8,0,0,1,0,0,0,0,0,0,15
2025 - 2026,2026 Spring,UGRD,UGRD,Tailar,Brown,,AAST,2300,1,7,6,5,5,4,0,0,0,2,0,0,29
2025 - 2026,2026 Spring,UGRD,UGRD,Lilian,Chavez,,AAST,3336,1,5,0,0,0,1,0,0,0,0,0,0,6
2025 - 2026,2026 Spring,UGRD,UGRD,Relius,Johnson,,AAST,3350,1,26,0,2,0,0,0,0,0,0,0,0,28
2025 - 2026,2026 Spring,UGRD,UGRD,Jeffrey,Austin,,ACCT,2301,1,13,21,18,5,2,0,0,0,3,0,0,62
2025 - 2026,2026 Spring,UGRD,UGRD,Jeffrey,Austin,,ACCT,2301,2,10,16,27,2,2,0,0,0,4,0,0,61
2025 - 2026,2026 Spring,UGRD,UGRD,Terra,McGhee,,ACCT,2301,3,14,17,18,7,5,0,0,0,2,0,0,63
2025 - 2026,2026 Spring,UGRD,UGRD,Terra,McGhee,,ACCT,2301,4,9,17,24,6,1,0,0,1,3,0,0,61
2025 - 2026,2026 Spring,UGRD,UGRD,Joshua,Vali,,ACCT,2301,5,6,16,26,8,2,0,0,1,2,0,0,61
2025 - 2026,2026 Spring,UGRD,UGRD,Cheryl,Prachyl,,ACCT,2301,6,6,12,22,14,3,0,0,0,5,0,0,62
2025 - 2026,2026 Spring,UGRD,UGRD,Joshua,Vali,,ACCT,2301,7,6,13,23,6,3,0,0,2,3,0,0,56
2025 - 2026,2026 Spring,UGRD,UGRD,Jeffrey,Austin,,ACCT,2301,8,10,20,19,7,2,0,0,0,1,0,0,59
2025 - 2026,2026 Spring,UGRD,UGRD,Carly,Andrews,,ACCT,2302,1,14,14,24,3,2,0,0,3,1,0,0,61
2025 - 2026,2026 Spring,UGRD,UGRD,Carly,Andrews,,ACCT,2302,2,13,22,19,4,2,0,0,0,1,0,0,61
2025 - 2026,2026 Spring,UGRD,UGRD,Carly,Andrews,,ACCT,2302,3,13,15,11,9,11,0,0,0,3,0,0,62
2025 - 2026,2026 Spring,UGRD,UGRD,Martin,Deatherage,,ACCT,2302,4,5,20,22,5,7,0,0,0,2,0,0,61
2025 - 2026,2026 Spring,UGRD,UGRD,Michael,Prachyl,,ACCT,2302,5,3,11,21,7,5,0,0,2,4,0,0,53
2025 - 2026,2026 Spring,UGRD,UGRD,Stephanie,Rasmussen,,ACCT,2302,6,8,22,20,8,2,0,0,0,1,0,0,61
2025 - 2026,2026 Spring,UGRD,UGRD,Martin,Deatherage,,ACCT,2302,7,8,14,24,7,2,0,0,0,7,0,0,62
2025 - 2026,2026 Spring,UGRD,UGRD,Nicholas,Mitchell,,ACCT,3133,1,8,0,1,0,0,0,0,0,1,0,0,10
2025 - 2026,2026 Spring,UGRD,UGRD,Triza,Nganga,,ACCT,3303,1,3,12,15,3,0,0,0,3,2,0,0,38
2025 - 2026,2026 Spring,UGRD,UGRD,Vaibhavi,Nagar,,ACCT,3303,2,12,24,14,1,0,0,0,1,2,0,0,54
2025 - 2026,2026 Spring,UGRD,UGRD,Triza,Nganga,,ACCT,3303,3,9,15,11,1,1,0,0,0,2,0,0,39
2025 - 2026,2026 Spring,UGRD,UGRD,Chandrani,Chatterjee,,ACCT,3303,4,3,12,9,0,1,0,0,1,1,0,0,27
2025 - 2026,2026 Spring,UGRD,UGRD,Yuan,Ji,,ACCT,3303,5,3,21,8,2,3,0,0,0,2,0,0,39
2025 - 2026,2026 Spring,UGRD,UGRD,Ramgopal,Venkataraman,,ACCT,3308,1,0,1,2,0,3,0,0,0,5,0,0,11
2025 - 2026,2026 Spring,UGRD,UGRD,Jivas,Chakravarthy,,ACCT,3309,1,6,18,20,7,1,0,0,1,3,0,0,56
2025 - 2026,2026 Spring,UGRD,UGRD,Terra,McGhee,,ACCT,3309,3,61,36,29,0,0,0,0,0,0,0,0,126
2025 - 2026,2026 Spring,UGRD,UGRD,Nicholas,Mitchell,,ACCT,3311,2,6,8,10,11,6,0,0,2,3,0,0,46
2025 - 2026,2026 Spring,UGRD,UGRD,Nicholas,Mitchell,,ACCT,3311,3,8,4,14,11,2,0,0,2,4,0,0,45
2025 - 2026,2026 Spring,UGRD,UGRD,Nicholas,Mitchell,,ACCT,3311,4,3,5,10,4,5,0,0,0,3,0,0,30
2025 - 2026,2026 Spring,UGRD,UGRD,Ramgopal,Venkataraman,,ACCT,3311,5,6,8,2,1,1,0,0,1,2,0,0,21
2025 - 2026,2026 Spring,UGRD,UGRD,Thomas,Hall,,ACCT,3312,2,8,7,10,3,1,0,0,2,9,0,0,40
2025 - 2026,2026 Spring,UGRD,UGRD,Cheryl,Prachyl,,ACCT,3312,3,3,10,15,8,0,0,0,0,4,0,0,40
2025 - 2026,2026 Spring,UGRD,UGRD,Thomas,Hall,,ACCT,3312,4,5,9,10,4,2,0,0,0,13,0,0,43
2025 - 2026,2026 Spring,UGRD,UGRD,Kelly,Gebhart,,ACCT,3315,1,12,14,9,3,1,0,0,0,4,0,0,43
2025 - 2026,2026 Spring,UGRD,UGRD,Loretta,Dollar,,ACCT,3315,2,2,2,3,0,0,0,0,0,0,0,0,7
2025 - 2026,2026 Spring,UGRD,UGRD,Loretta,Dollar,,ACCT,3315,3,1,7,6,1,0,0,0,0,1,0,0,16
2025 - 2026,2026 Spring,UGRD,UGRD,Nandu,Nagarajan,,ACCT,4302,1,7,12,14,1,0,0,0,0,1,0,0,35
2025 - 2026,2026 Spring,UGRD,UGRD,Nandu,Nagarajan,,ACCT,4302,2,7,17,5,1,0,0,0,0,3,0,0,33
2025 - 2026,2026 Spring,UGRD,UGRD,Bin,Srinidhi,,ACCT,4302,3,11,18,4,0,0,0,0,0,1,0,0,34
2025 - 2026,2026 Spring,UGRD,UGRD,Li-Chin,Ho,,ACCT,4304,1,4,12,10,0,0,0,0,0,4,0,0,30
2025 - 2026,2026 Spring,UGRD,UGRD,Li-Chin,Ho,,ACCT,4304,2,7,12,7,2,1,0,0,0,1,0,0,30
2025 - 2026,2026 Spring,UGRD,UGRD,Meng,Li,,ACCT,4318,1,2,15,10,0,0,0,0,0,0,0,0,27
2025 - 2026,2026 Spring,UGRD,UGRD,Meng,Li,,ACCT,4318,2,4,15,9,0,0,0,0,0,0,0,0,28
2025 - 2026,2026 Spring,UGRD,UGRD,Meng,Li,,ACCT,4318,3,0,5,2,1,0,0,0,0,0,0,0,8
2025 - 2026,2026 Spring,UGRD,UGRD,Cheryl,Prachyl,,ACCT,4319,1,2,5,2,0,0,0,0,1,0,0,0,10
2025 - 2026,2026 Spring,UGRD,UGRD,Stephanie,Rasmussen,,ACCT,4323,1,8,15,5,0,0,0,0,0,1,0,0,29
2025 - 2026,2026 Spring,UGRD,UGRD,Bethane,Hall,,ACCT,4340,1,0,4,1,1,0,0,0,0,1,0,0,7
2025 - 2026,2026 Spring,UGRD,UGRD,Sandra,Henderson,,ACCT,4380,3,6,3,2,0,0,0,0,0,0,0,0,11
2025 - 2026,2026 Spring,UGRD,UGRD,Terra,McGhee,,ACCT,4393,1,0,0,0,0,0,0,11,0,0,0,0,11
2025 - 2026,2026 Spring,UGRD,GRAD,Meng,Li,,ACCT,5316,1,3,3,0,0,0,0,0,0,0,0,0,6
2025 - 2026,2026 Spring,UGRD,GRAD,Sandra,Henderson,,ACCT,5335,1,14,7,0,0,0,0,0,0,0,0,0,21
2025 - 2026,2026 Spring,UGRD,UGRD,Amanda,Jordan,,ADVT,2337,1,48,11,2,0,1,0,0,0,0,0,0,62
2025 - 2026,2026 Spring,UGRD,UGRD,Roger,Gans,,ADVT,3304,1,2,15,2,0,0,0,0,0,0,0,0,19
2025 - 2026,2026 Spring,UGRD,UGRD,Roger,Gans,,ADVT,3304,2,9,7,3,0,1,0,0,0,0,0,0,20
2025 - 2026,2026 Spring,UGRD,UGRD,Tom,Ingram,,ADVT,3305,1,4,20,7,2,0,0,0,0,2,0,0,35
2025 - 2026,2026 Spring,UGRD,UGRD,Roby,McEuen,,ADVT,3306,1,4,13,1,0,0,0,0,0,0,0,0,18
2025 - 2026,2026 Spring,UGRD,UGRD,Roby,McEuen,,ADVT,3308,2,4,14,0,0,0,0,0,0,0,0,0,18
2025 - 2026,2026 Spring,UGRD,UGRD,Amanda,Jordan,,ADVT,4300,1,15,9,1,0,0,0,0,0,0,0,0,25
2025 - 2026,2026 Spring,UGRD,UGRD,Tom,Ingram,,ADVT,4301,1,12,0,0,0,0,0,0,0,0,0,0,12
2025 - 2026,2026 Spring,UGRD,UGRD,Andrea,Jenkins,,ANTH,1200,1,0,0,0,0,0,0,13,0,0,0,0,13
2025 - 2026,2026 Spring,UGRD,UGRD,Katrina,Nuncio,,ANTH,1306,1,56,4,2,1,1,0,0,2,0,0,0,66
2025 - 2026,2026 Spring,UGRD,UGRD,Adam,Johnson,,ANTH,2307,2,30,27,19,3,8,0,0,1,2,0,0,90
2025 - 2026,2026 Spring,UGRD,UGRD,Josephine,Ryan,,ANTH,2322,2,32,7,3,0,4,0,0,0,1,0,0,47
2025 - 2026,2026 Spring,UGRD,UGRD,Christian,Zlolniski,,ANTH,2322,4,16,13,9,2,5,0,0,2,1,0,0,48
2025 - 2026,2026 Spring,UGRD,UGRD,Josephine,Ryan,,ANTH,2322,5,47,9,1,0,1,0,0,0,1,0,0,59
2025 - 2026,2026 Spring,UGRD,UGRD,Josephine,Ryan,,ANTH,2322,8,22,23,8,3,2,0,0,1,1,0,0,60
2025 - 2026,2026 Spring,UGRD,UGRD,Andrea,Kay,,ANTH,2339,1,7,5,4,2,1,0,0,0,0,0,0,19
2025 - 2026,2026 Spring,UGRD,UGRD,Kelsey,Hanson,,ANTH,2339,2,19,8,3,0,3,0,0,0,0,0,0,33
2025 - 2026,2026 Spring,UGRD,UGRD,Christian,Zlolniski,,ANTH,3310,1,3,2,2,0,0,0,0,2,0,0,0,9
2025 - 2026,2026 Spring,UGRD,UGRD,Amy,Speier,,ANTH,3341,1,4,7,0,0,1,1,0,1,0,0,0,14
2025 - 2026,2026 Spring,UGRD,UGRD,Naomi,Cleghorn,,ANTH,3352,1,4,6,1,0,3,0,0,0,0,0,0,14
2025 - 2026,2026 Spring,UGRD,UGRD,Adam,Johnson,,ANTH,3354,1,26,10,4,2,2,0,0,3,0,0,0,47
2025 - 2026,2026 Spring,UGRD,UGRD,Andrea,Kay,,ANTH,3373,1,6,3,3,0,3,0,0,0,0,0,0,15
2025 - 2026,2026 Spring,UGRD,UGRD,Kelsey,Hanson,,ANTH,3390,1,8,3,1,0,1,0,0,1,0,0,0,14
2025 - 2026,2026 Spring,UGRD,UGRD,Kelsey,Hanson,,ANTH,4358,1,11,4,3,0,1,0,0,0,0,0,0,19
2025 - 2026,2026 Spring,UGRD,UGRD,Naomi,Cleghorn,,ANTH,4459,1,10,2,0,0,1,0,0,1,0,0,0,14
2025 - 2026,2026 Spring,UGRD,UGRD,Reem,Shishakly,,ARAB,1491,2,3,0,0,2,0,0,0,1,1,0,0,7
2025 - 2026,2026 Spring,UGRD,UGRD,Reem,Shishakly,,ARAB,2310,1,12,6,2,0,2,0,0,0,1,0,0,23
2025 - 2026,2026 Spring,UGRD,UGRD,Belen,Butragueno Diaz-Guerra,,ARCH,1342,1,9,9,2,0,1,0,0,0,1,0,0,22
2025 - 2026,2026 Spring,UGRD,UGRD,Dustin,Wheat,,ARCH,1342,2,21,0,1,0,0,0,0,0,0,0,0,22
2025 - 2026,2026 Spring,UGRD,UGRD,Hassan,Haltam,,ARCH,1342,3,13,5,0,0,2,0,0,1,1,0,0,22
2025 - 2026,2026 Spring,UGRD,UGRD,Dustin,Wheat,,ARCH,1342,4,16,1,2,0,1,0,0,0,1,0,0,21
2025 - 2026,2026 Spring,UGRD,UGRD,Liliana,Morales,,ARCH,1342,5,6,5,1,0,3,0,0,0,0,0,0,15
2025 - 2026,2026 Spring,UGRD,UGRD,Sandra,Espinoza,,ARCH,1342,6,15,5,1,0,0,0,0,0,1,0,0,22
2025 - 2026,2026 Spring,UGRD,UGRD,Belen,Butragueno Diaz-Guerra,,ARCH,1342,7,10,5,2,0,3,0,0,0,2,0,0,22
2025 - 2026,2026 Spring,UGRD,UGRD,Shreya,Vadrevu,,ARCH,1342,8,8,4,4,0,0,0,0,0,2,0,0,18
2025 - 2026,2026 Spring,UGRD,UGRD,Lorena,Toffer,,ARCH,1342,9,7,3,0,0,0,0,0,0,0,0,0,10
2025 - 2026,2026 Spring,UGRD,UGRD,Cheryl,Donaldson,,ARCH,2300,301,45,8,6,1,0,0,0,1,4,0,0,65
2025 - 2026,2026 Spring,UGRD,UGRD,Marisa,Gomez,,ARCH,2304,1,51,47,34,4,1,0,0,1,1,0,0,139
2025 - 2026,2026 Spring,UGRD,UGRD,Arden,Stephenson,,ARCH,2304,2,5,3,2,0,1,0,0,0,0,0,0,11
2025 - 2026,2026 Spring,UGRD,UGRD,John,Maruszczak,,ARCH,2552,1,16,0,0,0,0,0,0,0,0,0,0,16
2025 - 2026,2026 Spring,UGRD,UGRD,Thomas,Rusher,,ARCH,2552,2,13,3,0,0,0,0,0,0,0,0,0,16
2025 - 2026,2026 Spring,UGRD,UGRD,Heath,MacDonald,,ARCH,2552,3,9,5,0,0,0,0,0,1,1,0,0,16
2025 - 2026,2026 Spring,UGRD,UGRD,Brad,McCorkle,,ARCH,2552,4,8,9,0,0,0,0,0,0,0,0,0,17
2025 - 2026,2026 Spring,UGRD,UGRD,Sandra,Espinoza,,ARCH,2552,5,8,4,5,0,0,0,0,0,0,0,0,17
2025 - 2026,2026 Spring,UGRD,UGRD,DeQuales,Thompson,,ARCH,2552,6,8,7,1,0,0,0,0,0,0,0,0,16
2025 - 2026,2026 Spring,UGRD,UGRD,Alexis,Chastain,,ARCH,2552,7,7,8,2,0,0,0,0,0,0,0,0,17
2025 - 2026,2026 Spring,UGRD,UGRD,Jason,Cantrell,,ARCH,2552,8,8,7,1,0,0,0,0,0,0,0,0,16
2025 - 2026,2026 Spring,UGRD,UGRD,Mahmoud,Bayat,,ARCH,3324,1,36,9,0,0,0,0,0,0,0,0,0,45
2025 - 2026,2026 Spring,UGRD,UGRD,Mahmoud,Bayat,,ARCH,3324,2,50,5,0,0,0,0,0,0,0,0,0,55
2025 - 2026,2026 Spring,UGRD,UGRD,Austin,Allen,,ARCH,3361,1,77,16,5,2,0,0,0,0,1,0,0,101
2025 - 2026,2026 Spring,UGRD,UGRD,Steven,Quevedo,,ARCH,3554,1,9,9,0,0,0,0,0,0,0,0,0,18
2025 - 2026,2026 Spring,UGRD,UGRD,Bijan,Youssefzadeh,,ARCH,3554,2,8,3,6,0,0,0,0,0,0,0,0,17
2025 - 2026,2026 Spring,UGRD,UGRD,Ozge,Inal,,ARCH,3554,4,10,7,0,0,0,0,0,0,0,0,0,17
2025 - 2026,2026 Spring,UGRD,UGRD,Crystal,Portillo,,ARCH,3554,5,5,11,0,0,0,0,0,0,0,0,0,16
2025 - 2026,2026 Spring,UGRD,UGRD,Victor,Vielma,,ARCH,3554,5,5,11,0,0,0,0,0,0,0,0,0,16
2025 - 2026,2026 Spring,UGRD,UGRD,Nubras,Samayeen,,ARCH,3554,6,4,11,0,0,1,0,0,0,1,0,0,17
2025 - 2026,2026 Spring,UGRD,UGRD,Oswald,Jenewein,,ARCH,3554,10,11,3,1,0,0,0,0,0,0,0,0,15
2025 - 2026,2026 Spring,UGRD,UGRD,Marisa,Gomez,,ARCH,4315,1,9,8,3,0,0,0,0,0,0,0,0,20
2025 - 2026,2026 Spring,UGRD,UGRD,Marisa,Gomez,,ARCH,4315,2,4,10,3,0,0,0,0,0,0,0,0,17
2025 - 2026,2026 Spring,UGRD,UGRD,Bijan,Youssefzadeh,,ARCH,4319,1,5,15,0,0,0,0,0,0,0,0,0,20
2025 - 2026,2026 Spring,UGRD,UGRD,Steven,Quevedo,,ARCH,4344,1,8,8,1,0,1,0,0,0,2,0,0,20
2025 - 2026,2026 Spring,UGRD,UGRD,Oswald,Jenewein,,ARCH,4371,1,15,0,0,0,0,0,0,0,0,0,0,15
2025 - 2026,2026 Spring,UGRD,UGRD,Ian,Gillis,,ARCH,4372,1,14,1,0,0,0,0,0,0,0,0,0,15
2025 - 2026,2026 Spring,UGRD,UGRD,Nubras,Samayeen,,ARCH,4395,1,10,9,1,0,0,0,0,0,0,0,0,20
2025 - 2026,2026 Spring,UGRD,UGRD,Shermeen,Yousif,,ARCH,4395,2,10,0,0,0,0,0,0,0,0,0,0,10
2025 - 2026,2026 Spring,UGRD,UGRD,Dustin,Wheat,,ARCH,4395,3,13,3,1,0,0,0,0,0,0,0,0,17
2025 - 2026,2026 Spring,UGRD,UGRD,Atefe,Makhmalbaf,,ARCH,4395,4,16,3,0,0,0,0,0,0,0,0,0,19
2025 - 2026,2026 Spring,UGRD,UGRD,Thomas,Rusher,,ARCH,4395,6,15,3,0,0,0,0,0,0,2,0,0,20
2025 - 2026,2026 Spring,UGRD,UGRD,Mehdi,Farahbakhsh,,ARCH,4395,7,16,2,2,0,0,0,0,0,2,0,0,22
2025 - 2026,2026 Spring,UGRD,UGRD,Amy,Trick,,ARCH,4557,1,7,7,0,0,0,0,0,0,0,0,0,14
2025 - 2026,2026 Spring,UGRD,UGRD,Shermeen,Yousif,,ARCH,4557,2,15,0,0,0,0,0,0,0,0,0,0,15
2025 - 2026,2026 Spring,UGRD,UGRD,Michael,Malone,,ARCH,4557,3,8,7,0,0,0,0,0,0,0,0,0,15
2025 - 2026,2026 Spring,UGRD,UGRD,Amanda,Aman,,ARCH,4557,4,8,4,2,0,0,0,0,0,0,0,0,14
2025 - 2026,2026 Spring,UGRD,UGRD,Julia,Lindgren,,ARCH,4557,5,10,4,1,0,0,0,0,0,0,0,0,15
2025 - 2026,2026 Spring,UGRD,UGRD,Thomas,Read,,ARCH,4557,6,10,2,1,1,0,0,0,0,0,0,0,14
2025 - 2026,2026 Spring,UGRD,UGRD,Carlos,Alba,,ARCH,4557,7,15,0,0,0,0,0,0,0,0,0,0,15
2025 - 2026,2026 Spring,UGRD,UGRD,Eduardo,Castaneda,,ARCH,4557,7,15,0,0,0,0,0,0,0,0,0,0,15
2025 - 2026,2026 Spring,UGRD,UGRD,Jason,Wheeler,,ARCH,4557,7,15,0,0,0,0,0,0,0,0,0,0,15
2025 - 2026,2026 Spring,UGRD,UGRD,Michael,Porter,,ARCH,4557,8,12,2,2,0,0,0,0,0,0,0,0,16
2025 - 2026,2026 Spring,UGRD,UGRD,Javier,Sanchez,,ARCH,4557,9,4,2,0,0,0,0,0,0,0,0,0,6
2025 - 2026,2026 Spring,UGRD,GRAD,David,Franco Santa Cruz,,ARCH,5315,4,10,6,0,0,0,0,0,0,0,0,0,16
2025 - 2026,2026 Spring,UGRD,UGRD,Steven,McCullough,,AREN,1152,1,22,4,1,1,1,0,0,0,0,0,0,29
2025 - 2026,2026 Spring,UGRD,UGRD,Steven,McCullough,,AREN,1152,2,20,1,1,0,0,0,0,0,1,0,0,23
2025 - 2026,2026 Spring,UGRD,UGRD,Niloofar,Parsaeifard,,AREN,1205,1,12,5,2,2,3,0,0,0,0,0,0,24
2025 - 2026,2026 Spring,UGRD,UGRD,Warda,Ashraf,,AREN,2312,1,4,6,5,0,1,0,0,0,2,0,0,18
2025 - 2026,2026 Spring,UGRD,UGRD,Vistasp,Karbhari,,AREN,2313,1,3,9,3,2,2,0,0,0,4,0,0,23
2025 - 2026,2026 Spring,UGRD,UGRD,Niloofar,Parsaeifard,,AREN,2315,1,30,13,6,2,0,0,0,0,0,0,0,51
2025 - 2026,2026 Spring,UGRD,UGRD,Yao,Wang,,AREN,2315,2,5,3,1,0,0,0,0,0,0,0,0,9
2025 - 2026,2026 Spring,UGRD,UGRD,Niloofar,Parsaeifard,,AREN,2315,101,4,8,3,1,2,0,0,0,0,0,0,18
2025 - 2026,2026 Spring,UGRD,UGRD,Yao,Wang,,AREN,2315,102,6,2,3,0,0,0,0,0,2,0,0,13
2025 - 2026,2026 Spring,UGRD,UGRD,Adnan,Rajib,,AREN,3301,1,4,5,3,1,0,0,0,0,0,0,0,13
2025 - 2026,2026 Spring,UGRD,UGRD,Zhe,Yin,,AREN,3311,1,2,4,3,0,3,0,0,0,1,0,0,13
2025 - 2026,2026 Spring,UGRD,UGRD,Zhe,Yin,,AREN,3311,101,3,3,2,2,1,0,0,0,1,0,0,12
2025 - 2026,2026 Spring,UGRD,UGRD,Juan,Balderrama,,AREN,3315,1,3,11,1,0,0,0,0,0,0,0,0,15
2025 - 2026,2026 Spring,UGRD,UGRD,Juan,Balderrama,,AREN,3315,101,2,4,1,0,1,0,0,0,0,0,0,8
2025 - 2026,2026 Spring,UGRD,UGRD,Juan,Balderrama,,AREN,3330,1,24,2,1,0,0,0,0,0,0,0,0,27
2025 - 2026,2026 Spring,UGRD,UGRD,Juan,Balderrama,,AREN,3330,101,12,5,1,0,0,0,0,0,0,0,0,18
2025 - 2026,2026 Spring,UGRD,UGRD,Suyun,Ham,,AREN,3341,1,1,3,2,0,0,0,0,0,0,0,0,6
2025 - 2026,2026 Spring,UGRD,UGRD,Laureano,Hoyos,,AREN,3343,1,2,2,2,1,0,0,0,0,0,0,0,7
2025 - 2026,2026 Spring,UGRD,UGRD,Sergio,Ibarra,Juan Balderrama,AREN,4301,1,30,3,1,0,2,0,0,1,0,0,0,37
2025 - 2026,2026 Spring,UGRD,UGRD,June Young,Park,,AREN,4314,1,17,0,0,0,0,0,0,0,0,0,0,17
2025 - 2026,2026 Spring,UGRD,UGRD,June Young,Park,,AREN,4314,101,8,2,0,0,0,0,0,0,0,0,0,10
2025 - 2026,2026 Spring,UGRD,UGRD,Nur,Yazdani,,AREN,4347,1,0,4,4,0,0,0,0,0,0,0,0,8
2025 - 2026,2026 Spring,UGRD,UGRD,Juan,Balderrama,,AREN,4383,2,9,4,0,0,0,0,0,0,0,0,0,13
2025 - 2026,2026 Spring,UGRD,UGRD,Paula,Currie,,ART,1300,1,17,12,7,0,3,0,0,3,1,0,0,43
2025 - 2026,2026 Spring,UGRD,UGRD,Leah,McCurdy,,ART,1300,2,5,9,4,1,9,0,0,1,0,0,0,29
2025 - 2026,2026 Spring,UGRD,UGRD,Shadiah,Jawad,,ART,1301,1,83,19,7,2,10,0,0,2,1,0,0,124
2025 - 2026,2026 Spring,UGRD,UGRD,Debra,Dewitte,,ART,1301,2,68,2,2,0,0,0,0,1,1,0,0,74
2025 - 2026,2026 Spring,UGRD,UGRD,Kelly,Ward,,ART,1301,3,57,7,0,1,7,0,0,1,0,0,0,73
2025 - 2026,2026 Spring,UGRD,UGRD,Kathleen,Janvier,,ART,1301,4,65,4,0,0,1,0,0,1,2,0,0,73
2025 - 2026,2026 Spring,UGRD,UGRD,Kathleen,Janvier,,ART,1301,5,64,6,0,1,0,0,0,0,0,0,0,71
2025 - 2026,2026 Spring,UGRD,UGRD,Kelly,Ward,,ART,1301,6,43,6,2,4,7,0,0,3,2,0,0,67
2025 - 2026,2026 Spring,UGRD,UGRD,Kathleen,Janvier,,ART,1301,7,59,4,2,1,2,0,0,0,1,0,0,69
2025 - 2026,2026 Spring,UGRD,UGRD,Debra,Dewitte,,ART,1301,700,106,18,10,0,12,0,0,2,1,0,0,149
2025 - 2026,2026 Spring,UGRD,UGRD,Debra,Dewitte,,ART,1301,701,89,15,6,1,5,0,0,1,3,0,0,120
2025 - 2026,2026 Spring,UGRD,UGRD,Frederick,Miller,,ART,1305,2,13,2,0,1,0,0,0,0,1,0,0,17
2025 - 2026,2026 Spring,UGRD,UGRD,Hector,Ramirez,,ART,1305,3,14,1,0,0,0,0,0,1,0,0,0,16
2025 - 2026,2026 Spring,UGRD,UGRD,Trey,Egan,,ART,1305,4,7,3,1,0,3,0,0,1,1,0,0,16
2025 - 2026,2026 Spring,UGRD,UGRD,Katerina,Verguelis,,ART,1306,1,8,3,0,0,2,0,0,0,2,0,0,15
2025 - 2026,2026 Spring,UGRD,UGRD,Michael,Scogin,,ART,1306,2,11,4,1,0,0,0,0,0,0,0,0,16
2025 - 2026,2026 Spring,UGRD,UGRD,Christine,Heimerman,Benjamin Dolezal,ART,1306,3,5,6,1,0,1,0,0,1,0,0,0,14
2025 - 2026,2026 Spring,UGRD,UGRD,Christine,Heimerman,Benjamin Dolezal,ART,1306,4,5,6,0,1,3,0,0,0,0,0,0,15
2025 - 2026,2026 Spring,UGRD,UGRD,Christine,Heimerman,Benjamin Dolezal,ART,1306,5,5,7,2,1,0,0,0,0,0,0,0,15
2025 - 2026,2026 Spring,UGRD,UGRD,Hector,Ramirez,,ART,1307,1,8,4,2,0,0,0,0,2,0,0,0,16
2025 - 2026,2026 Spring,UGRD,UGRD,Brent,Birnbaum,,ART,1307,2,11,2,0,0,0,0,0,1,0,0,0,14
2025 - 2026,2026 Spring,UGRD,UGRD,Kexin,Ding,,ART,1307,3,11,4,0,0,0,0,0,0,0,0,0,15
2025 - 2026,2026 Spring,UGRD,UGRD,Angela,Kallus,,ART,1307,4,7,5,2,0,1,0,0,1,0,0,0,16
2025 - 2026,2026 Spring,UGRD,UGRD,Cheryl,Mitchell,,ART,1309,1,27,6,8,2,3,0,0,1,2,0,0,49
2025 - 2026,2026 Spring,UGRD,UGRD,Cheryl,Mitchell,,ART,1309,2,9,7,3,1,4,0,0,0,1,0,0,25
2025 - 2026,2026 Spring,UGRD,UGRD,Beth,Wright,,ART,1310,1,23,15,6,1,1,0,0,0,4,0,0,50
2025 - 2026,2026 Spring,UGRD,UGRD,Beth,Wright,,ART,1310,2,10,9,3,0,1,0,0,0,2,0,0,25
2025 - 2026,2026 Spring,UGRD,UGRD,Leah,McCurdy,,ART,1317,1,14,9,7,6,8,0,0,2,2,0,0,48
2025 - 2026,2026 Spring,UGRD,UGRD,Leah,McCurdy,,ART,1317,2,2,8,2,4,6,0,0,1,1,0,0,24
2025 - 2026,2026 Spring,UGRD,UGRD,Maria,Esswein,,ART,2304,1,14,2,0,0,0,0,0,1,0,0,0,17
2025 - 2026,2026 Spring,UGRD,UGRD,Maria,Esswein,,ART,2304,2,13,2,1,0,1,0,0,0,0,0,0,17
2025 - 2026,2026 Spring,UGRD,UGRD,Simeen,Ishaque,,ART,2304,3,12,3,1,1,0,0,0,1,0,0,0,18
2025 - 2026,2026 Spring,UGRD,UGRD,Angela,Kallus,,ART,2308,1,8,5,0,0,0,0,0,0,2,0,0,15
2025 - 2026,2026 Spring,UGRD,UGRD,Angela,Kallus,,ART,2308,2,11,2,3,0,0,0,0,0,0,0,0,16
2025 - 2026,2026 Spring,UGRD,UGRD,Katerina,Verguelis,,ART,2342,1,5,4,0,0,0,1,0,1,2,0,0,13
2025 - 2026,2026 Spring,UGRD,UGRD,Tyler,Rosenkrantz,,ART,2342,2,9,5,1,0,0,0,0,0,0,0,0,15
2025 - 2026,2026 Spring,UGRD,UGRD,Ananya,Singh,,ART,2353,1,4,7,3,1,0,0,0,0,2,0,0,17
2025 - 2026,2026 Spring,UGRD,UGRD,Ananya,Singh,,ART,2353,2,5,6,3,0,0,0,0,2,1,0,0,17
2025 - 2026,2026 Spring,UGRD,UGRD,Timothy,Carvalho,,ART,2354,1,9,4,1,0,0,0,0,0,0,0,0,14
2025 - 2026,2026 Spring,UGRD,UGRD,Bruce,Wynne-Jones,,ART,2354,2,9,5,1,0,3,0,0,0,0,0,0,18
2025 - 2026,2026 Spring,UGRD,UGRD,Glady,Chow,,ART,2355,1,1,9,5,0,1,0,0,0,2,0,0,18
2025 - 2026,2026 Spring,UGRD,UGRD,Loryn,O'Donnell,,ART,2355,2,4,4,2,1,0,0,0,0,3,0,0,14
2025 - 2026,2026 Spring,UGRD,UGRD,Mason,Lahue,,ART,2358,1,15,0,0,0,0,0,0,0,0,0,0,15
2025 - 2026,2026 Spring,UGRD,UGRD,Tonya,Holloway,,ART,2358,1,15,0,0,0,0,0,0,0,0,0,0,15
2025 - 2026,2026 Spring,UGRD,UGRD,Mason,Lahue,,ART,2358,2,14,1,0,0,0,0,0,0,0,0,0,15
2025 - 2026,2026 Spring,UGRD,UGRD,Tonya,Holloway,,ART,2358,2,14,1,0,0,0,0,0,0,0,0,0,15
2025 - 2026,2026 Spring,UGRD,UGRD,Lauren,Allen,,ART,2360,1,5,4,3,0,1,0,0,1,1,0,0,15
2025 - 2026,2026 Spring,UGRD,UGRD,Jordan,Funk,,ART,2360,2,13,3,0,0,0,0,0,0,0,0,0,16
2025 - 2026,2026 Spring,UGRD,UGRD,Scott,Hilton,,ART,2360,3,14,1,0,0,0,0,0,0,0,0,0,15
2025 - 2026,2026 Spring,UGRD,UGRD,Benjamin,Terry,,ART,2371,1,13,3,0,0,1,0,0,1,0,0,0,18
2025 - 2026,2026 Spring,UGRD,UGRD,Emelie,Stenhammar,,ART,2371,2,17,0,0,0,0,0,0,0,0,0,0,17
2025 - 2026,2026 Spring,UGRD,UGRD,Mary,Vaccaro,,ART,3300,1,2,8,3,0,0,0,0,1,0,0,0,14
2025 - 2026,2026 Spring,UGRD,UGRD,Patricia,Newton,,ART,3310,1,27,9,4,3,0,0,0,0,0,0,0,43
2025 - 2026,2026 Spring,UGRD,UGRD,Jennifer,Smart,,ART,3314,1,21,9,11,0,0,0,0,1,0,0,0,42
2025 - 2026,2026 Spring,UGRD,UGRD,Rachel,Herod,,ART,3326,1,15,0,1,0,0,0,0,0,1,0,0,17
2025 - 2026,2026 Spring,UGRD,UGRD,Jean,Fernandes,,ART,3340,1,8,4,1,1,1,0,0,0,1,0,0,16
2025 - 2026,2026 Spring,UGRD,UGRD,Fernando,Johnson,,ART,3341,1,12,4,0,0,0,0,0,0,0,0,0,16
2025 - 2026,2026 Spring,UGRD,UGRD,Fernando,Johnson,,ART,3341,2,10,5,0,0,0,0,0,1,0,0,0,16
2025 - 2026,2026 Spring,UGRD,UGRD,Aubrey,Barnett,,ART,3342,1,10,5,1,0,0,0,0,0,0,0,0,16
2025 - 2026,2026 Spring,UGRD,UGRD,Carolyn,Iverson,,ART,3343,1,14,1,0,0,0,0,0,0,1,0,0,16
2025 - 2026,2026 Spring,UGRD,UGRD,Jeremy,Scidmore,,ART,3344,1,7,0,0,1,0,0,0,0,0,0,0,8
2025 - 2026,2026 Spring,UGRD,UGRD,Simeen,Ishaque,,ART,3347,1,14,1,0,0,0,0,0,0,0,0,0,15
2025 - 2026,2026 Spring,UGRD,UGRD,Hallee,Turner,,ART,3347,2,10,3,1,0,0,0,0,0,0,0,0,14
2025 - 2026,2026 Spring,UGRD,UGRD,Hallee,Turner,,ART,3348,1,11,3,1,0,0,0,0,0,0,0,0,15
2025 - 2026,2026 Spring,UGRD,UGRD,Thomas,Lumpkin,,ART,3350,1,7,3,3,0,1,0,0,0,0,0,0,14
2025 - 2026,2026 Spring,UGRD,UGRD,Calen,Barnum,,ART,3352,1,15,0,0,0,0,0,0,0,0,0,0,15
2025 - 2026,2026 Spring,UGRD,UGRD,Kotcharaht,Nilrach,,ART,3354,1,2,9,0,0,1,0,0,0,1,0,0,13
2025 - 2026,2026 Spring,UGRD,UGRD,Timothy,Carvalho,,ART,3354,2,7,8,1,0,1,0,0,0,0,0,0,17
2025 - 2026,2026 Spring,UGRD,UGRD,Glady,Chow,,ART,3355,1,1,10,4,0,0,0,0,1,0,0,0,16
2025 - 2026,2026 Spring,UGRD,UGRD,Glady,Chow,,ART,3355,2,1,11,1,1,0,0,0,0,0,0,0,14
2025 - 2026,2026 Spring,UGRD,UGRD,Isi,Barreiro,,ART,3356,1,10,5,1,2,0,0,0,0,0,0,0,18
2025 - 2026,2026 Spring,UGRD,UGRD,Isi,Barreiro,,ART,3356,2,1,8,2,1,2,0,0,1,2,0,0,17
2025 - 2026,2026 Spring,UGRD,UGRD,Cane,Coonrod,,ART,3358,1,17,0,0,0,0,0,0,0,0,0,0,17
2025 - 2026,2026 Spring,UGRD,UGRD,Lucy,Bartholomee,,ART,3359,1,16,0,0,0,1,0,0,0,0,0,0,17
2025 - 2026,2026 Spring,UGRD,UGRD,Scott,Hilton,,ART,3360,1,11,3,0,0,0,1,0,0,0,0,0,15
2025 - 2026,2026 Spring,UGRD,UGRD,Mason,Lahue,,ART,3362,1,12,2,0,1,1,0,0,0,0,0,0,16
2025 - 2026,2026 Spring,UGRD,UGRD,Janice,Melito,,ART,3363,1,12,0,1,0,0,0,0,0,0,0,0,13
2025 - 2026,2026 Spring,UGRD,UGRD,Janice,Melito,,ART,3363,2,11,2,1,0,0,0,0,0,0,0,0,14
2025 - 2026,2026 Spring,UGRD,UGRD,Nicholas,Wood,,ART,3363,3,7,6,0,0,0,1,0,0,0,0,0,14
2025 - 2026,2026 Spring,UGRD,UGRD,Rachel,Herod,,ART,3365,1,15,1,0,0,1,0,0,1,0,0,0,18
2025 - 2026,2026 Spring,UGRD,UGRD,Rachel,Herod,,ART,3366,1,13,1,0,0,2,0,0,0,0,0,0,16
2025 - 2026,2026 Spring,UGRD,UGRD,Benjamin,Wagley,,ART,3367,1,2,12,1,0,1,0,0,1,0,0,0,17
2025 - 2026,2026 Spring,UGRD,UGRD,Michael,Blair,,ART,3371,1,12,4,0,0,2,0,0,0,0,0,0,18
2025 - 2026,2026 Spring,UGRD,UGRD,Shelby,Carson,,ART,3374,1,14,1,0,0,0,0,0,0,0,0,0,15
2025 - 2026,2026 Spring,UGRD,UGRD,Jorge,Garza,,ART,3384,1,10,4,0,0,0,0,0,0,0,0,0,14
2025 - 2026,2026 Spring,UGRD,UGRD,Patricia,Newton,,ART,3388,1,10,2,0,0,1,0,0,1,0,0,0,14
2025 - 2026,2026 Spring,UGRD,UGRD,Bruce,Wynne-Jones,,ART,3390,1,9,17,8,7,1,0,0,0,0,0,0,42
2025 - 2026,2026 Spring,UGRD,UGRD,Matthew,Clark,,ART,4100,1,59,1,0,0,0,0,0,0,1,0,0,61
2025 - 2026,2026 Spring,UGRD,UGRD,Joanne,Rinker-Dozier,,ART,4100,2,8,0,0,0,0,0,0,0,0,0,0,8
2025 - 2026,2026 Spring,UGRD,UGRD,Matthew,Clark,,ART,4101,1,10,9,3,0,0,0,0,0,0,0,0,22
2025 - 2026,2026 Spring,UGRD,UGRD,Matthew,Clark,,ART,4300,1,8,9,3,1,0,0,0,0,0,0,0,21
2025 - 2026,2026 Spring,UGRD,UGRD,Jorge,Garza,,ART,4300,2,15,2,0,0,0,0,0,0,0,0,0,17
2025 - 2026,2026 Spring,UGRD,UGRD,Beth,Wright,,ART,4304,1,10,7,1,0,0,0,0,0,0,0,0,18
2025 - 2026,2026 Spring,UGRD,UGRD,Cheryl,Mitchell,,ART,4308,1,13,1,0,0,0,0,0,0,0,0,0,14
2025 - 2026,2026 Spring,UGRD,UGRD,Jean,Fernandes,,ART,4340,1,5,2,0,0,1,1,0,0,0,0,0,9
2025 - 2026,2026 Spring,UGRD,UGRD,Justin,Ginsberg,,ART,4342,1,7,7,2,0,0,0,0,0,0,0,0,16
2025 - 2026,2026 Spring,UGRD,UGRD,Nicholas,Wood,,ART,4343,1,6,8,0,1,0,0,0,0,0,0,0,15
2025 - 2026,2026 Spring,UGRD,UGRD,Carolyn,Iverson,,ART,4345,1,13,0,0,1,0,0,0,0,0,0,0,14
2025 - 2026,2026 Spring,UGRD,UGRD,Amy,Stephens,,ART,4353,1,10,1,2,0,0,0,0,0,0,0,0,13
2025 - 2026,2026 Spring,UGRD,UGRD,Thomas,Lumpkin,,ART,4354,1,10,4,1,0,0,0,0,0,0,0,0,15
2025 - 2026,2026 Spring,UGRD,UGRD,Bruce,Wynne-Jones,,ART,4355,1,9,4,1,0,0,0,0,0,0,0,0,14
2025 - 2026,2026 Spring,UGRD,UGRD,Loryn,O'Donnell,,ART,4355,2,10,4,1,0,0,0,0,0,0,0,0,15
2025 - 2026,2026 Spring,UGRD,UGRD,Benjamin,Dolezal,,ART,4356,1,15,1,0,0,0,0,0,0,1,0,0,17
2025 - 2026,2026 Spring,UGRD,UGRD,Daniel,Garcia,,ART,4358,1,12,0,1,1,1,0,0,0,0,0,0,15
2025 - 2026,2026 Spring,UGRD,UGRD,Bryan,Florentin,,ART,4360,1,14,2,0,0,0,0,0,0,0,0,0,16
2025 - 2026,2026 Spring,UGRD,UGRD,Danielle,Beverly,,ART,4362,1,5,4,0,0,1,0,0,0,0,0,0,10
2025 - 2026,2026 Spring,UGRD,UGRD,Lucy,Bartholomee,,ART,4365,1,14,0,1,1,1,0,0,0,0,0,0,17
2025 - 2026,2026 Spring,UGRD,UGRD,Crystal,Cobb,,ART,4366,1,11,3,0,0,0,0,0,0,0,0,0,14
2025 - 2026,2026 Spring,UGRD,UGRD,Mason,Lahue,,ART,4367,1,14,0,0,0,0,0,0,0,0,0,0,14
2025 - 2026,2026 Spring,UGRD,UGRD,Scott,Hilton,,ART,4370,1,7,6,1,0,0,0,0,0,0,0,0,14
2025 - 2026,2026 Spring,UGRD,UGRD,Elizabeth,Trosper,,ART,4371,1,12,1,1,0,0,0,0,0,0,0,0,14
2025 - 2026,2026 Spring,UGRD,UGRD,Loryn,O'Donnell,,ART,4375,2,9,7,0,0,0,0,0,0,0,0,0,16
2025 - 2026,2026 Spring,UGRD,UGRD,Patricia,Newton,,ART,4377,1,13,1,0,0,0,0,0,0,0,0,0,14
2025 - 2026,2026 Spring,UGRD,UGRD,Carlos,Donjuan,,ART,4381,1,14,1,0,0,0,0,0,0,0,0,0,15
2025 - 2026,2026 Spring,UGRD,UGRD,Matthew,Clark,,ART,4382,1,10,5,2,0,0,0,0,0,1,0,0,18
2025 - 2026,2026 Spring,UGRD,UGRD,Timothy,Carvalho,,ART,4392,1,7,5,1,0,0,0,0,0,0,0,0,13
2025 - 2026,2026 Spring,UGRD,UGRD,Kexin,Ding,,ART,4392,2,11,1,0,1,0,1,0,0,0,0,0,14
2025 - 2026,2026 Spring,UGRD,UGRD,Carolyn,Iverson,,ART,4392,3,11,1,0,0,0,0,0,0,0,0,0,12
2025 - 2026,2026 Spring,UGRD,UGRD,Benjamin,Dolezal,,ART,4392,4,13,1,0,0,0,0,0,0,0,0,0,14
2025 - 2026,2026 Spring,UGRD,UGRD,Benjamin,Terry,,ART,4392,7,6,6,0,0,1,0,0,0,0,0,0,13
2025 - 2026,2026 Spring,UGRD,UGRD,Benjamin,Wagley,,ART,4392,9,9,1,1,0,0,0,0,1,0,0,0,12
2025 - 2026,2026 Spring,UGRD,UGRD,Benjamin,Wagley,,ART,4392,12,11,5,0,0,0,0,0,0,0,0,0,16
2025 - 2026,2026 Spring,UGRD,UGRD,Benjamin,Wagley,,ART,4392,13,11,3,1,0,0,0,0,0,0,0,0,15
2025 - 2026,2026 Spring,UGRD,UGRD,Ananya,Singh,,ART,4395,2,7,2,0,0,0,0,0,0,0,0,0,9
2025 - 2026,2026 Spring,UGRD,UGRD,Lilia,Kudelia,,ART,4396,2,14,4,1,0,0,0,0,0,1,0,0,20
2025 - 2026,2026 Spring,UGRD,UGRD,Joshua,Young,Joseph Solano,AS,1122,1,4,9,0,0,0,0,0,1,1,0,0,15
2025 - 2026,2026 Spring,UGRD,UGRD,William,De Bord,Joseph Solano,AS,1181,1,0,0,0,0,0,0,21,1,0,0,0,22
2025 - 2026,2026 Spring,UGRD,UGRD,William,De Bord,Joseph Solano,AS,4311,1,6,0,0,0,0,0,0,0,0,0,0,6
2025 - 2026,2026 Spring,UGRD,GRAD,Afshan,Boodhwani,,ASDS,5301,1,8,3,0,0,0,0,0,0,0,0,0,11
2025 - 2026,2026 Spring,UGRD,GRAD,Erol,Ozkan,,ASDS,5302,1,11,0,0,0,0,0,0,0,0,0,0,11
2025 - 2026,2026 Spring,UGRD,GRAD,Afshan,Boodhwani,,ASDS,5303,1,12,0,0,0,0,2,0,0,0,0,0,14
2025 - 2026,2026 Spring,UGRD,GRAD,Afshan,Boodhwani,,ASDS,5304,1,19,1,0,0,0,0,0,0,0,0,0,20
2025 - 2026,2026 Spring,UGRD,GRAD,Mahmoud,Jawad,,ASDS,5306,1,16,3,0,0,0,0,0,0,0,0,0,19
2025 - 2026,2026 Spring,UGRD,GRAD,Afshan,Boodhwani,,ASDS,6301,2,25,5,0,0,0,0,0,0,0,0,0,30
2025 - 2026,2026 Spring,UGRD,GRAD,Erol,Ozkan,,ASDS,6302,2,23,0,0,0,0,0,0,0,0,0,0,23
2025 - 2026,2026 Spring,UGRD,GRAD,Mahmoud,Jawad,,ASDS,6303,2,27,4,0,0,0,0,0,0,0,0,0,31
2025 - 2026,2026 Spring,UGRD,GRAD,Ce,Bian,,ASDS,6304,1,10,6,0,0,0,0,0,0,0,0,0,16
2025 - 2026,2026 Spring,UGRD,UGRD,Lisalee,Egbert,,ASL,1441,1,12,6,2,0,2,0,0,0,2,0,0,24
2025 - 2026,2026 Spring,UGRD,UGRD,Lisalee,Egbert,,ASL,1441,2,9,8,4,0,2,0,0,0,1,0,0,24
2025 - 2026,2026 Spring,UGRD,UGRD,Leona,Michael-Makelfa,,ASL,1441,3,9,9,2,0,2,0,0,0,0,0,0,22
2025 - 2026,2026 Spring,UGRD,UGRD,Paula,Sibley,,ASL,1441,5,9,9,1,1,3,0,0,0,0,0,0,23
2025 - 2026,2026 Spring,UGRD,UGRD,Leona,Michael-Makelfa,,ASL,1441,6,11,7,1,1,2,0,0,0,2,0,0,24
2025 - 2026,2026 Spring,UGRD,UGRD,Stephanie,McKnight,,ASL,1442,1,22,1,1,0,0,0,0,0,1,0,0,25
2025 - 2026,2026 Spring,UGRD,UGRD,Paula,Sibley,,ASL,1442,2,13,3,1,0,1,0,0,2,1,0,0,21
2025 - 2026,2026 Spring,UGRD,UGRD,Stephanie,McKnight,,ASL,1442,3,21,2,1,0,0,0,0,0,0,0,0,24
2025 - 2026,2026 Spring,UGRD,UGRD,Stephanie,McKnight,,ASL,1442,4,18,4,0,0,2,0,0,0,0,0,0,24
2025 - 2026,2026 Spring,UGRD,UGRD,Leona,Michael-Makelfa,,ASL,2313,1,10,12,2,0,0,0,0,0,0,0,0,24
2025 - 2026,2026 Spring,UGRD,UGRD,Stephanie,McKnight,,ASL,2314,1,11,2,0,0,0,0,0,0,0,0,0,13
2025 - 2026,2026 Spring,UGRD,UGRD,Laurel,Whitsett,,ASL,4330,1,14,1,0,0,0,0,0,0,0,0,0,15
2025 - 2026,2026 Spring,UGRD,UGRD,Nilakshi,Veerabathina,,ASTR,1345,1,42,24,17,3,6,1,0,1,4,0,0,98
2025 - 2026,2026 Spring,UGRD,UGRD,Shafaq,Moten,,ASTR,1345,2,39,13,2,2,1,0,0,1,2,0,0,60
2025 - 2026,2026 Spring,UGRD,UGRD,Nilakshi,Veerabathina,,ASTR,1345,3,31,14,6,7,1,0,0,1,8,0,0,68
2025 - 2026,2026 Spring,UGRD,UGRD,Fajer,Jaafari,,ASTR,1345,4,27,18,15,7,6,1,0,0,5,0,0,79
2025 - 2026,2026 Spring,UGRD,UGRD,Fajer,Jaafari,,ASTR,1346,1,19,11,6,1,3,0,0,0,0,0,0,40
2025 - 2026,2026 Spring,UGRD,UGRD,Nilakshi,Veerabathina,,ASTR,1346,15,19,16,3,1,1,0,0,1,6,0,0,47
2025 - 2026,2026 Spring,UGRD,UGRD,Mahyar,Sharif Vaghefi,,BANA,3308,1,13,13,5,2,3,0,0,0,2,0,0,38
2025 - 2026,2026 Spring,UGRD,UGRD,Subhra,Patra,,BANA,3309,1,13,9,2,2,1,0,0,0,0,0,0,27
2025 - 2026,2026 Spring,UGRD,UGRD,Sung Hyun,Kwon,,BANA,4308,1,15,14,5,0,0,0,0,0,0,0,0,34
2025 - 2026,2026 Spring,UGRD,UGRD,Samaneh,Samiee,,BANA,4311,1,27,6,0,0,0,0,0,0,0,0,0,33
2025 - 2026,2026 Spring,UGRD,UGRD,Jayarajan,Samuel,,BANA,4326,1,16,0,0,0,0,0,0,0,0,0,0,16
2025 - 2026,2026 Spring,UGRD,UGRD,Jie,Zhang,,BANA,4331,1,18,7,0,0,1,0,0,0,1,0,0,27
2025 - 2026,2026 Spring,UGRD,UGRD,Julian,Rodriguez,,BCMN,2347,1,2,10,5,1,1,0,0,0,0,0,0,19
2025 - 2026,2026 Spring,UGRD,UGRD,Lance,Liguez,,BCMN,2357,1,0,13,2,1,0,0,0,0,1,0,0,17
2025 - 2026,2026 Spring,UGRD,UGRD,Lance,Liguez,,BCMN,2357,2,1,10,3,0,0,0,0,0,0,0,0,14
2025 - 2026,2026 Spring,UGRD,UGRD,Julian,Rodriguez,,BCMN,2358,1,11,5,1,1,1,0,0,0,0,0,0,19
2025 - 2026,2026 Spring,UGRD,UGRD,LaDonna,Aiken,,BCMN,2360,1,16,2,1,0,0,0,0,0,1,0,0,20
2025 - 2026,2026 Spring,UGRD,UGRD,Mark,Tremayne,,BCMN,3319,1,4,6,1,0,0,0,0,0,0,0,0,11
2025 - 2026,2026 Spring,UGRD,UGRD,LaDonna,Aiken,,BCMN,3340,1,7,6,1,0,0,0,0,0,0,0,0,14
2025 - 2026,2026 Spring,UGRD,UGRD,Lance,Liguez,,BCMN,3360,1,9,2,0,0,0,0,0,0,0,0,0,11
2025 - 2026,2026 Spring,UGRD,UGRD,LaDonna,Aiken,,BCMN,3370,1,12,2,2,0,0,0,0,0,0,0,0,16
2025 - 2026,2026 Spring,UGRD,UGRD,Mark,Tremayne,,BCMN,3380,1,3,12,1,0,1,0,0,1,1,0,0,19
2025 - 2026,2026 Spring,UGRD,UGRD,Julian,Rodriguez,,BCMN,4193,1,4,2,0,0,0,0,0,0,0,0,0,6
2025 - 2026,2026 Spring,UGRD,UGRD,LaDonna,Aiken,,BCMN,4322,1,10,4,0,0,0,0,0,0,0,0,0,14
2025 - 2026,2026 Spring,UGRD,UGRD,Dejan,Terzic,,BCOM,3360,1,10,11,4,1,0,0,0,0,0,0,0,26
2025 - 2026,2026 Spring,UGRD,UGRD,Kevin,Carr,,BCOM,3360,1,14,25,5,0,1,0,0,0,0,0,0,45
2025 - 2026,2026 Spring,UGRD,UGRD,Daniel,Usera,,BCOM,3360,2,23,4,1,2,0,0,0,0,2,0,0,32
2025 - 2026,2026 Spring,UGRD,UGRD,Chien,Le,,BCOM,3360,3,17,25,2,0,0,0,0,0,0,0,0,44
2025 - 2026,2026 Spring,UGRD,UGRD,William,Venable,,BCOM,3360,4,9,27,6,1,1,0,0,1,0,0,0,45
2025 - 2026,2026 Spring,UGRD,UGRD,Gregory,Wicklman,,BCOM,3360,5,10,27,8,0,0,0,0,0,0,0,0,45
2025 - 2026,2026 Spring,UGRD,UGRD,Dejan,Terzic,,BCOM,3360,6,5,13,12,4,3,0,0,0,2,0,0,39
2025 - 2026,2026 Spring,UGRD,UGRD,Heather,Philip,,BCOM,3360,7,8,17,11,5,1,0,0,0,2,0,0,44
2025 - 2026,2026 Spring,UGRD,UGRD,Chien,Le,,BCOM,3360,8,16,21,6,0,1,0,0,0,1,0,0,45
2025 - 2026,2026 Spring,UGRD,UGRD,William,Venable,,BCOM,3360,10,9,22,8,3,1,0,0,1,0,0,0,44
2025 - 2026,2026 Spring,UGRD,UGRD,Nichole,Santee,,BCOM,3360,11,11,28,4,0,1,0,0,0,1,0,0,45
2025 - 2026,2026 Spring,UGRD,UGRD,Kevin,Carr,,BCOM,3360,12,6,28,4,1,5,0,0,0,1,0,0,45
2025 - 2026,2026 Spring,UGRD,UGRD,Gregory,Wicklman,,BCOM,3360,13,3,9,8,3,4,0,0,0,2,0,0,29
2025 - 2026,2026 Spring,UGRD,UGRD,Kevin,Carr,,BCOM,3360,14,10,11,10,4,0,0,0,0,0,0,0,35
2025 - 2026,2026 Spring,UGRD,UGRD,Karen,Raskopf,,BCOM,3360,15,15,22,2,1,1,0,0,0,3,0,0,44
2025 - 2026,2026 Spring,UGRD,UGRD,Daniel,Usera,,BCOM,3360,17,11,22,7,2,2,0,0,1,0,0,0,45
2025 - 2026,2026 Spring,UGRD,UGRD,Kevin,Carr,,BCOM,4380,1,10,7,2,0,0,0,0,0,2,0,0,21
2025 - 2026,2026 Spring,UGRD,UGRD,Young-Tae,Kim,,BE,1325,12,21,1,3,1,1,0,0,0,0,0,0,27
2025 - 2026,2026 Spring,UGRD,UGRD,Justyn,Jaworski,,BE,2310,18,15,2,0,0,0,0,0,1,0,0,0,18
2025 - 2026,2026 Spring,UGRD,UGRD,Juhyun,Lee,,BE,2315,13,17,18,7,1,1,0,0,0,0,0,0,44
2025 - 2026,2026 Spring,UGRD,UGRD,William,Keighley,,BE,3280,22,24,4,0,0,0,0,0,0,0,0,0,28
2025 - 2026,2026 Spring,UGRD,UGRD,Hao,Xu,,BE,3301,25,9,2,2,0,0,0,0,0,0,0,0,13
2025 - 2026,2026 Spring,UGRD,UGRD,Cheng-Jen,Chuong,,BE,3310,2,13,5,4,1,0,0,0,0,0,0,0,23
2025 - 2026,2026 Spring,UGRD,UGRD,Khosrow,Behbehani,,BE,3317,1,12,4,7,1,0,0,0,0,0,0,0,24
2025 - 2026,2026 Spring,UGRD,UGRD,Salman,Sohrabi,,BE,3320,10,9,9,1,0,0,0,0,0,1,0,0,20
2025 - 2026,2026 Spring,UGRD,UGRD,Hanli,Liu,,BE,3343,9,3,3,2,0,0,0,0,0,0,0,0,8
2025 - 2026,2026 Spring,UGRD,UGRD,Baohong,Yuan,,BE,3344,14,25,0,0,0,0,0,0,0,0,0,0,25
2025 - 2026,2026 Spring,UGRD,UGRD,Hao,Xu,,BE,3367,25,27,0,0,0,0,0,0,0,0,0,0,27
2025 - 2026,2026 Spring,UGRD,UGRD,Hao,Xu,,BE,3380,25,5,12,4,0,0,0,0,0,0,0,0,21
2025 - 2026,2026 Spring,UGRD,UGRD,Justyn,Jaworski,,BE,3415,18,14,5,0,0,0,0,0,0,0,0,0,19
2025 - 2026,2026 Spring,UGRD,UGRD,Xi,Zhu,,BE,4300,30,5,4,2,0,0,0,0,1,0,0,0,12
2025 - 2026,2026 Spring,UGRD,UGRD,Jun,Liao,,BE,4314,11,11,6,1,1,0,0,0,0,0,0,0,19
2025 - 2026,2026 Spring,UGRD,UGRD,Liping,Tang,,BE,4318,5,22,2,0,0,0,0,0,0,0,0,0,24
2025 - 2026,2026 Spring,UGRD,UGRD,Georgios,Alexandrakis,,BE,4324,3,11,0,0,0,0,0,0,0,0,0,0,11
2025 - 2026,2026 Spring,UGRD,UGRD,Yi,Hong,,BE,4333,6,9,10,0,0,0,0,0,0,0,0,0,19
2025 - 2026,2026 Spring,UGRD,UGRD,Jun,Liao,,BE,4355,11,35,1,0,0,0,0,0,0,0,0,0,36
2025 - 2026,2026 Spring,UGRD,UGRD,Digant,Dave,,BE,4382,7,26,1,0,0,0,0,0,0,0,0,0,27
2025 - 2026,2026 Spring,UGRD,GRAD,Hao,Xu,,BE,5309,25,6,6,0,0,0,0,0,0,0,0,0,12
2025 - 2026,2026 Spring,UGRD,GRAD,Cheng-Jen,Chuong,,BE,5310,2,2,2,1,1,0,0,0,0,0,0,0,6
2025 - 2026,2026 Spring,UGRD,GRAD,Jun,Liao,,BE,5314,11,13,5,0,0,0,0,0,0,0,0,0,18
2025 - 2026,2026 Spring,UGRD,GRAD,Georgios,Alexandrakis,,BE,5324,3,9,0,0,0,0,0,0,0,0,0,0,9
2025 - 2026,2026 Spring,UGRD,GRAD,Yi,Hong,,BE,5333,6,5,2,0,0,0,0,0,0,0,0,0,7
2025 - 2026,2026 Spring,UGRD,GRAD,Hanli,Liu,,BE,5343,9,7,8,4,0,0,0,0,0,0,0,0,19
2025 - 2026,2026 Spring,UGRD,GRAD,Kytai,Nguyen,,BE,5372,4,12,4,0,0,0,0,0,0,0,0,0,16
2025 - 2026,2026 Spring,UGRD,GRAD,Michael,Cho,,BE,5385,8,12,4,2,0,0,0,0,0,0,0,0,18
2025 - 2026,2026 Spring,UGRD,UGRD,Patricia,Saenz,,BEEP,4302,1,36,2,0,0,0,0,0,0,0,0,0,38
2025 - 2026,2026 Spring,UGRD,UGRD,Zulma,Mojica Monroy,,BEEP,4306,101,97,3,0,0,0,0,0,1,0,0,0,101
2025 - 2026,2026 Spring,UGRD,UGRD,Maricela,Leon,,BEEP,4311,1,35,3,0,0,0,0,0,0,0,0,0,38
2025 - 2026,2026 Spring,UGRD,UGRD,Patricia,Saenz,,BEEP,4319,1,41,2,1,0,0,0,0,0,0,0,0,44
2025 - 2026,2026 Spring,UGRD,UGRD,Patricia,Saenz,,BEEP,4385,1,55,5,0,0,0,0,0,1,0,0,0,61
2025 - 2026,2026 Spring,UGRD,UGRD,Joyce,Myers,,BEEP,4687,9,38,0,0,0,0,0,0,0,1,0,0,39
2025 - 2026,2026 Spring,UGRD,UGRD,Walter,Schargel,,BIOL,1131,1,101,8,2,2,4,0,0,2,4,0,0,123
2025 - 2026,2026 Spring,UGRD,UGRD,Walter,Schargel,,BIOL,1131,2,83,11,6,0,5,0,0,1,4,0,0,110
2025 - 2026,2026 Spring,UGRD,UGRD,Ida,Klang,,BIOL,1301,1,80,36,27,8,1,0,0,2,4,0,0,158
2025 - 2026,2026 Spring,UGRD,UGRD,Caitlin,Maynard,,BIOL,1301,2,85,54,24,9,12,0,0,3,4,0,0,191
2025 - 2026,2026 Spring,UGRD,UGRD,Caitlin,Maynard,,BIOL,1301,4,40,48,57,10,18,0,0,4,11,0,0,188
2025 - 2026,2026 Spring,UGRD,UGRD,Melissa,Walsh,,BIOL,1301,500,47,60,27,14,9,0,0,5,10,0,0,172
2025 - 2026,2026 Spring,UGRD,UGRD,Melissa,Walsh,,BIOL,1301,700,59,51,26,15,23,0,0,1,9,0,0,184
2025 - 2026,2026 Spring,UGRD,UGRD,Corey,Roelke,,BIOL,1333,1,45,27,13,2,3,0,0,2,3,0,0,95
2025 - 2026,2026 Spring,UGRD,UGRD,Corey,Roelke,,BIOL,1334,1,65,21,3,1,3,0,0,1,1,0,0,95
2025 - 2026,2026 Spring,UGRD,UGRD,Genevieve,Godfrey,,BIOL,1345,1,21,33,28,18,33,0,0,7,13,0,0,153
2025 - 2026,2026 Spring,UGRD,UGRD,Corey,Roelke,,BIOL,1345,500,62,22,7,2,15,0,0,3,3,0,0,114
2025 - 2026,2026 Spring,UGRD,UGRD,Corey,Roelke,,BIOL,1345,700,19,23,9,7,8,0,0,1,4,0,0,71
2025 - 2026,2026 Spring,UGRD,UGRD,Ida,Klang,Shane Dubay,BIOL,1441,1,43,29,19,9,3,0,0,1,3,0,0,107
2025 - 2026,2026 Spring,UGRD,UGRD,Stephanie,McMahon,,BIOL,1441,2,31,41,21,4,3,0,0,1,4,0,0,105
2025 - 2026,2026 Spring,UGRD,UGRD,Shawn,Christensen,Mark Pellegrino,BIOL,1441,3,20,31,17,16,13,0,0,3,7,0,0,107
2025 - 2026,2026 Spring,UGRD,UGRD,Paul,Chippindale,,BIOL,1441,27,26,31,22,8,9,0,0,1,8,0,0,105
2025 - 2026,2026 Spring,UGRD,UGRD,Corey,Roelke,Daniela Palmer,BIOL,1442,2,127,46,12,1,1,1,0,1,3,0,0,192
2025 - 2026,2026 Spring,UGRD,UGRD,Genevieve,Godfrey,Luke Frishkoff,BIOL,1442,3,55,67,42,10,7,0,0,1,8,0,0,190
2025 - 2026,2026 Spring,UGRD,UGRD,Luke,Frishkoff,Matthew Walsh,BIOL,1442,4,60,69,37,12,6,0,0,0,7,0,0,191
2025 - 2026,2026 Spring,UGRD,UGRD,Woo-Suk,Chang,,BIOL,2444,1,51,29,22,11,1,0,0,1,2,0,0,117
2025 - 2026,2026 Spring,UGRD,UGRD,Whitney,Tholen,Woo-Suk Chang,BIOL,2444,2,60,49,10,0,1,0,0,0,0,0,0,120
2025 - 2026,2026 Spring,UGRD,UGRD,Genevieve,Godfrey,,BIOL,2457,1,65,46,21,9,13,0,0,3,5,0,0,162
2025 - 2026,2026 Spring,UGRD,UGRD,Timothy,Henry,,BIOL,2457,10,77,53,21,4,3,0,0,0,4,0,0,162
2025 - 2026,2026 Spring,UGRD,UGRD,Paul,Chippindale,,BIOL,2457,11,42,69,25,13,6,0,0,2,4,0,0,161
2025 - 2026,2026 Spring,UGRD,UGRD,Tracy,Munk-Martin,,BIOL,2457,34,110,35,9,1,5,0,0,1,1,0,0,162
2025 - 2026,2026 Spring,UGRD,UGRD,Walter,Schargel,,BIOL,2457,39,60,53,28,14,6,0,0,0,2,0,0,163
2025 - 2026,2026 Spring,UGRD,UGRD,Walter,Schargel,,BIOL,2457,500,71,56,39,14,18,0,0,3,7,0,0,208
2025 - 2026,2026 Spring,UGRD,UGRD,Walter,Schargel,,BIOL,2457,700,35,31,19,3,7,0,0,0,3,0,0,98
2025 - 2026,2026 Spring,UGRD,UGRD,Timothy,Henry,,BIOL,2458,1,42,36,32,15,5,0,0,0,3,0,0,133
2025 - 2026,2026 Spring,UGRD,UGRD,Timothy,Henry,,BIOL,2458,8,53,38,34,11,4,0,0,0,8,0,0,148
2025 - 2026,2026 Spring,UGRD,UGRD,Heather,Charles,,BIOL,2458,500,87,30,16,6,4,0,0,2,2,0,0,147
2025 - 2026,2026 Spring,UGRD,UGRD,Heather,Charles,,BIOL,2458,700,83,47,13,3,10,0,0,2,5,0,0,163
2025 - 2026,2026 Spring,UGRD,UGRD,Caitlin,Maynard,,BIOL,2460,1,44,42,39,23,16,0,0,1,21,0,0,186
2025 - 2026,2026 Spring,UGRD,UGRD,Dylan,Parks,,BIOL,2460,2,70,51,43,16,4,0,0,0,4,0,0,188
2025 - 2026,2026 Spring,UGRD,UGRD,Whitney,Tholen,Cara Boutte,BIOL,2460,19,12,21,26,12,7,0,0,3,14,0,0,95
2025 - 2026,2026 Spring,UGRD,UGRD,Dylan,Parks,,BIOL,2460,500,65,50,29,7,24,0,0,3,8,0,0,186
2025 - 2026,2026 Spring,UGRD,UGRD,Whitney,Tholen,,BIOL,2460,700,56,61,38,11,32,0,0,6,16,0,0,220
2025 - 2026,2026 Spring,UGRD,UGRD,Walter,Schargel,Oscar Villasana Espinosa,BIOL,3300,1,58,29,16,4,4,0,0,0,1,0,0,112
2025 - 2026,2026 Spring,UGRD,UGRD,Walter,Schargel,Oscar Villasana Espinosa,BIOL,3300,2,51,29,23,4,6,0,0,0,8,0,0,121
2025 - 2026,2026 Spring,UGRD,UGRD,Mark,Pellegrino,,BIOL,3301,1,44,28,27,9,12,0,0,3,25,0,0,148
2025 - 2026,2026 Spring,UGRD,UGRD,Dylan,Parks,,BIOL,3302,1,16,2,0,0,0,0,0,0,0,0,0,18
2025 - 2026,2026 Spring,UGRD,UGRD,Xavier,Aranda,,BIOL,3303,1,19,0,0,0,0,0,0,0,0,0,0,19
2025 - 2026,2026 Spring,UGRD,UGRD,Stephanie,McMahon,Alison Ravenscraft,BIOL,3304,1,33,7,0,1,0,0,0,0,0,0,0,41
2025 - 2026,2026 Spring,UGRD,UGRD,Alison,Ravenscraft,,BIOL,3308,1,7,8,5,1,0,0,0,0,0,0,0,21
2025 - 2026,2026 Spring,UGRD,UGRD,Heather,Charles,,BIOL,3312,1,70,19,4,1,3,0,0,0,0,0,0,97
2025 - 2026,2026 Spring,UGRD,UGRD,Alicia,Rogers,,BIOL,3315,1,38,30,29,8,4,0,0,0,4,0,0,113
2025 - 2026,2026 Spring,UGRD,UGRD,Stephanie,McMahon,,BIOL,3315,2,34,34,18,13,5,0,0,0,8,0,0,112
2025 - 2026,2026 Spring,UGRD,UGRD,Ida,Klang,Alicia Rogers,BIOL,3315,3,54,22,21,5,4,0,0,2,4,0,0,112
2025 - 2026,2026 Spring,UGRD,UGRD,Matthew,Fujita,,BIOL,3317,1,20,1,2,0,4,0,0,0,0,0,0,27
2025 - 2026,2026 Spring,UGRD,UGRD,Corey,Roelke,,BIOL,3320,1,54,0,0,0,0,0,0,0,0,0,0,54
2025 - 2026,2026 Spring,UGRD,UGRD,Yuan,Peng,,BIOL,3322,1,4,2,4,4,1,0,0,1,5,0,0,21
2025 - 2026,2026 Spring,UGRD,UGRD,Amandeep,Dhaliwal,,BIOL,3322,2,9,6,12,2,4,0,0,1,4,0,0,38
2025 - 2026,2026 Spring,UGRD,UGRD,Janet,Buckner,,BIOL,3339,1,15,15,17,2,0,0,0,1,1,0,0,51
2025 - 2026,2026 Spring,UGRD,UGRD,Piya,Ghose,,BIOL,3342,1,53,0,1,2,0,0,0,0,0,0,0,56
2025 - 2026,2026 Spring,UGRD,UGRD,Xavier,Aranda,,BIOL,3349,17,26,0,0,0,0,0,0,0,0,0,0,26
2025 - 2026,2026 Spring,UGRD,UGRD,Xavier,Aranda,,BIOL,3352,1,28,0,0,0,0,0,0,0,0,0,0,28
2025 - 2026,2026 Spring,UGRD,UGRD,Allan,Clark,,BIOL,3359,1,26,17,3,4,3,0,0,0,3,0,0,56
2025 - 2026,2026 Spring,UGRD,UGRD,Shawn,Christensen,,BIOL,3359,1,26,17,3,4,3,0,0,0,3,0,0,56
2025 - 2026,2026 Spring,UGRD,UGRD,Xavier,Aranda,,BIOL,3420,1,22,0,0,0,0,0,0,0,0,0,0,22
2025 - 2026,2026 Spring,UGRD,UGRD,Heather,Arterburn,,BIOL,3427,1,25,30,17,6,8,0,0,2,3,0,0,91
2025 - 2026,2026 Spring,UGRD,UGRD,Tracy,Munk-Martin,,BIOL,3442,1,68,46,18,1,3,0,0,0,4,0,0,140
2025 - 2026,2026 Spring,UGRD,UGRD,Heather,Charles,,BIOL,3442,10,7,12,7,2,4,0,0,1,0,0,0,33
2025 - 2026,2026 Spring,UGRD,UGRD,Xavier,Aranda,,BIOL,3446,1,66,50,46,9,6,0,0,1,11,0,0,189
2025 - 2026,2026 Spring,UGRD,UGRD,Corey,Roelke,,BIOL,3454,1,43,36,29,1,2,0,0,0,7,0,0,118
2025 - 2026,2026 Spring,UGRD,UGRD,Melissa,Walsh,Matthew Walsh,BIOL,3457,1,33,42,27,9,3,0,0,0,3,0,0,117
2025 - 2026,2026 Spring,UGRD,UGRD,Whitney,Tholen,,BIOL,4101,2,21,6,0,0,0,0,0,0,1,0,0,28
2025 - 2026,2026 Spring,UGRD,UGRD,Tracy,Munk-Martin,,BIOL,4279,16,20,0,0,0,0,0,0,0,0,0,0,20
2025 - 2026,2026 Spring,UGRD,UGRD,Dylan,Parks,,BIOL,4303,1,17,7,0,0,0,0,0,0,0,0,0,24
2025 - 2026,2026 Spring,UGRD,UGRD,Xavier,Aranda,,BIOL,4309,1,23,2,0,0,0,0,0,0,0,0,0,25
2025 - 2026,2026 Spring,UGRD,UGRD,Heather,Charles,,BIOL,4311,1,86,24,13,0,0,0,0,0,1,0,0,124
2025 - 2026,2026 Spring,UGRD,UGRD,Heather,Charles,,BIOL,4312,1,104,21,0,2,1,0,0,0,2,0,0,130
2025 - 2026,2026 Spring,UGRD,UGRD,Whitney,Tholen,Qing Tang,BIOL,4317,1,11,19,2,0,0,0,0,0,0,0,0,32
2025 - 2026,2026 Spring,UGRD,UGRD,Scott,Coleman,,BIOL,4327,1,16,5,1,0,0,0,0,0,2,0,0,24
2025 - 2026,2026 Spring,UGRD,UGRD,Gregory,Hale,,BIOL,4343,1,3,2,2,0,0,0,0,1,0,0,0,8
2025 - 2026,2026 Spring,UGRD,UGRD,Angela,Liegey-Dougall,,BIOL,4357,1,19,7,1,0,2,0,0,1,0,0,0,30
2025 - 2026,2026 Spring,UGRD,UGRD,Xavier,Aranda,,BIOL,4379,43,11,0,0,0,0,0,0,0,0,0,0,11
2025 - 2026,2026 Spring,UGRD,UGRD,Heather,Arterburn,,BIOL,4388,1,10,0,0,0,0,0,0,0,0,0,0,10
2025 - 2026,2026 Spring,UGRD,UGRD,Tracy,Munk-Martin,,BIOL,4388,16,13,0,0,0,0,0,0,0,0,0,0,13
2025 - 2026,2026 Spring,UGRD,UGRD,Xavier,Aranda,,BIOL,4388,43,19,0,0,0,0,0,0,0,0,0,0,19
2025 - 2026,2026 Spring,UGRD,UGRD,Walter,Schargel,,BIOL,4388,45,6,0,0,0,0,0,0,0,0,0,0,6
2025 - 2026,2026 Spring,UGRD,UGRD,Timothy,Henry,,BIOL,4388,63,18,0,0,0,0,0,0,0,0,0,0,18
2025 - 2026,2026 Spring,UGRD,UGRD,Whitney,Tholen,,BIOL,4390,1,13,0,0,0,0,0,0,0,0,0,0,13
2025 - 2026,2026 Spring,UGRD,UGRD,Whitney,Tholen,,BIOL,4392,1,8,0,0,0,0,0,0,0,0,0,0,8
2025 - 2026,2026 Spring,UGRD,UGRD,Scott,Smith,,BLAW,3310,1,4,9,24,2,4,0,0,2,8,0,0,53
2025 - 2026,2026 Spring,UGRD,UGRD,Scott,Smith,,BLAW,3310,2,9,29,44,8,12,0,0,0,7,0,0,109
2025 - 2026,2026 Spring,UGRD,UGRD,Maria,Sanford,,BLAW,3310,3,31,41,33,6,2,1,0,0,4,0,0,118
2025 - 2026,2026 Spring,UGRD,UGRD,Maria,Sanford,,BLAW,3310,4,18,39,27,19,8,0,0,2,4,0,0,117
2025 - 2026,2026 Spring,UGRD,UGRD,Lee,Schwemer,,BLAW,3310,5,15,21,15,1,0,0,0,0,2,0,0,54
2025 - 2026,2026 Spring,UGRD,UGRD,Scott,Smith,,BLAW,3310,6,14,34,43,7,9,0,0,1,11,0,0,119
2025 - 2026,2026 Spring,UGRD,UGRD,Scott,Smith,,BLAW,3310,7,1,3,8,1,4,0,0,0,0,0,0,17
2025 - 2026,2026 Spring,UGRD,UGRD,Lee,Schwemer,,BLAW,3310,8,36,51,21,3,3,0,0,1,4,0,0,119
2025 - 2026,2026 Spring,UGRD,UGRD,Lee,Schwemer,,BLAW,3311,1,5,5,5,0,3,0,0,0,5,0,0,23
2025 - 2026,2026 Spring,UGRD,UGRD,Lee,Schwemer,,BLAW,3311,2,4,10,12,4,1,0,0,0,3,0,0,34
2025 - 2026,2026 Spring,UGRD,UGRD,Maria,Sanford,,BLAW,3312,1,2,10,0,1,1,0,0,0,1,0,0,15
2025 - 2026,2026 Spring,UGRD,UGRD,Lee,Schwemer,,BLAW,3314,1,5,11,5,0,1,0,0,0,0,0,0,22
2025 - 2026,2026 Spring,UGRD,UGRD,Maria,Sanford,,BLAW,4310,1,6,19,6,2,2,0,0,0,1,0,0,36
2025 - 2026,2026 Spring,UGRD,UGRD,Scott,Smith,,BLAW,4332,1,8,9,7,0,0,0,0,0,0,0,0,24
2025 - 2026,2026 Spring,UGRD,GRAD,Scott,Smith,,BLAW,5332,1,12,1,1,0,0,0,0,0,0,0,0,14
2025 - 2026,2026 Spring,UGRD,UGRD,Siddhi Ramanand,Nair,,BSTAT,2305,1,22,25,15,1,6,0,0,0,2,0,0,71
2025 - 2026,2026 Spring,UGRD,UGRD,Siddhi Ramanand,Nair,,BSTAT,2305,2,13,20,8,3,3,0,0,0,2,0,0,49
2025 - 2026,2026 Spring,UGRD,UGRD,Tianzi,Zheng,,BSTAT,2305,3,39,17,6,2,5,0,0,1,0,0,0,70
2025 - 2026,2026 Spring,UGRD,UGRD,Tianzi,Zheng,,BSTAT,2305,4,26,26,3,1,1,0,0,0,0,0,0,57
2025 - 2026,2026 Spring,UGRD,UGRD,Md,Helal,,BSTAT,2305,5,11,14,22,7,6,0,0,3,9,0,0,72
2025 - 2026,2026 Spring,UGRD,UGRD,Md,Helal,,BSTAT,2305,7,10,13,23,9,7,0,0,1,7,0,0,70
2025 - 2026,2026 Spring,UGRD,UGRD,Samaneh,Samiee,,BSTAT,2305,8,24,24,15,3,4,0,0,0,2,0,0,72
2025 - 2026,2026 Spring,UGRD,UGRD,Sagar Mahesh,Badve,,BSTAT,2305,9,9,21,8,4,2,0,0,0,0,0,0,44
2025 - 2026,2026 Spring,UGRD,UGRD,Samaneh,Samiee,,BSTAT,2305,10,23,20,15,6,3,0,0,0,3,0,0,70
2025 - 2026,2026 Spring,UGRD,UGRD,Yi,Liu,,BSTAT,3321,1,4,13,4,0,2,0,0,0,0,0,0,23
2025 - 2026,2026 Spring,UGRD,UGRD,Yi,Liu,,BSTAT,3321,2,18,29,21,2,0,0,0,0,2,0,0,72
2025 - 2026,2026 Spring,UGRD,UGRD,Md,Helal,,BSTAT,3321,3,14,23,19,6,6,0,0,0,4,0,0,72
2025 - 2026,2026 Spring,UGRD,UGRD,Yi,Liu,,BSTAT,3321,4,14,36,14,2,2,0,0,0,4,0,0,72
2025 - 2026,2026 Spring,UGRD,UGRD,Yi,Liu,,BSTAT,3321,5,13,25,25,2,3,0,0,1,3,0,0,72
2025 - 2026,2026 Spring,UGRD,UGRD,Neshat,Beheshti,,BSTAT,3321,6,12,10,10,8,3,0,0,1,3,0,0,47
2025 - 2026,2026 Spring,UGRD,UGRD,Kay Yut,Chen,,BSTAT,3321,7,15,26,24,2,1,0,0,1,3,0,0,72
2025 - 2026,2026 Spring,UGRD,UGRD,Neshat,Beheshti,,BSTAT,3321,8,0,2,2,2,1,0,0,0,1,0,0,8
2025 - 2026,2026 Spring,UGRD,UGRD,Md,Helal,,BSTAT,3321,9,14,15,24,4,6,0,0,1,8,0,0,72
2025 - 2026,2026 Spring,UGRD,UGRD,Neshat,Beheshti,,BSTAT,3321,10,8,21,18,13,4,0,0,0,6,0,0,70
2025 - 2026,2026 Spring,UGRD,UGRD,Kay Yut,Chen,,BSTAT,3321,11,15,26,14,3,3,0,0,4,6,0,0,71
2025 - 2026,2026 Spring,UGRD,UGRD,Anil,Singh,,BSTAT,3321,12,10,23,18,5,2,0,0,1,9,0,0,68
2025 - 2026,2026 Spring,UGRD,GRAD,Jayarajan,Samuel,,BSTAT,5325,3,9,10,3,1,0,0,0,0,3,0,0,26
2025 - 2026,2026 Spring,UGRD,UGRD,Zhe,Yin,,CE,1105,1,26,6,7,3,6,0,0,1,0,0,0,49
2025 - 2026,2026 Spring,UGRD,UGRD,Zhe,Yin,,CE,1105,2,20,7,4,5,7,0,0,0,0,0,0,43
2025 - 2026,2026 Spring,UGRD,UGRD,Insung,Kang,,CE,1252,1,26,3,0,0,0,0,0,1,0,0,0,30
2025 - 2026,2026 Spring,UGRD,UGRD,Insung,Kang,,CE,1252,2,26,2,0,0,1,0,0,0,1,0,0,30
2025 - 2026,2026 Spring,UGRD,UGRD,Shima,Zare,,CE,1252,3,10,12,1,0,3,1,0,0,2,0,0,29
2025 - 2026,2026 Spring,UGRD,UGRD,Shima,Zare,,CE,1252,4,12,4,0,0,4,1,0,0,4,0,0,25
2025 - 2026,2026 Spring,UGRD,UGRD,Mohammad,Jaberizadeh,,CE,2153,1,25,3,0,0,0,0,0,1,0,0,0,29
2025 - 2026,2026 Spring,UGRD,UGRD,Mohammad,Jaberizadeh,,CE,2153,2,25,3,2,0,0,0,0,0,0,0,0,30
2025 - 2026,2026 Spring,UGRD,UGRD,Mohammad,Jaberizadeh,,CE,2153,3,27,2,0,0,0,0,0,0,0,0,0,29
2025 - 2026,2026 Spring,UGRD,UGRD,Mohammad,Jaberizadeh,,CE,2153,4,22,4,0,0,1,0,0,0,2,0,0,29
2025 - 2026,2026 Spring,UGRD,UGRD,Raad,Azzawi,,CE,2221,1,10,11,17,2,2,0,0,0,1,0,0,43
2025 - 2026,2026 Spring,UGRD,UGRD,Raad,Azzawi,,CE,2221,101,3,10,1,1,2,0,0,0,0,0,0,17
2025 - 2026,2026 Spring,UGRD,UGRD,Raad,Azzawi,,CE,2311,1,15,17,27,3,5,0,0,1,2,0,0,70
2025 - 2026,2026 Spring,UGRD,UGRD,Vistasp,Karbhari,,CE,2313,1,5,15,11,10,15,0,0,0,14,0,0,70
2025 - 2026,2026 Spring,UGRD,UGRD,Nelson,Gomez-Torres,,CE,2331,1,26,26,10,1,1,0,0,2,0,0,0,66
2025 - 2026,2026 Spring,UGRD,UGRD,Hyeok,Choi,,CE,3131,1,3,4,0,0,0,0,0,0,1,0,0,8
2025 - 2026,2026 Spring,UGRD,UGRD,Hyeok,Choi,,CE,3131,2,13,3,0,0,0,0,0,0,0,0,0,16
2025 - 2026,2026 Spring,UGRD,UGRD,Hyeok,Choi,,CE,3131,3,12,2,1,0,0,0,0,0,0,0,0,15
2025 - 2026,2026 Spring,UGRD,UGRD,Aydin,Bakhtar,,CE,3142,1,25,0,0,0,0,0,0,0,0,0,0,25
2025 - 2026,2026 Spring,UGRD,UGRD,Qazi Ashique E,Mowla,,CE,3142,2,12,5,3,0,0,0,0,0,0,0,0,20
2025 - 2026,2026 Spring,UGRD,UGRD,Rosabelle Louise,Caram,,CE,3143,1,11,3,0,0,0,0,0,0,0,0,0,14
2025 - 2026,2026 Spring,UGRD,UGRD,Rosabelle Louise,Caram,,CE,3143,2,10,5,0,0,0,0,0,0,0,0,0,15
2025 - 2026,2026 Spring,UGRD,UGRD,Rosabelle Louise,Caram,,CE,3143,3,9,2,1,0,0,0,0,0,0,0,0,12
2025 - 2026,2026 Spring,UGRD,UGRD,Abeer,Almughrabi,,CE,3210,1,34,3,0,0,0,0,0,1,1,0,0,39
2025 - 2026,2026 Spring,UGRD,UGRD,Hajar,Kazemi Naeini,,CE,3253,1,10,5,1,0,0,0,0,0,0,0,0,16
2025 - 2026,2026 Spring,UGRD,UGRD,Arpita,Bhatt,,CE,3253,2,22,0,0,0,0,0,0,1,0,0,0,23
2025 - 2026,2026 Spring,UGRD,UGRD,Hajar,Kazemi Naeini,,CE,3253,2,22,0,0,0,0,0,0,1,0,0,0,23
2025 - 2026,2026 Spring,UGRD,UGRD,Adnan,Rajib,,CE,3301,1,32,3,8,1,0,0,0,0,0,0,0,44
2025 - 2026,2026 Spring,UGRD,UGRD,Adnan,Rajib,,CE,3301,101,10,2,3,0,0,0,0,2,0,0,0,17
2025 - 2026,2026 Spring,UGRD,UGRD,Nelson,Gomez-Torres,,CE,3302,1,4,3,5,0,1,0,0,0,0,0,0,13
2025 - 2026,2026 Spring,UGRD,UGRD,Nelson,Gomez-Torres,,CE,3302,101,4,3,10,3,0,0,0,0,0,0,0,20
2025 - 2026,2026 Spring,UGRD,UGRD,Srinivas,Prabakar,,CE,3305,1,21,12,4,0,2,0,0,0,0,0,0,39
2025 - 2026,2026 Spring,UGRD,UGRD,Srinivas,Prabakar,,CE,3305,101,7,2,0,0,1,0,0,0,0,0,0,10
2025 - 2026,2026 Spring,UGRD,UGRD,Zhe,Yin,,CE,3311,1,4,5,5,2,0,0,0,0,1,0,0,17
2025 - 2026,2026 Spring,UGRD,UGRD,Zhe,Yin,,CE,3311,101,6,4,6,3,2,0,0,0,4,0,0,25
2025 - 2026,2026 Spring,UGRD,UGRD,Srinivas,Prabakar,,CE,3334,1,14,9,1,0,0,0,0,0,0,0,0,24
2025 - 2026,2026 Spring,UGRD,UGRD,Srinivas,Prabakar,,CE,3334,101,8,7,1,0,1,0,0,0,0,0,0,17
2025 - 2026,2026 Spring,UGRD,UGRD,Suyun,Ham,,CE,3341,1,13,6,5,0,2,0,0,0,0,0,0,26
2025 - 2026,2026 Spring,UGRD,UGRD,Suyun,Ham,,CE,3341,101,2,6,1,1,2,0,0,0,1,0,0,13
2025 - 2026,2026 Spring,UGRD,UGRD,Habib,Ahmari,,CE,3342,1,5,11,11,1,2,0,0,0,0,0,0,30
2025 - 2026,2026 Spring,UGRD,UGRD,Habib,Ahmari,,CE,3342,101,2,3,7,1,1,0,0,0,0,0,0,14
2025 - 2026,2026 Spring,UGRD,UGRD,Laureano,Hoyos,,CE,3343,1,11,6,3,1,0,0,0,0,0,0,0,21
2025 - 2026,2026 Spring,UGRD,UGRD,Laureano,Hoyos,,CE,3343,101,11,7,2,1,1,0,0,0,1,0,0,23
2025 - 2026,2026 Spring,UGRD,UGRD,Stefan,Romanoschi,,CE,3361,1,7,6,3,5,2,0,0,0,0,0,0,23
2025 - 2026,2026 Spring,UGRD,UGRD,Stefan,Romanoschi,,CE,3361,101,1,3,4,2,0,0,0,0,0,0,0,10
2025 - 2026,2026 Spring,UGRD,UGRD,Zhe,Yin,,CE,4304,1,16,2,1,0,1,0,0,0,0,0,0,20
2025 - 2026,2026 Spring,UGRD,UGRD,Laureano,Hoyos,,CE,4320,1,2,1,2,1,0,0,0,0,0,0,0,6
2025 - 2026,2026 Spring,UGRD,UGRD,Laureano,Hoyos,,CE,4320,101,2,1,2,0,1,0,0,0,0,0,0,6
2025 - 2026,2026 Spring,UGRD,UGRD,Md,Hossain,,CE,4321,1,5,5,7,1,0,0,0,0,0,0,0,18
2025 - 2026,2026 Spring,UGRD,UGRD,Xinbao,Yu,,CE,4321,1,5,5,7,1,0,0,0,0,0,0,0,18
2025 - 2026,2026 Spring,UGRD,UGRD,Md,Hossain,,CE,4321,101,0,5,6,0,1,0,0,0,0,0,0,12
2025 - 2026,2026 Spring,UGRD,UGRD,Xinbao,Yu,,CE,4321,101,0,5,6,0,1,0,0,0,0,0,0,12
2025 - 2026,2026 Spring,UGRD,UGRD,Shannon,Abolmaali,,CE,4326,1,13,7,1,0,0,0,0,0,0,0,0,21
2025 - 2026,2026 Spring,UGRD,UGRD,Dongfeng,Li,,CE,4328,1,13,12,5,1,2,0,0,0,0,0,0,33
2025 - 2026,2026 Spring,UGRD,UGRD,Zhe,Yin,,CE,4334,1,14,0,0,0,0,0,0,0,0,0,0,14
2025 - 2026,2026 Spring,UGRD,UGRD,Nur,Yazdani,,CE,4347,1,7,8,7,0,2,0,0,0,0,0,0,24
2025 - 2026,2026 Spring,UGRD,UGRD,Nur,Yazdani,,CE,4347,101,1,2,7,1,0,0,0,0,0,0,0,11
2025 - 2026,2026 Spring,UGRD,UGRD,Nelson,Gomez-Torres,,CE,4352,1,25,5,1,0,0,0,0,0,0,0,0,31
2025 - 2026,2026 Spring,UGRD,UGRD,Juan,Balderrama,,CE,4360,1,9,2,0,0,0,0,0,0,0,0,0,11
2025 - 2026,2026 Spring,UGRD,UGRD,Juan,Balderrama,,CE,4360,101,4,1,1,0,0,0,0,0,0,0,0,6
2025 - 2026,2026 Spring,UGRD,UGRD,Raad,Azzawi,,CE,4365,101,1,3,1,1,0,0,0,0,0,0,0,6
2025 - 2026,2026 Spring,UGRD,UGRD,Stephen,Mattingly,,CE,4383,1,14,20,4,1,0,0,0,0,0,0,0,39
2025 - 2026,2026 Spring,UGRD,UGRD,Zhibin,Lin,,CE,4383,1,14,20,4,1,0,0,0,0,0,0,0,39
2025 - 2026,2026 Spring,UGRD,UGRD,Aiswarya,Acharath Mohanakrishnan,,CE,4393,1,9,0,0,0,0,0,0,0,0,0,0,9
2025 - 2026,2026 Spring,UGRD,GRAD,Himan,Hojat Jalali,,CE,5303,1,16,10,4,1,0,0,0,0,0,0,0,31
2025 - 2026,2026 Spring,UGRD,GRAD,Juan,Balderrama,,CE,5308,1,6,4,0,0,0,0,0,0,0,0,0,10
2025 - 2026,2026 Spring,UGRD,GRAD,Laureano,Hoyos,,CE,5367,1,8,2,1,0,0,0,0,0,0,0,0,11
2025 - 2026,2026 Spring,UGRD,UGRD,Jason,Halbert,Subhrangsu Mandal,CHEM,1101,1,19,6,0,0,3,1,0,1,0,0,0,30
2025 - 2026,2026 Spring,UGRD,UGRD,William,Cleaver,,CHEM,1182,101,14,2,2,0,0,0,0,0,0,0,0,18
2025 - 2026,2026 Spring,UGRD,UGRD,William,Cleaver,,CHEM,1182,103,10,5,2,0,2,0,0,0,1,0,0,20
2025 - 2026,2026 Spring,UGRD,UGRD,William,Cleaver,,CHEM,1342,1,14,6,12,2,2,0,0,0,2,0,0,38
2025 - 2026,2026 Spring,UGRD,UGRD,Kevin,Schug,,CHEM,1346,1,23,7,1,0,1,1,0,0,4,0,0,37
2025 - 2026,2026 Spring,UGRD,UGRD,Joshua,Crowell,,CHEM,1400,1,15,29,19,5,7,0,0,0,3,0,0,78
2025 - 2026,2026 Spring,UGRD,UGRD,Jimmy,Rogers,,CHEM,1441,1,31,32,44,18,13,1,0,3,17,0,0,159
2025 - 2026,2026 Spring,UGRD,UGRD,Seiichiro,Tanizaki,,CHEM,1441,2,21,21,79,5,16,0,0,3,26,0,0,171
2025 - 2026,2026 Spring,UGRD,UGRD,Jimmy,Rogers,,CHEM,1441,3,28,19,37,7,22,0,0,3,40,0,0,156
2025 - 2026,2026 Spring,UGRD,UGRD,William,Cleaver,,CHEM,1442,1,37,37,52,18,6,1,0,1,10,0,0,162
2025 - 2026,2026 Spring,UGRD,UGRD,Lawton,Seal,,CHEM,1442,2,32,38,62,23,9,0,0,0,3,0,0,167
2025 - 2026,2026 Spring,UGRD,UGRD,Cynthia,Griffith,,CHEM,1442,3,8,15,28,8,5,0,0,1,2,0,0,67
2025 - 2026,2026 Spring,UGRD,UGRD,Seiichiro,Tanizaki,,CHEM,1451,1,41,69,85,6,0,0,0,3,36,0,0,240
2025 - 2026,2026 Spring,UGRD,UGRD,Seiichiro,Tanizaki,,CHEM,1451,500,67,60,67,6,20,0,0,7,30,0,0,257
2025 - 2026,2026 Spring,UGRD,UGRD,William,Cleaver,,CHEM,1465,1,26,39,49,10,4,0,0,5,20,0,0,153
2025 - 2026,2026 Spring,UGRD,UGRD,Cynthia,Griffith,,CHEM,1465,2,12,27,54,16,23,0,0,2,13,0,0,147
2025 - 2026,2026 Spring,UGRD,UGRD,He,Dong,Byung Ran So; Cynthia Griffith; Kwangho Nam; Lawton Seal,CHEM,2181,1,17,0,0,1,0,0,0,0,0,0,0,18
2025 - 2026,2026 Spring,UGRD,UGRD,He,Dong,Byung Ran So; Cynthia Griffith; Kwangho Nam; Lawton Seal,CHEM,2181,2,10,7,0,0,0,0,0,0,0,0,0,17
2025 - 2026,2026 Spring,UGRD,UGRD,He,Dong,Byung Ran So; Cynthia Griffith; Kwangho Nam; Lawton Seal,CHEM,2181,3,10,8,0,0,0,0,0,0,0,0,0,18
2025 - 2026,2026 Spring,UGRD,UGRD,He,Dong,Byung Ran So; Cynthia Griffith; Kwangho Nam; Lawton Seal,CHEM,2181,4,12,3,1,0,0,0,0,0,2,0,0,18
2025 - 2026,2026 Spring,UGRD,UGRD,Byung Ran,So,Cynthia Griffith; He Dong; Kwangho Nam; Lawton Seal,CHEM,2181,5,14,2,0,0,0,0,0,0,1,0,0,17
2025 - 2026,2026 Spring,UGRD,UGRD,Byung Ran,So,Cynthia Griffith; He Dong; Kwangho Nam; Lawton Seal,CHEM,2181,6,10,4,0,0,1,0,0,0,1,0,0,16
2025 - 2026,2026 Spring,UGRD,UGRD,Byung Ran,So,Cynthia Griffith; He Dong; Kwangho Nam; Lawton Seal,CHEM,2181,7,14,3,0,0,0,0,0,0,0,0,0,17
2025 - 2026,2026 Spring,UGRD,UGRD,Byung Ran,So,Cynthia Griffith; He Dong; Kwangho Nam; Lawton Seal,CHEM,2181,8,9,4,1,0,0,0,0,0,1,0,0,15
2025 - 2026,2026 Spring,UGRD,UGRD,Lawton,Seal,Byung Ran So; Cynthia Griffith; He Dong; Kwangho Nam,CHEM,2181,9,8,3,0,0,0,0,0,0,1,0,0,12
2025 - 2026,2026 Spring,UGRD,UGRD,Subhrangsu,Mandal,Cynthia Griffith; Joseph Buonomo; Joshua Taylor; Xue Xu,CHEM,2182,1,16,2,0,0,0,0,0,0,0,0,0,18
2025 - 2026,2026 Spring,UGRD,UGRD,Subhrangsu,Mandal,Cynthia Griffith; Joseph Buonomo; Joshua Taylor; Xue Xu,CHEM,2182,2,15,2,1,0,0,0,0,0,0,0,0,18
2025 - 2026,2026 Spring,UGRD,UGRD,Subhrangsu,Mandal,Cynthia Griffith; Joseph Buonomo; Joshua Taylor; Xue Xu,CHEM,2182,3,13,4,0,0,0,0,0,0,0,0,0,17
2025 - 2026,2026 Spring,UGRD,UGRD,Xue,Xu,Cynthia Griffith; Joseph Buonomo; Joshua Taylor; Subhrangsu Mandal,CHEM,2182,4,17,1,0,0,0,0,0,0,0,0,0,18
2025 - 2026,2026 Spring,UGRD,UGRD,Xue,Xu,Cynthia Griffith; Joseph Buonomo; Joshua Taylor; Subhrangsu Mandal,CHEM,2182,5,16,2,0,0,0,0,0,0,0,0,0,18
2025 - 2026,2026 Spring,UGRD,UGRD,Xue,Xu,Cynthia Griffith; Joseph Buonomo; Joshua Taylor; Subhrangsu Mandal,CHEM,2182,6,9,7,1,0,0,0,0,0,0,0,0,17
2025 - 2026,2026 Spring,UGRD,UGRD,Joseph,Buonomo,Cynthia Griffith; Joshua Taylor; Subhrangsu Mandal; Xue Xu,CHEM,2182,7,11,5,1,0,0,0,0,0,0,0,0,17
2025 - 2026,2026 Spring,UGRD,UGRD,Joseph,Buonomo,Cynthia Griffith; Joshua Taylor; Subhrangsu Mandal; Xue Xu,CHEM,2182,8,17,1,0,0,0,0,0,0,0,0,0,18
2025 - 2026,2026 Spring,UGRD,UGRD,Joseph,Buonomo,Cynthia Griffith; Joshua Taylor; Subhrangsu Mandal; Xue Xu,CHEM,2182,9,16,1,0,0,0,0,0,0,0,0,0,17
2025 - 2026,2026 Spring,UGRD,UGRD,Xue,Xu,Cynthia Griffith; Joseph Buonomo; Joshua Taylor; Subhrangsu Mandal,CHEM,2182,10,9,3,1,0,2,0,0,0,1,0,0,16
2025 - 2026,2026 Spring,UGRD,UGRD,Joseph,Buonomo,Cynthia Griffith; Joshua Taylor; Subhrangsu Mandal; Xue Xu,CHEM,2182,11,8,1,0,0,0,0,0,0,0,0,0,9
2025 - 2026,2026 Spring,UGRD,UGRD,William,Cleaver,,CHEM,2284,1,6,3,1,2,0,0,0,0,0,0,0,12
2025 - 2026,2026 Spring,UGRD,UGRD,William,Cleaver,,CHEM,2284,2,7,7,0,1,0,0,0,0,0,0,0,15
2025 - 2026,2026 Spring,UGRD,UGRD,Purnendu,Dasgupta,,CHEM,2285,1,8,4,0,0,0,0,0,0,0,0,0,12
2025 - 2026,2026 Spring,UGRD,UGRD,Xue,Xu,,CHEM,2321,1,24,9,30,11,9,0,0,0,12,0,0,95
2025 - 2026,2026 Spring,UGRD,UGRD,Jimmy,Rogers,,CHEM,2321,2,18,13,13,11,12,0,0,0,28,0,0,95
2025 - 2026,2026 Spring,UGRD,UGRD,Lawton,Seal,,CHEM,2322,1,18,17,37,5,5,0,0,0,6,0,0,88
2025 - 2026,2026 Spring,UGRD,UGRD,Xue,Xu,,CHEM,2322,2,21,18,19,9,5,0,0,0,3,0,0,75
2025 - 2026,2026 Spring,UGRD,UGRD,Lawton,Seal,,CHEM,2322,3,14,17,25,2,8,0,0,0,4,0,0,70
2025 - 2026,2026 Spring,UGRD,UGRD,Xue,Xu,,CHEM,2322,4,9,6,4,1,2,0,0,0,2,0,0,24
2025 - 2026,2026 Spring,UGRD,UGRD,Purnendu,Dasgupta,,CHEM,2335,1,5,1,7,2,2,1,0,0,1,0,0,19
2025 - 2026,2026 Spring,UGRD,UGRD,Joshua,Crowell,,CHEM,3175,1,8,2,1,0,0,0,0,0,1,0,0,12
2025 - 2026,2026 Spring,UGRD,UGRD,Joshua,Crowell,,CHEM,3175,2,3,7,0,0,2,0,0,0,0,0,0,12
2025 - 2026,2026 Spring,UGRD,UGRD,Peter,Kroll,,CHEM,3182,1,1,1,2,0,0,0,0,0,2,0,0,6
2025 - 2026,2026 Spring,UGRD,UGRD,Peter,Kroll,,CHEM,3182,2,7,2,0,0,0,0,0,0,0,0,0,9
2025 - 2026,2026 Spring,UGRD,UGRD,Peter,Kroll,,CHEM,3182,3,3,4,0,2,0,0,0,0,0,0,0,9
2025 - 2026,2026 Spring,UGRD,UGRD,Parham,Asgari,,CHEM,3307,1,6,4,1,1,0,0,0,0,0,0,0,12
2025 - 2026,2026 Spring,UGRD,UGRD,Joshua,Crowell,,CHEM,3315,1,10,10,4,0,0,0,0,1,1,0,0,26
2025 - 2026,2026 Spring,UGRD,UGRD,Frederick,Macdonnell,,CHEM,3317,1,7,7,5,4,0,1,0,0,0,0,0,24
2025 - 2026,2026 Spring,UGRD,UGRD,Peter,Kroll,,CHEM,3322,1,6,5,6,3,0,1,0,0,2,0,0,23
2025 - 2026,2026 Spring,UGRD,UGRD,Jongyun,Heo,,CHEM,4242,1,7,4,1,1,0,0,0,0,0,0,0,13
2025 - 2026,2026 Spring,UGRD,UGRD,Jongyun,Heo,,CHEM,4242,2,8,4,1,0,1,0,0,0,0,0,0,14
2025 - 2026,2026 Spring,UGRD,UGRD,Allison,Stelling,,CHEM,4311,1,142,4,0,0,0,0,0,0,5,0,0,151
2025 - 2026,2026 Spring,UGRD,UGRD,Joshua,Crowell,,CHEM,4312,1,18,11,6,1,0,0,0,1,3,0,0,40
2025 - 2026,2026 Spring,UGRD,UGRD,Jongyun,Heo,,CHEM,4314,1,7,6,11,1,3,0,0,0,0,0,0,28
2025 - 2026,2026 Spring,UGRD,UGRD,Subhrangsu,Mandal,,CHEM,4316,1,4,7,0,0,1,0,0,0,0,0,0,12
2025 - 2026,2026 Spring,UGRD,UGRD,Frederick,Macdonnell,,CHEM,4346,1,14,1,0,0,0,0,0,0,0,0,0,15
2025 - 2026,2026 Spring,UGRD,UGRD,Rasika,Dias,,CHEM,4346,1,14,1,0,0,0,0,0,0,0,0,0,15
2025 - 2026,2026 Spring,UGRD,UGRD,Lawton,Seal,,CHEM,4385,27,8,0,0,0,0,0,0,0,0,0,0,8
2025 - 2026,2026 Spring,UGRD,UGRD,Xue,Xu,,CHEM,4385,29,17,0,0,0,0,0,0,0,0,0,0,17
2025 - 2026,2026 Spring,UGRD,UGRD,Charles,Shelor,,CHEM,4461,1,11,4,1,0,0,0,0,0,0,0,0,16
2025 - 2026,2026 Spring,UGRD,GRAD,Sherri,McFarland,,CHEM,5300,1,17,6,2,0,0,0,0,0,0,0,0,25
2025 - 2026,2026 Spring,UGRD,GRAD,Byung Ran,So,,CHEM,5335,1,7,5,0,0,0,0,0,0,0,0,0,12
2025 - 2026,2026 Spring,UGRD,UGRD,Ju-Chen,Hsiao,,CHIN,1441,1,4,5,2,0,0,0,0,1,1,0,0,13
2025 - 2026,2026 Spring,UGRD,UGRD,Ju-Chen,Hsiao,,CHIN,1442,1,10,6,6,0,1,0,0,0,1,0,0,24
2025 - 2026,2026 Spring,UGRD,UGRD,Szu-Yen,Liang,,CHIN,2310,1,13,5,1,1,0,0,0,1,0,0,0,21
2025 - 2026,2026 Spring,UGRD,UGRD,Ju-Chen,Hsiao,,CHIN,2314,1,5,1,1,0,1,0,0,0,0,0,0,8
2025 - 2026,2026 Spring,UGRD,UGRD,Szu-Yen,Liang,,CHIN,3391,1,4,1,0,0,0,0,0,0,1,0,0,6
2025 - 2026,2026 Spring,UGRD,UGRD,Szu-Yen,Liang,,CHIN,4335,1,10,6,0,0,1,0,0,0,2,0,0,19
2025 - 2026,2026 Spring,UGRD,UGRD,Szu-Yen,Liang,,CHIN,4335,2,7,2,0,0,1,0,0,0,0,0,0,10
2025 - 2026,2026 Spring,UGRD,UGRD,Michael,McShane,,CLAS,1300,4,7,14,5,5,3,0,0,0,0,0,0,34
2025 - 2026,2026 Spring,UGRD,UGRD,Michael,McShane,,CLAS,1300,5,12,15,5,1,1,0,0,0,0,0,0,34
2025 - 2026,2026 Spring,UGRD,UGRD,Michael,McShane,,CLAS,1300,7,10,13,6,0,3,0,0,0,1,0,0,33
2025 - 2026,2026 Spring,UGRD,UGRD,Madhuri,Arjun,,CM,1311,1,86,15,12,1,7,0,0,1,2,0,0,124
2025 - 2026,2026 Spring,UGRD,UGRD,Nelson,Gomez-Torres,,CM,1331,1,25,36,40,9,4,0,0,2,3,0,0,119
2025 - 2026,2026 Spring,UGRD,UGRD,Vinayak,Kaushal,,CM,2311,1,72,5,3,0,2,0,0,0,0,0,0,82
2025 - 2026,2026 Spring,UGRD,UGRD,Vinayak,Kaushal,,CM,2311,101,43,0,1,0,0,2,0,2,1,0,0,49
2025 - 2026,2026 Spring,UGRD,UGRD,Ahmad Kamal,Bani Hani,,CM,2313,1,40,28,12,1,3,1,0,0,0,0,0,85
2025 - 2026,2026 Spring,UGRD,UGRD,Ahmad Kamal,Bani Hani,,CM,2313,101,18,9,3,0,0,0,0,0,0,0,0,30
2025 - 2026,2026 Spring,UGRD,UGRD,Vinayak,Kaushal,,CM,2315,1,51,22,10,3,1,1,0,0,1,0,0,89
2025 - 2026,2026 Spring,UGRD,UGRD,Madhuri,Arjun,,CM,2331,1,41,3,1,0,2,0,0,0,0,0,0,47
2025 - 2026,2026 Spring,UGRD,UGRD,Madhuri,Arjun,,CM,2331,101,41,14,4,0,0,1,0,0,0,0,0,60
2025 - 2026,2026 Spring,UGRD,UGRD,Karthikeyan,Loganathan,,CM,3313,1,64,5,1,0,3,0,0,1,0,0,0,74
2025 - 2026,2026 Spring,UGRD,UGRD,Abeer,Almughrabi,,CM,3315,1,31,10,1,0,0,0,0,0,0,0,0,42
2025 - 2026,2026 Spring,UGRD,UGRD,Abeer,Almughrabi,,CM,3315,101,17,13,2,0,0,0,0,0,1,0,0,33
2025 - 2026,2026 Spring,UGRD,UGRD,Ahmad Kamal,Bani Hani,,CM,3331,1,39,27,18,2,2,1,0,0,0,0,0,89
2025 - 2026,2026 Spring,UGRD,UGRD,Ahmad Kamal,Bani Hani,,CM,3335,1,31,33,15,4,2,0,0,0,1,0,0,86
2025 - 2026,2026 Spring,UGRD,UGRD,Abeer,Almughrabi,,CM,3337,1,11,4,2,0,0,0,0,0,0,0,0,17
2025 - 2026,2026 Spring,UGRD,UGRD,Abeer,Almughrabi,,CM,3337,101,36,6,2,0,0,0,0,0,0,0,0,44
2025 - 2026,2026 Spring,UGRD,UGRD,Ahmad Kamal,Bani Hani,,CM,3339,1,41,39,9,0,0,0,0,0,0,0,0,89
2025 - 2026,2026 Spring,UGRD,UGRD,Vinayak,Kaushal,,CM,3341,1,25,3,2,0,0,0,0,0,0,0,0,30
2025 - 2026,2026 Spring,UGRD,UGRD,Vinayak,Kaushal,,CM,3341,101,20,5,1,0,0,0,0,0,0,0,0,26
2025 - 2026,2026 Spring,UGRD,UGRD,Vinayak,Kaushal,,CM,4306,1,3,6,0,0,0,0,0,1,0,0,0,10
2025 - 2026,2026 Spring,UGRD,UGRD,Vinayak,Kaushal,,CM,4306,101,6,23,7,0,0,0,0,0,0,0,0,36
2025 - 2026,2026 Spring,UGRD,UGRD,Karthikeyan,Loganathan,,CM,4315,1,29,6,5,0,0,0,0,0,0,0,0,40
2025 - 2026,2026 Spring,UGRD,UGRD,Karthikeyan,Loganathan,,CM,4315,101,14,3,3,0,0,0,0,0,0,0,0,20
2025 - 2026,2026 Spring,UGRD,UGRD,Kyeong Rok,Ryu,,CM,4317,1,26,3,1,0,0,0,0,0,0,0,0,30
2025 - 2026,2026 Spring,UGRD,UGRD,Kyeong Rok,Ryu,,CM,4317,2,19,8,2,0,1,0,0,0,1,0,0,31
2025 - 2026,2026 Spring,UGRD,UGRD,Bijan,Shapoorian,,CM,4331,1,6,43,7,0,0,0,0,0,0,0,0,56
2025 - 2026,2026 Spring,UGRD,UGRD,Zhe,Yin,,CM,4334,1,6,0,0,0,0,0,0,0,0,0,0,6
2025 - 2026,2026 Spring,UGRD,UGRD,Zaid,Alfayez,,CM,4337,1,13,2,0,0,0,0,0,1,0,0,0,16
2025 - 2026,2026 Spring,UGRD,UGRD,Zaid,Alfayez,,CM,4337,101,30,10,0,0,0,0,0,0,0,0,0,40
2025 - 2026,2026 Spring,UGRD,UGRD,Madhuri,Arjun,,CM,4351,1,44,11,0,0,0,1,0,1,0,0,0,57
2025 - 2026,2026 Spring,UGRD,UGRD,Zaid,Alfayez,,CM,4353,1,17,1,1,0,0,0,0,0,0,0,0,19
2025 - 2026,2026 Spring,UGRD,UGRD,Zaid,Alfayez,,CM,4353,101,25,1,1,0,0,0,0,0,0,0,0,27
2025 - 2026,2026 Spring,UGRD,UGRD,Madhuri,Arjun,,CM,4357,1,6,1,0,0,0,0,0,0,0,0,0,7
2025 - 2026,2026 Spring,UGRD,UGRD,Madhuri,Arjun,,CM,4357,101,17,6,0,0,0,0,0,0,0,0,0,23
2025 - 2026,2026 Spring,UGRD,UGRD,Bijan,Shapoorian,,CM,4359,1,19,9,0,0,0,1,0,0,0,0,0,29
2025 - 2026,2026 Spring,UGRD,UGRD,Bijan,Shapoorian,,CM,4360,1,26,11,0,0,0,0,0,0,0,0,0,37
2025 - 2026,2026 Spring,UGRD,UGRD,Marti,Harvey,,COMM,2311,1,10,4,5,1,0,0,0,1,0,0,0,21
2025 - 2026,2026 Spring,UGRD,UGRD,Marti,Harvey,,COMM,2311,2,8,9,2,0,2,0,0,0,0,0,0,21
2025 - 2026,2026 Spring,UGRD,UGRD,Brad,Loper,,COMM,2311,3,3,7,5,0,2,0,0,0,3,0,0,20
2025 - 2026,2026 Spring,UGRD,UGRD,Geoffrey,Campbell,,COMM,2311,4,12,5,3,0,0,0,0,0,0,0,0,20
2025 - 2026,2026 Spring,UGRD,UGRD,Marti,Harvey,,COMM,2311,6,6,4,6,1,2,0,0,1,0,0,0,20
2025 - 2026,2026 Spring,UGRD,UGRD,Marti,Harvey,,COMM,2313,1,36,17,3,1,1,0,0,0,1,0,0,59
2025 - 2026,2026 Spring,UGRD,UGRD,Chunke,Su,,COMM,3300,1,52,39,9,1,1,0,0,0,2,0,0,104
2025 - 2026,2026 Spring,UGRD,UGRD,George,Weems,,COMM,3303,1,12,6,0,2,0,0,0,0,0,0,0,20
2025 - 2026,2026 Spring,UGRD,UGRD,George,Weems,,COMM,3303,2,12,5,2,0,0,0,0,0,0,0,0,19
2025 - 2026,2026 Spring,UGRD,UGRD,George,Weems,,COMM,3303,3,7,6,3,2,0,0,0,0,2,0,0,20
2025 - 2026,2026 Spring,UGRD,UGRD,Roby,McEuen,,COMM,3303,4,7,9,0,0,1,0,0,0,0,0,0,17
2025 - 2026,2026 Spring,UGRD,UGRD,George,Weems,,COMM,3303,5,16,4,0,0,0,0,0,0,0,0,0,20
2025 - 2026,2026 Spring,UGRD,UGRD,Andrew,Clark,,COMM,3310,2,82,27,5,1,1,0,0,0,0,0,0,116
2025 - 2026,2026 Spring,UGRD,UGRD,Alaina,Spiers,,COMM,3315,1,14,25,7,1,3,0,0,0,1,0,0,51
2025 - 2026,2026 Spring,UGRD,UGRD,Erika,Pribanic-Smith,,COMM,3315,2,27,12,1,0,0,0,0,0,1,0,0,41
2025 - 2026,2026 Spring,UGRD,UGRD,Dustin,Harp,,COMM,4305,1,13,9,3,1,0,0,0,0,0,0,0,26
2025 - 2026,2026 Spring,UGRD,UGRD,Jennifer,Lanter,,COMM,4391,32,7,0,0,0,0,0,0,0,0,0,0,7
2025 - 2026,2026 Spring,UGRD,UGRD,Damla,Ricks,,COMS,1301,1,7,4,3,0,1,0,0,2,1,0,0,18
2025 - 2026,2026 Spring,UGRD,UGRD,Taniedra,Wooten Young,,COMS,1301,2,11,5,2,0,1,0,0,0,2,0,0,21
2025 - 2026,2026 Spring,UGRD,UGRD,Taniedra,Wooten Young,,COMS,1301,4,16,6,2,0,1,0,0,0,2,0,0,27
2025 - 2026,2026 Spring,UGRD,UGRD,Taniedra,Wooten Young,,COMS,1301,5,6,6,2,0,2,0,0,0,4,0,0,20
2025 - 2026,2026 Spring,UGRD,UGRD,Taniedra,Wooten Young,,COMS,1301,10,7,9,0,1,2,0,0,0,2,0,0,21
2025 - 2026,2026 Spring,UGRD,UGRD,Carie,Kapellusch,,COMS,1301,11,10,9,4,0,2,0,0,1,2,0,0,28
2025 - 2026,2026 Spring,UGRD,UGRD,April,Blount,,COMS,1301,12,7,9,4,1,0,0,0,2,3,0,0,26
2025 - 2026,2026 Spring,UGRD,UGRD,Donna,Pirkle,,COMS,1301,13,25,3,0,0,0,0,0,0,0,0,0,28
2025 - 2026,2026 Spring,UGRD,UGRD,Molly,Cummins,,COMS,1301,14,17,3,2,0,0,0,0,0,3,0,0,25
2025 - 2026,2026 Spring,UGRD,UGRD,Carie,Kapellusch,,COMS,1301,15,17,6,1,1,1,0,0,0,0,0,0,26
2025 - 2026,2026 Spring,UGRD,UGRD,Carie,Kapellusch,,COMS,1301,16,8,12,4,0,2,0,0,0,0,0,0,26
2025 - 2026,2026 Spring,UGRD,UGRD,Donna,Pirkle,,COMS,1301,17,19,5,1,0,1,0,0,0,1,0,0,27
2025 - 2026,2026 Spring,UGRD,UGRD,Melanie,Mason,,COMS,1302,1,9,6,3,1,1,0,0,0,0,0,0,20
2025 - 2026,2026 Spring,UGRD,UGRD,Melanie,Mason,,COMS,1302,2,7,7,1,1,3,0,0,0,1,0,0,20
2025 - 2026,2026 Spring,UGRD,UGRD,Jill,James,,COMS,2302,1,22,5,1,0,0,0,0,0,0,0,0,28
2025 - 2026,2026 Spring,UGRD,UGRD,Richard,White,,COMS,2302,2,3,10,10,0,2,0,0,1,1,0,0,27
2025 - 2026,2026 Spring,UGRD,UGRD,Jill,James,,COMS,2302,3,17,4,3,0,2,0,0,2,0,0,0,28
2025 - 2026,2026 Spring,UGRD,UGRD,April,Blount,,COMS,2302,4,18,5,0,0,2,0,0,2,1,0,0,28
2025 - 2026,2026 Spring,UGRD,UGRD,Richard,White,,COMS,2302,5,0,7,15,0,3,0,0,0,3,0,0,28
2025 - 2026,2026 Spring,UGRD,UGRD,April,Blount,,COMS,2302,6,19,7,1,0,0,0,0,0,1,0,0,28
2025 - 2026,2026 Spring,UGRD,UGRD,Damla,Ricks,,COMS,2302,7,24,4,0,0,0,0,0,0,0,0,0,28
2025 - 2026,2026 Spring,UGRD,UGRD,Richard,White,,COMS,2302,8,0,12,10,3,0,0,0,1,1,0,0,27
2025 - 2026,2026 Spring,UGRD,UGRD,Gregory,McCown,,COMS,2302,9,24,1,1,0,2,0,0,0,0,0,0,28
2025 - 2026,2026 Spring,UGRD,UGRD,Richard,White,,COMS,2302,10,3,16,1,3,2,0,0,1,1,0,0,27
2025 - 2026,2026 Spring,UGRD,UGRD,Damla,Ricks,,COMS,2302,11,20,8,0,0,0,0,0,0,0,0,0,28
2025 - 2026,2026 Spring,UGRD,UGRD,Melinda,Long,,COMS,2302,12,19,5,2,0,1,0,0,0,1,0,0,28
2025 - 2026,2026 Spring,UGRD,UGRD,Robert,Ortiz,,COMS,2302,13,21,1,1,0,1,0,0,1,1,0,0,26
2025 - 2026,2026 Spring,UGRD,UGRD,Varaidzo,Nyamandi,,COMS,2302,14,27,0,0,0,0,0,0,0,1,0,0,28
2025 - 2026,2026 Spring,UGRD,UGRD,Abigail,Dase,,COMS,2302,15,26,1,0,0,0,0,0,0,1,0,0,28
2025 - 2026,2026 Spring,UGRD,UGRD,Abigail,Dase,,COMS,2302,16,25,1,0,0,1,0,0,0,0,0,0,27
2025 - 2026,2026 Spring,UGRD,UGRD,Abigail,Dase,,COMS,2302,17,28,0,0,0,0,0,0,0,0,0,0,28
2025 - 2026,2026 Spring,UGRD,UGRD,Abigail,Dase,,COMS,2302,18,25,1,0,0,1,0,0,0,0,0,0,27
2025 - 2026,2026 Spring,UGRD,UGRD,Melinda,Long,,COMS,2302,19,11,14,2,0,0,0,0,0,1,0,0,28
2025 - 2026,2026 Spring,UGRD,UGRD,Robert,Ortiz,,COMS,2302,20,26,2,0,0,0,0,0,0,0,0,0,28
2025 - 2026,2026 Spring,UGRD,UGRD,Varaidzo,Nyamandi,,COMS,2302,21,21,3,0,0,1,0,0,1,0,0,0,26
2025 - 2026,2026 Spring,UGRD,UGRD,Jill,James,,COMS,2302,22,23,3,1,0,1,0,0,0,0,0,0,28
2025 - 2026,2026 Spring,UGRD,UGRD,Varaidzo,Nyamandi,,COMS,2302,23,27,0,0,0,0,0,0,0,1,0,0,28
2025 - 2026,2026 Spring,UGRD,UGRD,Alaina,Spiers,,COMS,2302,24,15,10,1,0,1,0,0,0,1,0,0,28
2025 - 2026,2026 Spring,UGRD,UGRD,Gregory,McCown,,COMS,2302,25,19,0,2,0,1,0,0,2,0,0,0,24
2025 - 2026,2026 Spring,UGRD,UGRD,Gregory,McCown,,COMS,2302,26,21,4,0,0,0,0,0,0,1,0,0,26
2025 - 2026,2026 Spring,UGRD,UGRD,Gregory,McCown,,COMS,2302,27,24,2,0,0,0,0,0,1,0,0,0,27
2025 - 2026,2026 Spring,UGRD,UGRD,Varaidzo,Nyamandi,,COMS,2302,28,23,3,0,0,0,0,0,0,0,0,0,26
2025 - 2026,2026 Spring,UGRD,UGRD,James,Ruedlinger,,COMS,2302,29,21,2,2,0,0,0,0,2,1,0,0,28
2025 - 2026,2026 Spring,UGRD,UGRD,April,Blount,,COMS,2304,1,11,2,2,0,0,0,0,0,1,0,0,16
2025 - 2026,2026 Spring,UGRD,UGRD,Carie,Kapellusch,,COMS,2305,2,15,9,0,1,2,0,0,0,1,0,0,28
2025 - 2026,2026 Spring,UGRD,UGRD,Jill,James,,COMS,2305,3,12,9,4,1,0,0,0,1,1,0,0,28
2025 - 2026,2026 Spring,UGRD,UGRD,Mengqi,Zhan,,COMS,3309,1,8,5,0,0,0,0,0,0,0,0,0,13
2025 - 2026,2026 Spring,UGRD,UGRD,Karishma,Chatterjee,,COMS,3310,1,10,15,3,0,0,0,0,0,0,0,0,28
2025 - 2026,2026 Spring,UGRD,UGRD,Karishma,Chatterjee,,COMS,3316,1,5,18,2,1,0,0,0,0,2,0,0,28
2025 - 2026,2026 Spring,UGRD,UGRD,Damla,Ricks,,COMS,3320,1,5,7,0,0,0,0,0,0,1,0,0,13
2025 - 2026,2026 Spring,UGRD,UGRD,Karishma,Chatterjee,,COMS,4300,1,9,10,8,1,2,0,0,0,0,0,0,30
2025 - 2026,2026 Spring,UGRD,UGRD,Molly,Cummins,,COMS,4315,1,10,6,3,0,0,0,0,0,0,0,0,19
2025 - 2026,2026 Spring,UGRD,UGRD,Charla,Markham Shaw,,COMS,4315,2,3,7,4,0,1,0,0,0,3,0,0,18
2025 - 2026,2026 Spring,UGRD,UGRD,Mengqi,Zhan,,COMS,4391,7,5,1,0,0,0,0,0,0,0,0,0,6
2025 - 2026,2026 Spring,UGRD,UGRD,Anahi,Oceguera,,CRCJ,2334,1,42,11,4,1,2,0,0,0,0,0,0,60
2025 - 2026,2026 Spring,UGRD,UGRD,Zerita,Hall,,CRCJ,2334,2,59,11,3,0,4,0,0,0,2,0,0,79
2025 - 2026,2026 Spring,UGRD,UGRD,Zerita,Hall,,CRCJ,2335,1,41,19,8,5,3,0,0,2,1,0,0,79
2025 - 2026,2026 Spring,UGRD,UGRD,Christi,Gullion,,CRCJ,2335,3,9,13,7,3,3,0,0,0,1,0,0,36
2025 - 2026,2026 Spring,UGRD,UGRD,Jay,Tillerson,,CRCJ,2340,1,27,18,20,0,9,0,0,1,6,0,0,81
2025 - 2026,2026 Spring,UGRD,UGRD,Jay,Tillerson,,CRCJ,2350,1,26,31,10,4,5,0,0,0,7,0,0,83
2025 - 2026,2026 Spring,UGRD,UGRD,Christi,Gullion,,CRCJ,3300,1,16,26,10,5,0,0,0,1,1,0,0,59
2025 - 2026,2026 Spring,UGRD,UGRD,Deja,Bledsoe,,CRCJ,3300,2,35,15,4,1,3,0,0,1,0,0,0,59
2025 - 2026,2026 Spring,UGRD,UGRD,Fangzhou,Wang,,CRCJ,3320,1,74,4,2,0,1,0,0,1,0,0,0,82
2025 - 2026,2026 Spring,UGRD,UGRD,Zerita,Hall,,CRCJ,3338,1,44,12,12,5,3,0,0,1,0,0,0,77
2025 - 2026,2026 Spring,UGRD,UGRD,Jennifer,LaPrade,,CRCJ,3340,1,23,6,3,2,1,0,0,1,1,0,0,37
2025 - 2026,2026 Spring,UGRD,UGRD,Roger,Metcalf,,CRCJ,3340,2,65,9,2,0,0,0,0,0,0,0,0,76
2025 - 2026,2026 Spring,UGRD,UGRD,James,Kelsay,,CRCJ,3350,1,8,21,6,1,3,0,0,1,0,0,0,40
2025 - 2026,2026 Spring,UGRD,UGRD,James,Kelsay,,CRCJ,3350,2,6,17,15,3,0,0,0,0,0,0,0,41
2025 - 2026,2026 Spring,UGRD,UGRD,Xavier,Aranda,,CRCJ,3370,1,64,8,4,0,2,0,0,4,1,0,0,83
2025 - 2026,2026 Spring,UGRD,UGRD,Roger,Metcalf,,CRCJ,3370,2,71,4,0,1,0,0,0,0,3,0,0,79
2025 - 2026,2026 Spring,UGRD,UGRD,Roger,Metcalf,,CRCJ,3371,2,63,11,3,1,1,0,0,0,0,0,0,79
2025 - 2026,2026 Spring,UGRD,UGRD,Zerita,Hall,,CRCJ,3380,3,39,24,2,1,2,0,0,0,0,0,0,68
2025 - 2026,2026 Spring,UGRD,UGRD,Karen,Martin,,CRCJ,3385,5,53,13,2,0,0,0,0,1,1,0,0,70
2025 - 2026,2026 Spring,UGRD,UGRD,Karen,Martin,,CRCJ,3390,1,73,5,0,0,0,0,0,0,1,0,0,79
2025 - 2026,2026 Spring,UGRD,UGRD,Emily,Kirby,,CRCJ,4301,3,29,18,6,2,5,0,0,0,1,0,0,61
2025 - 2026,2026 Spring,UGRD,UGRD,Jennifer,LaPrade,,CRCJ,4303,1,14,3,1,0,0,0,0,1,0,0,0,19
2025 - 2026,2026 Spring,UGRD,UGRD,Derick,Miller,,CRCJ,4313,1,33,29,14,2,2,0,0,0,0,0,0,80
2025 - 2026,2026 Spring,UGRD,UGRD,Edward,Sas,,CRCJ,4332,1,36,7,2,1,0,0,0,1,0,0,0,47
2025 - 2026,2026 Spring,UGRD,UGRD,Patricia,Eddings,,CRCJ,4340,1,19,31,17,5,3,0,0,0,4,0,0,79
2025 - 2026,2026 Spring,UGRD,UGRD,Patricia,Eddings,,CRCJ,4341,1,4,4,3,1,0,0,0,0,0,0,0,12
2025 - 2026,2026 Spring,UGRD,UGRD,Patricia,Eddings,,CRCJ,4342,1,11,0,6,1,0,0,0,0,1,0,0,19
2025 - 2026,2026 Spring,UGRD,UGRD,Estevan,Gomez,,CRCJ,4352,1,46,8,12,5,3,0,0,1,6,0,0,81
2025 - 2026,2026 Spring,UGRD,UGRD,Brook,Rollins,,CRCJ,4380,1,34,31,16,3,0,0,0,0,0,0,0,84
2025 - 2026,2026 Spring,UGRD,UGRD,Kelly,Belcher,,CRCJ,4387,3,24,9,2,1,4,0,0,1,10,0,0,51
2025 - 2026,2026 Spring,UGRD,UGRD,Patricia,Eddings,,CRCJ,4387,7,14,0,0,1,0,0,0,0,0,0,0,15
2025 - 2026,2026 Spring,UGRD,UGRD,James,Kelsay,,CRCJ,4387,10,13,43,19,4,3,0,0,0,3,0,0,85
2025 - 2026,2026 Spring,UGRD,UGRD,Fangzhou,Wang,,CRCJ,4387,12,16,2,0,0,3,0,0,0,0,0,0,21
2025 - 2026,2026 Spring,UGRD,UGRD,Beth,Shelton,,CRCJ,4390,1,12,0,0,0,0,0,0,0,1,0,0,13
2025 - 2026,2026 Spring,UGRD,UGRD,Shawn,Gieser,,CSE,1106,1,22,2,1,1,1,0,0,0,1,0,0,28
2025 - 2026,2026 Spring,UGRD,UGRD,Shawn,Gieser,,CSE,1106,2,22,3,1,1,1,0,0,1,0,0,0,29
2025 - 2026,2026 Spring,UGRD,UGRD,Shawn,Gieser,,CSE,1106,3,16,5,0,0,1,0,0,1,2,0,0,25
2025 - 2026,2026 Spring,UGRD,UGRD,Shawn,Gieser,,CSE,1106,4,12,2,2,2,2,0,0,1,1,0,0,22
2025 - 2026,2026 Spring,UGRD,UGRD,Shawn,Gieser,,CSE,1106,7,21,2,3,0,0,0,0,0,4,0,0,30
2025 - 2026,2026 Spring,UGRD,UGRD,Shawn,Gieser,,CSE,1106,8,21,5,2,0,1,0,0,0,0,0,0,29
2025 - 2026,2026 Spring,UGRD,UGRD,Shawn,Gieser,,CSE,1106,9,9,8,1,2,0,0,0,1,1,0,0,22
2025 - 2026,2026 Spring,UGRD,UGRD,Shawn,Gieser,,CSE,1106,10,20,4,1,2,0,0,0,0,1,0,0,28
2025 - 2026,2026 Spring,UGRD,UGRD,Shawn,Gieser,,CSE,1106,11,6,0,0,0,1,0,0,0,1,0,0,8
2025 - 2026,2026 Spring,UGRD,UGRD,Shawn,Gieser,,CSE,1106,12,8,3,2,1,0,0,0,0,1,0,0,15
2025 - 2026,2026 Spring,UGRD,UGRD,Shawn,Gieser,,CSE,1106,13,22,4,0,0,1,0,0,0,2,0,0,29
2025 - 2026,2026 Spring,UGRD,UGRD,Shawn,Gieser,,CSE,1106,14,19,4,2,2,1,0,0,1,1,0,0,30
2025 - 2026,2026 Spring,UGRD,UGRD,Shawn,Gieser,,CSE,1106,15,12,2,0,1,0,0,0,0,0,0,0,15
2025 - 2026,2026 Spring,UGRD,UGRD,Shawn,Gieser,,CSE,1106,16,9,0,1,0,2,0,0,1,0,0,0,13
2025 - 2026,2026 Spring,UGRD,UGRD,Shawn,Gieser,,CSE,1106,17,6,2,0,0,1,0,0,0,0,0,0,9
2025 - 2026,2026 Spring,UGRD,UGRD,Shawn,Gieser,,CSE,1106,18,14,1,0,0,0,0,0,1,0,0,0,16
2025 - 2026,2026 Spring,UGRD,UGRD,Donna,French,,CSE,1310,2,4,2,9,2,4,0,0,3,0,0,0,24
2025 - 2026,2026 Spring,UGRD,UGRD,Donna,French,,CSE,1310,3,11,16,6,2,8,0,0,1,2,0,0,46
2025 - 2026,2026 Spring,UGRD,UGRD,Stoddard,Rosenkrantz,,CSE,1310,4,6,12,4,2,3,0,0,0,1,0,0,28
2025 - 2026,2026 Spring,UGRD,UGRD,Marnim,Galib,,CSE,1310,5,15,7,10,3,2,0,0,0,4,0,0,41
2025 - 2026,2026 Spring,UGRD,UGRD,Donna,French,,CSE,1310,6,2,4,1,1,3,0,0,1,2,0,0,14
2025 - 2026,2026 Spring,UGRD,UGRD,Nadra,Guizani,,CSE,1310,7,6,5,7,0,4,0,0,1,0,0,0,23
2025 - 2026,2026 Spring,UGRD,UGRD,Cesar,Torres,,CSE,1320,1,23,16,7,3,6,0,0,2,6,0,0,63
2025 - 2026,2026 Spring,UGRD,UGRD,Alexandra,Stefan,,CSE,1320,3,11,11,11,2,6,0,0,5,12,0,0,58
2025 - 2026,2026 Spring,UGRD,UGRD,Marika,Apostolova,,CSE,1320,4,8,14,11,3,2,0,0,0,4,0,0,42
2025 - 2026,2026 Spring,UGRD,UGRD,Marika,Apostolova,,CSE,1320,6,9,7,23,3,6,0,0,0,3,0,0,51
2025 - 2026,2026 Spring,UGRD,UGRD,Donna,French,,CSE,1320,7,23,17,13,2,5,0,0,2,1,0,0,63
2025 - 2026,2026 Spring,UGRD,UGRD,Debashri,Roy,,CSE,1320,8,44,12,1,0,0,0,0,0,2,0,0,59
2025 - 2026,2026 Spring,UGRD,UGRD,Marika,Apostolova,,CSE,1320,304,14,0,0,0,0,0,0,0,0,0,0,14
2025 - 2026,2026 Spring,UGRD,UGRD,Marika,Apostolova,,CSE,1325,3,14,16,7,1,2,0,0,0,1,0,0,41
2025 - 2026,2026 Spring,UGRD,UGRD,Marika,Apostolova,,CSE,1325,4,15,5,13,2,0,0,0,0,0,0,0,35
2025 - 2026,2026 Spring,UGRD,UGRD,Jiandong,Wang,,CSE,1325,5,24,11,3,0,1,0,0,0,1,0,0,40
2025 - 2026,2026 Spring,UGRD,UGRD,Jiandong,Wang,,CSE,1325,6,8,6,2,0,1,0,0,0,0,0,0,17
2025 - 2026,2026 Spring,UGRD,UGRD,Jimmie,Davis,,CSE,1326,1,9,3,0,0,1,0,0,0,0,0,0,13
2025 - 2026,2026 Spring,UGRD,UGRD,Dianqi,Han,,CSE,2312,1,7,7,2,0,0,0,0,0,0,0,0,16
2025 - 2026,2026 Spring,UGRD,UGRD,Xiaojun,Shang,,CSE,2312,2,38,10,2,1,0,0,0,0,0,0,0,51
2025 - 2026,2026 Spring,UGRD,UGRD,Dianqi,Han,,CSE,2312,3,26,18,8,0,0,0,0,0,0,0,0,52
2025 - 2026,2026 Spring,UGRD,UGRD,Mohammad,Islam,,CSE,2312,4,2,16,9,2,4,0,0,1,3,0,0,37
2025 - 2026,2026 Spring,UGRD,UGRD,Stoddard,Rosenkrantz,,CSE,2312,5,7,3,2,4,1,1,0,0,0,0,0,18
2025 - 2026,2026 Spring,UGRD,UGRD,Muhammad Rashedul Haq,Rashed,,CSE,2312,6,21,8,5,1,2,0,0,1,1,0,0,39
2025 - 2026,2026 Spring,UGRD,UGRD,Abhishek,Santra,,CSE,2315,1,31,19,4,0,1,0,0,0,3,0,0,58
2025 - 2026,2026 Spring,UGRD,UGRD,Md Salik,Parwez,,CSE,2315,2,6,1,2,1,1,0,0,0,0,0,0,11
2025 - 2026,2026 Spring,UGRD,UGRD,Vamsikrishna,Gopikrishna,,CSE,2315,3,10,12,10,0,3,0,0,1,3,0,0,39
2025 - 2026,2026 Spring,UGRD,UGRD,Alexandra,Stefan,,CSE,2315,4,6,12,5,3,1,0,0,2,3,0,0,32
2025 - 2026,2026 Spring,UGRD,UGRD,Abhishek,Santra,,CSE,2315,6,35,18,4,0,0,0,0,0,3,0,0,60
2025 - 2026,2026 Spring,UGRD,UGRD,Peiran,Yu,,CSE,2315,8,19,10,19,1,2,0,0,0,1,0,0,52
2025 - 2026,2026 Spring,UGRD,UGRD,Md Salik,Parwez,,CSE,2440,1,39,10,5,1,0,0,0,0,0,0,0,55
2025 - 2026,2026 Spring,UGRD,UGRD,Bill,Carroll,,CSE,2441,1,21,17,7,3,2,0,0,2,6,0,0,58
2025 - 2026,2026 Spring,UGRD,UGRD,Jiandong,Wang,,CSE,3302,1,7,17,4,0,1,0,0,0,1,0,0,30
2025 - 2026,2026 Spring,UGRD,UGRD,Kenny,Zhu,,CSE,3302,2,5,4,11,5,3,0,0,1,18,0,0,47
2025 - 2026,2026 Spring,UGRD,UGRD,Jiandong,Wang,,CSE,3302,4,44,12,1,1,0,0,0,1,0,0,0,59
2025 - 2026,2026 Spring,UGRD,UGRD,Bahra,Khalili Najafabadi,,CSE,3310,1,38,25,2,0,0,0,0,0,0,0,0,65
2025 - 2026,2026 Spring,UGRD,UGRD,Bhanu,Jain,,CSE,3310,2,19,24,5,0,1,0,0,0,1,0,0,50
2025 - 2026,2026 Spring,UGRD,UGRD,Bhanu,Jain,,CSE,3310,3,41,10,0,0,0,0,0,0,0,0,0,51
2025 - 2026,2026 Spring,UGRD,UGRD,Jimmie,Davis,,CSE,3310,4,19,38,7,0,0,0,0,1,0,0,0,65
2025 - 2026,2026 Spring,UGRD,UGRD,David,Kung,,CSE,3311,1,32,25,0,0,0,0,0,0,3,0,0,60
2025 - 2026,2026 Spring,UGRD,UGRD,Christoph,Csallner,,CSE,3311,2,13,27,3,1,0,0,0,0,0,0,0,44
2025 - 2026,2026 Spring,UGRD,UGRD,Nomaan,Mufti,,CSE,3313,1,24,16,4,2,1,0,0,0,3,0,0,50
2025 - 2026,2026 Spring,UGRD,UGRD,Francklin,Rivas,,CSE,3314,2,43,12,0,0,0,0,0,0,0,0,0,55
2025 - 2026,2026 Spring,UGRD,UGRD,Nomaan,Mufti,,CSE,3314,3,17,28,5,1,1,0,0,0,0,0,0,52
2025 - 2026,2026 Spring,UGRD,UGRD,Nomaan,Mufti,,CSE,3314,4,11,20,2,1,1,0,0,1,0,0,0,36
2025 - 2026,2026 Spring,UGRD,UGRD,Francklin,Rivas,,CSE,3314,5,52,3,0,0,0,0,0,0,0,0,0,55
2025 - 2026,2026 Spring,UGRD,UGRD,Md Hasanuzzaman,Noor,,CSE,3315,1,30,11,3,1,0,0,0,1,8,0,0,54
2025 - 2026,2026 Spring,UGRD,UGRD,Linda,Barasch,Soumaya Gharsallaoui,CSE,3315,2,10,12,10,13,3,0,0,2,3,0,0,53
2025 - 2026,2026 Spring,UGRD,UGRD,Linda,Barasch,,CSE,3315,3,3,7,11,13,8,0,0,1,11,0,0,54
2025 - 2026,2026 Spring,UGRD,UGRD,Manfred,Huber,,CSE,3315,4,16,18,11,5,1,0,0,0,2,0,0,53
2025 - 2026,2026 Spring,UGRD,UGRD,Alexandra,Stefan,,CSE,3318,1,8,15,26,5,5,0,0,1,5,0,0,65
2025 - 2026,2026 Spring,UGRD,UGRD,Alexandra,Stefan,,CSE,3318,2,8,17,23,4,4,0,0,0,6,0,0,62
2025 - 2026,2026 Spring,UGRD,UGRD,Bob,Weems,,CSE,3318,3,9,8,7,5,7,0,0,2,6,0,0,44
2025 - 2026,2026 Spring,UGRD,UGRD,Bhanu,Jain,,CSE,3318,4,36,13,9,3,1,0,0,0,0,0,0,62
2025 - 2026,2026 Spring,UGRD,UGRD,Bhanu,Jain,,CSE,3318,5,11,14,6,0,1,0,0,0,0,0,0,32
2025 - 2026,2026 Spring,UGRD,UGRD,Jia,Rao,,CSE,3320,1,21,29,6,0,0,0,0,0,3,0,0,59
2025 - 2026,2026 Spring,UGRD,UGRD,Jude,Agujiobi,,CSE,3320,2,42,10,4,0,1,0,0,0,2,0,0,59
2025 - 2026,2026 Spring,UGRD,UGRD,Jiayi,Meng,,CSE,3320,3,36,12,3,2,0,0,0,2,3,0,0,58
2025 - 2026,2026 Spring,UGRD,UGRD,Song,Jiang,,CSE,3320,4,12,21,4,2,0,0,0,1,4,0,0,44
2025 - 2026,2026 Spring,UGRD,UGRD,Jude,Agujiobi,,CSE,3320,5,28,7,1,0,2,0,0,0,0,0,0,38
2025 - 2026,2026 Spring,UGRD,UGRD,Xiaojun,Shang,,CSE,3323,1,32,12,3,1,0,0,0,1,1,0,0,50
2025 - 2026,2026 Spring,UGRD,UGRD,Upendranatha,Chakravarthy,,CSE,3330,1,10,19,4,0,0,0,0,1,2,0,0,36
2025 - 2026,2026 Spring,UGRD,UGRD,Nadra,Guizani,,CSE,3330,4,42,17,0,0,0,0,0,0,0,0,0,59
2025 - 2026,2026 Spring,UGRD,UGRD,Ashraf,Aboulnaga,,CSE,3330,7,25,20,3,0,0,0,0,0,0,0,0,48
2025 - 2026,2026 Spring,UGRD,UGRD,Abhishek,Santra,,CSE,3330,8,9,21,0,0,0,0,0,0,0,0,0,30
2025 - 2026,2026 Spring,UGRD,UGRD,Cesar,Torres,,CSE,3340,1,14,24,11,4,3,0,0,0,1,0,0,57
2025 - 2026,2026 Spring,UGRD,UGRD,Bill,Carroll,,CSE,3341,1,20,10,5,2,2,0,0,0,6,0,0,45
2025 - 2026,2026 Spring,UGRD,UGRD,Alex,Dillhoff,,CSE,3380,1,17,22,5,1,0,0,0,0,4,0,0,49
2025 - 2026,2026 Spring,UGRD,UGRD,Francklin,Rivas,,CSE,3380,2,42,5,2,0,0,0,0,0,0,0,0,49
2025 - 2026,2026 Spring,UGRD,UGRD,Francklin,Rivas,,CSE,3380,3,38,8,4,0,0,0,0,0,0,0,0,50
2025 - 2026,2026 Spring,UGRD,UGRD,Negin,Fraidouni,,CSE,3380,4,21,11,3,0,4,0,0,2,2,0,0,43
2025 - 2026,2026 Spring,UGRD,UGRD,Jimmie,Davis,,CSE,3442,7,7,7,10,3,3,4,0,0,1,0,0,35
2025 - 2026,2026 Spring,UGRD,UGRD,Stoddard,Rosenkrantz,,CSE,4303,1,81,4,2,1,0,0,0,0,0,0,0,88
2025 - 2026,2026 Spring,UGRD,UGRD,Benjamin,Wagley,,CSE,4304,1,1,11,7,2,2,0,0,0,3,0,0,26
2025 - 2026,2026 Spring,UGRD,UGRD,Leonidas,Fegaras,,CSE,4305,1,29,13,8,4,2,0,0,0,4,0,0,60
2025 - 2026,2026 Spring,UGRD,UGRD,Vamsikrishna,Gopikrishna,,CSE,4308,1,48,9,2,0,0,0,0,0,1,0,0,60
2025 - 2026,2026 Spring,UGRD,UGRD,Vamsikrishna,Gopikrishna,,CSE,4308,2,26,7,0,1,0,0,0,0,1,0,0,35
2025 - 2026,2026 Spring,UGRD,UGRD,Vamsikrishna,Gopikrishna,,CSE,4308,3,41,4,0,0,0,0,0,0,2,0,0,47
2025 - 2026,2026 Spring,UGRD,UGRD,Meng,Ye,,CSE,4308,4,42,7,0,0,2,0,0,0,0,0,0,51
2025 - 2026,2026 Spring,UGRD,UGRD,Nadra,Guizani,,CSE,4309,1,50,3,0,0,0,0,0,0,1,0,0,54
2025 - 2026,2026 Spring,UGRD,UGRD,Alex,Dillhoff,,CSE,4309,2,52,3,0,0,1,0,0,0,0,0,0,56
2025 - 2026,2026 Spring,UGRD,UGRD,Alex,Dillhoff,,CSE,4310,1,74,4,0,0,1,0,0,0,2,0,0,81
2025 - 2026,2026 Spring,UGRD,UGRD,Marnim,Galib,,CSE,4310,2,61,12,2,2,2,0,0,0,0,0,0,79
2025 - 2026,2026 Spring,UGRD,UGRD,Soumaya,Gharsallaoui,,CSE,4311,2,25,9,2,0,2,0,0,0,4,0,0,42
2025 - 2026,2026 Spring,UGRD,UGRD,Farhad,Kamangar,,CSE,4311,3,5,8,6,8,2,0,0,0,2,0,0,31
2025 - 2026,2026 Spring,UGRD,UGRD,Shawn,Gieser,,CSE,4316,1,23,6,1,0,1,0,0,0,0,0,0,31
2025 - 2026,2026 Spring,UGRD,UGRD,Christopher,Conly,,CSE,4316,2,29,2,0,0,0,0,0,0,0,0,0,31
2025 - 2026,2026 Spring,UGRD,UGRD,Md Hasanuzzaman,Noor,,CSE,4316,3,26,5,0,0,0,0,0,0,2,0,0,33
2025 - 2026,2026 Spring,UGRD,UGRD,Chenxi,Wang,,CSE,4317,1,36,0,0,0,0,0,0,0,0,0,0,36
2025 - 2026,2026 Spring,UGRD,UGRD,Chenxi,Wang,,CSE,4317,2,31,3,0,0,0,0,0,0,0,0,0,34
2025 - 2026,2026 Spring,UGRD,UGRD,Christopher,Conly,,CSE,4317,3,32,1,3,0,0,0,0,0,0,0,0,36
2025 - 2026,2026 Spring,UGRD,UGRD,Christopher,Conly,,CSE,4317,4,30,5,1,0,0,0,0,0,0,0,0,36
2025 - 2026,2026 Spring,UGRD,UGRD,Shawn,Gieser,,CSE,4317,5,34,1,0,0,0,0,0,0,0,0,0,35
2025 - 2026,2026 Spring,UGRD,UGRD,Shawn,Gieser,,CSE,4317,6,27,4,1,0,1,0,0,0,0,0,0,33
2025 - 2026,2026 Spring,UGRD,UGRD,Shawn,Gieser,,CSE,4317,7,28,5,0,0,0,0,0,0,0,0,0,33
2025 - 2026,2026 Spring,UGRD,UGRD,Christopher,Conly,,CSE,4317,8,30,6,2,0,0,0,0,0,0,0,0,38
2025 - 2026,2026 Spring,UGRD,UGRD,Chenxi,Wang,,CSE,4317,9,35,1,0,0,0,0,0,0,0,0,0,36
2025 - 2026,2026 Spring,UGRD,UGRD,Binbin,Xie,,CSE,4321,1,27,26,6,2,0,0,0,0,1,0,0,62
2025 - 2026,2026 Spring,UGRD,UGRD,Yu,Lei,,CSE,4321,2,12,20,24,0,1,0,0,0,2,0,0,59
2025 - 2026,2026 Spring,UGRD,UGRD,Mike,Siok,,CSE,4322,1,30,29,0,0,0,0,0,0,0,0,0,59
2025 - 2026,2026 Spring,UGRD,UGRD,David,Levine,,CSE,4322,2,15,7,0,0,0,0,0,0,0,0,0,22
2025 - 2026,2026 Spring,UGRD,UGRD,Jude,Agujiobi,,CSE,4323,1,42,12,2,2,0,0,0,0,0,0,0,58
2025 - 2026,2026 Spring,UGRD,UGRD,Abhishek,Santra,,CSE,4331,1,18,18,1,0,0,0,0,0,2,0,0,39
2025 - 2026,2026 Spring,UGRD,UGRD,Rozsa,Zaruba,,CSE,4334,2,33,15,1,0,0,0,0,0,0,0,0,49
2025 - 2026,2026 Spring,UGRD,UGRD,Marnim,Galib,,CSE,4334,5,15,7,1,0,0,0,0,0,0,0,0,23
2025 - 2026,2026 Spring,UGRD,UGRD,Chengkai,Li,,CSE,4334,6,9,8,5,0,0,0,0,0,3,0,0,25
2025 - 2026,2026 Spring,UGRD,UGRD,Muhammad Ozair,Mughal,Chenxi Wang,CSE,4342,1,21,11,6,4,0,0,0,1,0,0,0,43
2025 - 2026,2026 Spring,UGRD,UGRD,Yonghe,Liu,,CSE,4344,1,40,3,0,0,0,0,0,0,1,0,0,44
2025 - 2026,2026 Spring,UGRD,UGRD,Md Salik,Parwez,,CSE,4344,3,18,16,2,1,1,0,0,0,0,0,0,38
2025 - 2026,2026 Spring,UGRD,UGRD,Yoon,Chae,,CSE,4344,5,10,18,12,1,0,0,0,0,5,0,0,46
2025 - 2026,2026 Spring,UGRD,UGRD,Muhammad Ozair,Mughal,,CSE,4344,6,31,6,1,2,3,0,0,0,1,0,0,44
2025 - 2026,2026 Spring,UGRD,UGRD,Md Salik,Parwez,,CSE,4345,1,10,5,4,0,1,0,0,1,0,0,0,21
2025 - 2026,2026 Spring,UGRD,UGRD,Ishfaq,Ahmad,,CSE,4351,1,6,6,0,1,0,0,0,0,1,0,0,14
2025 - 2026,2026 Spring,UGRD,UGRD,Jason,Losh,,CSE,4352,1,32,4,0,0,2,0,0,0,2,0,0,40
2025 - 2026,2026 Spring,UGRD,UGRD,David,Kung,,CSE,4361,1,48,10,2,1,1,0,0,0,0,0,0,62
2025 - 2026,2026 Spring,UGRD,UGRD,Jason,Losh,,CSE,4372,1,27,4,3,0,2,0,0,0,4,0,0,40
2025 - 2026,2026 Spring,UGRD,UGRD,Alex,Dillhoff,,CSE,4373,1,39,2,1,0,1,0,0,0,2,0,0,45
2025 - 2026,2026 Spring,UGRD,UGRD,Jason,Losh,,CSE,4377,1,24,2,0,0,0,0,0,1,1,0,0,28
2025 - 2026,2026 Spring,UGRD,UGRD,Brian,Huff,,CSE,4379,1,4,2,0,0,0,0,0,0,0,0,0,6
2025 - 2026,2026 Spring,UGRD,UGRD,Manfred,Huber,,CSE,4379,1,4,2,0,0,0,0,0,0,0,0,0,6
2025 - 2026,2026 Spring,UGRD,UGRD,Yijing,Xie,,CSE,4379,1,4,2,0,0,0,0,0,0,0,0,0,6
2025 - 2026,2026 Spring,UGRD,UGRD,Bo,Fang,,CSE,4380,1,26,8,0,0,0,0,0,0,0,0,0,34
2025 - 2026,2026 Spring,UGRD,UGRD,Faysal Hossain,Shezan,,CSE,4380,4,29,19,3,0,0,0,0,0,0,0,0,51
2025 - 2026,2026 Spring,UGRD,UGRD,Shirin,Nilizadeh,,CSE,4380,10,11,23,3,0,1,0,0,0,1,0,0,39
2025 - 2026,2026 Spring,UGRD,UGRD,David,Levine,,CSE,4381,1,30,18,0,0,0,0,0,0,0,0,0,48
2025 - 2026,2026 Spring,UGRD,UGRD,Ming,Li,,CSE,4381,2,58,4,0,0,0,0,0,0,0,0,0,62
2025 - 2026,2026 Spring,UGRD,UGRD,Faysal Hossain,Shezan,,CSE,4382,1,47,7,2,1,0,0,0,1,0,0,0,58
2025 - 2026,2026 Spring,UGRD,UGRD,Douglas,Stark,,CSE,4392,1,17,0,0,0,0,0,0,0,0,0,0,17
2025 - 2026,2026 Spring,UGRD,GRAD,Negin,Fraidouni,,CSE,5301,4,11,7,2,1,1,0,0,0,2,0,0,24
2025 - 2026,2026 Spring,UGRD,GRAD,Negin,Fraidouni,,CSE,5301,9,20,8,7,0,0,0,0,0,0,0,0,35
2025 - 2026,2026 Spring,UGRD,GRAD,Jiayi,Meng,,CSE,5306,2,16,5,0,1,0,0,0,0,1,0,0,23
2025 - 2026,2026 Spring,UGRD,GRAD,Negin,Fraidouni,,CSE,5311,5,18,7,9,2,0,0,0,0,0,0,0,36
2025 - 2026,2026 Spring,UGRD,GRAD,Leonidas,Fegaras,,CSE,5317,1,6,1,1,0,0,0,0,0,0,0,0,8
2025 - 2026,2026 Spring,UGRD,GRAD,Elizabeth,Diaz,,CSE,5321,1,11,1,1,0,0,0,0,0,3,0,0,16
2025 - 2026,2026 Spring,UGRD,GRAD,Abhishek,Santra,,CSE,5331,1,4,4,0,0,0,0,0,0,0,0,0,8
2025 - 2026,2026 Spring,UGRD,GRAD,Elizabeth,Diaz,,CSE,5335,1,25,15,0,0,0,0,0,0,0,0,0,40
2025 - 2026,2026 Spring,UGRD,GRAD,Vamsikrishna,Gopikrishna,,CSE,5360,3,6,0,0,0,0,0,0,0,1,0,0,7
2025 - 2026,2026 Spring,UGRD,GRAD,Alex,Dillhoff,,CSE,5373,1,14,0,0,0,1,0,0,0,0,0,0,15
2025 - 2026,2026 Spring,UGRD,GRAD,Debashri,Roy,,CSE,6349,2,12,0,0,1,0,0,0,0,0,0,0,13
2025 - 2026,2026 Spring,UGRD,UGRD,Chunke,Su,,CTEC,2350,1,6,18,1,0,1,0,0,1,1,0,0,28
2025 - 2026,2026 Spring,UGRD,UGRD,Brian,Horton,,CTEC,3320,1,8,9,3,0,1,0,0,0,1,0,0,22
2025 - 2026,2026 Spring,UGRD,UGRD,Brian,Horton,,CTEC,3323,1,4,12,3,2,0,0,0,0,1,0,0,22
2025 - 2026,2026 Spring,UGRD,UGRD,Brian,Horton,,CTEC,3350,1,4,10,6,0,0,0,0,0,0,0,0,20
2025 - 2026,2026 Spring,UGRD,UGRD,Chyng-Yang,Jang,,CTEC,4350,1,6,10,1,0,0,0,0,0,0,0,0,17
2025 - 2026,2026 Spring,UGRD,UGRD,Chyng-Yang,Jang,,CTEC,4391,26,2,3,2,0,0,0,0,0,0,0,0,7
2025 - 2026,2026 Spring,UGRD,UGRD,Masoud,Rostami,,DATA,1301,1,10,20,9,0,1,0,0,2,6,0,0,48
2025 - 2026,2026 Spring,UGRD,UGRD,Masoud,Rostami,,DATA,2301,1,33,11,4,0,2,0,0,1,0,0,0,51
2025 - 2026,2026 Spring,UGRD,UGRD,Mei,Yang,Mahmoud Jawad,DATA,3311,1,5,6,11,11,6,0,0,0,2,0,0,41
2025 - 2026,2026 Spring,UGRD,UGRD,Ce,Bian,,DATA,3401,1,49,12,4,3,4,0,0,2,0,0,0,74
2025 - 2026,2026 Spring,UGRD,UGRD,Amir,Farbin,,DATA,3402,1,18,33,7,2,5,0,0,0,3,0,0,68
2025 - 2026,2026 Spring,UGRD,UGRD,Qiang,Zheng,,DATA,3421,1,37,6,4,1,0,0,0,0,1,0,0,49
2025 - 2026,2026 Spring,UGRD,UGRD,Mei,Yang,Ce Bian,DATA,3441,1,6,4,14,6,5,0,0,0,1,0,0,36
2025 - 2026,2026 Spring,UGRD,UGRD,Ce,Bian,,DATA,3442,1,11,10,2,4,3,0,0,1,4,0,0,35
2025 - 2026,2026 Spring,UGRD,UGRD,Amir,Shahmoradi,,DATA,3461,1,7,5,4,2,0,0,0,0,0,0,0,18
2025 - 2026,2026 Spring,UGRD,UGRD,Masoud,Rostami,,DATA,4382,1,16,11,4,0,0,0,0,0,0,0,0,31
2025 - 2026,2026 Spring,UGRD,UGRD,Masoud,Rostami,,DATA,4382,2,4,12,4,0,0,0,0,0,1,0,0,21
2025 - 2026,2026 Spring,UGRD,UGRD,Masoud,Rostami,,DATA,4390,2,7,0,0,0,0,0,0,0,0,0,0,7
2025 - 2026,2026 Spring,UGRD,UGRD,Alicia,Garza,,DIVR,3301,1,7,2,0,1,0,0,0,0,0,0,0,10
2025 - 2026,2026 Spring,UGRD,UGRD,Laurie,Taylor,,DNCE,1132,1,13,4,2,0,0,0,0,0,1,0,0,20
2025 - 2026,2026 Spring,UGRD,UGRD,Sarah,Kunce,,DNCE,1135,1,12,6,4,0,2,0,0,1,0,0,0,25
2025 - 2026,2026 Spring,UGRD,UGRD,Alexandra,Benavidez,,DNCE,1137,1,22,0,0,0,0,0,0,0,1,0,0,23
2025 - 2026,2026 Spring,UGRD,UGRD,Ginny,Wheeler,,DNCE,1300,1,16,2,2,0,2,0,0,0,2,0,0,24
2025 - 2026,2026 Spring,UGRD,UGRD,Ginny,Wheeler,,DNCE,1300,2,13,4,1,1,2,0,0,1,1,0,0,23
2025 - 2026,2026 Spring,UGRD,UGRD,Claudia,Pacheco Orcasitas,,DNCE,1300,3,17,7,2,0,2,0,0,0,0,0,0,28
2025 - 2026,2026 Spring,UGRD,UGRD,Laurie,Taylor,,DNCE,2139,1,16,2,2,0,0,0,0,0,0,0,0,20
2025 - 2026,2026 Spring,UGRD,UGRD,Sarah,Kunce,,DNCE,3234,1,17,3,1,0,1,0,0,1,0,0,0,23
2025 - 2026,2026 Spring,UGRD,UGRD,Sarah,Kunce,,DNCE,3235,1,13,8,2,1,1,0,0,0,0,0,0,25
2025 - 2026,2026 Spring,UGRD,UGRD,Sarah,Kunce,,DNCE,3236,1,6,4,2,1,0,0,0,0,0,0,0,13
2025 - 2026,2026 Spring,UGRD,UGRD,Lindsey,Porter,,DNCE,3301,1,12,5,4,2,2,0,0,0,3,0,0,28
2025 - 2026,2026 Spring,UGRD,UGRD,Claudia,Pacheco Orcasitas,,DNCE,4291,1,13,0,0,0,0,0,0,0,0,0,0,13
2025 - 2026,2026 Spring,UGRD,UGRD,Ginny,Wheeler,,DNCE,4291,1,13,0,0,0,0,0,0,0,0,0,0,13
2025 - 2026,2026 Spring,UGRD,UGRD,Morgan,Wood,,DS,4100,1,19,0,0,0,0,0,0,0,0,0,0,19
2025 - 2026,2026 Spring,UGRD,UGRD,Faye,Cocchiara,,DS,4329,1,6,2,0,0,0,0,0,0,1,0,0,9
2025 - 2026,2026 Spring,UGRD,UGRD,Ronald,Liggett,,ECON,2305,1,22,11,18,4,6,4,0,2,3,0,0,70
2025 - 2026,2026 Spring,UGRD,UGRD,Ronald,Liggett,,ECON,2305,2,14,27,29,7,14,4,0,2,3,0,0,100
2025 - 2026,2026 Spring,UGRD,UGRD,Antonia,Gkergki,,ECON,2305,3,44,24,20,4,2,0,0,3,0,0,0,97
2025 - 2026,2026 Spring,UGRD,UGRD,Brian,Buckles,,ECON,2305,4,33,33,21,5,3,0,0,0,4,0,0,99
2025 - 2026,2026 Spring,UGRD,UGRD,Brian,Buckles,,ECON,2305,5,31,35,11,8,5,0,0,1,2,0,0,93
2025 - 2026,2026 Spring,UGRD,UGRD,Jane,Himarios,,ECON,2305,6,37,54,39,8,67,0,0,2,18,0,0,225
2025 - 2026,2026 Spring,UGRD,UGRD,Brian,Buckles,,ECON,2305,9,8,6,2,1,1,0,0,0,0,0,0,18
2025 - 2026,2026 Spring,UGRD,UGRD,Roger,Wehr,,ECON,2306,1,29,13,17,6,3,2,0,0,2,0,0,72
2025 - 2026,2026 Spring,UGRD,UGRD,David,Quigley,,ECON,2306,2,20,18,13,2,5,0,0,1,0,0,0,59
2025 - 2026,2026 Spring,UGRD,UGRD,Tara,Brown,,ECON,2306,3,7,2,4,0,0,0,0,0,0,0,0,13
2025 - 2026,2026 Spring,UGRD,UGRD,Timothy,Wunder,,ECON,2306,4,20,19,17,5,6,0,0,0,3,0,0,70
2025 - 2026,2026 Spring,UGRD,UGRD,Antonia,Gkergki,,ECON,2306,5,41,12,13,2,1,0,0,2,1,0,0,72
2025 - 2026,2026 Spring,UGRD,UGRD,Timothy,Wunder,,ECON,2306,6,99,71,34,12,23,0,0,2,6,0,0,247
2025 - 2026,2026 Spring,UGRD,UGRD,Christopher,Candreva,,ECON,2306,9,3,4,3,0,1,0,0,0,1,0,0,12
2025 - 2026,2026 Spring,UGRD,UGRD,Roger,Meiners,,ECON,2306,10,3,13,11,2,0,0,0,1,0,0,0,30
2025 - 2026,2026 Spring,UGRD,UGRD,Antonia,Gkergki,,ECON,2306,11,30,22,4,1,2,0,0,0,1,0,0,60
2025 - 2026,2026 Spring,UGRD,UGRD,Roger,Wehr,,ECON,2306,12,26,21,13,5,1,0,0,0,6,0,0,72
2025 - 2026,2026 Spring,UGRD,UGRD,Todd,Gabel,,ECON,2306,13,8,8,15,0,4,0,0,1,3,0,0,39
2025 - 2026,2026 Spring,UGRD,UGRD,Todd,Gabel,,ECON,2306,15,6,10,17,3,1,0,0,1,6,0,0,44
2025 - 2026,2026 Spring,UGRD,UGRD,Christopher,Candreva,,ECON,2306,16,6,11,5,2,3,0,0,1,0,0,0,28
2025 - 2026,2026 Spring,UGRD,UGRD,Christy,Spivey,,ECON,3301,6,32,26,5,3,2,0,0,0,1,0,0,69
2025 - 2026,2026 Spring,UGRD,UGRD,Todd,Gabel,,ECON,3303,1,17,13,15,0,3,0,0,1,8,0,0,57
2025 - 2026,2026 Spring,UGRD,UGRD,Todd,Gabel,,ECON,3303,2,9,15,12,1,0,0,0,1,5,0,0,43
2025 - 2026,2026 Spring,UGRD,UGRD,Chi-Young,Choi,,ECON,3303,3,4,3,8,3,1,0,0,0,4,0,0,23
2025 - 2026,2026 Spring,UGRD,UGRD,Rafal,Czajkowski,,ECON,3303,4,5,6,14,0,1,0,0,2,6,0,0,34
2025 - 2026,2026 Spring,UGRD,UGRD,Chi-Young,Choi,,ECON,3303,5,4,9,21,1,1,0,0,1,8,0,0,45
2025 - 2026,2026 Spring,UGRD,UGRD,William,Crowder,,ECON,3303,6,72,27,14,6,1,0,0,2,3,0,0,125
2025 - 2026,2026 Spring,UGRD,UGRD,Rafal,Czajkowski,,ECON,3303,8,0,5,4,2,1,0,0,0,2,0,0,14
2025 - 2026,2026 Spring,UGRD,UGRD,Ronald,Liggett,,ECON,3306,1,16,22,25,3,3,0,0,0,1,0,0,70
2025 - 2026,2026 Spring,UGRD,UGRD,Tara,Brown,,ECON,3310,1,7,23,10,0,2,0,0,1,4,0,0,47
2025 - 2026,2026 Spring,UGRD,UGRD,Yutong,Chen,,ECON,3310,2,4,9,4,0,1,0,0,1,3,0,0,22
2025 - 2026,2026 Spring,UGRD,UGRD,Ashish,Sedai,,ECON,3312,1,27,23,2,1,1,0,0,0,4,0,0,58
2025 - 2026,2026 Spring,UGRD,UGRD,Christy,Spivey,,ECON,3317,6,36,15,4,2,0,0,0,1,2,0,0,60
2025 - 2026,2026 Spring,UGRD,UGRD,David,Quigley,,ECON,3318,1,5,5,4,1,0,0,0,0,1,0,0,16
2025 - 2026,2026 Spring,UGRD,UGRD,David,Quigley,,ECON,3318,2,4,3,1,0,0,0,0,0,2,0,0,10
2025 - 2026,2026 Spring,UGRD,UGRD,Brian,Buckles,,ECON,3322,1,7,9,2,0,1,0,0,0,2,0,0,21
2025 - 2026,2026 Spring,UGRD,UGRD,Roger,Wehr,,ECON,3328,1,7,4,3,1,0,0,0,0,0,0,0,15
2025 - 2026,2026 Spring,UGRD,UGRD,Roger,Wehr,,ECON,3388,1,16,21,16,0,1,0,0,0,3,0,0,57
2025 - 2026,2026 Spring,UGRD,UGRD,Roger,Wehr,,ECON,3388,2,12,11,6,1,1,0,0,0,1,0,0,32
2025 - 2026,2026 Spring,UGRD,UGRD,Tatia,Jacobson Jordan,,ECON,4300,6,29,3,2,0,0,0,0,0,0,0,0,34
2025 - 2026,2026 Spring,UGRD,UGRD,David,Quigley,,ECON,4305,6,39,7,0,0,0,0,0,0,0,0,0,46
2025 - 2026,2026 Spring,UGRD,UGRD,Timothy,Wunder,,ECON,4306,1,9,8,4,2,1,0,0,0,0,0,0,24
2025 - 2026,2026 Spring,UGRD,UGRD,Christy,Spivey,,ECON,4306,2,7,2,0,0,0,0,0,0,0,0,0,9
2025 - 2026,2026 Spring,UGRD,UGRD,Michael,Ward,,ECON,4311,1,4,8,2,1,0,0,0,0,1,0,0,16
2025 - 2026,2026 Spring,UGRD,UGRD,Christopher,Candreva,,ECON,4318,1,7,11,1,0,0,0,0,0,0,0,0,19
2025 - 2026,2026 Spring,UGRD,UGRD,Tara,Brown,,ECON,4320,1,6,4,3,3,4,0,0,0,2,0,0,22
2025 - 2026,2026 Spring,UGRD,UGRD,Mahmut,Yasar,,ECON,4321,6,19,18,13,2,0,0,0,0,1,0,0,53
2025 - 2026,2026 Spring,UGRD,UGRD,Aaron,Smallwood,,ECON,4322,1,16,9,4,2,1,1,0,0,0,0,0,33
2025 - 2026,2026 Spring,UGRD,GRAD,Chi-Young,Choi,,ECON,5327,1,5,7,0,0,0,0,0,0,2,0,0,14
2025 - 2026,2026 Spring,UGRD,GRAD,Ashish,Sedai,,ECON,5336,1,14,6,1,0,0,0,0,0,1,0,0,22
2025 - 2026,2026 Spring,UGRD,GRAD,Mahmut,Yasar,,ECON,5339,1,5,9,1,0,0,0,0,0,2,0,0,17
2025 - 2026,2026 Spring,UGRD,UGRD,Dawn,Stephens-Jenkins,,EDAD,1330,111,7,4,5,3,3,0,0,0,2,0,0,24
2025 - 2026,2026 Spring,UGRD,UGRD,Dawn,Stephens-Jenkins,,EDAD,2330,121,4,5,6,2,10,0,0,0,1,0,0,28
2025 - 2026,2026 Spring,UGRD,UGRD,Larry,Bryant,,EDUC,2302,1,54,7,2,3,3,0,0,1,6,0,0,76
2025 - 2026,2026 Spring,UGRD,UGRD,Wideline,Seraphin,,EDUC,3301,1,7,14,10,0,0,0,0,0,0,0,0,31
2025 - 2026,2026 Spring,UGRD,UGRD,Elsa,Camargo,,EDUC,3301,101,34,22,4,0,1,0,0,1,0,0,0,62
2025 - 2026,2026 Spring,UGRD,UGRD,Lauren,Weisberg,,EDUC,4319,101,16,5,0,0,0,0,0,0,0,0,0,21
2025 - 2026,2026 Spring,UGRD,UGRD,Erdogan,Kaya,,EDUC,4331,1,11,1,0,0,0,0,0,0,0,0,0,12
2025 - 2026,2026 Spring,UGRD,UGRD,Marsha,Scott,,EDUC,4331,1,11,1,0,0,0,0,0,0,0,0,0,12
2025 - 2026,2026 Spring,UGRD,UGRD,Katherine,Hoover,,EDUC,4332,1,6,3,0,0,0,0,0,0,1,0,0,10
2025 - 2026,2026 Spring,UGRD,UGRD,Leeann,Burke,,EDUC,4332,1,6,3,0,0,0,0,0,0,1,0,0,10
2025 - 2026,2026 Spring,UGRD,UGRD,Bethany,Goerdel,,EDUC,4333,1,4,4,1,0,0,0,0,0,1,0,0,10
2025 - 2026,2026 Spring,UGRD,UGRD,Katherine,Hoover,,EDUC,4333,1,4,4,1,0,0,0,0,0,1,0,0,10
2025 - 2026,2026 Spring,UGRD,UGRD,Patricia,Saenz,,EDUC,4340,101,23,1,0,0,1,0,0,0,0,0,0,25
2025 - 2026,2026 Spring,UGRD,UGRD,Christopher,Kribs,,EDUC,4345,1,6,6,1,0,1,0,0,0,0,0,0,14
2025 - 2026,2026 Spring,UGRD,UGRD,Katherine,Hoover,,EDUC,4647,1,33,10,0,0,1,0,0,2,0,0,0,46
2025 - 2026,2026 Spring,UGRD,UGRD,Gregory,Turner,,EE,1106,101,8,5,5,0,5,0,0,1,5,0,0,29
2025 - 2026,2026 Spring,UGRD,UGRD,Gregory,Turner,,EE,1106,102,9,9,4,0,4,0,0,2,1,0,0,29
2025 - 2026,2026 Spring,UGRD,UGRD,Gregory,Turner,,EE,1106,103,8,11,8,0,0,0,0,0,2,0,0,29
2025 - 2026,2026 Spring,UGRD,UGRD,Gregory,Turner,,EE,1106,104,3,4,5,0,3,0,0,1,3,0,0,19
2025 - 2026,2026 Spring,UGRD,UGRD,Gregory,Turner,,EE,1201,1,48,22,5,0,9,0,0,4,3,0,0,91
2025 - 2026,2026 Spring,UGRD,UGRD,Gregory,Turner,,EE,1311,1,70,36,3,0,6,0,0,3,4,0,0,122
2025 - 2026,2026 Spring,UGRD,UGRD,Alexander,Johnston,,EE,2240,1,11,15,1,0,0,0,0,0,0,0,0,27
2025 - 2026,2026 Spring,UGRD,UGRD,Alexander,Johnston,,EE,2240,2,15,12,2,0,0,0,0,0,0,0,0,29
2025 - 2026,2026 Spring,UGRD,UGRD,Alexander,Johnston,,EE,2240,3,7,9,5,0,0,0,0,0,1,0,0,22
2025 - 2026,2026 Spring,UGRD,UGRD,Michael,Manry,,EE,2301,1,30,24,12,1,0,0,0,0,0,0,0,67
2025 - 2026,2026 Spring,UGRD,UGRD,Zeynep,Celik,,EE,2302,1,17,29,22,7,5,0,0,0,6,0,0,86
2025 - 2026,2026 Spring,UGRD,UGRD,Bei,Shi,,EE,2303,1,30,36,19,3,1,0,0,1,3,0,0,93
2025 - 2026,2026 Spring,UGRD,UGRD,Chenyun,Pan,,EE,2315,1,16,23,16,4,5,0,0,0,4,0,0,68
2025 - 2026,2026 Spring,UGRD,UGRD,Kambiz,Alavi,,EE,2320,1,19,31,26,8,2,0,0,0,3,0,0,89
2025 - 2026,2026 Spring,UGRD,UGRD,Rasool,Kenarangui,,EE,2320,1,19,31,26,8,2,0,0,0,3,0,0,89
2025 - 2026,2026 Spring,UGRD,UGRD,Kambiz,Alavi,,EE,2320,2,9,17,23,13,6,0,0,0,6,0,0,74
2025 - 2026,2026 Spring,UGRD,UGRD,Rasool,Kenarangui,,EE,2320,2,9,17,23,13,6,0,0,0,6,0,0,74
2025 - 2026,2026 Spring,UGRD,UGRD,Jon,Mitchell,,EE,2341,2,50,12,4,1,1,0,0,0,0,0,0,68
2025 - 2026,2026 Spring,UGRD,UGRD,Saibun,Tjuatja,,EE,2347,1,8,15,15,7,8,1,0,0,12,0,0,66
2025 - 2026,2026 Spring,UGRD,UGRD,Kambiz,Alavi,,EE,2440,1,0,5,2,0,0,0,0,0,1,0,0,8
2025 - 2026,2026 Spring,UGRD,UGRD,Rasool,Kenarangui,,EE,2440,1,0,5,2,0,0,0,0,0,1,0,0,8
2025 - 2026,2026 Spring,UGRD,UGRD,Robert,Magnusson,,EE,3240,1,29,0,0,0,0,0,0,0,0,0,0,29
2025 - 2026,2026 Spring,UGRD,UGRD,Jonathan,Bredow,,EE,3240,2,28,0,0,0,0,0,0,1,0,0,0,29
2025 - 2026,2026 Spring,UGRD,UGRD,Jonathan,Bredow,,EE,3240,4,6,0,0,0,0,0,0,0,0,0,0,6
2025 - 2026,2026 Spring,UGRD,UGRD,Jon,Mitchell,,EE,3314,1,30,28,6,0,0,0,0,0,0,0,0,64
2025 - 2026,2026 Spring,UGRD,UGRD,Guang-Wen,Pan,,EE,3316,1,14,18,17,7,1,0,0,1,0,0,0,58
2025 - 2026,2026 Spring,UGRD,UGRD,Michael,Manry,,EE,3316,1,14,18,17,7,1,0,0,1,0,0,0,58
2025 - 2026,2026 Spring,UGRD,UGRD,Guang-Wen,Pan,,EE,3317,1,4,1,1,0,0,0,0,0,0,0,0,6
2025 - 2026,2026 Spring,UGRD,UGRD,Michael,Manry,,EE,3317,1,4,1,1,0,0,0,0,0,0,0,0,6
2025 - 2026,2026 Spring,UGRD,UGRD,Michael,Manry,,EE,3318,1,18,29,20,0,3,0,0,0,1,0,0,71
2025 - 2026,2026 Spring,UGRD,UGRD,Saibun,Tjuatja,,EE,3330,1,9,4,5,8,13,1,0,1,11,0,0,52
2025 - 2026,2026 Spring,UGRD,UGRD,Liwei,Zhou,,EE,3346,1,21,25,3,0,0,0,0,0,0,0,0,49
2025 - 2026,2026 Spring,UGRD,UGRD,Guang-Wen,Pan,,EE,3407,1,13,23,12,3,1,0,0,2,1,0,0,55
2025 - 2026,2026 Spring,UGRD,UGRD,Jonathan,Bredow,,EE,3407,1,13,23,12,3,1,0,0,2,1,0,0,55
2025 - 2026,2026 Spring,UGRD,UGRD,Saibun,Tjuatja,,EE,3407,1,13,23,12,3,1,0,0,2,1,0,0,55
2025 - 2026,2026 Spring,UGRD,UGRD,David,Wetz,,EE,4149,1,26,3,1,0,0,0,0,0,0,0,0,30
2025 - 2026,2026 Spring,UGRD,UGRD,David,Wetz,,EE,4149,2,19,4,0,0,0,0,0,0,0,0,0,23
2025 - 2026,2026 Spring,UGRD,UGRD,David,Wetz,,EE,4240,1,22,12,0,0,0,0,0,0,0,0,0,34
2025 - 2026,2026 Spring,UGRD,UGRD,Yijing,Xie,,EE,4315,1,8,13,6,0,0,0,0,0,1,0,0,28
2025 - 2026,2026 Spring,UGRD,UGRD,Jonathan,Bredow,,EE,4327,1,9,11,1,0,0,0,0,0,0,0,0,21
2025 - 2026,2026 Spring,UGRD,UGRD,Wei-Jen,Lee,,EE,4328,3,5,5,0,0,0,0,0,0,0,0,0,10
2025 - 2026,2026 Spring,UGRD,UGRD,Yichen,Zhang,,EE,4328,5,27,0,0,0,0,0,0,0,0,0,0,27
2025 - 2026,2026 Spring,UGRD,UGRD,Liwei,Zhou,,EE,4328,7,19,0,1,0,0,0,0,0,0,0,0,20
2025 - 2026,2026 Spring,UGRD,UGRD,Tianqiao,Zhao,,EE,4328,8,15,0,0,0,0,0,0,0,0,0,0,15
2025 - 2026,2026 Spring,UGRD,UGRD,Weidong,Zhou,,EE,4329,1,1,4,5,1,3,0,0,0,2,0,0,16
2025 - 2026,2026 Spring,UGRD,UGRD,Zeynep,Celik,,EE,4344,1,2,13,3,0,0,0,0,0,2,0,0,20
2025 - 2026,2026 Spring,UGRD,UGRD,Michael,Manry,,EE,4357,1,10,1,0,0,0,0,0,0,0,0,0,11
2025 - 2026,2026 Spring,UGRD,UGRD,Qilian,Liang,,EE,4364,1,6,3,2,0,0,0,0,0,0,0,0,11
2025 - 2026,2026 Spring,UGRD,GRAD,Yan,Wan,,EE,5304,1,25,0,0,0,2,0,0,0,0,0,0,27
2025 - 2026,2026 Spring,UGRD,GRAD,Chenyun,Pan,,EE,5319,1,8,2,0,0,0,0,0,0,0,0,0,10
2025 - 2026,2026 Spring,UGRD,GRAD,Yijing,Xie,,EE,5325,1,12,0,0,0,1,0,0,0,0,0,0,13
2025 - 2026,2026 Spring,UGRD,GRAD,Weidong,Zhou,,EE,5340,1,2,3,1,1,0,0,0,0,0,0,0,7
2025 - 2026,2026 Spring,UGRD,GRAD,Qilian,Liang,,EE,5364,1,12,18,0,0,1,0,0,0,0,0,0,31
2025 - 2026,2026 Spring,UGRD,GRAD,Tianqiao,Zhao,,EE,5376,1,14,0,0,0,0,0,0,0,0,0,0,14
2025 - 2026,2026 Spring,UGRD,GRAD,Wei-Jen,Lee,,EE,5378,1,7,4,0,0,0,0,0,0,0,0,0,11
2025 - 2026,2026 Spring,UGRD,GRAD,Wei-Jen,Lee,,EE,5378,2,6,1,0,0,0,0,0,0,0,0,0,7
2025 - 2026,2026 Spring,UGRD,GRAD,Yichen,Zhang,,EE,5379,1,6,0,0,0,0,0,0,0,0,0,0,6
2025 - 2026,2026 Spring,UGRD,GRAD,Tianqiao,Zhao,,EE,5379,3,6,0,0,0,0,0,0,0,0,0,0,6
2025 - 2026,2026 Spring,UGRD,GRAD,Liwei,Zhou,,EE,5698,36,0,0,0,0,0,0,0,0,0,0,6,6
2025 - 2026,2026 Spring,UGRD,GRAD,Ali,Davoudi,,EE,6375,1,10,8,0,0,0,0,0,0,0,0,0,18
2025 - 2026,2026 Spring,UGRD,UGRD,Joo Hi,Lee,,ELED,4311,1,18,2,0,0,0,0,0,0,0,0,0,20
2025 - 2026,2026 Spring,UGRD,UGRD,Joo Hi,Lee,,ELED,4311,101,37,5,0,0,0,0,0,1,0,0,0,43
2025 - 2026,2026 Spring,UGRD,UGRD,Joyce,Myers,,ELED,4687,8,19,2,0,0,0,0,0,3,0,0,0,24
2025 - 2026,2026 Spring,UGRD,UGRD,Natalie,Gaupp,,ENGL,0100,CO5,0,0,0,0,0,0,7,0,1,0,0,8
2025 - 2026,2026 Spring,UGRD,UGRD,Jo,Ward,,ENGL,0101,CO6,0,0,0,0,2,0,4,0,0,1,0,7
2025 - 2026,2026 Spring,UGRD,UGRD,Samuel,Mcelroy,,ENGL,0301,CO1,0,0,0,0,2,0,6,1,1,0,0,10
2025 - 2026,2026 Spring,UGRD,UGRD,Samuel,Mcelroy,,ENGL,0301,CO2,0,0,0,0,4,0,5,0,0,0,0,9
2025 - 2026,2026 Spring,UGRD,UGRD,Jo,Ward,,ENGL,0301,CO3,0,0,0,0,4,0,2,3,0,0,0,9
2025 - 2026,2026 Spring,UGRD,UGRD,Samuel,Mcelroy,,ENGL,1301,1,8,1,0,0,0,0,0,0,1,0,0,10
2025 - 2026,2026 Spring,UGRD,UGRD,Eun Jung,Brown,,ENGL,1301,2,6,1,0,0,2,0,0,0,1,0,0,10
2025 - 2026,2026 Spring,UGRD,UGRD,Amanda,Marsh,,ENGL,1301,3,3,4,0,0,0,0,0,0,0,2,0,9
2025 - 2026,2026 Spring,UGRD,UGRD,Natalie,Gaupp,,ENGL,1301,4,22,0,0,0,0,0,0,1,0,0,0,23
2025 - 2026,2026 Spring,UGRD,UGRD,John,Hussman,,ENGL,1301,5,4,1,3,0,2,0,0,0,0,0,0,10
2025 - 2026,2026 Spring,UGRD,UGRD,Sean,Woodard,,ENGL,1301,6,11,6,3,0,1,0,0,0,2,0,0,23
2025 - 2026,2026 Spring,UGRD,UGRD,Afsana,Afsar Tuly,,ENGL,1301,7,5,8,3,0,0,5,0,2,1,0,0,24
2025 - 2026,2026 Spring,UGRD,UGRD,Natalie,Gaupp,,ENGL,1301,8,20,0,0,0,3,0,0,0,1,0,0,24
2025 - 2026,2026 Spring,UGRD,UGRD,Eun Jung,Brown,,ENGL,1301,9,10,6,2,0,4,0,0,1,1,0,0,24
2025 - 2026,2026 Spring,UGRD,UGRD,John,Hussman,,ENGL,1301,11,4,3,1,0,1,0,0,0,1,0,0,10
2025 - 2026,2026 Spring,UGRD,UGRD,Jarah Mahzabeen,Fatima,,ENGL,1301,12,10,6,2,0,0,0,0,0,1,5,0,24
2025 - 2026,2026 Spring,UGRD,UGRD,John,Hussman,,ENGL,1301,13,1,5,0,0,4,0,0,0,3,0,0,13
2025 - 2026,2026 Spring,UGRD,UGRD,Jennifer,Armstrong,,ENGL,1301,14,6,5,4,0,2,0,0,0,3,3,0,23
2025 - 2026,2026 Spring,UGRD,UGRD,Carolyn,Giles,,ENGL,1301,15,7,5,4,0,6,0,0,1,0,0,0,23
2025 - 2026,2026 Spring,UGRD,UGRD,Mariah,Hawkins,,ENGL,1301,16,8,8,4,0,2,0,0,0,1,0,0,23
2025 - 2026,2026 Spring,UGRD,UGRD,Afsana,Afsar Tuly,,ENGL,1301,17,3,8,1,0,0,7,0,2,1,0,0,22
2025 - 2026,2026 Spring,UGRD,UGRD,Adrian,Thompson,,ENGL,1301,19,24,0,0,0,0,0,0,0,0,0,0,24
2025 - 2026,2026 Spring,UGRD,UGRD,Mariah,Hawkins,,ENGL,1301,20,6,6,1,0,8,0,0,1,2,0,0,24
2025 - 2026,2026 Spring,UGRD,UGRD,Natalie,Gaupp,,ENGL,1301,21,17,2,0,0,1,0,0,0,0,0,0,20
2025 - 2026,2026 Spring,UGRD,UGRD,Jarah Mahzabeen,Fatima,,ENGL,1301,23,4,6,3,0,0,0,0,1,0,8,0,22
2025 - 2026,2026 Spring,UGRD,UGRD,Julie,Jones,,ENGL,1301,24,10,5,4,0,2,0,0,0,2,0,0,23
2025 - 2026,2026 Spring,UGRD,UGRD,Julie,Jones,,ENGL,1301,25,7,7,2,0,4,0,0,2,1,0,0,23
2025 - 2026,2026 Spring,UGRD,UGRD,Kayla,Kassakatis,,ENGL,1301,26,18,2,1,0,0,0,0,0,0,0,0,21
2025 - 2026,2026 Spring,UGRD,UGRD,Jennifer,Armstrong,,ENGL,1301,27,7,8,0,0,5,0,0,1,1,2,0,24
2025 - 2026,2026 Spring,UGRD,UGRD,Eun Jung,Brown,,ENGL,1301,28,14,3,2,0,2,0,0,2,1,0,0,24
2025 - 2026,2026 Spring,UGRD,UGRD,Carolyn,Giles,,ENGL,1301,29,6,8,3,0,4,0,0,1,1,0,0,23
2025 - 2026,2026 Spring,UGRD,UGRD,Kamille,Stone-Stanton,,ENGL,1301,31,7,8,3,0,4,0,0,0,2,0,0,24
2025 - 2026,2026 Spring,UGRD,UGRD,Kamille,Stone-Stanton,,ENGL,1301,32,2,7,5,0,6,0,0,1,3,0,0,24
2025 - 2026,2026 Spring,UGRD,UGRD,Kayla,Kassakatis,,ENGL,1301,33,18,1,2,0,0,0,0,1,1,0,0,23
2025 - 2026,2026 Spring,UGRD,UGRD,Erik,Warbrouck,,ENGL,1301,34,6,3,2,0,9,0,0,1,0,0,0,21
2025 - 2026,2026 Spring,UGRD,UGRD,Erik,Warbrouck,,ENGL,1301,35,4,7,2,0,7,0,0,1,1,0,0,22
2025 - 2026,2026 Spring,UGRD,UGRD,Susan,Midwood,,ENGL,1301,700,27,16,5,0,0,0,0,0,3,0,0,51
2025 - 2026,2026 Spring,UGRD,UGRD,Samuel,Mcelroy,,ENGL,1301,CO1,3,3,0,0,2,0,0,1,1,0,0,10
2025 - 2026,2026 Spring,UGRD,UGRD,Eun Jung,Brown,,ENGL,1301,CO2,4,1,0,0,4,0,0,0,0,0,0,9
2025 - 2026,2026 Spring,UGRD,UGRD,Amanda,Marsh,,ENGL,1301,CO3,2,0,0,0,4,0,0,3,0,0,0,9
2025 - 2026,2026 Spring,UGRD,UGRD,John,Hussman,,ENGL,1301,CO5,1,3,3,0,1,0,0,0,1,0,0,9
2025 - 2026,2026 Spring,UGRD,UGRD,Harry,Ho,,ENGL,1301,CO6,2,1,4,0,4,0,0,0,0,0,0,11
2025 - 2026,2026 Spring,UGRD,UGRD,Richard,Mejia,,ENGL,1302,1,13,4,3,0,3,0,0,0,0,0,0,23
2025 - 2026,2026 Spring,UGRD,UGRD,Calvin,Hoekstra,,ENGL,1302,2,6,6,4,0,6,0,0,0,2,0,0,24
2025 - 2026,2026 Spring,UGRD,UGRD,Yaroslav,Malyuta,,ENGL,1302,3,11,13,0,0,0,0,0,0,0,0,0,24
2025 - 2026,2026 Spring,UGRD,UGRD,Richard,Mejia,,ENGL,1302,4,13,7,2,0,1,0,0,0,1,0,0,24
2025 - 2026,2026 Spring,UGRD,UGRD,Calvin,Hoekstra,,ENGL,1302,5,7,4,4,0,5,0,0,0,3,1,0,24
2025 - 2026,2026 Spring,UGRD,UGRD,Yaroslav,Malyuta,,ENGL,1302,6,12,8,2,0,0,0,0,0,2,0,0,24
2025 - 2026,2026 Spring,UGRD,UGRD,Amar,Sherma,,ENGL,1302,7,12,8,1,0,2,0,0,0,1,0,0,24
2025 - 2026,2026 Spring,UGRD,UGRD,Alex,Harvey,,ENGL,1302,8,5,5,4,0,7,0,0,0,2,0,0,23
2025 - 2026,2026 Spring,UGRD,UGRD,Cindy,Malone,,ENGL,1302,9,11,2,5,0,1,0,0,0,5,0,0,24
2025 - 2026,2026 Spring,UGRD,UGRD,Eun Jung,Brown,,ENGL,1302,10,11,6,2,0,4,0,0,0,0,0,0,23
2025 - 2026,2026 Spring,UGRD,UGRD,Harry,Ho,,ENGL,1302,11,4,7,5,0,7,0,0,0,0,0,0,23
2025 - 2026,2026 Spring,UGRD,UGRD,Emran,Dorrazehi,,ENGL,1302,12,15,5,2,0,0,0,0,0,1,1,0,24
2025 - 2026,2026 Spring,UGRD,UGRD,Yaroslav,Malyuta,,ENGL,1302,13,11,8,1,0,0,2,0,0,2,0,0,24
2025 - 2026,2026 Spring,UGRD,UGRD,Cindy,Malone,,ENGL,1302,14,8,8,1,0,3,0,0,0,3,0,0,23
2025 - 2026,2026 Spring,UGRD,UGRD,Amar,Sherma,,ENGL,1302,15,9,11,0,0,2,0,0,0,0,0,0,22
2025 - 2026,2026 Spring,UGRD,UGRD,Alex,Harvey,,ENGL,1302,16,11,7,1,0,2,0,0,0,3,0,0,24
2025 - 2026,2026 Spring,UGRD,UGRD,Katherine,Abelanet,,ENGL,1302,17,15,6,1,0,0,0,0,1,0,0,0,23
2025 - 2026,2026 Spring,UGRD,UGRD,Bethany,Shaffer,,ENGL,1302,18,16,5,1,0,1,1,0,0,0,0,0,24
2025 - 2026,2026 Spring,UGRD,UGRD,Harry,Ho,,ENGL,1302,19,8,1,8,0,6,0,0,0,1,0,0,24
2025 - 2026,2026 Spring,UGRD,UGRD,Amanda,Marsh,,ENGL,1302,20,21,1,0,0,1,1,0,0,0,0,0,24
2025 - 2026,2026 Spring,UGRD,UGRD,Yaroslav,Malyuta,,ENGL,1302,21,8,14,0,0,2,0,0,0,0,0,0,24
2025 - 2026,2026 Spring,UGRD,UGRD,Erik,Warbrouck,,ENGL,1302,22,11,10,1,0,1,0,0,0,1,0,0,24
2025 - 2026,2026 Spring,UGRD,UGRD,Gyde,Martin,,ENGL,1302,23,6,7,7,0,2,0,0,1,1,0,0,24
2025 - 2026,2026 Spring,UGRD,UGRD,James,Warren,,ENGL,1302,24,8,5,2,0,0,0,0,1,1,0,0,17
2025 - 2026,2026 Spring,UGRD,UGRD,Cindy,Malone,,ENGL,1302,25,8,6,8,0,1,0,0,0,1,0,0,24
2025 - 2026,2026 Spring,UGRD,UGRD,Alex,Harvey,,ENGL,1302,26,11,7,2,0,3,0,0,0,1,0,0,24
2025 - 2026,2026 Spring,UGRD,UGRD,Abigail,Josey,,ENGL,1302,27,4,8,7,0,2,0,0,1,2,0,0,24
2025 - 2026,2026 Spring,UGRD,UGRD,Abigail,Josey,,ENGL,1302,28,8,11,3,0,2,0,0,0,0,0,0,24
2025 - 2026,2026 Spring,UGRD,UGRD,Yaroslav,Malyuta,,ENGL,1302,29,16,7,1,0,0,0,0,0,0,0,0,24
2025 - 2026,2026 Spring,UGRD,UGRD,Cindy,Malone,,ENGL,1302,30,6,6,3,0,5,0,0,0,3,0,0,23
2025 - 2026,2026 Spring,UGRD,UGRD,Gyde,Martin,,ENGL,1302,31,14,3,1,0,3,0,0,1,1,0,0,23
2025 - 2026,2026 Spring,UGRD,UGRD,Jennifer,Conner,,ENGL,1302,32,5,12,5,0,1,0,0,0,1,0,0,24
2025 - 2026,2026 Spring,UGRD,UGRD,Christopher,Atkins,,ENGL,1302,33,13,6,0,0,2,0,0,2,0,0,0,23
2025 - 2026,2026 Spring,UGRD,UGRD,Pacificah,Mariita,,ENGL,1302,34,16,2,3,0,3,0,0,0,0,0,0,24
2025 - 2026,2026 Spring,UGRD,UGRD,Matthew,Tettleton,,ENGL,1302,35,19,4,0,0,1,0,0,0,0,0,0,24
2025 - 2026,2026 Spring,UGRD,UGRD,John,Tomes,,ENGL,1302,36,9,9,1,0,3,0,0,0,2,0,0,24
2025 - 2026,2026 Spring,UGRD,UGRD,Jeffrey,Marchand,,ENGL,1302,37,11,8,3,0,2,0,0,0,0,0,0,24
2025 - 2026,2026 Spring,UGRD,UGRD,Sean,Hooks,,ENGL,1302,38,4,9,7,0,1,0,0,0,2,0,0,23
2025 - 2026,2026 Spring,UGRD,UGRD,Jeffrey,Marchand,,ENGL,1302,39,18,4,0,0,0,0,0,0,1,0,0,23
2025 - 2026,2026 Spring,UGRD,UGRD,Carolyn,Giles,,ENGL,1302,40,13,5,4,0,1,0,0,0,0,0,0,23
2025 - 2026,2026 Spring,UGRD,UGRD,Carol-Ann,Vila-Young,,ENGL,1302,41,6,9,2,0,5,0,0,0,1,0,0,23
2025 - 2026,2026 Spring,UGRD,UGRD,Jeffrey,Marchand,,ENGL,1302,42,16,2,3,0,0,0,0,1,1,0,0,23
2025 - 2026,2026 Spring,UGRD,UGRD,Pacificah,Mariita,,ENGL,1302,43,11,8,2,0,2,0,0,0,1,0,0,24
2025 - 2026,2026 Spring,UGRD,UGRD,Jeffrey,Marchand,,ENGL,1302,44,9,8,5,0,1,0,0,0,1,0,0,24
2025 - 2026,2026 Spring,UGRD,UGRD,James,Perrin,,ENGL,1302,45,9,6,2,0,4,0,0,0,2,1,0,24
2025 - 2026,2026 Spring,UGRD,UGRD,Joul,Smith,,ENGL,1302,46,20,3,0,0,1,0,0,0,0,0,0,24
2025 - 2026,2026 Spring,UGRD,UGRD,Adrian,Thompson,,ENGL,1302,47,23,0,0,0,0,0,0,1,0,0,0,24
2025 - 2026,2026 Spring,UGRD,UGRD,Nicholas,Nicklin,,ENGL,1302,48,18,1,2,0,1,0,0,0,1,0,0,23
2025 - 2026,2026 Spring,UGRD,UGRD,Sean,Hooks,,ENGL,1302,49,4,10,6,0,2,0,0,1,0,0,0,23
2025 - 2026,2026 Spring,UGRD,UGRD,Linda,Oni,,ENGL,1302,50,6,10,6,0,0,0,0,0,1,0,0,23
2025 - 2026,2026 Spring,UGRD,UGRD,Diana,Bell,,ENGL,1302,51,21,2,0,0,0,0,0,1,0,0,0,24
2025 - 2026,2026 Spring,UGRD,UGRD,Nicholas,Nicklin,,ENGL,1302,52,15,6,2,0,0,0,0,0,1,0,0,24
2025 - 2026,2026 Spring,UGRD,UGRD,Matthew,Tettleton,,ENGL,1302,53,23,1,0,0,0,0,0,0,0,0,0,24
2025 - 2026,2026 Spring,UGRD,UGRD,Mahendra Bahadur,Thapa,,ENGL,1302,54,18,4,1,0,1,0,0,0,0,0,0,24
2025 - 2026,2026 Spring,UGRD,UGRD,Mahendra Bahadur,Thapa,,ENGL,1302,55,15,4,4,0,1,0,0,0,0,0,0,24
2025 - 2026,2026 Spring,UGRD,UGRD,Jennifer,Conner,,ENGL,1302,56,8,8,5,0,2,0,0,0,0,0,0,23
2025 - 2026,2026 Spring,UGRD,UGRD,Sean,Hooks,,ENGL,1302,57,4,8,7,0,2,0,0,0,3,0,0,24
2025 - 2026,2026 Spring,UGRD,UGRD,Sean,Hooks,,ENGL,1302,58,3,10,4,0,3,0,0,0,4,0,0,24
2025 - 2026,2026 Spring,UGRD,UGRD,Nicholas,Nicklin,,ENGL,1302,59,21,0,0,0,2,0,0,0,1,0,0,24
2025 - 2026,2026 Spring,UGRD,UGRD,Linda,Oni,,ENGL,1302,61,8,12,2,0,1,0,0,0,1,0,0,24
2025 - 2026,2026 Spring,UGRD,UGRD,Joul,Smith,,ENGL,1302,62,17,6,1,0,0,0,0,0,0,0,0,24
2025 - 2026,2026 Spring,UGRD,UGRD,Nicholas,Nicklin,,ENGL,1302,65,11,0,0,0,0,0,0,0,0,0,0,11
2025 - 2026,2026 Spring,UGRD,UGRD,Jennifer,Conner,,ENGL,1302,66,2,12,4,0,3,0,0,0,3,0,0,24
2025 - 2026,2026 Spring,UGRD,UGRD,Daniel,Kasper,,ENGL,1302,67,8,0,0,0,0,0,0,0,0,0,0,8
2025 - 2026,2026 Spring,UGRD,UGRD,Sean,Hooks,,ENGL,1302,69,4,10,5,0,1,0,0,1,3,0,0,24
2025 - 2026,2026 Spring,UGRD,UGRD,Cindy,Malone,,ENGL,1302,71,5,8,2,0,5,0,0,0,4,0,0,24
2025 - 2026,2026 Spring,UGRD,UGRD,Sean,Woodard,,ENGL,1302,73,13,8,1,0,1,0,0,0,1,0,0,24
2025 - 2026,2026 Spring,UGRD,UGRD,Daniel,Kasper,,ENGL,1302,75,11,10,0,0,2,0,0,0,1,0,0,24
2025 - 2026,2026 Spring,UGRD,UGRD,Ji Nang,Kim,,ENGL,1302,76,16,5,2,0,0,0,0,0,0,0,0,23
2025 - 2026,2026 Spring,UGRD,UGRD,Susan,Midwood,,ENGL,1302,77,6,4,6,0,0,0,0,0,3,3,0,22
2025 - 2026,2026 Spring,UGRD,UGRD,Susan,Midwood,,ENGL,1302,78,7,11,2,0,0,0,0,1,1,1,0,23
2025 - 2026,2026 Spring,UGRD,UGRD,Sean,Woodard,,ENGL,1302,79,19,3,0,0,1,0,0,0,0,0,0,23
2025 - 2026,2026 Spring,UGRD,UGRD,Jessica,Le,,ENGL,1302,80,1,5,9,0,2,0,0,3,1,0,0,21
2025 - 2026,2026 Spring,UGRD,UGRD,Rachel,Key,,ENGL,1302,81,7,10,4,0,0,1,0,1,0,0,0,23
2025 - 2026,2026 Spring,UGRD,UGRD,Ricardo,Gonzalez,,ENGL,1302,82,7,7,4,0,4,0,0,0,1,0,0,23
2025 - 2026,2026 Spring,UGRD,UGRD,Michael,Raines,,ENGL,1302,84,10,7,2,0,1,0,0,0,0,3,0,23
2025 - 2026,2026 Spring,UGRD,UGRD,Ricardo,Gonzalez,,ENGL,1302,85,8,4,6,0,1,0,0,0,3,0,0,22
2025 - 2026,2026 Spring,UGRD,UGRD,Clayton,Dillard,,ENGL,1302,86,8,9,3,0,2,0,0,0,1,0,0,23
2025 - 2026,2026 Spring,UGRD,UGRD,Kayla,Kassakatis,,ENGL,1302,87,19,3,0,0,0,0,0,0,1,0,0,23
2025 - 2026,2026 Spring,UGRD,UGRD,Michael,Raines,,ENGL,1302,88,3,12,4,0,1,0,0,0,4,0,0,24
2025 - 2026,2026 Spring,UGRD,UGRD,Dana,Brewer,,ENGL,1302,89,7,9,7,0,0,0,0,1,0,0,0,24
2025 - 2026,2026 Spring,UGRD,UGRD,Paul,Lee,,ENGL,1302,90,12,10,1,0,1,0,0,0,0,0,0,24
2025 - 2026,2026 Spring,UGRD,UGRD,Linda,Oni,,ENGL,1302,92,7,11,6,0,0,0,0,0,0,0,0,24
2025 - 2026,2026 Spring,UGRD,UGRD,Diana,Bell,,ENGL,1302,93,20,1,0,0,1,0,0,0,2,0,0,24
2025 - 2026,2026 Spring,UGRD,UGRD,Matthew,Tettleton,,ENGL,1302,95,15,5,2,0,1,0,0,0,0,0,0,23
2025 - 2026,2026 Spring,UGRD,UGRD,Daniel,Kasper,,ENGL,1302,96,6,0,0,0,3,0,0,1,0,0,0,10
2025 - 2026,2026 Spring,UGRD,UGRD,Eun Jung,Brown,,ENGL,1302,97,11,7,2,0,3,0,0,0,1,0,0,24
2025 - 2026,2026 Spring,UGRD,UGRD,James,Perrin,,ENGL,1302,98,3,5,7,0,4,0,0,0,2,2,0,23
2025 - 2026,2026 Spring,UGRD,UGRD,Susan,Midwood,,ENGL,1302,700,28,35,13,0,6,0,0,3,11,6,0,102
2025 - 2026,2026 Spring,UGRD,UGRD,Susan,Midwood,,ENGL,1302,701,27,33,12,0,6,0,0,2,9,3,0,92
2025 - 2026,2026 Spring,UGRD,UGRD,Olivia,Arroyo,,ENGL,1350,1,17,2,0,0,0,0,0,1,0,0,0,20
2025 - 2026,2026 Spring,UGRD,UGRD,Daniel,Kasper,,ENGL,1350,2,4,7,4,0,4,0,0,0,1,0,0,20
2025 - 2026,2026 Spring,UGRD,UGRD,Michael,Raines,,ENGL,1350,3,14,5,1,0,0,0,0,0,0,0,0,20
2025 - 2026,2026 Spring,UGRD,UGRD,Timothy,Morris,,ENGL,1375,1,9,2,0,4,0,0,0,0,0,0,0,15
2025 - 2026,2026 Spring,UGRD,UGRD,Amy,Bernhard,,ENGL,1375,2,7,0,0,0,0,0,0,0,0,0,0,7
2025 - 2026,2026 Spring,UGRD,UGRD,Olivia,Arroyo,,ENGL,1375,3,12,1,0,0,3,0,0,0,0,0,0,16
2025 - 2026,2026 Spring,UGRD,UGRD,Olivia,Arroyo,,ENGL,1375,4,13,1,0,0,2,0,0,0,0,0,0,16
2025 - 2026,2026 Spring,UGRD,UGRD,Amy,Bernhard,,ENGL,1375,5,8,3,1,1,1,0,0,0,2,0,0,16
2025 - 2026,2026 Spring,UGRD,UGRD,Laura,Kopchick,,ENGL,1375,6,7,2,2,0,3,0,0,0,2,0,0,16
2025 - 2026,2026 Spring,UGRD,UGRD,Joanna,Johnson,,ENGL,1375,8,10,1,2,1,1,0,0,0,1,0,0,16
2025 - 2026,2026 Spring,UGRD,UGRD,Ji Nang,Kim,,ENGL,1375,9,11,2,1,0,1,0,0,1,0,0,0,16
2025 - 2026,2026 Spring,UGRD,UGRD,Amy,Bernhard,,ENGL,1375,10,5,1,2,1,3,0,0,2,2,0,0,16
2025 - 2026,2026 Spring,UGRD,UGRD,Kathryn,Warren,,ENGL,2300,1,13,2,1,0,3,0,0,1,0,0,0,20
2025 - 2026,2026 Spring,UGRD,UGRD,Desiree,Henderson,,ENGL,2300,2,15,4,0,0,1,0,0,0,0,0,0,20
2025 - 2026,2026 Spring,UGRD,UGRD,Michael,Raines,,ENGL,2303,1,11,9,2,0,1,0,0,0,0,0,0,23
2025 - 2026,2026 Spring,UGRD,UGRD,Ji Nang,Kim,,ENGL,2303,6,12,7,0,0,1,0,0,0,2,0,0,22
2025 - 2026,2026 Spring,UGRD,UGRD,Joanna,Johnson,,ENGL,2303,7,16,13,2,1,2,0,0,0,0,0,0,34
2025 - 2026,2026 Spring,UGRD,UGRD,Olivia,Arroyo,,ENGL,2303,8,15,2,3,0,1,0,0,0,0,0,0,21
2025 - 2026,2026 Spring,UGRD,UGRD,Joanna,Johnson,,ENGL,2303,9,6,0,0,0,0,0,0,0,0,0,0,6
2025 - 2026,2026 Spring,UGRD,UGRD,Rachael,Mariboho,,ENGL,2309,1,22,9,1,1,0,0,0,0,1,0,0,34
2025 - 2026,2026 Spring,UGRD,UGRD,Bethany,Shaffer,,ENGL,2309,2,24,1,4,1,3,0,0,0,0,0,0,33
2025 - 2026,2026 Spring,UGRD,UGRD,Daniel,Kasper,,ENGL,2309,3,17,13,3,0,1,0,0,0,0,0,0,34
2025 - 2026,2026 Spring,UGRD,UGRD,Joul,Smith,,ENGL,2309,4,12,2,4,0,1,0,0,1,1,0,0,21
2025 - 2026,2026 Spring,UGRD,UGRD,Emran,Dorrazehi,,ENGL,2309,5,16,11,2,0,4,0,0,0,1,0,0,34
2025 - 2026,2026 Spring,UGRD,UGRD,Kayla,Kassakatis,,ENGL,2319,2,29,4,0,0,1,0,0,0,0,0,0,34
2025 - 2026,2026 Spring,UGRD,UGRD,Sarah,Shelton,,ENGL,2319,3,17,9,3,1,3,0,0,0,0,0,0,33
2025 - 2026,2026 Spring,UGRD,UGRD,Joul,Smith,,ENGL,2319,5,20,3,4,1,0,0,0,0,0,0,0,28
2025 - 2026,2026 Spring,UGRD,UGRD,Ji Nang,Kim,,ENGL,2329,5,31,2,1,0,0,0,0,0,0,0,0,34
2025 - 2026,2026 Spring,UGRD,UGRD,Clayton,Dillard,,ENGL,2329,6,19,10,3,0,0,0,0,0,0,0,0,32
2025 - 2026,2026 Spring,UGRD,UGRD,Bethany,Shaffer,,ENGL,2329,7,25,4,1,0,2,0,0,0,1,0,0,33
2025 - 2026,2026 Spring,UGRD,UGRD,Julie,Jones,,ENGL,2329,700,51,7,1,0,1,0,0,0,0,0,0,60
2025 - 2026,2026 Spring,UGRD,UGRD,Julie,Jones,,ENGL,2329,701,40,10,1,0,0,0,0,0,1,0,0,52
2025 - 2026,2026 Spring,UGRD,UGRD,Bethany,Shaffer,,ENGL,2338,14,13,1,3,2,2,0,0,0,1,0,0,22
2025 - 2026,2026 Spring,UGRD,UGRD,Julie,Jones,,ENGL,2338,16,9,6,2,0,3,0,0,0,0,0,0,20
2025 - 2026,2026 Spring,UGRD,UGRD,Amy,Bernhard,,ENGL,2375,4,10,4,0,0,1,0,0,0,1,0,0,16
2025 - 2026,2026 Spring,UGRD,UGRD,Nathanael,OReilly,,ENGL,2375,5,5,8,2,0,1,0,0,0,0,0,0,16
2025 - 2026,2026 Spring,UGRD,UGRD,Joanna,Johnson,,ENGL,3300,2,6,0,0,0,0,0,0,0,0,0,0,6
2025 - 2026,2026 Spring,UGRD,UGRD,Laura,Kopchick,,ENGL,3334,1,11,4,0,0,0,0,0,0,1,0,0,16
2025 - 2026,2026 Spring,UGRD,UGRD,Nathanael,OReilly,,ENGL,3335,1,10,6,0,0,0,0,0,0,0,0,0,16
2025 - 2026,2026 Spring,UGRD,UGRD,Neill,Matheson,,ENGL,3341,2,13,7,4,0,2,0,0,0,0,0,0,26
2025 - 2026,2026 Spring,UGRD,UGRD,Rachael,Mariboho,,ENGL,3350,1,10,2,1,0,2,0,0,0,2,0,0,17
2025 - 2026,2026 Spring,UGRD,UGRD,Penelope,Ingram,,ENGL,3350,2,2,6,1,1,1,0,0,1,4,0,0,16
2025 - 2026,2026 Spring,UGRD,UGRD,Rechelle,Christie,,ENGL,3352,1,13,10,1,0,1,0,0,0,0,0,0,25
2025 - 2026,2026 Spring,UGRD,UGRD,Gyde,Martin,,ENGL,3362,1,4,3,5,2,0,0,0,2,3,0,0,19
2025 - 2026,2026 Spring,UGRD,UGRD,Amy,Tigner,,ENGL,3363,1,5,8,2,1,1,0,0,0,1,0,0,18
2025 - 2026,2026 Spring,UGRD,UGRD,Neill,Matheson,,ENGL,3366,1,11,12,1,0,1,0,0,0,1,0,0,26
2025 - 2026,2026 Spring,UGRD,UGRD,Timothy,Morris,,ENGL,3371,2,16,3,1,0,1,0,0,1,0,0,0,22
2025 - 2026,2026 Spring,UGRD,UGRD,Matthew,Tettleton,,ENGL,3384,3,17,2,0,0,1,0,0,0,0,0,0,20
2025 - 2026,2026 Spring,UGRD,UGRD,Kaci,O'Donnell,,ENGL,3385,1,19,4,1,0,0,0,0,0,0,0,0,24
2025 - 2026,2026 Spring,UGRD,UGRD,Sarah,Shelton,,ENGL,3391,1,9,5,1,0,2,0,0,0,0,0,0,17
2025 - 2026,2026 Spring,UGRD,UGRD,Gyde,Martin,,ENGL,4301,1,9,2,1,1,5,0,0,1,1,0,0,20
2025 - 2026,2026 Spring,UGRD,UGRD,Amy,Tigner,,ENGL,4326,3,8,14,1,0,1,0,0,0,1,0,0,25
2025 - 2026,2026 Spring,UGRD,UGRD,Cedrick,May,,ENGL,4333,1,19,2,0,0,0,0,0,0,0,0,0,21
2025 - 2026,2026 Spring,UGRD,UGRD,Rachael,Mariboho,,ENGL,4337,1,20,5,0,0,1,0,0,0,0,0,0,26
2025 - 2026,2026 Spring,UGRD,UGRD,Laura,Kopchick,,ENGL,4353,1,13,2,1,0,0,0,0,0,0,0,0,16
2025 - 2026,2026 Spring,UGRD,UGRD,Joanna,Johnson,,ENGL,4366,1,17,8,1,0,0,0,0,0,0,0,0,26
2025 - 2026,2026 Spring,UGRD,UGRD,Gabriel,Aguilar,,ENGL,4372,1,16,0,0,0,0,0,0,0,0,0,0,16
2025 - 2026,2026 Spring,UGRD,UGRD,Stephanie,Kinzinger,,ENGL,4374,1,9,2,1,0,1,0,0,0,2,0,0,15
2025 - 2026,2026 Spring,UGRD,UGRD,Douglas,Stark,,ENGL,4375,1,6,0,1,0,0,0,0,1,0,0,0,8
2025 - 2026,2026 Spring,UGRD,UGRD,Michael,Brittain,,ENGL,4387,1,9,4,0,1,0,0,0,0,2,0,0,16
2025 - 2026,2026 Spring,UGRD,UGRD,Kaci,O'Donnell,,ENGL,4388,1,21,2,1,0,0,0,0,0,0,0,0,24
2025 - 2026,2026 Spring,UGRD,UGRD,Sarah,Shelton,,ENGL,4390,2,7,0,0,0,0,0,0,0,0,0,0,7
2025 - 2026,2026 Spring,UGRD,UGRD,Kathryn,Warren,,ENGL,4399,1,12,2,0,0,0,0,0,0,0,0,0,14
2025 - 2026,2026 Spring,UGRD,UGRD,Amy,Hodges,,ENGL,4399,2,11,4,0,0,0,0,0,0,0,0,0,15
2025 - 2026,2026 Spring,UGRD,UGRD,Janice,Tiernan,,ENGR,1101,1,54,20,13,7,9,0,0,7,4,0,0,114
2025 - 2026,2026 Spring,UGRD,UGRD,Janice,Tiernan,,ENGR,1101,2,33,20,10,4,6,0,0,2,2,0,0,77
2025 - 2026,2026 Spring,UGRD,UGRD,Paul,Componation,,ENGR,2100,1,0,0,0,0,0,0,19,0,0,0,0,19
2025 - 2026,2026 Spring,UGRD,UGRD,Lori,Ramirez,,ENTR,3325,2,12,14,3,0,1,0,0,1,0,0,0,31
2025 - 2026,2026 Spring,UGRD,UGRD,Lori,Ramirez,,ENTR,3325,3,5,8,0,0,1,0,0,0,1,0,0,15
2025 - 2026,2026 Spring,UGRD,UGRD,Pyayt,Oo,,ENTR,4333,1,8,3,1,0,0,0,0,0,0,0,0,12
2025 - 2026,2026 Spring,UGRD,UGRD,Pyayt,Oo,,ENTR,4334,1,3,7,1,0,0,0,0,0,0,0,0,11
2025 - 2026,2026 Spring,UGRD,UGRD,Jeffrey,McGee,,ENTR,4338,1,2,6,1,0,0,0,0,0,0,0,0,9
2025 - 2026,2026 Spring,UGRD,UGRD,Suzanne,Smith,,ENTR,4345,1,3,2,0,0,1,1,0,0,3,0,0,10
2025 - 2026,2026 Spring,UGRD,UGRD,Joshua,Pulcinella,,ENVR,1301,1,37,9,5,0,2,0,0,0,0,0,0,53
2025 - 2026,2026 Spring,UGRD,UGRD,Joshua,Pulcinella,,ENVR,1301,45,119,22,8,1,3,0,0,2,3,0,0,158
2025 - 2026,2026 Spring,UGRD,UGRD,Joshua,Pulcinella,,ENVR,1301,46,21,6,5,1,3,0,0,1,2,0,0,39
2025 - 2026,2026 Spring,UGRD,UGRD,Cornelia,Winguth,,ENVR,1330,1,6,9,4,1,1,0,0,0,0,0,0,21
2025 - 2026,2026 Spring,UGRD,UGRD,Un-Jung,Kim,,ENVR,2314,1,3,3,4,3,3,0,0,0,0,0,0,16
2025 - 2026,2026 Spring,UGRD,UGRD,Yunyao,Li,,ENVR,4199,1,0,0,0,0,0,0,6,0,0,0,0,6
2025 - 2026,2026 Spring,UGRD,UGRD,Andrew,Hunt,,ENVR,4308,1,17,2,0,0,0,0,0,0,0,0,0,19
2025 - 2026,2026 Spring,UGRD,UGRD,Ricardo,Sanchez Murillo,,ENVR,4325,1,15,4,0,0,0,0,0,0,1,0,0,20
2025 - 2026,2026 Spring,UGRD,UGRD,Yike,Shen,,ENVR,4458,1,6,5,3,0,0,0,0,0,0,0,0,14
2025 - 2026,2026 Spring,UGRD,UGRD,Lori,Lewis,,ESST,2300,1,30,4,1,1,0,0,0,0,0,0,0,36
2025 - 2026,2026 Spring,UGRD,UGRD,Rhonda,Prisby,,EXSA,1247,1,92,16,5,1,1,0,0,0,2,0,0,117
2025 - 2026,2026 Spring,UGRD,UGRD,Steve,Isbell,,FINA,2330,2,34,38,23,0,4,0,0,0,1,0,0,100
2025 - 2026,2026 Spring,UGRD,UGRD,Steve,Isbell,,FINA,2330,3,9,2,2,0,1,0,0,2,2,0,0,18
2025 - 2026,2026 Spring,UGRD,UGRD,Ramya,Aroul,,FINA,3311,1,30,26,11,1,1,0,0,0,1,0,0,70
2025 - 2026,2026 Spring,UGRD,UGRD,Dilruba,Moutusi,,FINA,3313,1,12,20,23,10,4,0,0,1,5,0,0,75
2025 - 2026,2026 Spring,UGRD,UGRD,Richard,Berard,,FINA,3313,3,15,28,19,6,2,1,0,0,2,0,0,73
2025 - 2026,2026 Spring,UGRD,UGRD,Richard,Berard,,FINA,3313,4,12,21,27,11,1,1,0,0,2,0,0,75
2025 - 2026,2026 Spring,UGRD,UGRD,Yibing,Du,,FINA,3313,5,13,25,23,8,1,0,0,3,1,0,0,74
2025 - 2026,2026 Spring,UGRD,UGRD,Yibing,Du,,FINA,3313,6,12,20,27,9,4,0,0,2,0,0,0,74
2025 - 2026,2026 Spring,UGRD,UGRD,Dilruba,Moutusi,,FINA,3313,7,12,20,22,13,3,0,0,1,4,0,0,75
2025 - 2026,2026 Spring,UGRD,UGRD,Dilruba,Moutusi,,FINA,3313,8,11,25,26,9,2,0,0,0,2,0,0,75
2025 - 2026,2026 Spring,UGRD,UGRD,Dilruba,Moutusi,,FINA,3313,9,7,12,12,6,5,0,0,0,3,0,0,45
2025 - 2026,2026 Spring,UGRD,UGRD,Jafrin Akter,Juthi,,FINA,3315,2,8,36,18,4,2,0,0,1,2,0,0,71
2025 - 2026,2026 Spring,UGRD,UGRD,Yibing,Du,,FINA,3315,3,13,41,17,0,0,0,0,0,0,0,0,71
2025 - 2026,2026 Spring,UGRD,UGRD,Sriram,Villupuram,,FINA,3315,4,1,15,10,0,0,0,0,0,1,0,0,27
2025 - 2026,2026 Spring,UGRD,UGRD,Teng,Wang,,FINA,3317,1,44,15,2,0,2,0,0,0,2,0,0,65
2025 - 2026,2026 Spring,UGRD,UGRD,Trang,Thai,,FINA,3317,2,5,21,3,0,1,0,0,0,2,0,0,32
2025 - 2026,2026 Spring,UGRD,UGRD,Trang,Thai,,FINA,3317,3,15,31,16,1,0,0,0,2,0,0,0,65
2025 - 2026,2026 Spring,UGRD,UGRD,David,Rakowski,,FINA,4311,1,3,15,10,0,0,0,0,0,0,0,0,28
2025 - 2026,2026 Spring,UGRD,UGRD,Yibing,Du,,FINA,4315,1,14,24,10,2,0,0,0,0,3,0,0,53
2025 - 2026,2026 Spring,UGRD,UGRD,Richard,Berard,,FINA,4315,2,16,17,28,2,1,0,0,0,5,0,0,69
2025 - 2026,2026 Spring,UGRD,UGRD,Teng,Wang,,FINA,4317,1,17,6,0,0,0,0,0,0,0,0,0,23
2025 - 2026,2026 Spring,UGRD,UGRD,Edwin,Altomare,,FINA,4320,1,3,6,5,0,0,0,0,0,1,0,0,15
2025 - 2026,2026 Spring,UGRD,UGRD,Trang,Thai,,FINA,4324,1,10,21,2,0,0,0,0,0,0,0,0,33
2025 - 2026,2026 Spring,UGRD,UGRD,Edwin,Altomare,,FINA,4324,2,11,14,10,2,0,0,0,0,2,0,0,39
2025 - 2026,2026 Spring,UGRD,UGRD,Aaron,Smallwood,,FINA,4324,3,7,1,0,0,0,0,0,0,0,0,0,8
2025 - 2026,2026 Spring,UGRD,UGRD,Trang,Thai,,FINA,4328,1,10,9,0,0,0,0,0,0,0,0,0,19
2025 - 2026,2026 Spring,UGRD,UGRD,Noura Khadidja,Kone,,FINA,4351,1,3,5,4,0,1,0,0,0,1,0,0,14
2025 - 2026,2026 Spring,UGRD,UGRD,Steve,Isbell,,FINA,4393,1,0,0,0,0,0,0,10,0,0,0,0,10
2025 - 2026,2026 Spring,UGRD,GRAD,John,Adams,,FINA,5323,1,5,5,0,0,0,0,0,0,0,0,0,10
2025 - 2026,2026 Spring,UGRD,GRAD,David,Rakowski,,FINA,5334,60,19,1,0,0,1,0,0,0,0,0,0,21
2025 - 2026,2026 Spring,UGRD,GRAD,Sanjiv,Sabherwal,,FINA,5351,1,10,7,2,1,1,0,0,0,1,0,0,22
2025 - 2026,2026 Spring,UGRD,UGRD,Alexandria,Gray,,FREN,1441,1,12,3,0,0,3,0,0,1,0,0,0,19
2025 - 2026,2026 Spring,UGRD,UGRD,Alicia,Soueid,,FREN,1441,3,6,5,8,3,1,0,0,0,1,0,0,24
2025 - 2026,2026 Spring,UGRD,UGRD,Brooke,Cunningham-Koss,,FREN,1441,4,8,6,6,0,2,0,0,0,3,0,0,25
2025 - 2026,2026 Spring,UGRD,UGRD,Alicia,Soueid,,FREN,1441,5,2,4,6,8,4,0,0,0,1,0,0,25
2025 - 2026,2026 Spring,UGRD,UGRD,Alexandria,Gray,,FREN,1442,1,24,5,1,0,0,0,0,0,0,0,0,30
2025 - 2026,2026 Spring,UGRD,UGRD,Alexandria,Gray,,FREN,1442,2,15,3,5,1,0,0,0,0,0,0,0,24
2025 - 2026,2026 Spring,UGRD,UGRD,Najia,Alameddin,,FREN,1442,3,10,6,2,0,0,0,0,0,4,0,0,22
2025 - 2026,2026 Spring,UGRD,UGRD,Aimee,Israel-Pelletier,,FREN,2310,1,8,5,3,1,1,0,0,1,1,0,0,20
2025 - 2026,2026 Spring,UGRD,UGRD,Najia,Alameddin,,FREN,2313,1,6,3,2,0,0,0,0,0,0,0,0,11
2025 - 2026,2026 Spring,UGRD,UGRD,Alicia,Soueid,,FREN,2314,1,8,3,0,0,1,0,0,0,0,0,0,12
2025 - 2026,2026 Spring,UGRD,UGRD,Najia,Alameddin,,FREN,3303,1,3,2,4,0,0,0,0,0,1,0,0,10
2025 - 2026,2026 Spring,UGRD,UGRD,Cynthia,Laborde,,FREN,3309,1,8,3,0,0,0,0,0,0,1,0,0,12
2025 - 2026,2026 Spring,UGRD,UGRD,Najia,Alameddin,,FREN,4314,1,7,5,5,0,0,0,0,0,0,0,0,17
2025 - 2026,2026 Spring,UGRD,UGRD,Aimee,Israel-Pelletier,,FREN,4391,1,4,1,1,0,0,0,0,0,0,0,0,6
2025 - 2026,2026 Spring,UGRD,UGRD,Taylor,Tappan,,GEOG,2301,1,8,12,10,6,1,0,0,0,2,0,0,39
2025 - 2026,2026 Spring,UGRD,UGRD,Andrew,Milson,,GEOG,2302,1,21,4,1,0,0,0,0,0,0,0,0,26
2025 - 2026,2026 Spring,UGRD,UGRD,Elizabeth,Nelson,,GEOG,2302,2,25,6,5,1,2,0,0,0,1,0,0,40
2025 - 2026,2026 Spring,UGRD,UGRD,Andrew,Milson,,GEOG,2303,3,7,2,1,0,1,0,0,0,1,0,0,12
2025 - 2026,2026 Spring,UGRD,UGRD,Andrew,Milson,,GEOG,3310,1,9,5,2,0,0,0,0,0,0,0,0,16
2025 - 2026,2026 Spring,UGRD,UGRD,Charles,Travis,,GEOG,3334,1,18,4,2,0,1,0,0,0,0,0,0,25
2025 - 2026,2026 Spring,UGRD,UGRD,Charles,Travis,,GEOG,3380,1,8,7,3,0,1,1,0,0,0,0,0,20
2025 - 2026,2026 Spring,UGRD,UGRD,Taylor,Tappan,,GEOG,4330,1,2,2,1,0,1,2,0,0,0,0,0,8
2025 - 2026,2026 Spring,UGRD,UGRD,Behzad,Ghanbarian,,GEOL,1301,1,56,20,12,9,0,4,0,1,2,0,0,104
2025 - 2026,2026 Spring,UGRD,UGRD,Cornelia,Winguth,,GEOL,1301,45,98,38,14,4,2,0,0,1,1,0,0,158
2025 - 2026,2026 Spring,UGRD,UGRD,Cornelia,Winguth,,GEOL,1301,46,35,19,14,2,5,0,0,2,1,0,0,78
2025 - 2026,2026 Spring,UGRD,UGRD,Andrew,Hunt,,GEOL,1302,1,51,21,5,2,3,0,0,1,0,0,0,83
2025 - 2026,2026 Spring,UGRD,UGRD,Cornelia,Winguth,,GEOL,1330,1,10,7,2,1,2,0,0,0,0,0,0,22
2025 - 2026,2026 Spring,UGRD,UGRD,Cornelia,Winguth,,GEOL,1330,45,90,39,13,5,4,0,0,0,6,0,0,157
2025 - 2026,2026 Spring,UGRD,UGRD,Joshua,Pulcinella,,GEOL,1340,1,24,17,9,0,0,0,0,0,0,0,0,50
2025 - 2026,2026 Spring,UGRD,UGRD,Joshua,Pulcinella,,GEOL,1350,1,18,7,4,0,0,0,0,0,0,0,0,29
2025 - 2026,2026 Spring,UGRD,UGRD,Andrew,Hunt,,GEOL,1360,1,8,5,0,0,0,0,0,0,0,0,0,13
2025 - 2026,2026 Spring,UGRD,UGRD,Elsa,Pirouz,,GEOL,3340,1,48,45,7,2,3,0,0,2,0,0,0,107
2025 - 2026,2026 Spring,UGRD,UGRD,Majie,Fan,,GEOL,3442,1,1,8,3,4,0,0,0,0,0,0,0,16
2025 - 2026,2026 Spring,UGRD,UGRD,Gautam,Khanal,Majie Fan,GEOL,3446,1,9,5,1,0,0,0,0,0,0,0,0,15
2025 - 2026,2026 Spring,UGRD,UGRD,Elsa,Pirouz,,GEOL,4330,45,55,7,5,1,9,0,0,0,1,0,0,78
2025 - 2026,2026 Spring,UGRD,UGRD,Elsa,Pirouz,,GEOL,4333,45,11,6,4,0,0,0,0,0,1,0,0,22
2025 - 2026,2026 Spring,UGRD,UGRD,Elsa,Pirouz,,GEOL,4334,45,0,0,0,0,0,1,10,1,1,0,0,13
2025 - 2026,2026 Spring,UGRD,UGRD,Behzad,Ghanbarian,,GEOL,4420,1,6,3,1,1,0,0,0,0,0,0,0,11
2025 - 2026,2026 Spring,UGRD,UGRD,Yike,Shen,,GEOL,4458,1,5,2,0,0,0,0,0,0,0,0,0,7
2025 - 2026,2026 Spring,UGRD,UGRD,Arne,Winguth,,GEOL,4465,1,7,5,1,1,0,0,0,0,0,0,0,14
2025 - 2026,2026 Spring,UGRD,UGRD,Ketevan,Karukhnishvili,,GERM,1441,3,24,4,0,0,0,0,0,0,1,0,0,29
2025 - 2026,2026 Spring,UGRD,UGRD,Gayane,Paul,,GERM,1442,1,9,3,1,0,0,0,0,0,1,0,0,14
2025 - 2026,2026 Spring,UGRD,UGRD,Ketevan,Karukhnishvili,,GERM,1442,4,13,2,2,0,0,0,0,0,0,0,0,17
2025 - 2026,2026 Spring,UGRD,UGRD,Yeon Mi,Choi,,GLOBAL,2301,1,18,6,2,0,4,0,0,0,0,0,0,30
2025 - 2026,2026 Spring,UGRD,UGRD,Solymar,Torres-Garcia,,GLOBAL,2301,3,26,4,0,0,0,0,0,0,1,0,0,31
2025 - 2026,2026 Spring,UGRD,UGRD,Reem,Shishakly,,GLOBAL,2301,4,19,5,2,1,1,0,0,0,2,0,0,30
2025 - 2026,2026 Spring,UGRD,UGRD,Reem,Shishakly,,GLOBAL,2301,5,13,6,5,2,2,0,0,0,1,0,0,29
2025 - 2026,2026 Spring,UGRD,UGRD,Alexandria,Gray,,GLOBAL,2301,6,23,4,2,1,0,0,0,0,0,0,0,30
2025 - 2026,2026 Spring,UGRD,UGRD,Iya,Price,,GLOBAL,3302,1,3,2,4,0,0,0,0,1,0,0,0,10
2025 - 2026,2026 Spring,UGRD,UGRD,Samuel,Smith,,GLOBAL,4312,1,13,0,0,0,0,0,0,0,0,0,0,13
2025 - 2026,2026 Spring,UGRD,UGRD,Jennifer,Conner,,GWSS,2310,1,19,7,5,1,4,0,0,0,2,0,0,38
2025 - 2026,2026 Spring,UGRD,UGRD,Alicia,Garza,,GWSS,2310,2,64,7,3,1,1,0,0,1,1,0,0,78
2025 - 2026,2026 Spring,UGRD,UGRD,Julia,Medhurst,,GWSS,2315,1,13,7,2,1,1,0,0,0,0,0,0,24
2025 - 2026,2026 Spring,UGRD,UGRD,Alicia,Garza,,GWSS,3301,1,31,3,0,0,4,0,0,0,1,0,0,39
2025 - 2026,2026 Spring,UGRD,UGRD,Brandi,Andrade,,GWSS,3361,3,4,4,0,0,0,0,0,0,0,0,0,8
2025 - 2026,2026 Spring,UGRD,UGRD,Karen,Martin,,GWSS,3385,5,9,0,1,0,0,0,0,0,0,0,0,10
2025 - 2026,2026 Spring,UGRD,UGRD,Ida,Klang,,HEED,1301,1,27,5,4,3,0,0,0,1,0,0,0,40
2025 - 2026,2026 Spring,UGRD,UGRD,Tyler,Garner,,HEED,3301,1,29,34,14,5,5,0,0,1,0,0,0,88
2025 - 2026,2026 Spring,UGRD,UGRD,Xavier,Aranda,,HEED,3303,1,14,4,0,0,0,0,0,0,0,0,0,18
2025 - 2026,2026 Spring,UGRD,UGRD,Stephanie,Spohr,,HEED,3305,2,50,40,11,1,2,0,0,0,1,0,0,105
2025 - 2026,2026 Spring,UGRD,UGRD,Amanda,English,,HEED,3305,500,77,28,6,3,2,0,0,0,1,0,0,117
2025 - 2026,2026 Spring,UGRD,UGRD,Rebecca,Garner,,HEED,3330,1,58,9,4,1,2,0,0,0,0,0,0,74
2025 - 2026,2026 Spring,UGRD,UGRD,Rebecca,Garner,,HEED,3330,500,43,6,2,1,1,0,0,0,1,0,0,54
2025 - 2026,2026 Spring,UGRD,UGRD,Laura,Phipps,,HEED,4311,1,34,17,3,0,1,0,0,0,1,0,0,56
2025 - 2026,2026 Spring,UGRD,UGRD,Joy,Jackson,,HEED,4311,500,49,6,2,0,0,0,0,0,0,0,0,57
2025 - 2026,2026 Spring,UGRD,UGRD,Tyler,Garner,,HEED,4312,500,103,18,5,2,3,0,0,1,0,0,0,132
2025 - 2026,2026 Spring,UGRD,UGRD,Yeonwoo,Kim,,HEED,4320,1,64,4,2,2,0,0,0,0,2,0,0,74
2025 - 2026,2026 Spring,UGRD,UGRD,Feinuo,Sun,,HEED,4320,2,39,16,6,2,8,0,0,1,2,0,0,74
2025 - 2026,2026 Spring,UGRD,UGRD,Stephanie,Spohr,,HEED,4320,500,69,37,4,3,1,0,0,0,0,0,0,114
2025 - 2026,2026 Spring,UGRD,UGRD,Angela,Liegey-Dougall,,HEED,4357,1,6,8,4,0,2,0,0,0,2,0,0,22
2025 - 2026,2026 Spring,UGRD,UGRD,Jonathan,Steplyk,,HIST,1301,2,40,23,21,9,6,0,0,0,1,0,0,100
2025 - 2026,2026 Spring,UGRD,UGRD,Candace,Carlisle Vilas,,HIST,1301,3,63,29,14,14,6,0,0,5,15,0,0,146
2025 - 2026,2026 Spring,UGRD,UGRD,Wendell,Hunnicutt,,HIST,1301,4,114,27,5,3,7,0,0,3,1,0,0,160
2025 - 2026,2026 Spring,UGRD,UGRD,Jay,Ransom,,HIST,1301,5,72,33,17,5,11,0,0,1,0,0,0,139
2025 - 2026,2026 Spring,UGRD,UGRD,Ashley,Umphenour,,HIST,1301,6,52,45,19,9,15,0,0,3,3,0,0,146
2025 - 2026,2026 Spring,UGRD,UGRD,Stephanie,Cole,,HIST,1301,7,33,52,26,12,12,0,0,0,9,0,0,144
2025 - 2026,2026 Spring,UGRD,UGRD,Angela,Austin,,HIST,1301,8,70,29,17,8,13,0,0,0,5,0,0,142
2025 - 2026,2026 Spring,UGRD,UGRD,Angela,Austin,,HIST,1301,9,23,7,5,0,3,0,0,1,1,0,0,40
2025 - 2026,2026 Spring,UGRD,UGRD,Angela,Austin,,HIST,1301,10,32,7,5,1,1,0,0,0,4,0,0,50
2025 - 2026,2026 Spring,UGRD,UGRD,Kevin,Smant,,HIST,1301,12,5,22,14,2,1,0,0,1,2,0,0,47
2025 - 2026,2026 Spring,UGRD,UGRD,Kevin,Smant,,HIST,1301,13,2,21,13,2,4,0,0,1,5,0,0,48
2025 - 2026,2026 Spring,UGRD,UGRD,Jonathan,Steplyk,,HIST,1301,14,34,10,4,1,1,0,0,0,0,0,0,50
2025 - 2026,2026 Spring,UGRD,UGRD,Ashley,Umphenour,,HIST,1301,15,21,19,4,1,3,0,0,1,1,0,0,50
2025 - 2026,2026 Spring,UGRD,UGRD,Angela,Austin,,HIST,1301,16,21,13,3,2,1,0,0,0,0,0,0,40
2025 - 2026,2026 Spring,UGRD,UGRD,Margaret,Keller Garnett,,HIST,1301,700,108,26,7,4,6,0,0,3,2,0,0,156
2025 - 2026,2026 Spring,UGRD,UGRD,Nathaniel,Goodwin,,HIST,1301,701,86,20,8,2,9,0,0,0,1,0,0,126
2025 - 2026,2026 Spring,UGRD,UGRD,Bobby,Oliver,,HIST,1302,2,26,57,32,8,18,0,0,0,3,0,0,144
2025 - 2026,2026 Spring,UGRD,UGRD,Bobby,Oliver,,HIST,1302,3,31,41,39,19,13,0,0,0,2,0,0,145
2025 - 2026,2026 Spring,UGRD,UGRD,Jonathan,Steplyk,,HIST,1302,4,73,45,18,3,5,0,0,0,0,0,0,144
2025 - 2026,2026 Spring,UGRD,UGRD,Halen,Watkins,,HIST,1302,6,64,135,57,15,18,0,0,3,6,0,0,298
2025 - 2026,2026 Spring,UGRD,UGRD,Kenyon,Zimmer,,HIST,1302,7,95,35,6,4,4,0,0,1,0,0,0,145
2025 - 2026,2026 Spring,UGRD,UGRD,Halen,Watkins,,HIST,1302,12,42,58,26,12,3,0,0,0,5,0,0,146
2025 - 2026,2026 Spring,UGRD,UGRD,Karen,Beasley,,HIST,1302,15,6,17,8,3,3,0,0,2,0,0,0,39
2025 - 2026,2026 Spring,UGRD,UGRD,Karen,Beasley,,HIST,1302,16,40,48,32,6,10,1,0,2,4,0,0,143
2025 - 2026,2026 Spring,UGRD,UGRD,Karen,Beasley,,HIST,1302,18,6,13,15,2,3,0,0,0,0,0,0,39
2025 - 2026,2026 Spring,UGRD,UGRD,Daniel,Degges,,HIST,1302,19,45,3,0,2,0,0,0,0,0,0,0,50
2025 - 2026,2026 Spring,UGRD,UGRD,Kevin,Smant,,HIST,1302,21,5,16,19,4,3,0,0,0,1,0,0,48
2025 - 2026,2026 Spring,UGRD,UGRD,Kevin,Smant,,HIST,1302,22,4,23,12,3,3,0,0,0,4,0,0,49
2025 - 2026,2026 Spring,UGRD,UGRD,Michael,Stout,,HIST,1302,23,44,1,3,0,1,0,0,0,0,0,0,49
2025 - 2026,2026 Spring,UGRD,UGRD,Aaron,Johnson,,HIST,1302,700,83,40,16,3,3,0,0,0,2,0,0,147
2025 - 2026,2026 Spring,UGRD,UGRD,Aaron,Johnson,,HIST,1302,701,82,48,14,1,6,0,0,0,3,0,0,154
2025 - 2026,2026 Spring,UGRD,UGRD,Jennifer,Jenkins,,HIST,1331,1,56,40,12,3,12,0,0,3,1,0,0,127
2025 - 2026,2026 Spring,UGRD,UGRD,Leah,Bouas,,HIST,1331,1,56,40,12,3,12,0,0,3,1,0,0,127
2025 - 2026,2026 Spring,UGRD,UGRD,Merry,Jett,,HIST,1331,2,20,10,7,4,4,0,0,0,3,0,0,48
2025 - 2026,2026 Spring,UGRD,UGRD,Alexandra,Rains,,HIST,1331,3,43,25,6,5,7,1,0,2,1,0,0,90
2025 - 2026,2026 Spring,UGRD,UGRD,Kimberly,Breuer,,HIST,1332,1,10,4,0,0,0,0,0,0,0,0,0,14
2025 - 2026,2026 Spring,UGRD,UGRD,Ryan,Nash,,HIST,1332,2,22,10,8,3,2,0,0,1,3,0,0,49
2025 - 2026,2026 Spring,UGRD,UGRD,Maximillian,McClure,,HIST,1332,3,23,20,19,7,5,0,0,3,3,0,0,80
2025 - 2026,2026 Spring,UGRD,UGRD,Eric,Spenk,,HIST,1332,5,26,6,9,2,2,0,0,0,2,0,0,47
2025 - 2026,2026 Spring,UGRD,UGRD,Daniel,Degges,,HIST,2321,2,23,3,0,1,1,0,0,1,3,0,0,32
2025 - 2026,2026 Spring,UGRD,UGRD,Ashley,Umphenour,,HIST,2322,1,18,5,5,0,0,0,0,0,0,0,0,28
2025 - 2026,2026 Spring,UGRD,UGRD,Scott,Palmer,,HIST,2377,1,4,4,9,1,3,0,0,1,7,0,0,29
2025 - 2026,2026 Spring,UGRD,UGRD,Marie,Hartono,,HIST,3300,1,10,7,1,0,2,0,0,0,0,0,0,20
2025 - 2026,2026 Spring,UGRD,UGRD,Kimberly,Breuer,,HIST,3300,2,8,4,2,1,0,0,0,1,0,0,0,16
2025 - 2026,2026 Spring,UGRD,UGRD,Wendell,Hunnicutt,,HIST,3300,4,6,1,0,0,3,0,0,0,2,0,0,12
2025 - 2026,2026 Spring,UGRD,UGRD,Alberto,Ortiz Diaz,,HIST,3308,1,12,5,3,0,3,1,0,0,1,0,0,25
2025 - 2026,2026 Spring,UGRD,UGRD,Sam,Haynes,,HIST,3312,1,4,8,1,1,1,0,0,0,1,0,0,16
2025 - 2026,2026 Spring,UGRD,UGRD,Jonathan,Steplyk,,HIST,3314,1,14,3,0,0,0,1,0,0,0,0,0,18
2025 - 2026,2026 Spring,UGRD,UGRD,Kenyon,Zimmer,,HIST,3325,1,24,2,3,0,0,0,0,0,1,0,0,30
2025 - 2026,2026 Spring,UGRD,UGRD,Charles,Travis,,HIST,3334,1,4,4,1,0,0,0,0,0,0,0,0,9
2025 - 2026,2026 Spring,UGRD,UGRD,Christopher,Morris,,HIST,3338,1,8,9,1,0,1,0,0,0,1,0,0,20
2025 - 2026,2026 Spring,UGRD,UGRD,Halen,Watkins,,HIST,3345,1,15,2,1,0,1,0,0,0,0,0,0,19
2025 - 2026,2026 Spring,UGRD,UGRD,Halen,Watkins,,HIST,3345,4,36,3,1,0,0,0,0,0,0,0,0,40
2025 - 2026,2026 Spring,UGRD,UGRD,Theodore,Banks,,HIST,3346,1,7,4,4,2,0,3,0,1,0,0,0,21
2025 - 2026,2026 Spring,UGRD,UGRD,John,Lundberg,,HIST,3346,4,8,15,6,1,1,0,0,0,4,0,0,35
2025 - 2026,2026 Spring,UGRD,UGRD,David,Baillargeon,,HIST,3363,1,17,4,1,0,0,1,0,0,0,0,0,23
2025 - 2026,2026 Spring,UGRD,UGRD,John,Garrigus,,HIST,3365,1,5,7,0,0,1,0,0,0,0,0,0,13
2025 - 2026,2026 Spring,UGRD,UGRD,Patryk,Babiracki,,HIST,3371,1,4,2,0,2,3,1,0,0,4,0,0,16
2025 - 2026,2026 Spring,UGRD,UGRD,John,Garrigus,,HIST,3375,1,15,7,1,0,1,0,0,1,0,0,0,25
2025 - 2026,2026 Spring,UGRD,UGRD,David,LaFevor,,HIST,3377,1,8,3,2,1,3,0,0,0,2,0,0,19
2025 - 2026,2026 Spring,UGRD,UGRD,Christopher,Taylor,,HIST,3391,1,14,3,0,0,0,1,0,0,1,0,0,19
2025 - 2026,2026 Spring,UGRD,UGRD,Jenny,Sweeney,,HIST,3392,1,9,3,0,0,0,0,0,0,1,0,0,13
2025 - 2026,2026 Spring,UGRD,UGRD,Sara,Collini,,HIST,3393,1,9,3,1,0,0,0,0,0,0,0,0,13
2025 - 2026,2026 Spring,UGRD,UGRD,Scott,Palmer,,HIST,4363,1,3,7,2,0,0,0,0,0,0,0,0,12
2025 - 2026,2026 Spring,UGRD,UGRD,Marie,Hartono,,HIST,4379,1,8,5,1,0,0,1,0,0,1,0,0,16
2025 - 2026,2026 Spring,UGRD,UGRD,Kimberly,Newcomer-Fitzpatrick,,HIST,4390,23,12,0,0,0,0,0,0,0,1,0,0,13
2025 - 2026,2026 Spring,UGRD,UGRD,Christopher,Morris,,HIST,4391,15,3,0,0,1,2,0,0,0,0,0,0,6
2025 - 2026,2026 Spring,UGRD,UGRD,Kimberly,Breuer,,HIST,4391,19,2,2,0,0,0,1,0,0,2,0,0,7
2025 - 2026,2026 Spring,UGRD,UGRD,Alberto,Ortiz Diaz,,HIST,4395,2,6,7,1,0,0,0,0,0,0,0,0,14
2025 - 2026,2026 Spring,UGRD,UGRD,Delaina,Price,,HIST,4395,3,4,6,3,0,0,0,0,0,0,0,0,13
2025 - 2026,2026 Spring,UGRD,UGRD,Cristina,Salinas,,HIST,4395,4,6,1,0,0,1,0,0,0,1,0,0,9
2025 - 2026,2026 Spring,UGRD,UGRD,Gregory,Hale,,HONR,2106,2,11,0,0,0,0,0,0,0,0,0,0,11
2025 - 2026,2026 Spring,UGRD,UGRD,Sean,Kelly,Jennifer Cowley,HONR,2106,3,25,0,0,1,0,0,0,0,0,0,0,26
2025 - 2026,2026 Spring,UGRD,UGRD,Makenzie,Whitener,,HONR,4000,1,10,0,1,2,1,0,0,0,4,0,0,18
2025 - 2026,2026 Spring,UGRD,UGRD,Makenzie,Whitener,,HONR,4000,2,7,3,1,1,1,0,0,0,1,0,0,14
2025 - 2026,2026 Spring,UGRD,UGRD,Makenzie,Whitener,,HONR,4000,3,8,5,0,0,0,0,0,0,2,0,0,15
2025 - 2026,2026 Spring,UGRD,UGRD,Makenzie,Whitener,,HONR,4000,4,7,0,0,0,0,0,0,0,1,0,0,8
2025 - 2026,2026 Spring,UGRD,UGRD,Michael,Nalley,,HOSP,3350,1,19,25,3,2,0,1,0,0,0,0,0,50
2025 - 2026,2026 Spring,UGRD,UGRD,Michael,Nalley,,HOSP,3351,1,0,6,9,3,0,0,0,1,0,0,0,19
2025 - 2026,2026 Spring,UGRD,UGRD,Edward,Walden,,HOSP,4351,1,13,9,1,0,0,0,0,0,0,0,0,23
2025 - 2026,2026 Spring,UGRD,UGRD,Lesley,Regalado,,HRMN,3320,1,37,13,4,0,0,0,0,0,0,0,0,54
2025 - 2026,2026 Spring,UGRD,UGRD,Jeanne,Michalski,,HRMN,3320,2,34,21,0,0,0,0,0,0,0,0,0,55
2025 - 2026,2026 Spring,UGRD,UGRD,David,Gray,,HRMN,3320,3,3,5,17,1,0,0,0,0,5,0,0,31
2025 - 2026,2026 Spring,UGRD,UGRD,Hanbo,Shim,,HRMN,3320,4,15,18,9,2,2,0,0,1,1,0,0,48
2025 - 2026,2026 Spring,UGRD,UGRD,Joy,Kanu,,HRMN,3320,6,2,10,3,0,0,0,0,0,0,0,0,15
2025 - 2026,2026 Spring,UGRD,UGRD,Jeanne,Michalski,,HRMN,3320,7,32,15,2,2,0,0,0,1,1,0,0,53
2025 - 2026,2026 Spring,UGRD,UGRD,Thomas,Graca,,HRMN,4320,1,11,22,0,1,0,0,0,0,2,0,0,36
2025 - 2026,2026 Spring,UGRD,UGRD,Lesley,Regalado,,HRMN,4328,1,19,8,0,0,0,0,0,0,1,0,0,28
2025 - 2026,2026 Spring,UGRD,UGRD,Jeanne,Michalski,,HRMN,4342,1,5,17,5,0,0,0,0,0,0,0,0,27
2025 - 2026,2026 Spring,UGRD,UGRD,Ariane,Froidevaux,,HRMN,4343,1,6,4,0,0,0,0,0,0,0,0,0,10
2025 - 2026,2026 Spring,UGRD,UGRD,Steven,Gellman,,HUMA,3300,1,29,2,0,0,0,0,0,0,0,0,0,31
2025 - 2026,2026 Spring,UGRD,UGRD,Michael,McShane,,HUMA,3300,2,9,17,7,0,1,0,0,0,0,0,0,34
2025 - 2026,2026 Spring,UGRD,UGRD,Sampson,Gholston,,IE,1110,1,33,8,3,1,3,0,0,0,0,0,0,48
2025 - 2026,2026 Spring,UGRD,UGRD,Bonnie,Boardman,,IE,1325,1,7,11,19,6,8,0,0,0,3,0,0,54
2025 - 2026,2026 Spring,UGRD,UGRD,Bonnie,Boardman,,IE,2305,1,5,8,10,2,3,0,0,1,6,0,0,35
2025 - 2026,2026 Spring,UGRD,UGRD,Bonnie,Boardman,,IE,2305,2,4,4,1,2,0,0,0,0,0,0,0,11
2025 - 2026,2026 Spring,UGRD,UGRD,Yuan,Zhou,,IE,2308,1,11,13,3,0,0,0,0,2,6,0,0,35
2025 - 2026,2026 Spring,UGRD,UGRD,Maysaa,Hamdan,,IE,2308,2,6,13,8,3,0,0,0,0,5,0,0,35
2025 - 2026,2026 Spring,UGRD,UGRD,Mohammad,Jahanbakht,,IE,2308,3,16,9,6,0,3,0,0,0,1,0,0,35
2025 - 2026,2026 Spring,UGRD,UGRD,Maysaa,Hamdan,,IE,2308,4,10,9,8,2,3,0,0,0,3,0,0,35
2025 - 2026,2026 Spring,UGRD,UGRD,Yuan,Zhou,,IE,2308,5,12,9,5,3,5,0,0,0,1,0,0,35
2025 - 2026,2026 Spring,UGRD,UGRD,Brian,Huff,,IE,2308,6,7,9,3,3,8,1,0,1,0,0,0,32
2025 - 2026,2026 Spring,UGRD,UGRD,Maysaa,Hamdan,,IE,2308,7,7,10,9,2,3,1,0,0,2,0,0,34
2025 - 2026,2026 Spring,UGRD,UGRD,Shuchisnigdha,Deb,,IE,3301,1,24,4,2,0,0,0,0,0,0,0,0,30
2025 - 2026,2026 Spring,UGRD,UGRD,Shuchisnigdha,Deb,,IE,3301,2,22,3,2,0,3,0,0,0,1,0,0,31
2025 - 2026,2026 Spring,UGRD,UGRD,Mahmudur,Rahman,,IE,3301,3,15,5,7,2,0,0,0,0,1,0,0,30
2025 - 2026,2026 Spring,UGRD,UGRD,Mohammad,Jahanbakht,,IE,3301,4,28,0,0,0,1,0,0,0,0,0,0,29
2025 - 2026,2026 Spring,UGRD,UGRD,Subhash,Singhal,,IE,3301,5,5,5,8,2,6,0,0,0,3,0,0,29
2025 - 2026,2026 Spring,UGRD,UGRD,Caroline,Krejci,,IE,3301,6,15,7,4,0,1,0,0,0,3,0,0,30
2025 - 2026,2026 Spring,UGRD,UGRD,S M Tazim,Ahmed,,IE,3301,7,20,6,1,1,0,0,0,0,2,0,0,30
2025 - 2026,2026 Spring,UGRD,UGRD,Julia,Bitencourt,,IE,3301,8,10,17,0,0,0,0,0,2,1,0,0,30
2025 - 2026,2026 Spring,UGRD,UGRD,Atefeh,Shoomal,,IE,3301,9,6,11,6,1,2,0,0,0,2,0,0,28
2025 - 2026,2026 Spring,UGRD,UGRD,Yiran,Yang,,IE,3301,10,21,6,3,1,0,0,0,0,0,0,0,31
2025 - 2026,2026 Spring,UGRD,UGRD,Jay,Rosenberger,,IE,3315,1,21,19,2,1,0,0,0,0,0,0,0,43
2025 - 2026,2026 Spring,UGRD,UGRD,Raziye,Aghapour,,IE,3315,2,11,11,6,2,1,0,0,1,1,0,0,33
2025 - 2026,2026 Spring,UGRD,UGRD,Susan,Ferreira,,IE,3351,1,10,11,1,0,1,1,0,0,0,0,0,24
2025 - 2026,2026 Spring,UGRD,UGRD,Aera,LeBoulluec,,IE,4300,1,6,2,1,1,0,0,0,0,0,0,0,10
2025 - 2026,2026 Spring,UGRD,UGRD,Aera,LeBoulluec,,IE,4305,1,13,15,2,0,0,0,0,0,0,0,0,30
2025 - 2026,2026 Spring,UGRD,UGRD,Shouyi,Wang,,IE,4314,1,7,3,0,0,0,0,0,0,0,0,0,10
2025 - 2026,2026 Spring,UGRD,UGRD,Chen,Kan,,IE,4318,1,17,13,2,0,0,0,0,0,0,0,0,32
2025 - 2026,2026 Spring,UGRD,UGRD,Brian,Huff,,IE,4322,1,5,10,11,5,1,0,0,0,1,0,0,33
2025 - 2026,2026 Spring,UGRD,UGRD,Caroline,Krejci,,IE,4340,1,25,15,0,0,0,0,0,0,0,0,0,40
2025 - 2026,2026 Spring,UGRD,UGRD,Mahmudur,Rahman,,IE,4344,1,23,4,1,0,0,0,0,0,0,0,0,28
2025 - 2026,2026 Spring,UGRD,UGRD,Yiran,Yang,,IE,4345,1,34,0,0,0,0,0,0,0,0,0,0,34
2025 - 2026,2026 Spring,UGRD,UGRD,Katherine,Rogers,,IE,4350,1,9,6,2,1,0,1,0,0,0,0,0,19
2025 - 2026,2026 Spring,UGRD,GRAD,Shouyi,Wang,,IE,6318,1,13,1,0,0,0,0,0,0,0,0,0,14
2025 - 2026,2026 Spring,UGRD,UGRD,Dale,Sharpe Jenkins,,INSU,4330,1,3,5,6,1,0,0,0,0,0,0,0,15
2025 - 2026,2026 Spring,UGRD,UGRD,Kaiyue,Liu,,INSY,2303,1,13,34,11,2,4,0,0,2,4,0,0,70
2025 - 2026,2026 Spring,UGRD,UGRD,Karen,Scott,,INSY,2303,1,15,15,10,4,3,0,0,0,4,0,0,51
2025 - 2026,2026 Spring,UGRD,UGRD,Karen,Scott,,INSY,2303,2,10,21,30,4,3,0,0,0,2,0,0,70
2025 - 2026,2026 Spring,UGRD,UGRD,Prasad,Chetti,,INSY,2303,3,13,30,13,1,12,0,0,1,2,0,0,72
2025 - 2026,2026 Spring,UGRD,UGRD,Kaiyue,Liu,,INSY,2303,4,15,26,18,6,4,0,0,0,3,0,0,72
2025 - 2026,2026 Spring,UGRD,UGRD,Scott,Johnson,,INSY,2303,6,5,23,21,7,11,0,0,2,3,0,0,72
2025 - 2026,2026 Spring,UGRD,UGRD,Karen,Scott,,INSY,2303,7,37,31,26,5,10,0,0,1,3,0,0,113
2025 - 2026,2026 Spring,UGRD,UGRD,Gajanan,Ganji,,INSY,2303,8,27,15,12,4,8,0,0,3,3,0,0,72
2025 - 2026,2026 Spring,UGRD,UGRD,Karen,Scott,,INSY,2303,11,32,34,21,7,11,0,0,2,7,0,0,114
2025 - 2026,2026 Spring,UGRD,UGRD,Scott,Johnson,,INSY,2303,12,7,23,34,11,19,0,0,5,11,0,0,110
2025 - 2026,2026 Spring,UGRD,UGRD,Anam,Sahoo,,INSY,3300,1,5,13,3,0,1,0,0,0,3,0,0,25
2025 - 2026,2026 Spring,UGRD,UGRD,Mingwei,Sun,,INSY,3300,2,15,17,6,2,3,0,0,1,1,0,0,45
2025 - 2026,2026 Spring,UGRD,UGRD,Suhash,Sarkar,,INSY,3300,3,5,4,6,1,0,0,0,0,1,0,0,17
2025 - 2026,2026 Spring,UGRD,UGRD,Suhash,Sarkar,,INSY,3300,4,7,10,3,0,0,0,0,2,2,0,0,24
2025 - 2026,2026 Spring,UGRD,UGRD,Naveen,Ramaraju,,INSY,3300,5,22,14,4,5,2,0,0,1,2,0,0,50
2025 - 2026,2026 Spring,UGRD,UGRD,Yumeng,Miao,,INSY,3300,6,6,8,6,2,0,0,0,0,1,0,0,23
2025 - 2026,2026 Spring,UGRD,UGRD,Yumeng,Miao,,INSY,3300,7,9,7,12,4,0,0,0,0,6,0,0,38
2025 - 2026,2026 Spring,UGRD,UGRD,Subhra,Patra,,INSY,3303,1,14,10,4,0,0,0,0,0,1,0,0,29
2025 - 2026,2026 Spring,UGRD,UGRD,Jingguo,Wang,,INSY,3303,2,3,9,11,3,2,0,0,0,4,0,0,32
2025 - 2026,2026 Spring,UGRD,UGRD,Subhra,Patra,,INSY,3303,3,14,5,3,1,3,0,0,0,0,0,0,26
2025 - 2026,2026 Spring,UGRD,UGRD,Scott,Johnson,,INSY,3303,4,13,19,12,2,2,0,0,1,1,0,0,50
2025 - 2026,2026 Spring,UGRD,UGRD,Scott,Johnson,,INSY,3303,5,8,21,15,3,1,0,0,0,1,0,0,49
2025 - 2026,2026 Spring,UGRD,UGRD,Prasad,Chetti,,INSY,3304,1,9,30,9,1,1,0,0,0,0,0,0,50
2025 - 2026,2026 Spring,UGRD,UGRD,Subhra,Patra,,INSY,3304,2,21,17,6,2,1,0,0,1,1,0,0,49
2025 - 2026,2026 Spring,UGRD,UGRD,Prasad,Chetti,,INSY,3304,3,16,29,6,1,0,1,0,0,1,0,0,54
2025 - 2026,2026 Spring,UGRD,UGRD,Dibya,Pattnaik,,INSY,3304,4,7,10,13,3,2,0,0,0,3,0,0,38
2025 - 2026,2026 Spring,UGRD,UGRD,Radha,Mahapatra,,INSY,3304,5,2,5,1,0,0,0,0,0,0,0,0,8
2025 - 2026,2026 Spring,UGRD,UGRD,Anil,Singh,,INSY,3305,1,8,21,20,1,0,0,0,0,0,0,0,50
2025 - 2026,2026 Spring,UGRD,UGRD,Kevin,Hansen,,INSY,3305,2,1,22,5,0,0,0,0,0,0,0,0,28
2025 - 2026,2026 Spring,UGRD,UGRD,Kevin,Hansen,,INSY,3305,3,7,20,8,0,0,0,0,0,0,0,0,35
2025 - 2026,2026 Spring,UGRD,UGRD,Riyaz,Sikora,,INSY,3305,5,11,38,0,0,0,0,0,0,0,0,0,49
2025 - 2026,2026 Spring,UGRD,UGRD,Anam,Sahoo,,INSY,4305,1,9,27,9,0,0,0,0,1,4,0,0,50
2025 - 2026,2026 Spring,UGRD,UGRD,Karen,Scott,,INSY,4305,2,9,24,15,0,0,0,0,0,1,0,0,49
2025 - 2026,2026 Spring,UGRD,UGRD,Anam,Sahoo,,INSY,4305,3,12,24,10,0,1,0,0,0,3,0,0,50
2025 - 2026,2026 Spring,UGRD,UGRD,Anam,Sahoo,,INSY,4305,4,6,11,4,1,0,0,0,0,2,0,0,24
2025 - 2026,2026 Spring,UGRD,UGRD,Sajib,Datta,,INSY,4306,1,12,32,6,0,0,0,0,0,0,0,0,50
2025 - 2026,2026 Spring,UGRD,UGRD,Sajib,Datta,,INSY,4306,2,5,17,5,2,2,0,0,0,1,0,0,32
2025 - 2026,2026 Spring,UGRD,UGRD,Sajib,Datta,,INSY,4306,3,13,26,10,1,0,0,0,0,0,0,0,50
2025 - 2026,2026 Spring,UGRD,UGRD,Santoso,Budiman,,INSY,4307,1,0,8,4,0,0,0,0,0,3,0,0,15
2025 - 2026,2026 Spring,UGRD,UGRD,Santoso,Budiman,,INSY,4307,2,5,8,4,0,1,0,0,0,2,0,0,20
2025 - 2026,2026 Spring,UGRD,UGRD,Yanan,Wang,,INSY,4312,1,7,20,19,4,0,0,0,0,0,0,0,50
2025 - 2026,2026 Spring,UGRD,UGRD,Yanan,Wang,,INSY,4312,2,15,16,20,3,0,0,0,0,0,0,0,54
2025 - 2026,2026 Spring,UGRD,UGRD,Karen,Scott,,INSY,4315,1,6,18,16,3,0,0,0,0,2,0,0,45
2025 - 2026,2026 Spring,UGRD,UGRD,Naveen,Ramaraju,,INSY,4321,1,9,8,6,0,0,0,0,0,1,0,0,24
2025 - 2026,2026 Spring,UGRD,UGRD,Anil,Singh,,INSY,4324,1,1,5,2,0,1,0,0,0,1,0,0,10
2025 - 2026,2026 Spring,UGRD,UGRD,Koshy,Vaidyan Joseph,,INSY,4325,1,19,28,11,0,0,0,0,0,0,0,0,58
2025 - 2026,2026 Spring,UGRD,UGRD,Riyaz,Sikora,,INSY,4325,2,9,35,0,0,1,0,0,0,1,0,0,46
2025 - 2026,2026 Spring,UGRD,UGRD,Koshy,Vaidyan Joseph,,INSY,4325,3,30,26,5,1,0,0,0,0,0,0,0,62
2025 - 2026,2026 Spring,UGRD,UGRD,Kambiz,Saffarizadeh,,INSY,4391,1,7,6,3,0,0,0,0,0,0,0,0,16
2025 - 2026,2026 Spring,UGRD,UGRD,Koshy,Vaidyan Joseph,,INSY,4393,1,0,0,0,0,0,0,10,0,0,0,0,10
2025 - 2026,2026 Spring,UGRD,GRAD,Sung Hyun,Kwon,,INSY,5336,1,15,12,0,0,1,0,0,0,0,0,0,28
2025 - 2026,2026 Spring,UGRD,GRAD,Shuvro,Chakrobartty,,INSY,5337,1,14,10,2,0,0,0,0,0,0,0,0,26
2025 - 2026,2026 Spring,UGRD,GRAD,Chaitanya,Sambhara,,INSY,5375,1,7,22,10,3,0,0,0,0,0,0,0,42
2025 - 2026,2026 Spring,UGRD,UGRD,Ellis,Kirkdorffer,,INTD,1342,1,12,2,0,0,0,0,0,0,2,0,0,16
2025 - 2026,2026 Spring,UGRD,UGRD,Somang,Yang,,INTD,2343,1,8,6,1,0,1,0,0,1,1,0,0,18
2025 - 2026,2026 Spring,UGRD,UGRD,Somang,Yang,,INTD,2343,2,1,3,6,0,3,0,0,0,0,0,0,13
2025 - 2026,2026 Spring,UGRD,UGRD,Donna,Firouzbakht,,INTD,2552,1,8,6,1,0,1,0,0,1,0,0,0,17
2025 - 2026,2026 Spring,UGRD,UGRD,Donna,Firouzbakht,,INTD,2552,2,3,1,4,0,3,0,0,0,1,0,0,12
2025 - 2026,2026 Spring,UGRD,UGRD,Somang,Yang,,INTD,3322,1,18,8,0,0,0,0,0,0,0,0,0,26
2025 - 2026,2026 Spring,UGRD,UGRD,Olivia,Jeffries,,INTD,3357,1,8,15,2,0,0,0,0,0,0,0,0,25
2025 - 2026,2026 Spring,UGRD,UGRD,Ellis,Kirkdorffer,,INTD,3361,1,26,0,0,0,0,0,0,0,0,0,0,26
2025 - 2026,2026 Spring,UGRD,UGRD,Arden,Stephenson,,INTD,3554,1,20,5,0,0,0,0,0,0,0,0,0,25
2025 - 2026,2026 Spring,UGRD,UGRD,Olivia,Jeffries,,INTD,4344,1,5,13,0,0,0,0,0,0,0,0,0,18
2025 - 2026,2026 Spring,UGRD,UGRD,Alex,Gordon,,INTD,4366,1,15,2,1,0,0,0,0,0,0,0,0,18
2025 - 2026,2026 Spring,UGRD,UGRD,Barbara,Marini,,INTD,4493,1,0,0,0,0,0,0,13,0,0,0,0,13
2025 - 2026,2026 Spring,UGRD,UGRD,Olivia,Jeffries,,INTD,4557,1,0,11,7,0,0,0,0,0,0,0,0,18
2025 - 2026,2026 Spring,UGRD,UGRD,Kristen,Spaeth,,INTS,2301,1,6,2,1,1,0,0,0,0,1,0,0,11
2025 - 2026,2026 Spring,UGRD,UGRD,Lily,Tanner,,INTS,2388,1,84,29,11,4,5,0,0,1,20,0,0,154
2025 - 2026,2026 Spring,UGRD,UGRD,Lily,Tanner,,INTS,2388,2,81,27,11,5,4,0,0,1,16,0,0,145
2025 - 2026,2026 Spring,UGRD,UGRD,Geoffrey,Campbell,,JOUR,2330,1,13,10,0,0,1,0,0,0,1,0,0,25
2025 - 2026,2026 Spring,UGRD,UGRD,Brad,Loper,,JOUR,2340,1,18,10,1,0,0,0,0,0,1,0,0,30
2025 - 2026,2026 Spring,UGRD,UGRD,Brad,Loper,,JOUR,2340,2,13,11,3,0,2,0,0,0,0,0,0,29
2025 - 2026,2026 Spring,UGRD,UGRD,Geoffrey,Campbell,,JOUR,2346,1,11,1,1,0,0,0,0,0,1,0,0,14
2025 - 2026,2026 Spring,UGRD,UGRD,Brad,Loper,,JOUR,3341,1,5,7,5,0,1,0,0,0,1,0,0,19
2025 - 2026,2026 Spring,UGRD,UGRD,Erika,Pribanic-Smith,,JOUR,4391,51,5,2,0,0,0,0,0,0,0,0,0,7
2025 - 2026,2026 Spring,UGRD,UGRD,Brad,Heddins,,KINE,1100,3,8,7,2,1,1,0,0,0,0,0,0,19
2025 - 2026,2026 Spring,UGRD,UGRD,Brad,Heddins,,KINE,1100,4,5,4,4,1,4,0,0,0,2,0,0,20
2025 - 2026,2026 Spring,UGRD,UGRD,Brad,Heddins,,KINE,1100,6,8,7,3,1,1,0,0,0,0,0,0,20
2025 - 2026,2026 Spring,UGRD,UGRD,Brad,Heddins,,KINE,1100,7,12,5,0,0,0,0,0,0,1,0,0,18
2025 - 2026,2026 Spring,UGRD,UGRD,Brad,Heddins,,KINE,1100,9,10,4,1,2,1,0,0,1,1,0,0,20
2025 - 2026,2026 Spring,UGRD,UGRD,Tyler,Garner,,KINE,1300,2,33,24,13,2,8,0,0,3,6,0,0,89
2025 - 2026,2026 Spring,UGRD,UGRD,Charles,White,,KINE,1315,1,9,2,3,2,3,0,0,0,0,0,0,19
2025 - 2026,2026 Spring,UGRD,UGRD,Larry,Nelson,,KINE,2301,1,11,0,0,0,1,0,0,0,0,0,0,12
2025 - 2026,2026 Spring,UGRD,UGRD,Alison,White,,KINE,2302,1,3,5,1,0,2,0,0,0,1,0,0,12
2025 - 2026,2026 Spring,UGRD,UGRD,Cynthia,Trowbridge,,KINE,2330,1,6,29,24,7,8,0,0,0,5,0,0,79
2025 - 2026,2026 Spring,UGRD,UGRD,Rebecca,Garner,,KINE,2350,1,42,16,5,1,7,0,0,1,0,0,0,72
2025 - 2026,2026 Spring,UGRD,UGRD,Ann,Amuta-Jimenez,,KINE,2350,2,11,8,3,2,4,0,0,1,0,0,0,29
2025 - 2026,2026 Spring,UGRD,UGRD,Anita,Corbitt,,KINE,2350,3,87,17,7,3,2,0,0,4,3,0,0,123
2025 - 2026,2026 Spring,UGRD,UGRD,Anita,Corbitt,,KINE,2350,4,79,14,12,4,7,0,0,2,1,0,0,119
2025 - 2026,2026 Spring,UGRD,UGRD,Lindsi,Smith,,KINE,2350,500,75,12,6,0,4,0,0,0,2,0,0,99
2025 - 2026,2026 Spring,UGRD,UGRD,Lindsi,Smith,,KINE,2350,501,57,11,0,2,5,0,0,1,2,0,0,78
2025 - 2026,2026 Spring,UGRD,UGRD,Cynthia,Trowbridge,,KINE,3300,1,35,39,18,8,9,1,0,2,14,0,0,126
2025 - 2026,2026 Spring,UGRD,UGRD,Tyler,Garner,,KINE,3302,1,93,12,10,2,4,1,0,0,2,0,0,124
2025 - 2026,2026 Spring,UGRD,UGRD,Abu,Yilla,,KINE,3304,1,11,4,2,2,0,0,0,0,0,0,0,19
2025 - 2026,2026 Spring,UGRD,UGRD,Abu,Yilla,,KINE,3307,1,22,13,5,4,2,0,0,0,0,0,0,46
2025 - 2026,2026 Spring,UGRD,UGRD,Abu,Yilla,,KINE,3325,1,49,14,2,2,1,0,0,0,0,0,0,68
2025 - 2026,2026 Spring,UGRD,UGRD,Rebecca,Garner,,KINE,3350,1,55,13,6,1,2,0,0,0,2,0,0,79
2025 - 2026,2026 Spring,UGRD,UGRD,Brandie,Green,,KINE,3350,500,14,22,7,0,1,0,0,0,4,0,0,48
2025 - 2026,2026 Spring,UGRD,UGRD,Ziyad,Ben Taleb,,KINE,3352,1,31,17,1,0,0,0,0,1,0,0,0,50
2025 - 2026,2026 Spring,UGRD,UGRD,Ziyad,Ben Taleb,,KINE,3352,2,43,5,1,1,1,0,0,0,2,0,0,53
2025 - 2026,2026 Spring,UGRD,UGRD,Lisa,Sheppard-Goodlett,,KINE,3352,500,22,34,18,2,1,0,0,1,0,0,0,78
2025 - 2026,2026 Spring,UGRD,UGRD,Erin,Carlson,,KINE,3353,1,51,23,9,2,0,0,0,1,3,0,0,89
2025 - 2026,2026 Spring,UGRD,UGRD,Lisa,Sheppard-Goodlett,,KINE,3353,500,50,44,14,2,2,0,0,2,3,0,0,117
2025 - 2026,2026 Spring,UGRD,UGRD,Stephanie,Spohr,,KINE,3355,500,96,43,8,1,2,0,0,0,1,0,0,151
2025 - 2026,2026 Spring,UGRD,UGRD,Anita,Corbitt,,KINE,3358,1,68,2,1,0,0,0,0,0,1,0,0,72
2025 - 2026,2026 Spring,UGRD,UGRD,Brandie,Green,,KINE,3358,500,36,30,7,1,1,0,0,0,0,0,0,75
2025 - 2026,2026 Spring,UGRD,UGRD,Alison,White,,KINE,3388,1,8,18,14,8,2,0,0,0,0,0,0,50
2025 - 2026,2026 Spring,UGRD,UGRD,Mark,Ricard,,KINE,3401,1,31,31,12,0,0,0,0,0,1,0,0,75
2025 - 2026,2026 Spring,UGRD,UGRD,Daniel,Trott,,KINE,3415,2,22,36,20,2,0,0,0,0,0,0,0,80
2025 - 2026,2026 Spring,UGRD,UGRD,Brad,Heddins,,KINE,4317,1,13,32,16,2,1,0,0,0,0,0,0,64
2025 - 2026,2026 Spring,UGRD,UGRD,Larry,Nelson,,KINE,4319,1,23,2,0,1,0,0,0,0,0,0,0,26
2025 - 2026,2026 Spring,UGRD,UGRD,Alison,White,,KINE,4321,1,1,5,3,0,0,0,0,0,1,0,0,10
2025 - 2026,2026 Spring,UGRD,UGRD,Shikha,Prashad,,KINE,4323,1,19,30,10,7,0,0,0,0,1,0,0,67
2025 - 2026,2026 Spring,UGRD,UGRD,Jeremy,Roden,,KINE,4329,1,7,12,9,0,0,0,0,0,0,0,0,28
2025 - 2026,2026 Spring,UGRD,UGRD,Rebecca,Garner,,KINE,4330,1,18,6,2,0,0,0,0,0,0,0,0,26
2025 - 2026,2026 Spring,UGRD,UGRD,Abu,Yilla,,KINE,4331,1,32,0,0,0,0,0,0,0,0,0,0,32
2025 - 2026,2026 Spring,UGRD,UGRD,Anita,Corbitt,,KINE,4349,1,40,4,0,1,0,0,0,1,0,0,0,46
2025 - 2026,2026 Spring,UGRD,UGRD,Anita,Corbitt,,KINE,4349,500,50,9,2,0,0,0,0,0,0,0,0,61
2025 - 2026,2026 Spring,UGRD,UGRD,Laura,Phipps,,KINE,4351,1,48,11,5,2,3,0,0,0,1,0,0,70
2025 - 2026,2026 Spring,UGRD,UGRD,Ann,Amuta-Jimenez,,KINE,4352,1,33,10,1,0,0,0,0,1,0,0,0,45
2025 - 2026,2026 Spring,UGRD,UGRD,Joy,Jackson,,KINE,4352,500,38,6,0,0,0,0,0,0,0,0,0,44
2025 - 2026,2026 Spring,UGRD,UGRD,Laura,Phipps,,KINE,4353,1,27,13,4,0,0,0,0,1,0,0,0,45
2025 - 2026,2026 Spring,UGRD,UGRD,Stephanie,Spohr,,KINE,4353,500,43,28,3,0,0,0,0,0,0,0,0,74
2025 - 2026,2026 Spring,UGRD,UGRD,Yue,Liao,,KINE,4354,1,38,12,3,0,0,0,0,0,0,0,0,53
2025 - 2026,2026 Spring,UGRD,UGRD,Alexis,Washington,,KINE,4354,500,21,5,1,0,0,0,0,0,0,0,0,27
2025 - 2026,2026 Spring,UGRD,UGRD,Rebecca,Garner,,KINE,4357,1,30,11,4,2,1,0,0,1,0,0,0,49
2025 - 2026,2026 Spring,UGRD,UGRD,Megan,Wesley,,KINE,4357,500,29,4,2,1,0,0,0,0,0,0,0,36
2025 - 2026,2026 Spring,UGRD,UGRD,Denise,Hernandez,,KINE,4359,1,21,4,1,1,1,0,0,0,1,0,0,29
2025 - 2026,2026 Spring,UGRD,UGRD,Rebecca,Garner,,KINE,4359,2,14,9,1,0,1,0,0,0,1,0,0,26
2025 - 2026,2026 Spring,UGRD,UGRD,Brandie,Green,,KINE,4359,500,16,8,3,0,0,0,0,0,0,0,0,27
2025 - 2026,2026 Spring,UGRD,UGRD,Tyler,Garner,Caifang Wu,KINE,4400,1,18,13,1,0,0,0,0,0,0,0,0,32
2025 - 2026,2026 Spring,UGRD,UGRD,Brad,Heddins,,KINE,4415,1,25,21,13,0,0,0,0,0,0,0,0,59
2025 - 2026,2026 Spring,UGRD,UGRD,Xiangli,Gu,,KINE,4420,1,30,0,0,0,0,0,0,0,0,0,0,30
2025 - 2026,2026 Spring,UGRD,UGRD,Brad,Heddins,,KINE,4490,1,46,0,0,0,0,0,0,0,0,0,0,46
2025 - 2026,2026 Spring,UGRD,UGRD,Brad,Heddins,,KINE,4491,1,27,0,0,0,0,0,0,0,0,0,0,27
2025 - 2026,2026 Spring,UGRD,GRAD,Meredith,Decker,,KINE,5222,1,24,0,0,0,0,1,0,0,0,0,0,25
2025 - 2026,2026 Spring,UGRD,GRAD,Laura,Kunkel,,KINE,5237,1,24,1,0,0,0,0,0,0,0,0,0,25
2025 - 2026,2026 Spring,UGRD,GRAD,Adam,Annaccone,,KINE,5324,1,22,3,0,0,0,0,0,0,0,0,0,25
2025 - 2026,2026 Spring,UGRD,GRAD,Meredith,Decker,,KINE,5325,1,11,13,1,0,0,0,0,0,0,0,0,25
2025 - 2026,2026 Spring,UGRD,GRAD,Erin,Carlson,,KINE,5387,1,15,2,1,0,0,0,0,0,0,0,0,18
2025 - 2026,2026 Spring,UGRD,UGRD,Yeon Mi,Choi,,KORE,1441,2,8,4,1,0,1,0,0,0,2,0,0,16
2025 - 2026,2026 Spring,UGRD,UGRD,Hyuna,Choi,,KORE,1441,3,6,7,8,0,0,0,0,0,0,0,0,21
2025 - 2026,2026 Spring,UGRD,UGRD,Hyuna,Choi,,KORE,1442,1,9,7,3,1,2,0,0,1,2,0,0,25
2025 - 2026,2026 Spring,UGRD,UGRD,Yeon Mi,Choi,,KORE,1442,2,8,6,1,0,2,0,0,0,1,0,0,18
2025 - 2026,2026 Spring,UGRD,UGRD,Hyuna,Choi,,KORE,2310,1,15,0,1,0,3,0,0,2,3,0,0,24
2025 - 2026,2026 Spring,UGRD,UGRD,Sok Ju,Kim,,KORE,2310,2,11,4,1,1,1,0,0,0,1,0,0,19
2025 - 2026,2026 Spring,UGRD,UGRD,Hyuna,Choi,,KORE,2313,1,4,5,0,0,2,0,0,0,0,0,0,11
2025 - 2026,2026 Spring,UGRD,UGRD,Yeon Mi,Choi,,KORE,2314,1,6,4,0,0,1,0,0,0,0,0,0,11
2025 - 2026,2026 Spring,UGRD,UGRD,Sok Ju,Kim,,KORE,3304,1,11,5,1,0,1,0,0,1,0,0,0,19
2025 - 2026,2026 Spring,UGRD,UGRD,Sok Ju,Kim,,KORE,3305,1,9,5,1,0,3,0,0,0,0,0,0,18
2025 - 2026,2026 Spring,UGRD,UGRD,Samuel,Smith,,KORE,3311,1,11,0,0,0,0,0,0,0,0,0,0,11
2025 - 2026,2026 Spring,UGRD,UGRD,Blake,Carpenter,,KORE,3345,1,7,0,0,0,0,0,0,0,0,0,0,7
2025 - 2026,2026 Spring,UGRD,UGRD,Sok Ju,Kim,,KORE,4331,1,8,5,1,0,4,0,0,0,0,0,0,18
2025 - 2026,2026 Spring,UGRD,UGRD,Samuel,Smith,,KORE,4335,2,6,0,0,0,1,0,0,0,0,0,0,7
2025 - 2026,2026 Spring,UGRD,UGRD,Elnaz,Chitsazzadeh,,LARC,4300,1,32,0,0,0,0,0,0,0,0,0,0,32
2025 - 2026,2026 Spring,UGRD,UGRD,Xueyin,Bai,,LARC,4326,1,11,0,0,0,0,0,0,0,0,0,0,11
2025 - 2026,2026 Spring,UGRD,UGRD,Daniel,Scarpace,,LING,2301,1,7,6,6,2,2,0,0,1,0,0,0,24
2025 - 2026,2026 Spring,UGRD,UGRD,Madeleine,Oakley,,LING,2301,3,8,7,2,3,2,0,0,2,1,0,0,25
2025 - 2026,2026 Spring,UGRD,UGRD,Lisa,Jeon,,LING,2371,3,22,7,2,3,4,0,0,0,0,0,0,38
2025 - 2026,2026 Spring,UGRD,UGRD,Danielle,Quaye,,LING,2371,4,11,0,2,0,0,0,0,0,0,0,0,13
2025 - 2026,2026 Spring,UGRD,UGRD,Madeleine,Oakley,,LING,3301,1,3,3,2,1,0,0,0,1,0,0,0,10
2025 - 2026,2026 Spring,UGRD,UGRD,Daniel,Scarpace,,LING,3311,1,1,6,7,0,1,0,0,1,3,0,0,19
2025 - 2026,2026 Spring,UGRD,UGRD,Joseph,Sabbagh,,LING,3340,1,12,5,4,1,2,0,0,0,1,0,0,25
2025 - 2026,2026 Spring,UGRD,UGRD,Laurel,Stvan,,LING,3350,1,21,2,1,1,2,0,0,0,0,0,0,27
2025 - 2026,2026 Spring,UGRD,UGRD,Naoko,Witzel,,LING,3370,1,14,6,2,0,2,0,0,0,1,0,0,25
2025 - 2026,2026 Spring,UGRD,UGRD,Ivy,Hauser,,LING,4301,1,6,5,3,0,0,0,0,0,0,0,0,14
2025 - 2026,2026 Spring,UGRD,UGRD,Marie,Bissell,,LING,4317,1,13,5,0,1,0,0,0,0,0,0,0,19
2025 - 2026,2026 Spring,UGRD,UGRD,Catharine,Welch,,LING,4325,1,6,2,4,1,2,0,0,0,0,0,0,15
2025 - 2026,2026 Spring,UGRD,UGRD,MaryLynn,Patton,,LING,4354,1,7,0,1,0,1,0,0,0,0,0,0,9
2025 - 2026,2026 Spring,UGRD,UGRD,Holly,Hungerford-Kresser,,LIST,4343,111,18,7,2,0,2,0,0,0,0,0,0,29
2025 - 2026,2026 Spring,UGRD,UGRD,Kathleen,Tice,,LIST,4373,1,22,8,0,0,0,0,0,0,0,0,0,30
2025 - 2026,2026 Spring,UGRD,UGRD,Kathleen,Tice,,LIST,4374,1,16,2,0,0,0,0,0,0,0,0,0,18
2025 - 2026,2026 Spring,UGRD,UGRD,Kathleen,Tice,,LIST,4376,1,29,3,1,0,0,0,0,0,0,0,0,33
2025 - 2026,2026 Spring,UGRD,UGRD,Kathleen,Tice,,LIST,4378,1,18,3,0,0,0,0,0,0,1,0,0,22
2025 - 2026,2026 Spring,UGRD,UGRD,Tatia,Jacobson Jordan,,LSHP,4311,1,26,1,0,0,0,0,0,0,0,0,0,27
2025 - 2026,2026 Spring,UGRD,UGRD,Cynthia,St John,,LSHP,4313,1,25,3,0,0,0,0,0,0,0,0,0,28
2025 - 2026,2026 Spring,UGRD,UGRD,Cynthia,St John,,LSHP,4314,1,18,1,0,0,0,0,0,0,1,0,0,20
2025 - 2026,2026 Spring,UGRD,UGRD,Dragos,Dancila,,MAE,1106,1,6,2,3,2,5,0,0,0,1,0,0,19
2025 - 2026,2026 Spring,UGRD,UGRD,Dragos,Dancila,,MAE,1106,2,12,3,0,3,1,0,0,0,1,0,0,20
2025 - 2026,2026 Spring,UGRD,UGRD,Dragos,Dancila,,MAE,1106,3,9,2,2,1,1,0,0,1,4,0,0,20
2025 - 2026,2026 Spring,UGRD,UGRD,Dragos,Dancila,,MAE,1106,4,9,2,0,1,5,0,0,2,1,0,0,20
2025 - 2026,2026 Spring,UGRD,UGRD,Dragos,Dancila,,MAE,1106,5,1,0,5,1,2,0,0,2,7,0,0,18
2025 - 2026,2026 Spring,UGRD,UGRD,Dragos,Dancila,,MAE,1106,6,3,0,3,2,8,0,0,0,4,0,0,20
2025 - 2026,2026 Spring,UGRD,UGRD,Miguel,Amaya,,MAE,1107,1,26,9,3,1,0,0,0,0,0,0,0,39
2025 - 2026,2026 Spring,UGRD,UGRD,Miguel,Amaya,,MAE,1107,2,26,7,4,0,0,0,0,1,1,0,0,39
2025 - 2026,2026 Spring,UGRD,UGRD,Miguel,Amaya,,MAE,1107,3,28,9,0,0,1,0,0,0,2,0,0,40
2025 - 2026,2026 Spring,UGRD,UGRD,Miguel,Amaya,,MAE,1107,4,32,3,1,1,1,0,0,2,0,0,0,40
2025 - 2026,2026 Spring,UGRD,UGRD,Miguel,Amaya,,MAE,1107,5,21,6,2,0,2,0,0,0,1,0,0,32
2025 - 2026,2026 Spring,UGRD,UGRD,David,Ewing,,MAE,1140,1,24,31,22,11,6,0,0,1,1,0,0,96
2025 - 2026,2026 Spring,UGRD,UGRD,David,Ewing,,MAE,1140,2,21,15,14,2,5,0,0,3,0,0,0,60
2025 - 2026,2026 Spring,UGRD,UGRD,Paul,Davidson,David Ewing,MAE,1140,3,8,13,10,7,3,0,0,1,2,0,0,44
2025 - 2026,2026 Spring,UGRD,UGRD,David,Ewing,,MAE,1140,4,13,23,13,6,5,0,0,0,4,0,0,64
2025 - 2026,2026 Spring,UGRD,UGRD,Paul,Davidson,David Ewing,MAE,1140,5,15,11,13,8,9,0,0,1,7,0,0,64
2025 - 2026,2026 Spring,UGRD,UGRD,David,Ewing,,MAE,1140,6,8,15,19,8,7,0,0,4,2,0,0,63
2025 - 2026,2026 Spring,UGRD,UGRD,Md Rassel,Raihan,,MAE,1312,1,8,19,8,7,8,0,0,2,3,0,0,55
2025 - 2026,2026 Spring,UGRD,UGRD,Xin,Liu,,MAE,1312,2,20,24,8,8,5,0,0,0,0,0,0,65
2025 - 2026,2026 Spring,UGRD,UGRD,Xin,Liu,,MAE,1312,3,7,24,10,5,11,0,0,3,3,0,0,63
2025 - 2026,2026 Spring,UGRD,UGRD,Md Rassel,Raihan,,MAE,1312,50,2,6,1,0,1,0,0,0,0,0,0,10
2025 - 2026,2026 Spring,UGRD,UGRD,Raul,Fernandez,,MAE,1351,1,22,28,33,25,0,0,0,2,15,0,0,125
2025 - 2026,2026 Spring,UGRD,UGRD,Raul,Fernandez,,MAE,1351,2,13,35,28,28,3,0,0,5,12,0,0,124
2025 - 2026,2026 Spring,UGRD,UGRD,Raul,Fernandez,,MAE,1351,3,14,37,36,21,1,0,0,2,14,0,0,125
2025 - 2026,2026 Spring,UGRD,UGRD,Raul,Fernandez,,MAE,1351,15,3,21,30,23,9,0,0,5,7,0,0,98
2025 - 2026,2026 Spring,UGRD,UGRD,Md Rassel,Raihan,,MAE,2312,1,6,19,16,12,4,0,0,1,4,0,0,62
2025 - 2026,2026 Spring,UGRD,UGRD,Nora,Ameri,,MAE,2312,2,11,16,15,8,0,1,0,0,6,0,0,57
2025 - 2026,2026 Spring,UGRD,UGRD,Catherine,Kilmain,,MAE,2312,3,5,16,18,11,7,0,0,1,3,0,0,61
2025 - 2026,2026 Spring,UGRD,UGRD,Manoochehr,Rabiei,Alan Bowling,MAE,2323,1,7,12,7,1,4,0,0,0,10,0,0,41
2025 - 2026,2026 Spring,UGRD,UGRD,Alan,Bowling,,MAE,2323,2,2,13,14,5,4,0,0,1,10,0,0,49
2025 - 2026,2026 Spring,UGRD,UGRD,Alan,Bowling,,MAE,2323,3,1,11,11,2,3,0,0,0,17,0,0,45
2025 - 2026,2026 Spring,UGRD,UGRD,Alan,Bowling,,MAE,2323,4,2,10,5,1,5,0,0,0,16,0,0,39
2025 - 2026,2026 Spring,UGRD,UGRD,Ian,Maynard,,MAE,2360,1,17,15,21,22,34,0,0,4,30,0,0,143
2025 - 2026,2026 Spring,UGRD,UGRD,Seiichi,Nomura,,MAE,2360,4,19,33,52,25,17,0,0,4,14,0,0,164
2025 - 2026,2026 Spring,UGRD,UGRD,Aaron,Ameri,,MAE,2381,1,13,33,24,7,0,1,0,0,4,0,0,82
2025 - 2026,2026 Spring,UGRD,UGRD,Aaron,Ameri,,MAE,2381,4,11,41,16,7,0,0,0,0,7,0,0,82
2025 - 2026,2026 Spring,UGRD,UGRD,Dragos,Dancila,,MAE,3181,1,11,3,1,0,1,0,0,0,0,0,0,16
2025 - 2026,2026 Spring,UGRD,UGRD,Dragos,Dancila,,MAE,3181,2,10,1,0,0,1,0,0,0,1,0,0,13
2025 - 2026,2026 Spring,UGRD,UGRD,Dragos,Dancila,,MAE,3181,3,4,6,1,0,0,0,0,0,0,0,0,11
2025 - 2026,2026 Spring,UGRD,UGRD,Dragos,Dancila,,MAE,3181,4,9,3,2,1,0,0,0,0,0,0,0,15
2025 - 2026,2026 Spring,UGRD,UGRD,Dragos,Dancila,,MAE,3181,5,10,5,0,0,0,0,0,0,0,0,0,15
2025 - 2026,2026 Spring,UGRD,UGRD,Vijay,Gopal,,MAE,3182,1,5,9,9,1,1,0,0,0,2,0,0,27
2025 - 2026,2026 Spring,UGRD,UGRD,Vijay,Gopal,,MAE,3182,2,2,10,5,3,0,0,0,0,8,0,0,28
2025 - 2026,2026 Spring,UGRD,UGRD,Thomas,Allsup,,MAE,3183,1,2,13,0,0,0,0,0,0,0,0,0,15
2025 - 2026,2026 Spring,UGRD,UGRD,Thomas,Allsup,,MAE,3183,2,5,10,0,0,0,0,0,0,0,0,0,15
2025 - 2026,2026 Spring,UGRD,UGRD,Thomas,Allsup,,MAE,3183,3,7,8,1,0,0,0,0,0,0,0,0,16
2025 - 2026,2026 Spring,UGRD,UGRD,Thomas,Allsup,,MAE,3183,4,3,7,1,0,0,0,0,0,0,0,0,11
2025 - 2026,2026 Spring,UGRD,UGRD,Thomas,Allsup,,MAE,3185,1,17,11,0,0,1,0,0,0,1,0,0,30
2025 - 2026,2026 Spring,UGRD,UGRD,Thomas,Allsup,,MAE,3185,2,16,15,3,0,0,0,0,0,0,0,0,34
2025 - 2026,2026 Spring,UGRD,UGRD,Shiyao,Lin,,MAE,3242,1,21,26,1,0,0,0,0,1,0,0,0,49
2025 - 2026,2026 Spring,UGRD,UGRD,Liwei,Zhang,,MAE,3301,1,7,10,22,4,4,0,0,1,23,0,0,71
2025 - 2026,2026 Spring,UGRD,UGRD,Sneha,Vanga,,MAE,3302,1,8,18,6,0,0,0,0,0,0,0,0,32
2025 - 2026,2026 Spring,UGRD,UGRD,Zhen Xue,Han,,MAE,3303,1,8,13,10,0,0,0,0,0,5,0,0,36
2025 - 2026,2026 Spring,UGRD,UGRD,Julio,Benavides,,MAE,3304,1,33,24,6,0,1,0,0,0,0,0,0,64
2025 - 2026,2026 Spring,UGRD,UGRD,Ian,Maynard,,MAE,3306,1,8,17,6,5,0,0,0,0,2,0,0,38
2025 - 2026,2026 Spring,UGRD,UGRD,Dora,Musielak,,MAE,3308,1,15,2,0,0,0,0,0,0,0,0,0,17
2025 - 2026,2026 Spring,UGRD,UGRD,Sunand,Santhanagopalan,,MAE,3309,1,26,34,33,7,10,0,0,1,8,0,0,119
2025 - 2026,2026 Spring,UGRD,UGRD,Sneha,Vanga,,MAE,3310,1,19,33,15,4,4,0,0,1,6,0,0,82
2025 - 2026,2026 Spring,UGRD,UGRD,Hyejin,Moon,,MAE,3310,2,32,23,16,4,4,0,0,1,3,0,0,83
2025 - 2026,2026 Spring,UGRD,UGRD,Sneha,Vanga,,MAE,3311,1,11,22,24,4,1,0,0,0,1,0,0,63
2025 - 2026,2026 Spring,UGRD,UGRD,Sneha,Vanga,,MAE,3313,1,26,12,6,3,0,0,0,1,0,0,0,48
2025 - 2026,2026 Spring,UGRD,UGRD,Ankur,Jain,,MAE,3314,1,16,24,17,0,1,0,0,0,0,0,0,58
2025 - 2026,2026 Spring,UGRD,UGRD,Yogesh,Fulpagare,,MAE,3314,2,19,4,1,1,0,0,0,0,0,0,0,25
2025 - 2026,2026 Spring,UGRD,UGRD,Ashfaq,Adnan,,MAE,3315,1,8,14,4,3,1,0,0,0,1,0,0,31
2025 - 2026,2026 Spring,UGRD,UGRD,Daejong,Kim,,MAE,3318,1,15,25,9,3,6,0,0,1,0,0,0,59
2025 - 2026,2026 Spring,UGRD,UGRD,David,Hullender,,MAE,3319,1,8,12,5,2,1,0,0,0,16,0,0,44
2025 - 2026,2026 Spring,UGRD,UGRD,Nancy,Michael,,MAE,3324,1,5,15,25,3,5,0,0,0,8,0,0,61
2025 - 2026,2026 Spring,UGRD,UGRD,Sunand,Santhanagopalan,,MAE,3324,2,28,35,8,2,0,0,0,0,2,0,0,75
2025 - 2026,2026 Spring,UGRD,UGRD,Sunand,Santhanagopalan,,MAE,3344,1,28,27,1,0,0,0,0,0,1,0,0,57
2025 - 2026,2026 Spring,UGRD,UGRD,Catherine,Kilmain,,MAE,3360,1,59,7,8,0,2,0,0,1,3,0,0,80
2025 - 2026,2026 Spring,UGRD,UGRD,Catherine,Kilmain,,MAE,3360,2,61,16,0,1,1,0,0,0,0,0,0,79
2025 - 2026,2026 Spring,UGRD,UGRD,Julio,Benavides,,MAE,3360,3,27,28,9,1,1,0,0,2,0,0,0,68
2025 - 2026,2026 Spring,UGRD,UGRD,Julio,Benavides,,MAE,3405,1,8,29,7,0,0,0,0,0,0,0,0,44
2025 - 2026,2026 Spring,UGRD,UGRD,Bernd,Chudoba,Ian Maynard,MAE,4151,1,9,7,3,0,0,0,0,0,0,0,0,19
2025 - 2026,2026 Spring,UGRD,UGRD,Raul,Fernandez,,MAE,4188,1,57,12,0,0,0,0,0,0,0,0,0,69
2025 - 2026,2026 Spring,UGRD,UGRD,Robert,Woods,,MAE,4287,1,38,4,0,0,0,0,0,0,0,0,0,42
2025 - 2026,2026 Spring,UGRD,UGRD,Thomas,Allsup,,MAE,4287,1,38,4,0,0,0,0,0,0,0,0,0,42
2025 - 2026,2026 Spring,UGRD,UGRD,Catherine,Kilmain,,MAE,4301,2,6,8,2,0,0,0,0,0,0,0,0,16
2025 - 2026,2026 Spring,UGRD,UGRD,Yawen,Wang,,MAE,4301,3,19,5,0,0,0,0,0,0,0,0,0,24
2025 - 2026,2026 Spring,UGRD,UGRD,Raul,Fernandez,,MAE,4301,100,5,17,13,5,0,0,0,0,2,0,0,42
2025 - 2026,2026 Spring,UGRD,UGRD,Julio,Benavides,,MAE,4304,1,17,2,0,0,0,0,0,0,0,0,0,19
2025 - 2026,2026 Spring,UGRD,UGRD,David,Hullender,,MAE,4310,1,9,13,14,2,1,0,0,0,9,0,0,48
2025 - 2026,2026 Spring,UGRD,UGRD,Panayiotis,Shiakolas,,MAE,4310,2,8,24,17,5,1,0,0,0,1,0,0,56
2025 - 2026,2026 Spring,UGRD,UGRD,Yawen,Wang,,MAE,4314,1,36,22,1,0,1,0,0,0,0,0,0,60
2025 - 2026,2026 Spring,UGRD,UGRD,Andrew,Makeev,,MAE,4315,1,4,3,2,0,0,0,0,0,0,0,0,9
2025 - 2026,2026 Spring,UGRD,UGRD,Vijay,Gopal,,MAE,4321,1,4,6,7,4,3,0,0,0,6,0,0,30
2025 - 2026,2026 Spring,UGRD,UGRD,Robert,Taylor,,MAE,4331,1,5,9,1,0,0,0,0,0,0,0,0,15
2025 - 2026,2026 Spring,UGRD,UGRD,Yawen,Wang,,MAE,4342,1,31,22,1,0,2,0,0,0,0,0,0,56
2025 - 2026,2026 Spring,UGRD,UGRD,Shiyao,Lin,,MAE,4344,1,24,35,5,0,0,0,0,0,0,0,0,64
2025 - 2026,2026 Spring,UGRD,UGRD,Bernd,Chudoba,Ian Maynard,MAE,4350,1,5,20,16,3,1,0,0,0,2,0,0,47
2025 - 2026,2026 Spring,UGRD,UGRD,Robert,Woods,,MAE,4357,1,18,4,1,0,0,0,0,0,0,0,0,23
2025 - 2026,2026 Spring,UGRD,UGRD,Thomas,Allsup,,MAE,4357,1,18,4,1,0,0,0,0,0,0,0,0,23
2025 - 2026,2026 Spring,UGRD,UGRD,Brian,Huff,,MAE,4379,1,4,3,0,0,0,0,0,0,0,0,0,7
2025 - 2026,2026 Spring,UGRD,UGRD,Manfred,Huber,,MAE,4379,1,4,3,0,0,0,0,0,0,0,0,0,7
2025 - 2026,2026 Spring,UGRD,UGRD,Yijing,Xie,,MAE,4379,1,4,3,0,0,0,0,0,0,0,0,0,7
2025 - 2026,2026 Spring,UGRD,UGRD,Marvin,Brittingham,,MANA,1301,1,15,38,18,6,6,0,0,0,0,0,0,83
2025 - 2026,2026 Spring,UGRD,UGRD,Marvin,Brittingham,,MANA,1301,2,6,41,23,4,6,0,0,1,0,0,0,81
2025 - 2026,2026 Spring,UGRD,UGRD,Marvin,Brittingham,,MANA,1301,3,12,33,27,6,8,0,0,1,1,0,0,88
2025 - 2026,2026 Spring,UGRD,UGRD,Marvin,Brittingham,,MANA,1301,4,2,23,15,4,2,0,0,3,0,0,0,49
2025 - 2026,2026 Spring,UGRD,UGRD,David,Shurtleff,,MANA,1301,5,6,37,20,3,9,0,0,6,5,0,0,86
2025 - 2026,2026 Spring,UGRD,UGRD,David,Shurtleff,,MANA,1301,6,8,39,14,8,10,0,0,2,6,0,0,87
2025 - 2026,2026 Spring,UGRD,UGRD,David,Shurtleff,,MANA,1301,7,4,10,13,4,6,0,0,0,2,0,0,39
2025 - 2026,2026 Spring,UGRD,UGRD,David,Arena,,MANA,3318,1,28,76,46,14,4,0,0,0,2,0,0,170
2025 - 2026,2026 Spring,UGRD,UGRD,Lori,Ramirez,,MANA,3318,1,5,16,10,0,1,0,0,0,1,0,0,33
2025 - 2026,2026 Spring,UGRD,UGRD,David,Arena,,MANA,3318,2,16,53,41,15,3,0,0,2,5,0,0,135
2025 - 2026,2026 Spring,UGRD,UGRD,Ariane,Froidevaux,,MANA,3318,3,34,70,45,10,3,0,0,4,1,0,0,167
2025 - 2026,2026 Spring,UGRD,UGRD,Ariane,Froidevaux,,MANA,3318,4,22,62,33,7,6,0,0,1,2,0,0,133
2025 - 2026,2026 Spring,UGRD,UGRD,Lori,Ramirez,,MANA,3318,6,15,19,7,1,0,0,0,1,1,0,0,44
2025 - 2026,2026 Spring,UGRD,UGRD,Anna-Lisa,Leefers,,MANA,3318,7,4,17,13,0,3,0,0,0,2,0,0,39
2025 - 2026,2026 Spring,UGRD,UGRD,Anna-Lisa,Leefers,,MANA,3318,8,6,23,7,2,0,0,0,0,0,0,0,38
2025 - 2026,2026 Spring,UGRD,UGRD,Correy,Retzloff,,MANA,3319,1,4,37,9,0,0,0,0,0,0,0,0,50
2025 - 2026,2026 Spring,UGRD,UGRD,Oyinkansola Oreoluwa,Sodiya,,MANA,3319,2,5,13,12,2,3,0,0,0,1,0,0,36
2025 - 2026,2026 Spring,UGRD,UGRD,Thomas,Brill,,MANA,3319,4,0,15,9,0,0,0,0,0,1,0,0,25
2025 - 2026,2026 Spring,UGRD,UGRD,Thomas,Brill,,MANA,3319,5,1,14,4,0,0,0,0,0,0,0,0,19
2025 - 2026,2026 Spring,UGRD,UGRD,Correy,Retzloff,,MANA,3319,6,11,32,7,0,0,0,0,0,0,0,0,50
2025 - 2026,2026 Spring,UGRD,UGRD,Abdul,Rasheed,,MANA,4321,1,19,18,6,3,1,0,0,0,2,0,0,49
2025 - 2026,2026 Spring,UGRD,UGRD,Reinhard,Janson,,MANA,4321,2,8,6,1,1,0,0,0,0,1,0,0,17
2025 - 2026,2026 Spring,UGRD,UGRD,Diego,Villalpando de la Garza Evia,,MANA,4322,1,21,22,1,0,0,0,0,0,0,0,0,44
2025 - 2026,2026 Spring,UGRD,UGRD,Mark,Clark,,MANA,4322,1,10,9,1,1,0,0,0,0,0,0,0,21
2025 - 2026,2026 Spring,UGRD,UGRD,Diego,Villalpando de la Garza Evia,,MANA,4322,2,23,19,3,0,0,0,0,0,0,0,0,45
2025 - 2026,2026 Spring,UGRD,UGRD,Mark,Clark,,MANA,4322,3,18,22,3,0,0,0,0,0,1,0,0,44
2025 - 2026,2026 Spring,UGRD,UGRD,Courtney,Hart,,MANA,4322,5,27,18,0,0,0,0,0,0,0,0,0,45
2025 - 2026,2026 Spring,UGRD,UGRD,Rick,Nordtvedt,,MANA,4322,6,19,16,8,0,1,0,0,0,0,0,0,44
2025 - 2026,2026 Spring,UGRD,UGRD,Reinhard,Janson,,MANA,4322,7,5,13,13,1,1,0,0,0,0,0,0,33
2025 - 2026,2026 Spring,UGRD,UGRD,Rick,Nordtvedt,,MANA,4322,8,10,18,16,0,0,0,0,0,1,0,0,45
2025 - 2026,2026 Spring,UGRD,UGRD,Mark,Clark,,MANA,4322,9,22,17,3,0,1,0,0,0,0,0,0,43
2025 - 2026,2026 Spring,UGRD,UGRD,Angie Lorena,Cabrera Uribe,,MANA,4322,10,8,27,10,0,0,0,0,0,0,0,0,45
2025 - 2026,2026 Spring,UGRD,UGRD,Courtney,Hart,,MANA,4322,11,23,22,0,0,0,0,0,0,0,0,0,45
2025 - 2026,2026 Spring,UGRD,UGRD,Mark,Clark,,MANA,4322,12,19,21,2,0,0,0,0,1,0,0,0,43
2025 - 2026,2026 Spring,UGRD,UGRD,Reinhard,Janson,,MANA,4322,13,8,23,8,1,0,0,0,0,0,0,0,40
2025 - 2026,2026 Spring,UGRD,UGRD,Lori,Ramirez,,MANA,4325,1,15,19,5,1,0,0,0,0,3,0,0,43
2025 - 2026,2026 Spring,UGRD,UGRD,Anna-Lisa,Leefers,,MANA,4325,2,3,11,1,0,0,0,0,0,0,0,0,15
2025 - 2026,2026 Spring,UGRD,UGRD,Anna-Lisa,Leefers,,MANA,4325,3,5,15,2,0,0,0,0,0,0,0,0,22
2025 - 2026,2026 Spring,UGRD,UGRD,Jade,Walker,,MANA,4326,1,37,13,4,1,0,0,0,1,0,0,0,56
2025 - 2026,2026 Spring,UGRD,UGRD,Lesley,Regalado,,MANA,4326,1,53,1,0,0,0,0,0,0,0,0,0,54
2025 - 2026,2026 Spring,UGRD,UGRD,Faye,Cocchiara,,MANA,4326,2,8,18,21,0,3,0,0,0,0,0,0,50
2025 - 2026,2026 Spring,UGRD,UGRD,Aylime,Bueno,,MANA,4326,3,12,11,0,0,1,0,0,0,1,0,0,25
2025 - 2026,2026 Spring,UGRD,UGRD,Kenyatta,Dawson,,MANA,4326,6,50,2,1,0,1,0,0,0,0,0,0,54
2025 - 2026,2026 Spring,UGRD,UGRD,Kenyatta,Dawson,,MANA,4326,8,54,1,0,0,1,0,0,0,1,0,0,57
2025 - 2026,2026 Spring,UGRD,UGRD,Faye,Cocchiara,,MANA,4329,1,33,15,4,0,0,0,0,0,1,0,0,53
2025 - 2026,2026 Spring,UGRD,UGRD,Alison,Birch,,MANA,4330,1,17,23,5,0,0,0,0,1,1,0,0,47
2025 - 2026,2026 Spring,UGRD,UGRD,David,Shurtleff,,MANA,4340,1,2,11,3,0,1,0,0,0,0,0,0,17
2025 - 2026,2026 Spring,UGRD,UGRD,Mark,Clark,,MANA,4341,1,9,30,7,3,0,0,0,0,3,0,0,52
2025 - 2026,2026 Spring,UGRD,UGRD,Lesley,Regalado,,MANA,4393,1,0,0,0,0,0,0,7,0,0,0,0,7
2025 - 2026,2026 Spring,UGRD,GRAD,Lesley,Regalado,,MANA,5332,1,44,2,2,0,0,0,0,0,0,0,0,48
2025 - 2026,2026 Spring,UGRD,GRAD,Jeanne,Michalski,,MANA,5360,1,26,12,1,0,0,0,0,0,0,0,0,39
2025 - 2026,2026 Spring,UGRD,UGRD,Adwait,Khare,,MARK,3321,1,21,23,17,4,1,0,0,0,4,0,0,70
2025 - 2026,2026 Spring,UGRD,UGRD,Fred,Miao,,MARK,3321,2,20,23,14,6,5,0,0,1,1,0,0,70
2025 - 2026,2026 Spring,UGRD,UGRD,Mon Thu,Myin,,MARK,3321,3,1,35,18,2,1,0,0,1,0,0,0,58
2025 - 2026,2026 Spring,UGRD,UGRD,Anne,Kurzweg,,MARK,3321,4,8,31,14,4,0,0,0,0,2,0,0,59
2025 - 2026,2026 Spring,UGRD,UGRD,Adwait,Khare,,MARK,3321,5,5,5,1,0,0,0,0,0,1,0,0,12
2025 - 2026,2026 Spring,UGRD,UGRD,Maria,Albrecht,,MARK,3321,6,10,24,12,4,1,0,0,1,3,0,0,55
2025 - 2026,2026 Spring,UGRD,UGRD,Elten,Briggs,,MARK,3321,7,6,12,18,6,5,0,0,2,6,0,0,55
2025 - 2026,2026 Spring,UGRD,UGRD,Maria,Albrecht,,MARK,3321,8,8,29,17,8,1,0,0,1,2,0,0,66
2025 - 2026,2026 Spring,UGRD,UGRD,Zahra,Babazadeh,,MARK,3321,9,10,11,5,3,0,0,0,0,0,0,0,29
2025 - 2026,2026 Spring,UGRD,UGRD,Michael,Richarme,,MARK,3321,31,22,16,20,3,2,0,0,3,8,0,0,74
2025 - 2026,2026 Spring,UGRD,UGRD,Traci,Freling,,MARK,3321,31,8,21,10,4,1,0,0,0,3,0,0,47
2025 - 2026,2026 Spring,UGRD,UGRD,Jingjing,He,,MARK,3321,32,14,29,23,2,2,0,0,1,4,0,0,75
2025 - 2026,2026 Spring,UGRD,UGRD,Traci,Freling,,MARK,3321,33,12,27,23,5,3,0,0,2,1,0,0,73
2025 - 2026,2026 Spring,UGRD,UGRD,Lawrence,Chonko,,MARK,3322,1,5,21,3,0,1,0,0,1,1,0,0,32
2025 - 2026,2026 Spring,UGRD,UGRD,Fred,Miao,,MARK,3322,3,1,7,4,2,0,0,0,0,1,0,0,15
2025 - 2026,2026 Spring,UGRD,UGRD,Gregory,Wicklman,,MARK,3322,4,6,6,3,1,0,0,0,0,1,0,0,17
2025 - 2026,2026 Spring,UGRD,UGRD,Devika,Sharma,,MARK,3324,3,5,11,4,2,0,0,0,0,0,0,0,22
2025 - 2026,2026 Spring,UGRD,UGRD,William,Venable,,MARK,3324,4,14,31,4,2,0,0,0,0,0,0,0,51
2025 - 2026,2026 Spring,UGRD,UGRD,Heather,Philip,,MARK,3324,31,15,26,12,6,1,0,0,0,3,0,0,63
2025 - 2026,2026 Spring,UGRD,UGRD,Michael,Richarme,,MARK,3324,32,29,22,5,2,1,0,0,1,4,0,0,64
2025 - 2026,2026 Spring,UGRD,UGRD,Maria,Albrecht,,MARK,3370,2,40,20,2,0,0,0,0,1,0,0,0,63
2025 - 2026,2026 Spring,UGRD,UGRD,Nichole,Santee,,MARK,3370,3,10,19,1,5,1,0,0,0,1,0,0,37
2025 - 2026,2026 Spring,UGRD,UGRD,Nichole,Santee,,MARK,3370,31,29,23,11,0,0,0,0,0,0,0,0,63
2025 - 2026,2026 Spring,UGRD,UGRD,Nichole,Santee,,MARK,3370,32,27,29,3,0,1,0,0,0,2,0,0,62
2025 - 2026,2026 Spring,UGRD,UGRD,Lawrence,Chonko,,MARK,4308,1,4,5,0,0,0,0,0,0,0,0,0,9
2025 - 2026,2026 Spring,UGRD,UGRD,Heather,Philip,,MARK,4310,31,12,27,17,3,2,0,0,0,3,0,0,64
2025 - 2026,2026 Spring,UGRD,UGRD,Heather,Philip,,MARK,4310,32,12,29,14,1,4,0,0,0,5,0,0,65
2025 - 2026,2026 Spring,UGRD,UGRD,Douglas,Grisaffe,,MARK,4311,1,6,25,10,1,1,0,0,1,0,0,0,44
2025 - 2026,2026 Spring,UGRD,UGRD,Michaela,Mora Suarez,,MARK,4311,2,6,16,7,0,0,0,0,0,0,0,0,29
2025 - 2026,2026 Spring,UGRD,UGRD,Michaela,Mora Suarez,,MARK,4311,3,2,3,3,0,0,0,0,0,1,0,0,9
2025 - 2026,2026 Spring,UGRD,UGRD,Anne,Kurzweg,,MARK,4322,1,16,19,1,0,0,0,0,0,0,0,0,36
2025 - 2026,2026 Spring,UGRD,UGRD,Narayanan,Janakiraman,,MARK,4322,2,3,12,5,0,0,0,0,0,1,0,0,21
2025 - 2026,2026 Spring,UGRD,UGRD,Anne,Kurzweg,,MARK,4322,3,19,24,1,0,0,0,0,0,0,0,0,44
2025 - 2026,2026 Spring,UGRD,UGRD,Anne,Kurzweg,,MARK,4325,31,20,41,12,0,2,0,0,0,1,0,0,76
2025 - 2026,2026 Spring,UGRD,UGRD,Jorge,Martinez Garcia,,MARK,4335,1,12,17,7,0,2,0,0,0,0,0,0,38
2025 - 2026,2026 Spring,UGRD,UGRD,Chien,Le,,MARK,4393,1,0,0,0,0,0,0,15,0,0,0,0,15
2025 - 2026,2026 Spring,UGRD,UGRD,Cristina,Salinas,,MAS,2300,2,7,9,3,4,4,0,0,1,2,0,0,30
2025 - 2026,2026 Spring,UGRD,UGRD,David,LaFevor,,MAS,3377,1,0,2,1,1,2,0,0,0,0,0,0,6
2025 - 2026,2026 Spring,UGRD,UGRD,Xavier,Vidal,,MAS,4393,1,7,0,0,0,0,0,0,0,0,0,0,7
2025 - 2026,2026 Spring,UGRD,UGRD,Te'a,Riley,,MATH,0101,CO41,0,0,0,0,3,0,13,1,1,0,0,18
2025 - 2026,2026 Spring,UGRD,UGRD,Heather,Hewer,,MATH,0102,CO41,0,0,0,0,7,0,9,0,2,1,0,19
2025 - 2026,2026 Spring,UGRD,UGRD,Heather,Hewer,,MATH,0115,CO41,0,0,0,0,0,0,7,0,1,0,0,8
2025 - 2026,2026 Spring,UGRD,UGRD,Jeremy,Glass,,MATH,0311,5C1,0,0,0,0,2,0,14,0,1,0,0,17
2025 - 2026,2026 Spring,UGRD,UGRD,Te'a,Riley,,MATH,0311,CO1,0,0,0,0,12,0,33,2,1,0,0,48
2025 - 2026,2026 Spring,UGRD,UGRD,Tequita,Azantilow,,MATH,0311,CO4,0,0,0,0,4,0,29,4,1,2,0,40
2025 - 2026,2026 Spring,UGRD,UGRD,Deysi,Delgado,,MATH,0312,CO4,0,0,0,0,14,0,12,0,10,4,0,40
2025 - 2026,2026 Spring,UGRD,UGRD,Michelle,Burt,,MATH,0312,CO5,0,0,0,0,19,0,14,1,4,1,0,39
2025 - 2026,2026 Spring,UGRD,UGRD,Heather,Hewer,,MATH,0315,CO1,0,0,0,0,16,0,22,1,7,2,0,48
2025 - 2026,2026 Spring,UGRD,UGRD,Jyoti,Bhadana,,MATH,1301,1,13,17,12,5,6,0,0,1,1,0,0,55
2025 - 2026,2026 Spring,UGRD,UGRD,Ren-Cang,Li,,MATH,1301,2,5,8,7,5,7,0,0,0,2,0,0,34
2025 - 2026,2026 Spring,UGRD,UGRD,Tequita,Azantilow,,MATH,1301,3,22,10,6,8,3,0,0,2,2,0,0,53
2025 - 2026,2026 Spring,UGRD,UGRD,Joseph,Wood,,MATH,1301,4,22,14,3,3,8,0,0,1,3,0,0,54
2025 - 2026,2026 Spring,UGRD,UGRD,Tequita,Azantilow,,MATH,1301,5,14,12,7,2,4,0,0,3,0,0,0,42
2025 - 2026,2026 Spring,UGRD,UGRD,Ivan,Toledo,,MATH,1301,6,18,8,9,1,2,0,0,1,1,0,0,40
2025 - 2026,2026 Spring,UGRD,UGRD,Janessa,Beach Tassey,Tahani Altaji,MATH,1301,7,18,5,3,2,8,0,0,1,1,0,0,38
2025 - 2026,2026 Spring,UGRD,UGRD,Jeremy,Glass,,MATH,1301,88,22,14,8,4,4,0,0,1,6,0,0,59
2025 - 2026,2026 Spring,UGRD,UGRD,Juan,Silva,,MATH,1301,500,47,33,15,5,15,0,0,1,7,0,0,123
2025 - 2026,2026 Spring,UGRD,UGRD,Jeremy,Glass,,MATH,1301,501,21,9,4,0,4,0,0,2,3,0,0,43
2025 - 2026,2026 Spring,UGRD,UGRD,Jeffrey,Tschoepe,,MATH,1301,502,49,35,19,6,19,0,0,2,10,0,0,140
2025 - 2026,2026 Spring,UGRD,UGRD,Jeremy,Glass,,MATH,1301,5C1,5,7,2,1,2,0,0,0,1,1,0,19
2025 - 2026,2026 Spring,UGRD,UGRD,Te'a,Riley,,MATH,1301,CO1,12,11,10,0,11,0,0,2,2,0,0,48
2025 - 2026,2026 Spring,UGRD,UGRD,Tequita,Azantilow,,MATH,1301,CO4,8,6,11,4,4,0,0,4,1,2,0,40
2025 - 2026,2026 Spring,UGRD,UGRD,Te'a,Riley,,MATH,1301,CO41,1,9,1,2,3,0,0,1,1,0,0,18
2025 - 2026,2026 Spring,UGRD,UGRD,Kristin,Seale,,MATH,1302,501,1,6,4,0,5,0,0,1,5,0,0,22
2025 - 2026,2026 Spring,UGRD,UGRD,Deysi,Delgado,,MATH,1302,CO4,1,1,8,2,14,0,0,0,10,4,0,40
2025 - 2026,2026 Spring,UGRD,UGRD,Heather,Hewer,,MATH,1302,CO41,0,2,4,3,7,0,0,0,2,1,0,19
2025 - 2026,2026 Spring,UGRD,UGRD,Michelle,Burt,,MATH,1302,CO5,1,2,5,6,19,0,0,1,4,1,0,39
2025 - 2026,2026 Spring,UGRD,UGRD,Janessa,Beach Tassey,Sundas Hussain,MATH,1303,1,8,6,17,9,6,0,0,0,7,0,0,53
2025 - 2026,2026 Spring,UGRD,UGRD,Venkata Sai Manisha,Varahagiri,,MATH,1303,2,5,18,10,8,8,0,0,1,4,0,0,54
2025 - 2026,2026 Spring,UGRD,UGRD,Venkata Sai Manisha,Varahagiri,,MATH,1303,3,11,16,11,6,5,0,0,2,3,0,0,54
2025 - 2026,2026 Spring,UGRD,UGRD,Tahani,Altaji,,MATH,1308,50,22,36,30,15,19,0,0,2,3,0,0,127
2025 - 2026,2026 Spring,UGRD,UGRD,Alice,Lubbe,,MATH,1308,88,29,26,23,8,19,0,0,2,19,0,0,126
2025 - 2026,2026 Spring,UGRD,UGRD,Brandon,Watson,,MATH,1308,100,29,44,18,15,11,0,0,1,11,0,0,129
2025 - 2026,2026 Spring,UGRD,UGRD,Hollie,Dyer,,MATH,1308,120,22,23,39,12,12,0,0,4,7,0,0,119
2025 - 2026,2026 Spring,UGRD,UGRD,Brandon,Watson,,MATH,1308,130,19,20,8,6,6,0,0,0,3,0,0,62
2025 - 2026,2026 Spring,UGRD,UGRD,Charles,Nottage,,MATH,1308,140,18,25,28,18,31,0,0,0,9,0,0,129
2025 - 2026,2026 Spring,UGRD,UGRD,Alice,Lubbe,,MATH,1308,188,4,3,4,4,4,0,0,2,6,0,0,27
2025 - 2026,2026 Spring,UGRD,UGRD,Alice,Lubbe,,MATH,1308,200,19,17,12,4,2,0,0,0,4,0,0,58
2025 - 2026,2026 Spring,UGRD,UGRD,Lisa,Stabler,,MATH,1308,250,26,32,29,13,15,1,0,0,7,0,0,123
2025 - 2026,2026 Spring,UGRD,UGRD,Alice,Lubbe,,MATH,1308,300,39,41,26,9,8,0,0,3,3,0,0,129
2025 - 2026,2026 Spring,UGRD,UGRD,Charles,Nottage,,MATH,1308,350,22,12,18,6,10,0,0,2,3,0,0,73
2025 - 2026,2026 Spring,UGRD,UGRD,Steven,Alferink,,MATH,1308,500,44,47,35,12,25,0,0,7,23,0,0,193
2025 - 2026,2026 Spring,UGRD,UGRD,Yolanda,Parker,,MATH,1308,501,14,33,29,3,12,0,0,6,10,0,0,107
2025 - 2026,2026 Spring,UGRD,UGRD,Steven,Alferink,,MATH,1308,502,47,61,31,18,35,0,0,0,35,0,0,227
2025 - 2026,2026 Spring,UGRD,UGRD,Alice,Lubbe,,MATH,1309,150,17,22,26,9,13,0,0,2,4,0,0,93
2025 - 2026,2026 Spring,UGRD,UGRD,Tahani,Altaji,,MATH,1315,1,15,18,9,6,4,1,0,1,2,0,0,56
2025 - 2026,2026 Spring,UGRD,UGRD,Ahmed,Ali,,MATH,1315,2,5,10,24,6,9,0,0,1,1,0,0,56
2025 - 2026,2026 Spring,UGRD,UGRD,Juan,Silva,,MATH,1315,3,8,11,15,8,7,0,0,2,5,0,0,56
2025 - 2026,2026 Spring,UGRD,UGRD,Gaik,Ambartsoumian,,MATH,1315,88,10,10,14,5,13,0,0,0,20,0,0,72
2025 - 2026,2026 Spring,UGRD,UGRD,Heather,Hewer,,MATH,1315,CO1,0,2,7,13,16,0,0,1,7,2,0,48
2025 - 2026,2026 Spring,UGRD,UGRD,Heather,Hewer,,MATH,1315,CO41,0,2,5,0,0,0,0,0,1,0,0,8
2025 - 2026,2026 Spring,UGRD,UGRD,Ivan,Toledo,,MATH,1316,1,23,25,18,10,2,0,0,0,4,0,0,82
2025 - 2026,2026 Spring,UGRD,UGRD,Ivan,Toledo,,MATH,1316,2,20,23,22,8,2,0,0,1,4,0,0,80
2025 - 2026,2026 Spring,UGRD,UGRD,Charles,Nottage,,MATH,1316,3,20,23,19,5,7,0,0,1,4,0,0,79
2025 - 2026,2026 Spring,UGRD,UGRD,Charles,Nottage,,MATH,1316,4,19,25,25,4,3,0,0,1,3,0,0,80
2025 - 2026,2026 Spring,UGRD,UGRD,Deysi,Delgado,,MATH,1316,5,39,22,12,2,0,0,0,0,7,0,0,82
2025 - 2026,2026 Spring,UGRD,UGRD,Daniel,Warren,,MATH,1316,6,15,13,25,9,10,1,0,0,4,0,0,77
2025 - 2026,2026 Spring,UGRD,UGRD,Emily,Jones,,MATH,1316,7,20,14,22,6,4,0,0,3,9,0,0,78
2025 - 2026,2026 Spring,UGRD,UGRD,Kevin,Barlow,,MATH,1327,1,13,19,14,5,2,0,0,1,1,0,0,55
2025 - 2026,2026 Spring,UGRD,UGRD,Esteban,Diaz,,MATH,1327,2,13,15,13,2,2,0,0,2,4,0,0,51
2025 - 2026,2026 Spring,UGRD,UGRD,Emily,Jones,,MATH,1330,1,7,7,9,1,0,0,0,2,2,0,0,28
2025 - 2026,2026 Spring,UGRD,UGRD,Emily,Jones,,MATH,1330,2,7,5,11,2,2,0,0,0,2,0,0,29
2025 - 2026,2026 Spring,UGRD,UGRD,Erica,Bajo Calderon,,MATH,1331,1,15,21,4,0,1,0,0,1,1,0,0,43
2025 - 2026,2026 Spring,UGRD,UGRD,Erica,Bajo Calderon,,MATH,1331,2,21,11,5,3,1,0,0,1,3,0,0,45
2025 - 2026,2026 Spring,UGRD,UGRD,Richa,Rawat,,MATH,1402,88,13,9,15,13,12,0,0,1,7,0,0,70
2025 - 2026,2026 Spring,UGRD,UGRD,Deysi,Delgado,,MATH,1402,100,8,9,15,3,11,0,0,4,6,0,0,56
2025 - 2026,2026 Spring,UGRD,UGRD,Tatheer,Ajani,,MATH,1402,150,7,8,9,9,14,0,0,1,7,0,0,55
2025 - 2026,2026 Spring,UGRD,UGRD,Joseph,Wood,,MATH,1402,200,7,4,6,7,17,0,0,0,14,0,0,55
2025 - 2026,2026 Spring,UGRD,UGRD,Don,Wilathgamuwa,,MATH,1402,250,3,10,6,4,17,0,0,1,12,0,0,53
2025 - 2026,2026 Spring,UGRD,UGRD,Michelle,Burt,,MATH,1402,300,10,7,11,9,7,0,0,1,11,0,0,56
2025 - 2026,2026 Spring,UGRD,UGRD,Erica,Bajo Calderon,,MATH,1421,50,2,8,11,17,14,0,0,1,6,0,0,59
2025 - 2026,2026 Spring,UGRD,UGRD,Joseph,Wood,,MATH,1421,100,1,5,4,10,8,0,0,0,8,0,0,36
2025 - 2026,2026 Spring,UGRD,UGRD,Juan,Silva,,MATH,1421,120,5,10,9,21,14,0,0,1,8,0,0,68
2025 - 2026,2026 Spring,UGRD,UGRD,Ivan,Toledo,,MATH,1421,150,1,17,5,15,17,0,0,3,11,0,0,69
2025 - 2026,2026 Spring,UGRD,UGRD,Joseph,Wood,,MATH,1421,200,1,13,15,17,8,0,0,0,13,0,0,67
2025 - 2026,2026 Spring,UGRD,UGRD,Emily,Jones,,MATH,1421,220,3,8,13,10,7,0,0,0,3,0,0,44
2025 - 2026,2026 Spring,UGRD,UGRD,Erica,Bajo Calderon,,MATH,1421,250,7,12,13,11,5,0,0,3,9,0,0,60
2025 - 2026,2026 Spring,UGRD,UGRD,Joseph,Wood,,MATH,1421,300,0,3,6,4,4,0,0,0,7,0,0,24
2025 - 2026,2026 Spring,UGRD,UGRD,Erica,Bajo Calderon,,MATH,1421,350,5,10,9,14,10,0,0,1,7,0,0,56
2025 - 2026,2026 Spring,UGRD,UGRD,Richa,Rawat,,MATH,1426,50,0,10,15,19,16,0,0,3,7,0,0,70
2025 - 2026,2026 Spring,UGRD,UGRD,Esteban,Diaz,,MATH,1426,88,2,5,8,15,27,0,0,3,19,0,0,79
2025 - 2026,2026 Spring,UGRD,UGRD,Juan,Silva,,MATH,1426,100,5,11,22,11,10,0,0,2,9,0,0,70
2025 - 2026,2026 Spring,UGRD,UGRD,Janessa,Beach Tassey,Eduardo Torres Manzanarez,MATH,1426,120,4,11,14,13,20,0,0,2,4,0,0,68
2025 - 2026,2026 Spring,UGRD,UGRD,Janessa,Beach Tassey,Ashley Alfred,MATH,1426,130,6,14,18,13,10,0,0,0,8,0,0,69
2025 - 2026,2026 Spring,UGRD,UGRD,Jyoti,Bhadana,,MATH,1426,140,8,13,10,11,15,0,0,4,11,0,0,72
2025 - 2026,2026 Spring,UGRD,UGRD,Mark,Krasij,,MATH,1426,150,17,18,21,9,9,0,0,1,5,0,0,80
2025 - 2026,2026 Spring,UGRD,UGRD,Don,Wilathgamuwa,,MATH,1426,160,6,14,12,13,21,0,0,0,4,0,0,70
2025 - 2026,2026 Spring,UGRD,UGRD,Tatheer,Ajani,,MATH,1426,200,5,15,20,12,11,0,0,0,7,0,0,70
2025 - 2026,2026 Spring,UGRD,UGRD,Richa,Rawat,,MATH,1426,250,3,8,17,12,18,0,0,0,11,0,0,69
2025 - 2026,2026 Spring,UGRD,UGRD,Mark,Krasij,,MATH,1426,300,8,17,9,16,14,0,0,0,5,0,0,69
2025 - 2026,2026 Spring,UGRD,UGRD,Don,Wilathgamuwa,,MATH,1426,350,3,11,20,11,14,0,0,3,7,0,0,69
2025 - 2026,2026 Spring,UGRD,UGRD,Blake,Norman,,MATH,2326,1,11,24,17,7,5,0,0,1,6,0,0,71
2025 - 2026,2026 Spring,UGRD,UGRD,Esteban,Diaz,,MATH,2326,2,6,27,20,10,2,0,0,2,3,0,0,70
2025 - 2026,2026 Spring,UGRD,UGRD,Benito,Chen Charpentier,,MATH,2326,3,15,22,15,2,5,0,0,0,11,0,0,70
2025 - 2026,2026 Spring,UGRD,UGRD,Benito,Chen Charpentier,,MATH,2326,4,18,25,18,2,3,0,0,0,4,0,0,70
2025 - 2026,2026 Spring,UGRD,UGRD,Mohammad,Murad,,MATH,2326,5,19,29,19,2,1,0,0,1,0,0,0,71
2025 - 2026,2026 Spring,UGRD,UGRD,Venkata Sai Manisha,Varahagiri,,MATH,2326,6,18,27,14,8,4,0,0,0,4,0,0,75
2025 - 2026,2026 Spring,UGRD,UGRD,Pedro,Maia,,MATH,2326,7,4,13,12,12,8,0,0,2,19,0,0,70
2025 - 2026,2026 Spring,UGRD,UGRD,Daniel,Warren,,MATH,2425,50,21,14,14,3,5,0,0,0,14,0,0,71
2025 - 2026,2026 Spring,UGRD,UGRD,Blake,Norman,,MATH,2425,100,14,15,20,6,5,0,0,0,8,0,0,68
2025 - 2026,2026 Spring,UGRD,UGRD,Blake,Norman,,MATH,2425,120,15,18,13,6,6,0,0,2,9,0,0,69
2025 - 2026,2026 Spring,UGRD,UGRD,Edward,Wilson,,MATH,2425,150,24,21,10,2,4,0,0,1,7,0,0,69
2025 - 2026,2026 Spring,UGRD,UGRD,Richa,Rawat,,MATH,2425,160,7,9,9,1,4,0,0,2,11,0,0,43
2025 - 2026,2026 Spring,UGRD,UGRD,Marcus,Laurel,,MATH,2425,200,22,24,5,4,3,0,0,3,6,0,0,67
2025 - 2026,2026 Spring,UGRD,UGRD,Daniel,Warren,,MATH,2425,220,20,15,14,1,9,0,0,1,6,0,0,66
2025 - 2026,2026 Spring,UGRD,UGRD,Eduardo,Torres Manzanarez,,MATH,2425,240,6,15,19,2,14,0,0,1,10,0,0,67
2025 - 2026,2026 Spring,UGRD,UGRD,Marcus,Laurel,,MATH,2425,250,27,20,13,3,3,0,0,1,4,0,0,71
2025 - 2026,2026 Spring,UGRD,UGRD,Ruth,Gornet,,MATH,2425,300,17,21,23,0,0,0,0,3,5,0,0,69
2025 - 2026,2026 Spring,UGRD,UGRD,Brandon,Watson,,MATH,2425,350,12,20,22,5,3,0,0,1,4,0,0,67
2025 - 2026,2026 Spring,UGRD,UGRD,Ruth,Gornet,,MATH,3300,1,14,12,7,1,0,0,0,0,3,0,0,37
2025 - 2026,2026 Spring,UGRD,UGRD,Tatheer,Ajani,,MATH,3301,1,15,3,1,0,0,0,0,1,0,0,0,20
2025 - 2026,2026 Spring,UGRD,UGRD,Mahmoud,Jawad,,MATH,3302,1,18,11,7,1,2,0,0,0,2,0,0,41
2025 - 2026,2026 Spring,UGRD,UGRD,David,Jorgensen,,MATH,3307,1,5,8,7,1,2,0,0,0,0,0,0,23
2025 - 2026,2026 Spring,UGRD,UGRD,Te'a,Riley,,MATH,3314,1,31,9,0,0,1,0,0,0,1,0,0,42
2025 - 2026,2026 Spring,UGRD,UGRD,Edward,Wilson,,MATH,3315,1,15,7,3,1,0,0,0,0,2,0,0,28
2025 - 2026,2026 Spring,UGRD,UGRD,Brandon,Watson,,MATH,3316,1,29,13,9,0,1,0,0,0,1,0,0,53
2025 - 2026,2026 Spring,UGRD,UGRD,Edward,Wilson,,MATH,3318,1,15,10,13,11,3,0,0,1,4,0,0,57
2025 - 2026,2026 Spring,UGRD,UGRD,Mohammad,Murad,,MATH,3319,1,19,29,9,0,1,0,0,0,1,0,0,59
2025 - 2026,2026 Spring,UGRD,UGRD,Christopher,Kribs,,MATH,3319,2,1,6,2,2,9,0,0,4,22,0,0,46
2025 - 2026,2026 Spring,UGRD,UGRD,Mohammad,Murad,,MATH,3319,3,17,13,20,5,2,0,0,0,1,0,0,58
2025 - 2026,2026 Spring,UGRD,UGRD,Blake,Norman,,MATH,3319,4,12,11,17,7,5,0,0,1,6,0,0,59
2025 - 2026,2026 Spring,UGRD,UGRD,Dimitar,Grantcharov,,MATH,3321,1,8,16,6,5,2,0,0,1,1,0,0,39
2025 - 2026,2026 Spring,UGRD,UGRD,Don,Wilathgamuwa,,MATH,3330,1,10,13,13,6,6,0,0,1,9,0,0,58
2025 - 2026,2026 Spring,UGRD,UGRD,Olusola,Dehinsilu,,MATH,3330,2,32,11,13,0,0,0,0,1,3,0,0,60
2025 - 2026,2026 Spring,UGRD,UGRD,Marcus,Laurel,,MATH,3330,3,20,19,17,1,4,0,0,1,18,0,0,80
2025 - 2026,2026 Spring,UGRD,UGRD,Venkata Sai Manisha,Varahagiri,,MATH,3330,4,21,19,11,4,3,0,0,1,2,0,0,61
2025 - 2026,2026 Spring,UGRD,UGRD,Efrain,Diaz,,MATH,3330,5,5,11,13,3,9,0,0,4,15,0,0,60
2025 - 2026,2026 Spring,UGRD,UGRD,Esteban,Diaz,,MATH,3330,6,4,20,22,5,4,0,0,2,3,0,0,60
2025 - 2026,2026 Spring,UGRD,UGRD,Marcus,Laurel,,MATH,3335,1,5,11,5,0,1,0,0,0,3,0,0,25
2025 - 2026,2026 Spring,UGRD,UGRD,Andrzej,Korzeniowski,,MATH,4312,1,16,2,1,0,1,0,0,1,1,0,0,22
2025 - 2026,2026 Spring,UGRD,UGRD,Wei,Jiang,,MATH,4313,1,14,3,3,1,0,0,0,1,0,0,0,22
2025 - 2026,2026 Spring,UGRD,UGRD,Daniel,Warren,,MATH,4314,1,8,0,0,0,0,0,0,1,0,0,0,9
2025 - 2026,2026 Spring,UGRD,UGRD,Michaela,Vancliff,,MATH,4321,1,5,2,3,0,0,0,0,1,0,0,0,11
2025 - 2026,2026 Spring,UGRD,UGRD,Mohammad,Murad,,MATH,4324,1,18,11,0,0,0,0,0,1,2,0,0,32
2025 - 2026,2026 Spring,UGRD,UGRD,Barbara,Shipman,,MATH,4335,1,8,6,5,5,0,0,0,0,3,0,0,27
2025 - 2026,2026 Spring,UGRD,UGRD,Mark,Krasij,,MATH,4351,1,4,6,3,0,0,0,0,0,0,0,0,13
2025 - 2026,2026 Spring,UGRD,UGRD,Barbara,Shipman,,MATH,4391,2,8,0,1,1,0,0,0,0,0,0,0,10
2025 - 2026,2026 Spring,UGRD,UGRD,Edward,Wilson,,MATH,4391,4,8,0,0,0,0,0,0,0,2,0,0,10
2025 - 2026,2026 Spring,UGRD,GRAD,Keaton,Hamm,,MATH,5300,1,11,0,1,0,0,1,0,0,0,0,0,13
2025 - 2026,2026 Spring,UGRD,GRAD,Ren-Cang,Li,,MATH,5317,1,3,3,1,0,0,0,0,0,2,0,0,9
2025 - 2026,2026 Spring,UGRD,GRAD,Andrzej,Korzeniowski,,MATH,5319,1,22,0,0,0,0,0,0,0,0,0,0,22
2025 - 2026,2026 Spring,UGRD,GRAD,Tuncay,Aktosun,,MATH,5322,1,8,0,0,0,0,0,0,0,0,0,0,8
2025 - 2026,2026 Spring,UGRD,GRAD,Michaela,Vancliff,,MATH,5331,1,4,6,6,2,0,0,0,0,1,0,0,19
2025 - 2026,2026 Spring,UGRD,GRAD,Gaik,Ambartsoumian,,MATH,5392,1,22,0,0,0,0,0,0,0,0,0,0,22
2025 - 2026,2026 Spring,UGRD,GRAD,Dimitar,Grantcharov,,MATH,5392,2,16,0,0,0,0,0,0,0,0,0,0,16
2025 - 2026,2026 Spring,UGRD,GRAD,Li,Wang,,MATH,6311,1,27,4,0,0,0,0,0,0,0,0,0,31
2025 - 2026,2026 Spring,UGRD,GRAD,Animesh,Chakravarthy,,ME,5303,1,5,3,1,0,1,0,0,0,1,0,0,11
2025 - 2026,2026 Spring,UGRD,GRAD,Bo,Wang,,ME,5311,1,10,2,1,0,0,0,0,0,1,0,0,14
2025 - 2026,2026 Spring,UGRD,GRAD,Hyejin,Moon,,ME,5321,1,9,3,1,0,0,0,0,0,0,0,0,13
2025 - 2026,2026 Spring,UGRD,GRAD,Seiichi,Nomura,,ME,5332,1,12,16,4,4,2,0,0,0,1,0,0,39
2025 - 2026,2026 Spring,UGRD,GRAD,Dereje,Agonafer,,ME,5353,1,20,0,0,0,0,0,0,0,0,0,0,20
2025 - 2026,2026 Spring,UGRD,GRAD,Sunand,Santhanagopalan,,ME,5382,1,17,2,1,0,0,0,0,0,0,0,0,20
2025 - 2026,2026 Spring,UGRD,GRAD,Xin,Liu,,ME,5390,1,11,11,0,0,0,0,0,0,0,0,0,22
2025 - 2026,2026 Spring,UGRD,UGRD,Darrell,Aiken,,MILS,0180,1,16,0,0,0,0,0,0,0,3,0,0,19
2025 - 2026,2026 Spring,UGRD,UGRD,Darrell,Aiken,,MILS,0180,2,21,1,0,0,0,0,0,0,0,0,0,22
2025 - 2026,2026 Spring,UGRD,UGRD,Antonio,Leonvega,,MILS,0180,3,11,0,0,0,0,0,0,0,1,0,0,12
2025 - 2026,2026 Spring,UGRD,UGRD,Gregory,LeClair,,MILS,0180,4,8,2,0,0,0,0,0,0,1,0,0,11
2025 - 2026,2026 Spring,UGRD,UGRD,Darrell,Aiken,,MILS,1112,1,11,1,3,0,0,0,0,0,2,0,0,17
2025 - 2026,2026 Spring,UGRD,UGRD,Darrell,Aiken,,MILS,1142,1,11,2,0,1,0,0,0,0,2,0,0,16
2025 - 2026,2026 Spring,UGRD,UGRD,Darrell,Aiken,,MILS,2122,1,17,5,2,0,0,0,0,0,1,0,0,25
2025 - 2026,2026 Spring,UGRD,UGRD,Darrell,Aiken,,MILS,2252,1,25,1,0,0,0,0,0,0,1,0,0,27
2025 - 2026,2026 Spring,UGRD,UGRD,Antonio,Leonvega,,MILS,3132,1,8,3,0,0,0,0,0,0,1,0,0,12
2025 - 2026,2026 Spring,UGRD,UGRD,Antonio,Leonvega,,MILS,3342,1,8,3,0,0,0,0,0,0,1,0,0,12
2025 - 2026,2026 Spring,UGRD,UGRD,Gregory,LeClair,,MILS,4142,1,8,2,0,0,0,0,0,0,1,0,0,11
2025 - 2026,2026 Spring,UGRD,UGRD,Gregory,LeClair,,MILS,4342,1,9,2,0,0,0,0,0,0,1,0,0,12
2025 - 2026,2026 Spring,UGRD,UGRD,Di,Zhang,,MSE,3300,1,5,4,1,0,0,0,0,0,0,0,0,10
2025 - 2026,2026 Spring,UGRD,UGRD,Yaowu,Hao,,MSE,4320,1,12,0,0,0,0,0,0,0,0,0,0,12
2025 - 2026,2026 Spring,UGRD,UGRD,Ye,Cao,,MSE,4355,1,6,3,0,0,0,0,0,0,1,0,0,10
2025 - 2026,2026 Spring,UGRD,UGRD,Peter,Rioux,,MUSI,0010,1,0,0,0,0,0,0,8,0,0,0,0,8
2025 - 2026,2026 Spring,UGRD,UGRD,Jing,Tam,,MUSI,0010,2,0,0,0,0,0,0,7,0,0,0,0,7
2025 - 2026,2026 Spring,UGRD,UGRD,Marisa Ann,Colon Corsino,,MUSI,0010,3,0,0,0,0,0,0,10,0,0,0,0,10
2025 - 2026,2026 Spring,UGRD,UGRD,David,Grogan,,MUSI,0010,4,0,0,0,0,0,0,9,0,0,0,0,9
2025 - 2026,2026 Spring,UGRD,UGRD,Jessica,Miller,,MUSI,0010,5,0,0,0,0,0,0,6,0,0,0,0,6
2025 - 2026,2026 Spring,UGRD,UGRD,Cathy,Forbes,,MUSI,0010,9,0,0,0,0,0,0,6,0,0,0,0,6
2025 - 2026,2026 Spring,UGRD,UGRD,Nola,Preston,,MUSI,0010,14,0,0,0,0,0,0,11,1,0,0,0,12
2025 - 2026,2026 Spring,UGRD,UGRD,Hannah,Chiasson,,MUSI,0010,16,0,0,0,0,0,0,7,0,0,0,0,7
2025 - 2026,2026 Spring,UGRD,UGRD,Mike,Nguyen,,MUSI,0010,17,0,0,0,0,0,0,11,0,1,0,0,12
2025 - 2026,2026 Spring,UGRD,UGRD,Michael,Morrison,,MUSI,0010,20,0,0,0,0,0,0,24,0,0,0,0,24
2025 - 2026,2026 Spring,UGRD,UGRD,Rickey,Bogard,,MUSI,0010,21,0,0,0,0,0,0,8,0,0,0,0,8
2025 - 2026,2026 Spring,UGRD,UGRD,Gerald,Wood,,MUSI,0010,22,0,0,0,0,0,0,7,0,0,0,0,7
2025 - 2026,2026 Spring,UGRD,UGRD,Jacob,Muzquiz,,MUSI,0010,23,0,0,0,0,0,0,9,0,0,0,0,9
2025 - 2026,2026 Spring,UGRD,UGRD,Edward,Jones,,MUSI,0010,24,0,0,0,0,0,0,7,0,0,0,0,7
2025 - 2026,2026 Spring,UGRD,UGRD,Donald,Bruce,,MUSI,0010,25,0,0,0,0,0,0,6,0,0,0,0,6
2025 - 2026,2026 Spring,UGRD,UGRD,Steven,Eldridge,,MUSI,0010,26,0,0,0,0,0,0,15,2,0,0,0,17
2025 - 2026,2026 Spring,UGRD,UGRD,Jessica,Ferring Glenn,,MUSI,0010,50,0,0,0,0,0,0,11,0,0,0,0,11
2025 - 2026,2026 Spring,UGRD,UGRD,Martha,Walvoord,,MUSI,0102,1,45,1,0,0,0,0,0,1,0,0,0,47
2025 - 2026,2026 Spring,UGRD,UGRD,Christopher,Evans,,MUSI,0103,1,44,0,2,0,0,0,0,1,0,0,0,47
2025 - 2026,2026 Spring,UGRD,UGRD,Karen,Kenaston-French,,MUSI,0104,1,41,0,0,0,0,0,0,0,0,0,0,41
2025 - 2026,2026 Spring,UGRD,UGRD,John,Wayman,,MUSI,0108,1,62,2,1,0,0,0,0,0,3,0,0,68
2025 - 2026,2026 Spring,UGRD,UGRD,Nola,Preston,,MUSI,0110,1,7,0,0,0,0,0,0,1,1,0,0,9
2025 - 2026,2026 Spring,UGRD,UGRD,Timothy,Ishii,,MUSI,0112,1,16,0,0,0,0,0,0,0,0,0,0,16
2025 - 2026,2026 Spring,UGRD,UGRD,Thomas,Burchill,,MUSI,0113,1,6,0,0,0,0,0,0,0,0,0,0,6
2025 - 2026,2026 Spring,UGRD,UGRD,Steven,Eldridge,,MUSI,0114,1,9,0,0,0,0,0,0,1,0,0,0,10
2025 - 2026,2026 Spring,UGRD,UGRD,Christopher,Nadeau,,MUSI,0114,2,10,0,0,0,0,0,0,1,0,0,0,11
2025 - 2026,2026 Spring,UGRD,UGRD,Jessica,Miller,,MUSI,0115,1,7,0,0,0,0,0,0,0,1,0,0,8
2025 - 2026,2026 Spring,UGRD,UGRD,Timothy,Ishii,,MUSI,0116,1,18,0,0,0,0,0,0,0,0,0,0,18
2025 - 2026,2026 Spring,UGRD,UGRD,Jacob,Muzquiz,,MUSI,0117,1,14,0,0,0,0,0,0,0,0,0,0,14
2025 - 2026,2026 Spring,UGRD,UGRD,Timothy,Ishii,,MUSI,0122,6,8,0,0,0,0,0,0,0,0,0,0,8
2025 - 2026,2026 Spring,UGRD,UGRD,Carlos,Fernandez,,MUSI,0122,7,6,0,0,0,0,0,0,0,0,0,0,6
2025 - 2026,2026 Spring,UGRD,UGRD,Hannah,Chiasson,,MUSI,0124,1,7,0,0,0,0,0,0,0,0,0,0,7
2025 - 2026,2026 Spring,UGRD,UGRD,Mike,Nguyen,,MUSI,0125,1,14,0,0,0,0,0,0,0,0,0,0,14
2025 - 2026,2026 Spring,UGRD,UGRD,Silas,Huff,,MUSI,0128,1,38,4,0,0,0,0,0,1,0,0,0,43
2025 - 2026,2026 Spring,UGRD,UGRD,Caleb,Miller,,MUSI,0130,1,42,1,3,0,0,0,0,2,1,0,0,49
2025 - 2026,2026 Spring,UGRD,UGRD,Christopher,Evans,,MUSI,0130,1,42,1,3,0,0,0,0,2,1,0,0,49
2025 - 2026,2026 Spring,UGRD,UGRD,Joe,Moore,,MUSI,0131,1,10,0,0,0,0,0,0,0,0,0,0,10
2025 - 2026,2026 Spring,UGRD,UGRD,Christopher,Evans,,MUSI,0132,1,63,0,0,0,0,0,0,0,0,0,0,63
2025 - 2026,2026 Spring,UGRD,UGRD,Astrid,Morales Torres,,MUSI,0174,1,6,5,1,0,0,0,0,0,0,0,0,12
2025 - 2026,2026 Spring,UGRD,UGRD,Pamela,Dawson,,MUSI,1105,1,7,9,4,1,3,0,0,0,1,0,0,25
2025 - 2026,2026 Spring,UGRD,UGRD,Joseph,Dolkos,,MUSI,1106,1,6,2,1,0,1,0,0,0,0,0,0,10
2025 - 2026,2026 Spring,UGRD,UGRD,Michael,Morrison,,MUSI,1107,1,8,0,0,0,0,0,0,0,0,0,0,8
2025 - 2026,2026 Spring,UGRD,UGRD,Dazheng,Zhu,,MUSI,1181,1,11,1,1,0,0,0,0,1,0,0,0,14
2025 - 2026,2026 Spring,UGRD,UGRD,Astrid,Morales Torres,,MUSI,1181,2,14,0,1,0,0,0,0,0,0,0,0,15
2025 - 2026,2026 Spring,UGRD,UGRD,Dazheng,Zhu,,MUSI,1181,3,11,0,1,0,0,0,0,0,0,0,0,12
2025 - 2026,2026 Spring,UGRD,UGRD,Astrid,Morales Torres,,MUSI,1183,1,8,0,0,0,0,0,0,0,0,0,0,8
2025 - 2026,2026 Spring,UGRD,UGRD,Klaudia,Cop-Akin,,MUSI,1186,1,2,1,2,1,1,0,0,0,0,0,0,7
2025 - 2026,2026 Spring,UGRD,UGRD,Jesse,Maker,,MUSI,1186,2,3,7,4,1,2,0,0,0,0,0,0,17
2025 - 2026,2026 Spring,UGRD,UGRD,Jesse,Maker,,MUSI,1186,3,4,3,2,1,0,0,0,1,0,0,0,11
2025 - 2026,2026 Spring,UGRD,UGRD,Veronica,Schramm,,MUSI,1186,4,10,1,2,0,0,0,0,0,0,0,0,13
2025 - 2026,2026 Spring,UGRD,UGRD,Rickey,Bogard,,MUSI,1249,1,4,1,0,0,0,1,0,0,0,0,0,6
2025 - 2026,2026 Spring,UGRD,UGRD,Thomas,Burchill,,MUSI,1254,51,5,0,0,0,1,0,0,0,0,0,0,6
2025 - 2026,2026 Spring,UGRD,UGRD,Mike,Nguyen,,MUSI,1300,1,28,25,11,6,19,2,0,1,8,0,0,100
2025 - 2026,2026 Spring,UGRD,UGRD,Veronica,Schramm,,MUSI,1300,1,51,3,1,0,1,0,0,0,0,0,0,56
2025 - 2026,2026 Spring,UGRD,UGRD,Mike,Nguyen,,MUSI,1300,2,38,25,8,3,6,0,0,0,4,0,0,84
2025 - 2026,2026 Spring,UGRD,UGRD,Veronica,Schramm,,MUSI,1300,3,204,15,10,2,6,0,0,2,3,0,0,242
2025 - 2026,2026 Spring,UGRD,UGRD,Sergio,Espinosa,,MUSI,1300,4,21,3,0,1,0,0,0,0,0,0,0,25
2025 - 2026,2026 Spring,UGRD,UGRD,Joe,Moore,,MUSI,1300,5,219,21,1,0,3,0,0,0,0,0,0,244
2025 - 2026,2026 Spring,UGRD,UGRD,Stockton,Helbing,,MUSI,1302,1,42,23,21,5,17,0,0,2,6,0,0,116
2025 - 2026,2026 Spring,UGRD,UGRD,Joe,Moore,,MUSI,1303,1,63,20,5,2,3,0,0,2,3,0,0,98
2025 - 2026,2026 Spring,UGRD,UGRD,Klaudia,Cop-Akin,,MUSI,1324,1,2,7,7,1,1,0,0,0,2,0,0,20
2025 - 2026,2026 Spring,UGRD,UGRD,Veronica,Schramm,,MUSI,1326,1,9,3,2,1,1,0,0,0,0,0,0,16
2025 - 2026,2026 Spring,UGRD,UGRD,Veronica,Schramm,,MUSI,1326,2,13,5,1,0,0,0,0,0,0,0,0,19
2025 - 2026,2026 Spring,UGRD,UGRD,Graham,Hunt,,MUSI,1326,3,10,4,2,2,1,0,0,1,0,0,0,20
2025 - 2026,2026 Spring,UGRD,UGRD,Michael,Morrison,,MUSI,2102,1,10,0,0,0,0,0,0,0,0,0,0,10
2025 - 2026,2026 Spring,UGRD,UGRD,Margaret,Brown,,MUSI,2103,1,3,2,5,0,0,0,0,0,1,0,0,11
2025 - 2026,2026 Spring,UGRD,UGRD,Joe,Moore,,MUSI,2104,1,6,5,0,0,0,0,0,0,0,0,0,11
2025 - 2026,2026 Spring,UGRD,UGRD,John,Wayman,,MUSI,2112,1,26,7,1,0,2,0,0,1,1,0,0,38
2025 - 2026,2026 Spring,UGRD,UGRD,Astrid,Morales Torres,,MUSI,2181,1,6,1,2,0,1,0,0,0,0,0,0,10
2025 - 2026,2026 Spring,UGRD,UGRD,Dazheng,Zhu,,MUSI,2181,2,11,0,0,0,0,0,0,0,1,0,0,12
2025 - 2026,2026 Spring,UGRD,UGRD,Astrid,Morales Torres,,MUSI,2181,4,6,1,0,0,1,0,0,0,0,0,0,8
2025 - 2026,2026 Spring,UGRD,UGRD,Alison,Parker,,MUSI,2186,1,1,1,3,0,0,0,0,1,0,0,0,6
2025 - 2026,2026 Spring,UGRD,UGRD,Alison,Parker,,MUSI,2186,2,1,7,2,0,0,0,0,0,0,0,0,10
2025 - 2026,2026 Spring,UGRD,UGRD,Sean,Morrison,,MUSI,2186,3,7,4,2,0,0,0,0,0,0,0,0,13
2025 - 2026,2026 Spring,UGRD,UGRD,Alison,Parker,,MUSI,2186,4,9,1,1,0,0,0,0,0,0,0,0,11
2025 - 2026,2026 Spring,UGRD,UGRD,Jesse,Maker,,MUSI,2227,1,3,1,6,1,2,0,0,0,0,0,0,13
2025 - 2026,2026 Spring,UGRD,UGRD,Nola,Preston,,MUSI,2300,1,67,5,2,0,1,0,0,0,1,0,0,76
2025 - 2026,2026 Spring,UGRD,UGRD,Brian,Mulholland,,MUSI,2301,1,58,20,9,2,8,0,0,1,1,0,0,99
2025 - 2026,2026 Spring,UGRD,UGRD,Sean,Morrison,,MUSI,2326,1,6,4,1,0,0,0,0,0,0,0,0,11
2025 - 2026,2026 Spring,UGRD,UGRD,Sean,Morrison,,MUSI,2326,2,7,2,0,1,0,0,0,0,0,0,0,10
2025 - 2026,2026 Spring,UGRD,UGRD,Klaudia,Cop-Akin,,MUSI,2326,3,6,2,2,0,1,0,0,0,0,0,0,11
2025 - 2026,2026 Spring,UGRD,UGRD,Klaudia,Cop-Akin,,MUSI,2326,4,4,4,3,0,0,0,0,0,0,0,0,11
2025 - 2026,2026 Spring,UGRD,UGRD,Jessica,Ferring Glenn,,MUSI,3101,1,8,2,1,0,0,0,0,1,0,0,0,12
2025 - 2026,2026 Spring,UGRD,UGRD,Jing,Tam,,MUSI,3104,1,6,0,1,0,0,0,0,0,0,0,0,7
2025 - 2026,2026 Spring,UGRD,UGRD,Thomas,Burchill,,MUSI,3125,1,15,0,1,0,0,0,0,0,0,0,0,16
2025 - 2026,2026 Spring,UGRD,UGRD,Michael,Morrison,,MUSI,3125,2,8,5,3,0,0,0,0,0,0,0,0,16
2025 - 2026,2026 Spring,UGRD,UGRD,Christopher,Evans,,MUSI,3200,1,2,4,3,1,0,1,0,0,0,0,0,11
2025 - 2026,2026 Spring,UGRD,UGRD,Michael,Morrison,,MUSI,3212,1,18,0,0,0,0,0,0,0,0,0,0,18
2025 - 2026,2026 Spring,UGRD,UGRD,Sean,Morrison,,MUSI,3301,1,12,8,1,0,1,0,0,0,2,0,0,24
2025 - 2026,2026 Spring,UGRD,UGRD,Emily,Eubanks,,MUSI,3301,2,24,5,6,0,0,0,0,1,0,0,0,36
2025 - 2026,2026 Spring,UGRD,UGRD,Jannette,Anderson,,MUSI,3316,1,26,3,1,1,0,0,0,0,0,0,0,31
2025 - 2026,2026 Spring,UGRD,UGRD,Michael,Korson,,MUSI,3320,1,8,3,1,0,0,0,0,0,1,0,0,13
2025 - 2026,2026 Spring,UGRD,UGRD,William,Townsley,,MUSI,3322,1,17,0,0,0,0,0,0,0,0,0,0,17
2025 - 2026,2026 Spring,UGRD,UGRD,Brian,Mulholland,,MUSI,3323,1,28,2,0,0,1,0,0,0,1,0,0,32
2025 - 2026,2026 Spring,UGRD,UGRD,Joe,Moore,,MUSI,3394,1,13,2,4,0,7,0,0,1,3,0,0,30
2025 - 2026,2026 Spring,UGRD,UGRD,William,Townsley,,MUSI,3397,1,18,6,4,1,0,0,0,0,0,0,0,29
2025 - 2026,2026 Spring,UGRD,UGRD,Hannah,Chiasson,,MUSI,4111,16,5,1,0,0,0,0,0,0,0,0,0,6
2025 - 2026,2026 Spring,UGRD,UGRD,Diane,Lange,,MUSI,4117,1,8,3,2,0,0,1,0,0,0,0,0,14
2025 - 2026,2026 Spring,UGRD,UGRD,Joe,Moore,,MUSI,4129,1,8,0,0,0,0,0,0,0,0,0,0,8
2025 - 2026,2026 Spring,UGRD,UGRD,Astrid,Morales Torres,,MUSI,4205,1,9,0,0,0,0,0,0,0,0,0,0,9
2025 - 2026,2026 Spring,UGRD,UGRD,Diane,Lange,,MUSI,4211,1,4,4,0,0,0,0,0,0,0,0,0,8
2025 - 2026,2026 Spring,UGRD,UGRD,Diane,Lange,,MUSI,4211,2,3,6,3,0,0,0,0,0,0,0,0,12
2025 - 2026,2026 Spring,UGRD,UGRD,Russell,Sanders,,MUSI,4213,1,7,4,0,0,0,0,0,0,0,0,0,11
2025 - 2026,2026 Spring,UGRD,UGRD,John,Wayman,,MUSI,4214,1,5,2,1,0,0,1,0,0,0,0,0,9
2025 - 2026,2026 Spring,UGRD,UGRD,Jesse,Maker,,MUSI,4301,1,7,12,10,0,1,0,0,0,0,0,0,30
2025 - 2026,2026 Spring,UGRD,UGRD,Silas,Huff,Andrea Ramirez,MUSI,4308,1,11,2,0,0,0,0,0,0,0,0,0,13
2025 - 2026,2026 Spring,UGRD,UGRD,Karen,Kenaston-French,,MUSI,4309,1,3,3,1,0,0,0,0,0,0,0,0,7
2025 - 2026,2026 Spring,UGRD,UGRD,Michael,Korson,,MUSI,4326,1,12,1,2,0,0,0,0,0,0,0,0,15
2025 - 2026,2026 Spring,UGRD,UGRD,Michael,Korson,,MUSI,4390,1,12,3,1,0,0,0,0,0,0,0,0,16
2025 - 2026,2026 Spring,UGRD,UGRD,Michael,Korson,,MUSI,4390,2,8,4,3,0,0,0,0,0,0,0,0,15
2025 - 2026,2026 Spring,UGRD,UGRD,William,Townsley,,MUSI,4395,1,0,0,0,0,0,0,11,0,0,0,0,11
2025 - 2026,2026 Spring,UGRD,GRAD,Graham,Hunt,,MUSI,5349,1,7,0,0,0,0,0,0,0,1,0,0,8
2025 - 2026,2026 Spring,UGRD,GRAD,Diane,Lange,,MUSI,5391,33,4,0,1,0,0,0,0,0,2,0,0,7
2025 - 2026,2026 Spring,UGRD,UGRD,Rasool,Kenarangui,,NE,4302,2,5,2,2,0,0,0,0,0,0,0,0,9
2025 - 2026,2026 Spring,UGRD,UGRD,Ratan,Kumar,,NE,4303,1,13,0,0,0,0,0,0,0,0,0,0,13
2025 - 2026,2026 Spring,UGRD,UGRD,Ahmad,Hamdan,Christine Roberts,NURS,2232,1,24,4,1,0,0,0,0,0,0,0,0,29
2025 - 2026,2026 Spring,UGRD,UGRD,Thomas,Dombrowsky,Adejoke Ogidan,NURS,3261,1,46,7,0,0,0,0,0,0,0,0,0,53
2025 - 2026,2026 Spring,UGRD,UGRD,Laura,Hixon,Adejoke Ogidan,NURS,3261,2,70,4,0,0,0,0,0,0,0,0,0,74
2025 - 2026,2026 Spring,UGRD,UGRD,Adejoke,Ogidan,,NURS,3261,72,74,1,0,0,0,0,0,0,0,0,0,75
2025 - 2026,2026 Spring,UGRD,UGRD,Adejoke,Ogidan,,NURS,3261,600,252,22,4,0,1,0,0,0,0,0,0,279
2025 - 2026,2026 Spring,UGRD,UGRD,Sandra,Westmoreland,,NURS,3309,72,87,25,5,2,5,0,0,0,0,0,0,124
2025 - 2026,2026 Spring,UGRD,UGRD,Maria Aranzazu,Gil Recalde,Sandra Westmoreland,NURS,3309,73,70,37,6,4,5,0,0,0,3,0,0,125
2025 - 2026,2026 Spring,UGRD,UGRD,RaQuita,Weeks-Lee,Sandra Westmoreland,NURS,3309,74,85,21,8,4,0,0,0,3,3,0,0,124
2025 - 2026,2026 Spring,UGRD,UGRD,Maria Aranzazu,Gil Recalde,Sandra Westmoreland,NURS,3309,75,78,25,6,4,7,0,0,0,4,0,0,124
2025 - 2026,2026 Spring,UGRD,UGRD,Sandra,Westmoreland,,NURS,3309,500,126,42,14,6,8,0,0,1,5,0,0,202
2025 - 2026,2026 Spring,UGRD,UGRD,Sandra,Westmoreland,,NURS,3309,501,141,40,25,3,19,0,0,1,8,0,0,237
2025 - 2026,2026 Spring,UGRD,UGRD,Rebecca,Rountree,,NURS,3315,500,184,20,4,0,2,0,0,1,5,0,0,216
2025 - 2026,2026 Spring,UGRD,UGRD,Rebecca,Rountree,,NURS,3315,501,176,15,2,0,4,1,0,1,3,0,0,202
2025 - 2026,2026 Spring,UGRD,UGRD,Rebecca,Rountree,,NURS,3315,502,167,16,8,1,2,0,0,0,0,0,0,194
2025 - 2026,2026 Spring,UGRD,UGRD,Laura,Hixon,,NURS,3320,1,17,55,9,3,0,0,0,3,1,0,0,88
2025 - 2026,2026 Spring,UGRD,UGRD,Laura,Hixon,,NURS,3320,2,26,62,8,6,0,0,0,0,3,0,0,105
2025 - 2026,2026 Spring,UGRD,UGRD,Ahmad,Hamdan,Laura Hixon,NURS,3320,600,87,157,24,0,0,0,0,3,3,0,0,274
2025 - 2026,2026 Spring,UGRD,UGRD,Thomas,Dombrowsky,,NURS,3321,72,49,25,1,0,0,0,0,0,0,0,0,75
2025 - 2026,2026 Spring,UGRD,UGRD,Maxine,Adegbola,Thomas Dombrowsky,NURS,3321,73,18,50,5,2,0,0,0,0,0,0,0,75
2025 - 2026,2026 Spring,UGRD,UGRD,Thomas,Dombrowsky,,NURS,3321,75,6,35,11,1,0,0,0,0,0,0,0,53
2025 - 2026,2026 Spring,UGRD,UGRD,Thomas,Dombrowsky,,NURS,3321,600,121,153,7,1,0,0,0,0,0,0,0,282
2025 - 2026,2026 Spring,UGRD,UGRD,Yan,Xiao,,NURS,3322,500,165,2,0,0,0,0,0,0,4,0,0,171
2025 - 2026,2026 Spring,UGRD,UGRD,Yan,Xiao,,NURS,3322,501,73,5,1,0,0,0,0,0,0,0,0,79
2025 - 2026,2026 Spring,UGRD,UGRD,Zhaoli,Liu,,NURS,3322,501,73,5,1,0,0,0,0,0,0,0,0,79
2025 - 2026,2026 Spring,UGRD,UGRD,Adejoke,Ogidan,,NURS,3325,500,95,74,27,3,7,0,0,2,4,0,0,212
2025 - 2026,2026 Spring,UGRD,UGRD,Adejoke,Ogidan,,NURS,3325,501,97,61,9,1,4,0,0,2,5,0,0,179
2025 - 2026,2026 Spring,UGRD,UGRD,Adejoke,Ogidan,,NURS,3325,502,110,62,9,3,6,0,0,0,6,0,0,196
2025 - 2026,2026 Spring,UGRD,UGRD,Janelle,Hennes,,NURS,3333,1,56,12,0,0,0,0,0,0,1,0,0,69
2025 - 2026,2026 Spring,UGRD,UGRD,Janelle,Hennes,,NURS,3333,2,56,12,0,0,1,0,0,0,0,0,0,69
2025 - 2026,2026 Spring,UGRD,UGRD,Janelle,Hennes,,NURS,3333,3,57,11,1,1,0,0,0,0,0,0,0,70
2025 - 2026,2026 Spring,UGRD,UGRD,Christine,Roberts,,NURS,3333,600,94,16,2,1,2,0,0,1,0,0,0,116
2025 - 2026,2026 Spring,UGRD,UGRD,Cynthia,Koomey,,NURS,3335,500,156,38,10,1,2,1,0,2,1,0,0,211
2025 - 2026,2026 Spring,UGRD,UGRD,Cynthia,Koomey,,NURS,3335,501,126,35,7,3,2,0,0,1,1,0,0,175
2025 - 2026,2026 Spring,UGRD,UGRD,Cynthia,Koomey,,NURS,3335,502,115,32,14,2,5,0,0,1,2,0,0,171
2025 - 2026,2026 Spring,UGRD,UGRD,Agnes,Deleawe,,NURS,3345,500,147,35,13,1,3,0,0,5,3,0,0,207
2025 - 2026,2026 Spring,UGRD,UGRD,Elisa,Stehling,,NURS,3345,500,147,35,13,1,3,0,0,5,3,0,0,207
2025 - 2026,2026 Spring,UGRD,UGRD,Elisa,Stehling,,NURS,3345,501,74,15,6,1,6,0,0,2,1,0,0,105
2025 - 2026,2026 Spring,UGRD,UGRD,Agnes,Deleawe,,NURS,3345,502,104,28,8,0,4,0,0,0,2,0,0,146
2025 - 2026,2026 Spring,UGRD,UGRD,Elisa,Stehling,,NURS,3345,502,104,28,8,0,4,0,0,0,2,0,0,146
2025 - 2026,2026 Spring,UGRD,UGRD,Elisa,Stehling,,NURS,3345,506,46,17,1,0,1,0,0,1,1,0,0,67
2025 - 2026,2026 Spring,UGRD,UGRD,Maria Aranzazu,Gil Recalde,,NURS,3347,1,11,8,2,0,0,0,0,0,0,0,0,21
2025 - 2026,2026 Spring,UGRD,UGRD,Markeya,Hood,,NURS,3352,500,141,30,11,1,1,0,0,0,0,0,0,184
2025 - 2026,2026 Spring,UGRD,UGRD,Markeya,Hood,,NURS,3352,501,130,33,7,0,4,0,0,0,0,0,0,174
2025 - 2026,2026 Spring,UGRD,UGRD,Markeya,Hood,,NURS,3352,502,164,30,12,3,2,0,0,1,1,0,0,213
2025 - 2026,2026 Spring,UGRD,UGRD,Kimberly,Mortus,Kristin Sterling,NURS,3364,1,38,17,4,1,4,0,0,3,1,0,0,68
2025 - 2026,2026 Spring,UGRD,UGRD,Quainshonda,Suber,Kristin Sterling,NURS,3364,2,53,10,3,1,1,0,0,0,1,0,0,69
2025 - 2026,2026 Spring,UGRD,UGRD,Quainshonda,Suber,Kristin Sterling,NURS,3364,3,38,15,6,4,3,0,0,1,3,0,0,70
2025 - 2026,2026 Spring,UGRD,UGRD,Kimberly,Mortus,Kristin Sterling,NURS,3364,4,44,14,5,2,2,0,0,1,2,0,0,70
2025 - 2026,2026 Spring,UGRD,UGRD,Kimberly,Mortus,Kristin Sterling,NURS,3364,6,29,8,10,2,4,0,0,1,2,0,0,56
2025 - 2026,2026 Spring,UGRD,UGRD,Quainshonda,Suber,Kristin Sterling,NURS,3364,8,32,14,6,6,6,0,0,1,3,0,0,68
2025 - 2026,2026 Spring,UGRD,UGRD,Quainshonda,Suber,Kristin Sterling,NURS,3364,9,41,14,5,2,5,0,0,1,2,0,0,70
2025 - 2026,2026 Spring,UGRD,UGRD,Kristin,Sterling,,NURS,3364,10,49,9,6,0,3,0,0,1,1,0,0,69
2025 - 2026,2026 Spring,UGRD,UGRD,Kristin,Sterling,,NURS,3364,72,59,3,3,2,0,0,0,0,2,0,0,69
2025 - 2026,2026 Spring,UGRD,UGRD,Kristin,Sterling,,NURS,3364,75,44,7,4,7,5,0,0,0,2,0,0,69
2025 - 2026,2026 Spring,UGRD,UGRD,Kristin,Sterling,,NURS,3364,600,115,17,4,2,4,0,0,0,1,0,0,143
2025 - 2026,2026 Spring,UGRD,UGRD,Kristin,Sterling,,NURS,3364,601,107,26,10,2,7,0,0,0,2,0,0,154
2025 - 2026,2026 Spring,UGRD,UGRD,Kristin,Sterling,,NURS,3364,602,101,17,4,2,8,0,0,1,4,0,0,137
2025 - 2026,2026 Spring,UGRD,UGRD,Kelle,George,,NURS,3364,603,69,13,7,1,0,0,0,3,0,0,0,93
2025 - 2026,2026 Spring,UGRD,UGRD,Kristin,Sterling,,NURS,3364,603,69,13,7,1,0,0,0,3,0,0,0,93
2025 - 2026,2026 Spring,UGRD,UGRD,Kelle,George,Kristin Sterling,NURS,3364,605,92,24,4,1,4,0,0,1,0,0,0,126
2025 - 2026,2026 Spring,UGRD,UGRD,Kelle,George,Kristin Sterling,NURS,3364,606,71,15,6,1,4,0,0,0,1,0,0,98
2025 - 2026,2026 Spring,UGRD,UGRD,Dinah,Houston,,NURS,3365,1,24,46,11,0,0,0,0,3,0,0,0,84
2025 - 2026,2026 Spring,UGRD,UGRD,Dinah,Houston,,NURS,3365,2,33,52,10,3,1,0,0,0,1,0,0,100
2025 - 2026,2026 Spring,UGRD,UGRD,Donna,Davis,,NURS,3366,1,14,25,12,9,1,0,0,0,8,0,0,69
2025 - 2026,2026 Spring,UGRD,UGRD,Donna,Davis,,NURS,3366,2,9,24,6,5,5,1,0,4,12,0,0,66
2025 - 2026,2026 Spring,UGRD,UGRD,Paula,Wyman,Donna Davis,NURS,3366,3,7,21,7,4,8,0,0,2,19,0,0,68
2025 - 2026,2026 Spring,UGRD,UGRD,Kimberly,Mortus,Donna Davis,NURS,3366,4,8,22,3,7,1,0,0,2,16,0,0,59
2025 - 2026,2026 Spring,UGRD,UGRD,Kaseya,Tshikunguila,Donna Davis,NURS,3366,5,12,34,8,4,2,0,0,2,8,0,0,70
2025 - 2026,2026 Spring,UGRD,UGRD,Elisa,Stehling,Donna Davis,NURS,3366,6,13,23,11,11,1,0,0,1,10,0,0,70
2025 - 2026,2026 Spring,UGRD,UGRD,Donna,Davis,,NURS,3366,7,6,24,9,6,4,0,0,3,17,0,0,69
2025 - 2026,2026 Spring,UGRD,UGRD,Alyssa,Peterson,,NURS,3375,500,110,53,10,2,1,0,0,0,5,0,0,181
2025 - 2026,2026 Spring,UGRD,UGRD,Alyssa,Peterson,,NURS,3375,501,174,41,14,0,1,0,0,0,5,0,0,235
2025 - 2026,2026 Spring,UGRD,UGRD,Leslie,Jennings,,NURS,3375,501,174,41,14,0,1,0,0,0,5,0,0,235
2025 - 2026,2026 Spring,UGRD,UGRD,Alyssa,Peterson,,NURS,3375,502,124,24,4,2,2,0,0,0,6,0,0,162
2025 - 2026,2026 Spring,UGRD,UGRD,Umber,Darilek,,NURS,3375,502,124,24,4,2,2,0,0,0,6,0,0,162
2025 - 2026,2026 Spring,UGRD,UGRD,Susan,Justice,Cynthia Griffin; Marcia Monghate; Rhonda Hudson; Rosemary Bell; Shayla Buckler,NURS,3381,1,115,86,3,0,0,0,0,0,1,0,0,205
2025 - 2026,2026 Spring,UGRD,UGRD,Susan,Justice,,NURS,3381,600,88,60,2,0,0,0,0,0,0,0,0,150
2025 - 2026,2026 Spring,UGRD,UGRD,Susan,Justice,,NURS,3381,601,67,64,0,0,0,0,0,0,0,0,0,131
2025 - 2026,2026 Spring,UGRD,UGRD,Michael,Holmes,Agnes Deleawe; Amy Rossing; Bailey Davis; Charee Cash; Charlyn Gilmore; Daryl Hogan; Deborah Hansford; Esther Dorsey; Fatoumata Jallow; Grace Johnson; Jade Iloka; Jennifer Baker; Kaseya Tshikunguila; Katherine Ellis; Katie McLean; Reyhan Rzayeva; Sha,NURS,3632,1,38,118,24,6,2,0,0,3,3,0,0,194
2025 - 2026,2026 Spring,UGRD,UGRD,Deborah,Hansford,,NURS,3632,600,37,90,16,0,0,0,0,2,2,0,0,147
2025 - 2026,2026 Spring,UGRD,UGRD,Paula,Wyman,,NURS,3632,600,37,90,16,0,0,0,0,2,2,0,0,147
2025 - 2026,2026 Spring,UGRD,UGRD,Reyhan,Rzayeva,,NURS,3632,600,37,90,16,0,0,0,0,2,2,0,0,147
2025 - 2026,2026 Spring,UGRD,UGRD,Deborah,Hansford,,NURS,3632,601,28,80,12,5,1,0,0,1,1,0,0,128
2025 - 2026,2026 Spring,UGRD,UGRD,Paula,Wyman,,NURS,3632,601,28,80,12,5,1,0,0,1,1,0,0,128
2025 - 2026,2026 Spring,UGRD,UGRD,Reyhan,Rzayeva,,NURS,3632,601,28,80,12,5,1,0,0,1,1,0,0,128
2025 - 2026,2026 Spring,UGRD,UGRD,Donna,Cleary,Chaminda Unantenne; Helah Hassan; Janet Makori; Jessica Monsevalles; Lacy Chandler; Marilyn McAdams; Melissa Leiker; Nicke Wilson; Rael Eckenroed; Roselyne Otieno; Shiny Varghese; Sonia Jones; Valoree Bowen; Xuan Tran-Pham; Yunsik Lee,NURS,3661,1,62,126,14,1,0,0,0,0,1,0,0,204
2025 - 2026,2026 Spring,UGRD,UGRD,Donna,Cleary,,NURS,3661,600,44,100,17,0,0,0,0,0,2,0,0,163
2025 - 2026,2026 Spring,UGRD,UGRD,Janet,Makori,,NURS,3661,600,44,100,17,0,0,0,0,0,2,0,0,163
2025 - 2026,2026 Spring,UGRD,UGRD,Donna,Cleary,,NURS,3661,601,46,74,7,0,0,0,0,0,0,0,0,127
2025 - 2026,2026 Spring,UGRD,UGRD,Janet,Makori,,NURS,3661,601,46,74,7,0,0,0,0,0,0,0,0,127
2025 - 2026,2026 Spring,UGRD,UGRD,Rhonda,Hudson,,NURS,4199,1,99,0,0,0,0,0,0,0,0,0,0,99
2025 - 2026,2026 Spring,UGRD,UGRD,Rhonda,Hudson,,NURS,4199,2,92,2,0,0,0,0,0,0,0,0,0,94
2025 - 2026,2026 Spring,UGRD,UGRD,Kelley,Monroe,,NURS,4323,72,105,0,0,0,0,0,0,0,0,0,0,105
2025 - 2026,2026 Spring,UGRD,UGRD,Kelley,Monroe,,NURS,4323,73,79,2,0,0,0,0,0,0,0,0,0,81
2025 - 2026,2026 Spring,UGRD,UGRD,Kelley,Monroe,,NURS,4323,600,245,5,3,0,0,0,0,0,0,0,0,253
2025 - 2026,2026 Spring,UGRD,UGRD,Thomas,Dombrowsky,,NURS,4325,201,6,7,0,0,0,0,0,0,0,0,0,13
2025 - 2026,2026 Spring,UGRD,UGRD,Thomas,Dombrowsky,,NURS,4325,500,48,125,42,4,1,0,0,3,13,0,0,236
2025 - 2026,2026 Spring,UGRD,UGRD,Thomas,Dombrowsky,,NURS,4325,501,9,73,47,3,1,0,0,0,8,0,0,141
2025 - 2026,2026 Spring,UGRD,UGRD,Thomas,Dombrowsky,,NURS,4325,502,42,86,19,1,3,0,0,0,4,0,0,155
2025 - 2026,2026 Spring,UGRD,UGRD,Veronica,King,,NURS,4325,502,42,86,19,1,3,0,0,0,4,0,0,155
2025 - 2026,2026 Spring,UGRD,UGRD,Tara,Martin,Amy Hiett; Andrea Nutting; Christina Stacy; Gloria-Grace Rose; Karen Liddy; Tiffany Jeter; Vicky Garcia,NURS,4331,1,17,72,11,0,1,0,0,0,0,0,0,101
2025 - 2026,2026 Spring,UGRD,UGRD,Tara,Martin,Amy Hiett; Andrea Nutting; Christina Stacy; Karen Liddy; Michele Trinka; Tiffany Jeter,NURS,4331,2,21,58,10,0,1,0,0,0,0,0,0,90
2025 - 2026,2026 Spring,UGRD,UGRD,Alyssa,Peterson,Ashlee Hansen-Bell; Elisa Stehling; Janelle Hennes; Kay Spearman; Markeya Hood; Rebecca Rountree,NURS,4341,1,38,47,5,0,0,0,0,0,0,0,0,90
2025 - 2026,2026 Spring,UGRD,UGRD,Alyssa,Peterson,Ashlee Hansen-Bell; Elisa Stehling; Janelle Hennes; Kay Spearman; Markeya Hood,NURS,4341,2,41,57,4,1,0,0,0,0,0,0,0,103
2025 - 2026,2026 Spring,UGRD,UGRD,Gloria-Grace,Rose,Adejoke Ogidan; Amy Hiett; Andrea Nutting; Courtney Johnson; Donna Davis; Glenn Wood; James Lee; Karen Bravo; Kelley Monroe; Kristin Sterling; Mary Harris; Patricia Allard; RaQuita Weeks-Lee; Sharon Blackerby,NURS,4350,3,0,0,0,0,0,0,10,0,0,0,0,10
2025 - 2026,2026 Spring,UGRD,UGRD,Amy,Hiett,Gloria-Grace Rose; Patricia Allard,NURS,4350,4,0,0,0,0,0,0,7,0,0,0,0,7
2025 - 2026,2026 Spring,UGRD,UGRD,Andrea,Nutting,Gloria-Grace Rose; Patricia Allard,NURS,4350,5,0,0,0,0,0,0,9,0,0,0,0,9
2025 - 2026,2026 Spring,UGRD,UGRD,Kelley,Monroe,Gloria-Grace Rose; Patricia Allard,NURS,4350,6,0,0,0,0,0,0,13,0,0,0,0,13
2025 - 2026,2026 Spring,UGRD,UGRD,Courtney,Johnson,Gloria-Grace Rose; Patricia Allard,NURS,4350,7,0,0,0,0,0,0,11,0,0,0,0,11
2025 - 2026,2026 Spring,UGRD,UGRD,Donna,Davis,Gloria-Grace Rose; Patricia Allard,NURS,4350,8,0,0,0,0,0,0,8,0,0,0,0,8
2025 - 2026,2026 Spring,UGRD,UGRD,Amy,Hiett,Gloria-Grace Rose; Patricia Allard,NURS,4350,9,0,0,0,0,0,0,10,0,0,0,0,10
2025 - 2026,2026 Spring,UGRD,UGRD,Adejoke,Ogidan,Gloria-Grace Rose; Patricia Allard,NURS,4350,10,0,0,0,0,0,0,10,0,0,0,0,10
2025 - 2026,2026 Spring,UGRD,UGRD,Glenn,Wood,Gloria-Grace Rose; Patricia Allard,NURS,4350,11,0,0,0,0,0,0,11,0,0,0,0,11
2025 - 2026,2026 Spring,UGRD,UGRD,Glenn,Wood,Gloria-Grace Rose; Patricia Allard,NURS,4350,12,0,0,0,0,0,0,6,0,0,0,0,6
2025 - 2026,2026 Spring,UGRD,UGRD,Karen,Bravo,Gloria-Grace Rose; Patricia Allard,NURS,4350,13,0,0,0,0,0,0,7,0,0,0,0,7
2025 - 2026,2026 Spring,UGRD,UGRD,Karen,Bravo,Gloria-Grace Rose; Patricia Allard,NURS,4350,14,0,0,0,0,0,0,12,0,0,0,0,12
2025 - 2026,2026 Spring,UGRD,UGRD,Andrea,Nutting,Gloria-Grace Rose; Patricia Allard,NURS,4350,15,0,0,0,0,0,0,12,0,0,0,0,12
2025 - 2026,2026 Spring,UGRD,UGRD,Glenn,Wood,Gloria-Grace Rose; Patricia Allard,NURS,4350,16,0,0,0,0,0,0,7,0,0,0,0,7
2025 - 2026,2026 Spring,UGRD,UGRD,Kristin,Sterling,Gloria-Grace Rose; Patricia Allard,NURS,4350,17,0,0,0,0,0,0,12,0,0,0,0,12
2025 - 2026,2026 Spring,UGRD,UGRD,RaQuita,Weeks-Lee,Gloria-Grace Rose; Patricia Allard,NURS,4350,18,0,0,0,0,0,0,11,0,0,0,0,11
2025 - 2026,2026 Spring,UGRD,UGRD,Donna,Davis,Gloria-Grace Rose; Patricia Allard,NURS,4350,19,0,0,0,0,0,0,8,0,0,0,0,8
2025 - 2026,2026 Spring,UGRD,UGRD,Sharon,Blackerby,Gloria-Grace Rose; Patricia Allard,NURS,4350,24,0,0,0,0,0,0,10,0,0,0,0,10
2025 - 2026,2026 Spring,UGRD,UGRD,Sandra,Gomez,Natalliette Richards,NURS,4350,608,0,0,0,0,0,0,8,0,0,0,0,8
2025 - 2026,2026 Spring,UGRD,UGRD,Kelly,Feagan,Natalliette Richards,NURS,4350,609,0,0,0,0,0,0,7,0,0,0,0,7
2025 - 2026,2026 Spring,UGRD,UGRD,Jenise,Galey,Natalliette Richards,NURS,4350,636,0,0,0,0,0,0,6,0,0,0,0,6
2025 - 2026,2026 Spring,UGRD,UGRD,Robin,Hunter,Patricia Allard,NURS,4350,639,0,0,0,0,0,0,6,0,0,0,0,6
2025 - 2026,2026 Spring,UGRD,UGRD,Stefanie,Tanner,Patricia Allard,NURS,4350,659,0,0,0,0,0,0,11,0,0,0,0,11
2025 - 2026,2026 Spring,UGRD,UGRD,Beverly,Price,Natalliette Richards,NURS,4350,695,0,0,0,0,0,0,6,0,0,0,0,6
2025 - 2026,2026 Spring,UGRD,UGRD,Ami,Stone,Natalliette Richards,NURS,4350,714,0,0,0,0,0,0,8,0,0,0,0,8
2025 - 2026,2026 Spring,UGRD,UGRD,Joann,Grimes,Natalliette Richards,NURS,4350,716,0,0,0,0,0,0,6,0,0,0,0,6
2025 - 2026,2026 Spring,UGRD,UGRD,Alyssa,Best,Natalliette Richards,NURS,4350,723,0,0,0,0,0,0,6,0,0,0,0,6
2025 - 2026,2026 Spring,UGRD,UGRD,Joann,Grimes,Natalliette Richards,NURS,4350,724,0,0,0,0,0,0,7,0,0,0,0,7
2025 - 2026,2026 Spring,UGRD,UGRD,Jessica,Sennett,Natalliette Richards,NURS,4350,726,0,0,0,0,0,0,7,0,0,0,0,7
2025 - 2026,2026 Spring,UGRD,UGRD,Lidiaty,Wright,Natalliette Richards,NURS,4350,762,0,0,0,0,0,0,7,0,0,0,0,7
2025 - 2026,2026 Spring,UGRD,UGRD,Ashley,Kitzko,Natalliette Richards,NURS,4350,778,0,0,0,0,0,0,8,0,0,0,0,8
2025 - 2026,2026 Spring,UGRD,UGRD,Mellony,Ifokwe,Natalliette Richards,NURS,4350,780,0,0,0,0,0,0,7,0,0,0,0,7
2025 - 2026,2026 Spring,UGRD,UGRD,Natalliette,Richards,,NURS,4350,782,0,0,0,0,0,0,6,0,0,0,0,6
2025 - 2026,2026 Spring,UGRD,UGRD,Shakerra,Brown,,NURS,4350,782,0,0,0,0,0,0,6,0,0,0,0,6
2025 - 2026,2026 Spring,UGRD,UGRD,Noami,Cavett,Patricia Allard,NURS,4350,810,0,0,0,0,0,0,9,0,0,0,0,9
2025 - 2026,2026 Spring,UGRD,UGRD,Friedrich,Rheinfrank,Patricia Allard,NURS,4350,811,0,0,0,0,0,0,10,0,0,0,0,10
2025 - 2026,2026 Spring,UGRD,UGRD,Kristie,Gilliland,Patricia Allard,NURS,4350,814,0,0,0,0,0,0,6,0,0,0,0,6
2025 - 2026,2026 Spring,UGRD,UGRD,Debra,Mezo,Patricia Allard,NURS,4350,816,0,0,0,0,0,0,9,0,0,0,0,9
2025 - 2026,2026 Spring,UGRD,UGRD,Tara,Martin,Patricia Allard,NURS,4350,822,0,0,0,0,0,0,9,0,0,0,0,9
2025 - 2026,2026 Spring,UGRD,UGRD,Nora,Billodeaux,Patricia Allard,NURS,4350,828,0,0,0,0,0,0,9,0,0,0,0,9
2025 - 2026,2026 Spring,UGRD,UGRD,Mary,Harris,Patricia Allard,NURS,4350,829,0,0,0,0,0,0,7,0,0,0,0,7
2025 - 2026,2026 Spring,UGRD,UGRD,Gabriell,Grayson,Patricia Allard,NURS,4350,833,0,0,0,0,0,0,9,0,0,0,0,9
2025 - 2026,2026 Spring,UGRD,UGRD,Ronel,Layugan,Patricia Allard,NURS,4350,901,0,0,0,0,0,0,6,0,0,0,0,6
2025 - 2026,2026 Spring,UGRD,UGRD,RaQuita,Weeks-Lee,,NURS,4351,1,73,9,1,0,0,0,0,0,0,0,0,83
2025 - 2026,2026 Spring,UGRD,UGRD,Courtney,Johnson,RaQuita Weeks-Lee,NURS,4351,2,99,5,0,0,0,0,0,0,0,0,0,104
2025 - 2026,2026 Spring,UGRD,UGRD,Donna,Cleary,,NURS,4351,600,237,17,1,0,0,0,0,0,0,0,0,255
2025 - 2026,2026 Spring,UGRD,UGRD,Jaci,Mester,,NURS,4370,72,23,2,4,0,1,0,0,0,0,0,0,30
2025 - 2026,2026 Spring,UGRD,UGRD,Rebecca,Mathews,,NURS,4455,201,13,0,1,0,0,0,0,0,0,0,0,14
2025 - 2026,2026 Spring,UGRD,UGRD,Rebecca,Mathews,,NURS,4455,500,145,55,15,1,0,0,0,1,5,0,0,222
2025 - 2026,2026 Spring,UGRD,UGRD,Rebecca,Mathews,,NURS,4455,501,139,43,13,1,5,0,0,2,1,0,0,204
2025 - 2026,2026 Spring,UGRD,UGRD,Rebecca,Mathews,,NURS,4455,502,99,32,8,0,7,0,0,0,1,0,0,147
2025 - 2026,2026 Spring,UGRD,UGRD,Veronica,King,Adejoke Ogidan; Alyssa Peterson; Andrea Nutting; Caren Brown; Courtney Johnson; Dinah Houston; Elizabeth Kreuze; Juanita Nickols; Karen Bravo; Karen Liddy; Kay Spearman; Lacy Chandler; Rose Wimbish-Tompkins; Shayla Green; Sohyun Kim; Sonia Jones,NURS,4462,1,187,0,0,0,0,0,0,0,0,0,0,187
2025 - 2026,2026 Spring,UGRD,UGRD,Marianne,Doan,,NURS,4462,600,142,1,0,0,0,0,0,0,0,0,0,143
2025 - 2026,2026 Spring,UGRD,UGRD,Veronica,King,,NURS,4462,600,142,1,0,0,0,0,0,0,0,0,0,143
2025 - 2026,2026 Spring,UGRD,UGRD,Veronica,King,,NURS,4462,601,111,1,0,0,0,0,0,0,0,0,0,112
2025 - 2026,2026 Spring,UGRD,UGRD,Shayla,Buckler,Cynthia Koomey,NURS,4465,201,13,0,0,0,0,0,0,0,0,0,0,13
2025 - 2026,2026 Spring,UGRD,UGRD,Shayla,Buckler,,NURS,4465,500,134,25,2,1,0,0,0,0,7,0,0,169
2025 - 2026,2026 Spring,UGRD,UGRD,Shayla,Buckler,,NURS,4465,501,163,28,7,4,0,0,0,1,2,0,0,205
2025 - 2026,2026 Spring,UGRD,UGRD,Shayla,Buckler,,NURS,4465,502,125,18,7,1,4,0,0,0,3,0,0,158
2025 - 2026,2026 Spring,UGRD,UGRD,Crystal,Ramirez,Anitra Johnson; Ann Birka; Chaminda Unantenne; Coreen Johnson; Danah Hamdan; David Andrews; Debra Hurd; Kimberly Ortiz; Kirsti Landels; Lisa Prince; Monica Massey; Olivia Obazughanmwen; Susan Wells,NURS,4581,1,30,118,50,6,2,0,0,0,4,0,0,210
2025 - 2026,2026 Spring,UGRD,UGRD,Fatoumata,Jallow,,NURS,4685,201,14,0,0,0,0,0,0,0,0,0,0,14
2025 - 2026,2026 Spring,UGRD,UGRD,Fatoumata,Jallow,Jeanean Boyd,NURS,4685,500,132,29,1,0,0,0,0,1,1,0,0,164
2025 - 2026,2026 Spring,UGRD,UGRD,Fatoumata,Jallow,Melissa Boyd,NURS,4685,501,106,24,8,0,0,0,0,1,0,0,0,139
2025 - 2026,2026 Spring,UGRD,UGRD,Fatoumata,Jallow,,NURS,4685,502,188,37,3,0,0,1,0,1,1,0,0,231
2025 - 2026,2026 Spring,UGRD,UGRD,Jeanean,Boyd,,NURS,4685,502,188,37,3,0,0,1,0,1,1,0,0,231
2025 - 2026,2026 Spring,UGRD,GRAD,Leigh,Griffis-Cogan,,NURS,5327,405,58,14,1,0,0,0,0,0,5,0,0,78
2025 - 2026,2026 Spring,UGRD,UGRD,Mary,Mancini,,NURS-EL,3300,500,0,0,0,0,0,0,50,0,1,0,0,51
2025 - 2026,2026 Spring,UGRD,UGRD,Mary,Mancini,,NURS-EL,3300,501,0,0,0,0,0,0,30,0,1,0,0,31
2025 - 2026,2026 Spring,UGRD,UGRD,Ashlee,Hansen-Bell,Jennifer Roye,NURS-HI,3360,72,21,9,0,0,0,0,0,1,0,0,0,31
2025 - 2026,2026 Spring,UGRD,UGRD,Ahmad,Hamdan,,NURS-SS,2232,600,23,4,0,0,0,1,0,0,0,0,0,28
2025 - 2026,2026 Spring,UGRD,UGRD,Christine,Roberts,,NURS-SS,2232,600,23,4,0,0,0,1,0,0,0,0,0,28
2025 - 2026,2026 Spring,UGRD,UGRD,Dinah,Houston,,NURS-UL,3365,600,31,100,25,4,0,0,0,1,2,0,0,163
2025 - 2026,2026 Spring,UGRD,UGRD,Katie,McLean,,NURS-UL,3365,601,27,56,12,1,2,0,0,1,0,0,0,99
2025 - 2026,2026 Spring,UGRD,UGRD,Donna,Davis,,NURS-UL,3366,600,29,57,22,15,14,0,0,12,47,0,0,196
2025 - 2026,2026 Spring,UGRD,UGRD,Donna,Davis,,NURS-UL,3366,601,25,65,19,14,12,0,0,14,43,0,0,192
2025 - 2026,2026 Spring,UGRD,UGRD,Kimberly,Mortus,,NURS-UL,3366,601,25,65,19,14,12,0,0,14,43,0,0,192
2025 - 2026,2026 Spring,UGRD,UGRD,Crystal,Ramirez,,NURS-UL,3366,602,16,68,23,10,14,1,0,16,29,0,0,177
2025 - 2026,2026 Spring,UGRD,UGRD,Donna,Davis,,NURS-UL,3366,602,16,68,23,10,14,1,0,16,29,0,0,177
2025 - 2026,2026 Spring,UGRD,GRAD,Leigh,Griffis-Cogan,,NURSG,5327,400,14,2,0,0,0,0,0,0,0,0,0,16
2025 - 2026,2026 Spring,UGRD,GRAD,Leigh,Griffis-Cogan,,NURSG,5327,401,14,2,0,1,0,0,0,0,0,0,0,17
2025 - 2026,2026 Spring,UGRD,GRAD,Leigh,Griffis-Cogan,,NURSG,5327,402,9,3,1,0,0,0,0,0,0,0,0,13
2025 - 2026,2026 Spring,UGRD,GRAD,Michelle,Hampton,,NURSG,5366,400,14,1,0,0,0,0,0,0,0,0,0,15
2025 - 2026,2026 Spring,UGRD,GRAD,Michelle,Hampton,,NURSG,5366,401,14,0,1,0,0,0,0,0,0,0,0,15
2025 - 2026,2026 Spring,UGRD,GRAD,Michelle,Hampton,,NURSG,5366,402,14,2,0,0,0,0,0,0,0,0,0,16
2025 - 2026,2026 Spring,UGRD,UGRD,Rebecca,Rountree,,NURSU,3315,500,37,3,0,0,0,0,0,0,0,0,0,40
2025 - 2026,2026 Spring,UGRD,UGRD,Rebecca,Rountree,,NURSU,3315,501,35,2,0,0,0,0,0,0,0,0,0,37
2025 - 2026,2026 Spring,UGRD,UGRD,Rebecca,Rountree,,NURSU,3315,502,29,2,0,0,0,0,0,0,0,0,0,31
2025 - 2026,2026 Spring,UGRD,UGRD,Adejoke,Ogidan,,NURSU,3325,500,13,6,1,0,1,0,0,0,1,0,0,22
2025 - 2026,2026 Spring,UGRD,UGRD,Adejoke,Ogidan,,NURSU,3325,501,18,2,1,0,0,0,0,0,1,0,0,22
2025 - 2026,2026 Spring,UGRD,UGRD,Adejoke,Ogidan,,NURSU,3325,502,15,10,2,0,1,0,0,0,1,0,0,29
2025 - 2026,2026 Spring,UGRD,UGRD,Cynthia,Koomey,,NURSU,3335,500,28,6,0,0,0,0,0,0,1,0,0,35
2025 - 2026,2026 Spring,UGRD,UGRD,Cynthia,Koomey,,NURSU,3335,501,17,1,0,0,1,0,0,0,0,0,0,19
2025 - 2026,2026 Spring,UGRD,UGRD,Cynthia,Koomey,,NURSU,3335,502,21,3,0,0,0,0,0,0,0,0,0,24
2025 - 2026,2026 Spring,UGRD,UGRD,Agnes,Deleawe,,NURSU,3345,500,18,4,0,0,0,0,0,1,1,0,0,24
2025 - 2026,2026 Spring,UGRD,UGRD,Elisa,Stehling,,NURSU,3345,500,18,4,0,0,0,0,0,1,1,0,0,24
2025 - 2026,2026 Spring,UGRD,UGRD,Elisa,Stehling,,NURSU,3345,501,12,2,0,0,0,1,0,0,0,0,0,15
2025 - 2026,2026 Spring,UGRD,UGRD,Agnes,Deleawe,,NURSU,3345,502,23,3,0,0,1,0,0,0,0,0,0,27
2025 - 2026,2026 Spring,UGRD,UGRD,Elisa,Stehling,,NURSU,3345,502,23,3,0,0,1,0,0,0,0,0,0,27
2025 - 2026,2026 Spring,UGRD,UGRD,Elisa,Stehling,,NURSU,3345,506,9,3,0,0,0,0,0,2,0,0,0,14
2025 - 2026,2026 Spring,UGRD,UGRD,Markeya,Hood,,NURSU,3352,500,11,0,0,0,0,0,0,0,0,0,0,11
2025 - 2026,2026 Spring,UGRD,UGRD,Markeya,Hood,,NURSU,3352,502,11,1,1,0,0,0,0,0,0,0,0,13
2025 - 2026,2026 Spring,UGRD,UGRD,Alyssa,Peterson,,NURSU,3375,500,13,6,1,0,0,0,0,0,1,0,0,21
2025 - 2026,2026 Spring,UGRD,UGRD,Alyssa,Peterson,,NURSU,3375,501,25,3,3,0,0,0,0,0,1,0,0,32
2025 - 2026,2026 Spring,UGRD,UGRD,Leslie,Jennings,,NURSU,3375,501,25,3,3,0,0,0,0,0,1,0,0,32
2025 - 2026,2026 Spring,UGRD,UGRD,Alyssa,Peterson,,NURSU,3375,502,11,7,2,0,0,0,0,0,0,0,0,20
2025 - 2026,2026 Spring,UGRD,UGRD,Umber,Darilek,,NURSU,3375,502,11,7,2,0,0,0,0,0,0,0,0,20
2025 - 2026,2026 Spring,UGRD,UGRD,Thomas,Dombrowsky,,NURSU,4325,500,7,16,3,0,0,0,0,0,2,0,0,28
2025 - 2026,2026 Spring,UGRD,UGRD,Thomas,Dombrowsky,,NURSU,4325,501,2,19,2,0,1,0,0,1,2,0,0,27
2025 - 2026,2026 Spring,UGRD,UGRD,Thomas,Dombrowsky,,NURSU,4325,502,9,12,2,0,0,0,0,0,1,0,0,24
2025 - 2026,2026 Spring,UGRD,UGRD,Veronica,King,,NURSU,4325,502,9,12,2,0,0,0,0,0,1,0,0,24
2025 - 2026,2026 Spring,UGRD,UGRD,Meagan,Rogers,,NURSU,4455,500,20,10,0,0,0,0,0,0,0,0,0,30
2025 - 2026,2026 Spring,UGRD,UGRD,Rebecca,Mathews,,NURSU,4455,500,20,10,0,0,0,0,0,0,0,0,0,30
2025 - 2026,2026 Spring,UGRD,UGRD,Rebecca,Mathews,,NURSU,4455,501,18,3,2,0,1,0,0,0,1,0,0,25
2025 - 2026,2026 Spring,UGRD,UGRD,Rebecca,Mathews,,NURSU,4455,502,21,3,1,0,0,0,0,0,1,0,0,26
2025 - 2026,2026 Spring,UGRD,UGRD,Shayla,Buckler,,NURSU,4465,500,27,6,1,0,0,0,0,0,1,0,0,35
2025 - 2026,2026 Spring,UGRD,UGRD,Shayla,Buckler,,NURSU,4465,501,19,4,0,0,0,0,0,0,0,0,0,23
2025 - 2026,2026 Spring,UGRD,UGRD,Shayla,Buckler,,NURSU,4465,502,23,3,1,0,1,0,0,0,0,0,0,28
2025 - 2026,2026 Spring,UGRD,UGRD,Fatoumata,Jallow,Melissa Boyd,NURSU,4685,501,13,0,0,0,0,0,0,0,0,0,0,13
2025 - 2026,2026 Spring,UGRD,UGRD,Fatoumata,Jallow,,NURSU,4685,502,30,1,0,0,0,0,0,0,0,0,0,31
2025 - 2026,2026 Spring,UGRD,UGRD,Jeanean,Boyd,,NURSU,4685,502,30,1,0,0,0,0,0,0,0,0,0,31
2025 - 2026,2026 Spring,UGRD,UGRD,Alper,Nakkas,,OPMA,3306,1,4,11,7,2,0,0,0,1,0,0,0,25
2025 - 2026,2026 Spring,UGRD,UGRD,Thu Trang,Hoang,,OPMA,3306,2,37,34,6,0,0,0,0,0,1,0,0,78
2025 - 2026,2026 Spring,UGRD,UGRD,Randall,Napier,,OPMA,3306,3,24,21,22,1,0,0,0,1,3,0,0,72
2025 - 2026,2026 Spring,UGRD,UGRD,Alper,Nakkas,,OPMA,3306,4,7,29,30,4,0,0,0,0,1,0,0,71
2025 - 2026,2026 Spring,UGRD,UGRD,Abhilash,Vimal,,OPMA,3306,5,19,32,21,1,0,0,0,0,2,0,0,75
2025 - 2026,2026 Spring,UGRD,UGRD,Thu Trang,Hoang,,OPMA,3306,6,17,34,15,3,1,0,0,1,1,0,0,72
2025 - 2026,2026 Spring,UGRD,UGRD,Bradly,Masters,,OPMA,3306,7,10,17,12,5,0,0,0,1,0,0,0,45
2025 - 2026,2026 Spring,UGRD,UGRD,Edmund,Prater,,OPMA,3306,8,11,14,26,11,2,2,0,0,5,0,0,71
2025 - 2026,2026 Spring,UGRD,UGRD,Abhilash,Vimal,,OPMA,3306,9,21,30,15,1,1,0,0,0,2,0,0,70
2025 - 2026,2026 Spring,UGRD,UGRD,Chunyang,Yang,,OPMA,3306,10,16,33,23,1,1,0,0,0,1,0,0,75
2025 - 2026,2026 Spring,UGRD,UGRD,Randall,Napier,,OPMA,3308,1,7,10,2,0,0,0,0,0,0,0,0,19
2025 - 2026,2026 Spring,UGRD,UGRD,Randall,Napier,,OPMA,4302,1,11,17,2,0,0,0,0,0,1,0,0,31
2025 - 2026,2026 Spring,UGRD,UGRD,Alper,Nakkas,,OPMA,4310,1,4,11,16,1,0,0,0,0,2,0,0,34
2025 - 2026,2026 Spring,UGRD,UGRD,Xueyin,Bai,,PAPP,4307,1,15,7,0,0,0,0,0,0,0,0,0,22
2025 - 2026,2026 Spring,UGRD,UGRD,Carmin,Harris,,PCOM,2301,1,3,4,1,0,0,0,0,0,1,0,0,9
2025 - 2026,2026 Spring,UGRD,UGRD,Jeremy,Byrd,,PHIL,1301,1,22,8,0,2,2,0,0,0,0,0,0,34
2025 - 2026,2026 Spring,UGRD,UGRD,Shaun,House,,PHIL,1304,1,25,0,0,1,1,0,0,1,1,0,0,29
2025 - 2026,2026 Spring,UGRD,UGRD,Luke,Roelofs,,PHIL,1304,2,14,14,3,0,1,0,0,1,0,0,0,33
2025 - 2026,2026 Spring,UGRD,UGRD,Shaun,House,,PHIL,1304,3,26,0,2,1,1,0,0,0,0,0,0,30
2025 - 2026,2026 Spring,UGRD,UGRD,Luke,Roelofs,,PHIL,1304,4,17,12,1,0,3,0,0,0,1,0,0,34
2025 - 2026,2026 Spring,UGRD,UGRD,Shaun,House,,PHIL,1304,5,26,3,0,0,0,0,0,1,0,0,0,30
2025 - 2026,2026 Spring,UGRD,UGRD,Shaun,House,,PHIL,1304,7,27,1,1,0,1,0,0,0,0,0,0,30
2025 - 2026,2026 Spring,UGRD,UGRD,Shaun,House,,PHIL,1304,9,27,0,0,1,2,0,0,0,0,0,0,30
2025 - 2026,2026 Spring,UGRD,UGRD,Brittany,Shupe,,PHIL,2300,1,23,34,27,20,10,0,0,3,10,0,0,127
2025 - 2026,2026 Spring,UGRD,UGRD,Luke,Roelofs,,PHIL,2300,2,19,11,4,0,1,0,0,0,1,0,0,36
2025 - 2026,2026 Spring,UGRD,UGRD,Kenneth,Williford,,PHIL,2300,3,13,10,6,2,2,0,0,0,0,0,0,33
2025 - 2026,2026 Spring,UGRD,UGRD,Kenneth,Williford,,PHIL,2300,7,20,8,3,1,0,0,0,2,0,0,0,34
2025 - 2026,2026 Spring,UGRD,UGRD,Jeremy,Byrd,,PHIL,2300,8,11,14,6,0,1,0,0,1,2,0,0,35
2025 - 2026,2026 Spring,UGRD,UGRD,Syed,AbuMusab,,PHIL,2311,1,16,5,6,1,2,1,0,0,4,0,0,35
2025 - 2026,2026 Spring,UGRD,UGRD,Jeremy,Byrd,,PHIL,2311,2,14,10,7,3,1,0,0,0,0,0,0,35
2025 - 2026,2026 Spring,UGRD,UGRD,Jeremy,Byrd,,PHIL,2311,3,10,9,5,5,2,0,0,0,4,0,0,35
2025 - 2026,2026 Spring,UGRD,UGRD,Kenneth,Williford,,PHIL,3315,1,12,3,2,2,1,0,0,0,1,0,0,21
2025 - 2026,2026 Spring,UGRD,UGRD,Peter,Zuk,,PHIL,3316,1,14,3,2,1,0,1,0,0,1,0,0,22
2025 - 2026,2026 Spring,UGRD,UGRD,Peter,Zuk,,PHIL,3319,1,22,4,0,0,2,0,0,0,0,0,0,28
2025 - 2026,2026 Spring,UGRD,UGRD,Peter,Zuk,,PHIL,3319,2,19,7,2,0,1,1,0,0,2,0,0,32
2025 - 2026,2026 Spring,UGRD,UGRD,Syed,AbuMusab,,PHIL,3340,1,12,1,0,0,1,0,0,0,0,0,0,14
2025 - 2026,2026 Spring,UGRD,UGRD,Varghese Anto,Chirayath,,PHYS,1181,1,11,1,1,0,0,0,0,0,1,0,0,14
2025 - 2026,2026 Spring,UGRD,UGRD,Varghese Anto,Chirayath,,PHYS,1182,1,7,0,0,1,0,0,0,0,0,0,0,8
2025 - 2026,2026 Spring,UGRD,UGRD,Shafaq,Moten,,PHYS,1302,1,7,4,2,0,0,0,0,1,0,0,0,14
2025 - 2026,2026 Spring,UGRD,UGRD,Fajer,Jaafari,,PHYS,1351,1,7,2,4,1,0,0,0,0,0,0,0,14
2025 - 2026,2026 Spring,UGRD,UGRD,Vivek,Khichar,,PHYS,1441,1,72,47,9,1,6,0,0,2,13,0,0,150
2025 - 2026,2026 Spring,UGRD,UGRD,Clifton,Massey-Noel,,PHYS,1441,2,41,38,5,1,8,1,0,3,5,0,0,102
2025 - 2026,2026 Spring,UGRD,UGRD,Andrew,White,,PHYS,1441,3,108,29,19,1,5,1,0,0,5,0,0,168
2025 - 2026,2026 Spring,UGRD,UGRD,Mingwu,Jin,,PHYS,1442,2,58,21,17,0,1,1,0,1,2,0,0,101
2025 - 2026,2026 Spring,UGRD,UGRD,Yujie,Chi,,PHYS,1442,3,32,53,46,8,1,0,0,0,1,0,0,141
2025 - 2026,2026 Spring,UGRD,UGRD,Ping,Liu,,PHYS,1442,4,90,34,16,3,2,0,0,0,2,0,0,147
2025 - 2026,2026 Spring,UGRD,UGRD,Madhab,Pokhrel,,PHYS,1443,1,142,33,9,1,8,1,0,1,3,0,0,198
2025 - 2026,2026 Spring,UGRD,UGRD,Madhab,Pokhrel,,PHYS,1443,2,54,28,26,6,4,0,0,1,2,0,0,121
2025 - 2026,2026 Spring,UGRD,UGRD,Fajer,Jaafari,,PHYS,1443,3,44,50,30,5,4,1,0,1,1,0,0,136
2025 - 2026,2026 Spring,UGRD,UGRD,Barry,Spurlock,,PHYS,1443,4,74,71,42,12,7,0,0,6,11,0,0,223
2025 - 2026,2026 Spring,UGRD,UGRD,Barry,Spurlock,,PHYS,1444,1,74,74,47,8,6,0,0,4,4,0,0,217
2025 - 2026,2026 Spring,UGRD,UGRD,Jaehoon,Yu,,PHYS,1444,2,38,45,15,3,3,0,0,3,10,0,0,117
2025 - 2026,2026 Spring,UGRD,UGRD,Kaushik,De,,PHYS,1444,3,10,8,2,1,1,0,0,0,0,0,0,22
2025 - 2026,2026 Spring,UGRD,UGRD,Suman,Satyal,,PHYS,1444,16,43,72,28,3,5,0,0,4,1,0,0,156
2025 - 2026,2026 Spring,UGRD,UGRD,Haleh,Hadavand,,PHYS,2311,1,8,12,4,1,0,3,0,1,0,0,0,29
2025 - 2026,2026 Spring,UGRD,UGRD,Sangwook,Park,,PHYS,2315,1,10,12,6,2,0,0,0,0,0,0,0,30
2025 - 2026,2026 Spring,UGRD,UGRD,Tej,Karki,,PHYS,3183,1,11,1,1,0,0,0,0,0,0,0,0,13
2025 - 2026,2026 Spring,UGRD,UGRD,Tej,Karki,,PHYS,3183,3,11,3,2,0,1,0,0,1,0,0,0,18
2025 - 2026,2026 Spring,UGRD,UGRD,Nevin,Weinberg,,PHYS,3313,1,31,8,5,2,1,1,0,1,0,0,0,49
2025 - 2026,2026 Spring,UGRD,UGRD,Raquel,Castillo Fernandez,,PHYS,3446,1,16,13,4,0,2,0,0,0,4,0,0,39
2025 - 2026,2026 Spring,UGRD,UGRD,Jaehoon,Yu,,PHYS,4081,7,0,0,0,0,0,0,9,0,0,0,0,9
2025 - 2026,2026 Spring,UGRD,UGRD,Manfred,Cuntz,,PHYS,4117,1,11,0,1,0,0,0,0,0,1,0,0,13
2025 - 2026,2026 Spring,UGRD,UGRD,Amir,Shahmoradi,,PHYS,4319,1,11,4,3,1,0,0,0,0,1,0,0,20
2025 - 2026,2026 Spring,UGRD,UGRD,Cheng,Sheng,,PHYS,4324,1,7,12,1,2,0,0,0,0,0,0,0,22
2025 - 2026,2026 Spring,UGRD,UGRD,Joseph,Ngai,,PHYS,4325,1,6,3,4,1,1,0,0,0,0,0,0,15
2025 - 2026,2026 Spring,UGRD,UGRD,Ali,Koymen,,PHYS,4327,1,16,4,1,0,0,0,0,0,1,0,0,22
2025 - 2026,2026 Spring,UGRD,UGRD,Edward,Wilson,,PHYS,4391,2,16,1,0,0,0,0,0,0,0,0,0,17
2025 - 2026,2026 Spring,UGRD,GRAD,Anton,Artemev,,PHYS,5391,2,4,2,0,0,0,0,0,0,0,0,0,6
2025 - 2026,2026 Spring,UGRD,UGRD,Marylin,D Rozario,,PLAN,1301,1,62,4,3,1,3,0,0,1,2,0,0,76
2025 - 2026,2026 Spring,UGRD,UGRD,Mahdis,Hamisi,,PLAN,3301,101,77,3,1,2,0,4,0,1,0,0,0,88
2025 - 2026,2026 Spring,UGRD,UGRD,Tongbin,Qu,,PLAN,4305,1,3,5,0,0,1,0,0,0,0,0,0,9
2025 - 2026,2026 Spring,UGRD,UGRD,Jenifer,Reiner,,PLAN,4310,201,48,16,9,1,3,0,0,1,6,0,0,84
2025 - 2026,2026 Spring,UGRD,UGRD,David,Coursey,,PLAN,4320,101,69,12,2,2,0,1,0,1,3,0,0,90
2025 - 2026,2026 Spring,UGRD,UGRD,Jessica,Suma,,PLAN,4356,201,25,2,2,2,3,2,0,0,2,0,0,38
2025 - 2026,2026 Spring,UGRD,UGRD,Wei,Zhai,,PLAN,4357,1,12,0,0,1,0,0,0,0,0,0,0,13
2025 - 2026,2026 Spring,UGRD,UGRD,David,Coursey,,PLAN,4395,201,12,2,1,0,3,0,0,0,2,0,0,20
2025 - 2026,2026 Spring,UGRD,UGRD,Gregg,Gleichert,,POLS,2311,1,57,11,1,4,8,0,0,0,1,0,0,82
2025 - 2026,2026 Spring,UGRD,UGRD,Gregg,Gleichert,,POLS,2311,2,61,11,5,6,5,0,0,0,0,0,0,88
2025 - 2026,2026 Spring,UGRD,UGRD,Gregg,Gleichert,,POLS,2311,3,57,7,2,6,6,0,0,2,0,0,0,80
2025 - 2026,2026 Spring,UGRD,UGRD,Gregg,Gleichert,,POLS,2311,4,63,15,8,11,12,0,0,1,0,0,0,110
2025 - 2026,2026 Spring,UGRD,UGRD,Jessie,Galloway,,POLS,2311,5,30,36,10,5,14,0,0,1,3,0,0,99
2025 - 2026,2026 Spring,UGRD,UGRD,Matthew,Nowlin,,POLS,2311,6,16,15,10,4,7,0,0,1,0,0,0,53
2025 - 2026,2026 Spring,UGRD,UGRD,Stephen,Wilkes,,POLS,2311,7,31,3,2,0,0,0,0,1,0,0,0,37
2025 - 2026,2026 Spring,UGRD,UGRD,Michael,Morris,,POLS,2311,8,35,25,13,4,6,0,0,1,3,0,0,87
2025 - 2026,2026 Spring,UGRD,UGRD,Michael,Morris,,POLS,2311,9,43,27,20,5,6,0,0,0,2,0,0,103
2025 - 2026,2026 Spring,UGRD,UGRD,Michael,Morris,,POLS,2311,10,55,30,10,4,10,0,0,4,4,0,0,117
2025 - 2026,2026 Spring,UGRD,UGRD,Stephanie,Carter,,POLS,2311,11,22,17,8,2,3,0,0,2,1,0,0,55
2025 - 2026,2026 Spring,UGRD,UGRD,Michael,Morris,,POLS,2311,12,138,34,14,5,2,0,0,2,1,0,0,196
2025 - 2026,2026 Spring,UGRD,UGRD,Olivia,Agudelo,,POLS,2311,15,101,27,9,0,2,0,0,3,1,0,0,143
2025 - 2026,2026 Spring,UGRD,UGRD,Michael,Morris,,POLS,2311,700,118,12,7,1,2,0,0,1,4,0,0,145
2025 - 2026,2026 Spring,UGRD,UGRD,Michael,Morris,,POLS,2311,701,107,19,6,2,4,0,0,1,4,0,0,143
2025 - 2026,2026 Spring,UGRD,UGRD,Marcus,Hendershot,,POLS,2312,1,73,61,6,2,2,0,0,0,1,0,0,145
2025 - 2026,2026 Spring,UGRD,UGRD,Marcus,Hendershot,,POLS,2312,2,84,51,5,1,2,0,0,3,0,0,0,146
2025 - 2026,2026 Spring,UGRD,UGRD,Marcus,Hendershot,,POLS,2312,3,55,67,7,4,2,0,0,1,1,0,0,137
2025 - 2026,2026 Spring,UGRD,UGRD,Madelyn,Bowman,,POLS,2312,4,31,51,32,10,16,0,0,1,3,0,0,144
2025 - 2026,2026 Spring,UGRD,UGRD,Rasha,Atieh,,POLS,2312,5,102,29,7,0,3,0,0,3,2,0,0,146
2025 - 2026,2026 Spring,UGRD,UGRD,Brian,Johnson,,POLS,2312,6,21,27,18,15,5,0,0,0,3,0,0,89
2025 - 2026,2026 Spring,UGRD,UGRD,Brian,Johnson,,POLS,2312,7,27,47,35,7,20,1,0,1,6,0,0,144
2025 - 2026,2026 Spring,UGRD,UGRD,Kimberly,Caraway,,POLS,2312,8,7,3,2,0,0,0,0,0,0,0,0,12
2025 - 2026,2026 Spring,UGRD,UGRD,Rasha,Atieh,,POLS,2312,9,104,28,11,0,2,0,0,1,1,0,0,147
2025 - 2026,2026 Spring,UGRD,UGRD,Rasha,Atieh,,POLS,2312,10,102,29,5,4,4,0,0,0,0,0,0,144
2025 - 2026,2026 Spring,UGRD,UGRD,Rasha,Atieh,,POLS,2312,11,93,27,11,2,5,0,0,1,1,0,0,140
2025 - 2026,2026 Spring,UGRD,UGRD,Thomas,Little,,POLS,2312,12,134,37,16,2,4,0,0,1,3,0,0,197
2025 - 2026,2026 Spring,UGRD,UGRD,Olivia,Agudelo,,POLS,2312,15,119,15,6,0,0,0,0,1,1,0,0,142
2025 - 2026,2026 Spring,UGRD,UGRD,Thomas,Little,,POLS,2312,700,124,57,11,3,2,0,0,0,7,0,0,204
2025 - 2026,2026 Spring,UGRD,UGRD,Thomas,Little,,POLS,2312,701,127,50,13,2,9,0,0,0,2,0,0,203
2025 - 2026,2026 Spring,UGRD,UGRD,Bai Linh,Hoang,,POLS,3305,1,10,12,5,0,2,1,0,1,3,0,0,34
2025 - 2026,2026 Spring,UGRD,UGRD,Kayla Canelo,Sandoval,,POLS,3310,1,20,7,0,0,2,0,0,0,3,0,0,32
2025 - 2026,2026 Spring,UGRD,UGRD,Christopher,Chambers-Ju,,POLS,3317,1,7,12,5,0,1,0,0,0,1,0,0,26
2025 - 2026,2026 Spring,UGRD,UGRD,Brent,Boyea,,POLS,3336,1,16,12,7,1,1,0,0,0,1,0,0,38
2025 - 2026,2026 Spring,UGRD,UGRD,Michael,Farris,,POLS,3337,1,28,4,1,0,3,0,0,0,1,0,0,37
2025 - 2026,2026 Spring,UGRD,UGRD,Michael,Farris,,POLS,4301,1,12,16,5,2,0,1,0,0,1,0,0,37
2025 - 2026,2026 Spring,UGRD,UGRD,Bo Won,Kim,,POLS,4312,1,17,13,3,0,2,1,0,0,2,0,0,38
2025 - 2026,2026 Spring,UGRD,UGRD,Xavier,Vidal,,POLS,4319,1,13,7,2,3,2,0,0,0,4,0,0,31
2025 - 2026,2026 Spring,UGRD,UGRD,Nichole,Horn,,POLS,4322,1,20,13,1,2,1,0,0,0,0,0,0,37
2025 - 2026,2026 Spring,UGRD,UGRD,Kayla Canelo,Sandoval,,POLS,4332,1,9,4,8,5,4,0,0,0,6,0,0,36
2025 - 2026,2026 Spring,UGRD,UGRD,Brian,Whitmore,,POLS,4361,1,11,13,0,0,1,0,0,0,0,0,0,25
2025 - 2026,2026 Spring,UGRD,UGRD,Bo Won,Kim,,POLS,4373,1,13,1,0,0,0,0,0,0,3,0,0,17
2025 - 2026,2026 Spring,UGRD,UGRD,Christopher,Chambers-Ju,,POLS,4392,2,11,5,1,1,0,0,0,0,0,0,0,18
2025 - 2026,2026 Spring,UGRD,UGRD,Kimberly,Caraway,,POLS,4392,7,6,0,0,0,0,0,0,0,1,0,0,7
2025 - 2026,2026 Spring,UGRD,UGRD,Mark,Hand,,POLS,4393,1,15,0,1,0,0,1,0,0,0,0,0,17
2025 - 2026,2026 Spring,UGRD,UGRD,Brent,Sasley,,POLS,4395,1,2,1,0,1,1,0,0,0,2,0,0,7
2025 - 2026,2026 Spring,UGRD,UGRD,Matthew,Nowlin,,POLS,4395,2,3,2,1,0,0,0,0,0,0,0,0,6
2025 - 2026,2026 Spring,UGRD,GRAD,Bai Linh,Hoang,,POLS,5317,1,4,3,0,1,0,0,0,0,0,0,0,8
2025 - 2026,2026 Spring,UGRD,GRAD,Christopher,Chambers-Ju,,POLS,5347,1,6,4,0,0,0,0,0,0,0,0,0,10
2025 - 2026,2026 Spring,UGRD,GRAD,Bo Won,Kim,,POLS,5384,1,4,3,0,0,0,0,0,0,0,0,0,7
2025 - 2026,2026 Spring,UGRD,UGRD,Jennifer,Lanter,,PREL,2338,1,25,11,13,1,2,0,0,0,4,0,0,56
2025 - 2026,2026 Spring,UGRD,UGRD,Shelley,Wigley,,PREL,3313,1,18,4,2,0,0,0,0,0,0,0,0,24
2025 - 2026,2026 Spring,UGRD,UGRD,Amanda,Jordan,,PREL,3320,1,23,11,0,0,0,0,0,0,2,0,0,36
2025 - 2026,2026 Spring,UGRD,UGRD,Amanda,Jordan,,PREL,3320,2,29,8,1,2,0,0,0,0,1,0,0,41
2025 - 2026,2026 Spring,UGRD,UGRD,Mindia,Whittier,,PREL,3339,1,11,7,1,0,0,0,0,0,0,0,0,19
2025 - 2026,2026 Spring,UGRD,UGRD,Mindia,Whittier,,PREL,3339,2,7,7,3,0,0,0,0,0,0,0,0,17
2025 - 2026,2026 Spring,UGRD,UGRD,Jennifer,Lanter,,PREL,3340,1,7,2,2,0,0,0,0,0,0,0,0,11
2025 - 2026,2026 Spring,UGRD,UGRD,Jennifer,Lanter,,PREL,3340,3,11,0,2,0,1,0,0,0,0,0,0,14
2025 - 2026,2026 Spring,UGRD,UGRD,Shelley,Wigley,,PREL,4316,1,16,6,1,0,0,0,0,0,0,0,0,23
2025 - 2026,2026 Spring,UGRD,UGRD,Mindia,Whittier,,PREL,4320,2,17,4,1,0,0,1,0,0,0,0,0,23
2025 - 2026,2026 Spring,UGRD,UGRD,Alan,Hernandez,,PSYC,1315,1,21,18,9,4,10,9,0,0,3,0,0,74
2025 - 2026,2026 Spring,UGRD,UGRD,Jennifer,Dias,,PSYC,1315,2,11,8,2,1,6,14,0,1,3,0,0,46
2025 - 2026,2026 Spring,UGRD,UGRD,Jennifer,Dias,,PSYC,1315,3,8,12,2,1,8,12,0,1,4,0,0,48
2025 - 2026,2026 Spring,UGRD,UGRD,Elias,Chandarlis,,PSYC,1315,5,113,12,3,1,5,13,0,2,1,0,0,150
2025 - 2026,2026 Spring,UGRD,UGRD,Ashley,Hall,,PSYC,1315,6,52,25,14,3,8,11,0,0,0,0,0,113
2025 - 2026,2026 Spring,UGRD,UGRD,Elias,Chandarlis,,PSYC,1315,8,195,8,2,2,3,42,0,5,1,0,0,258
2025 - 2026,2026 Spring,UGRD,UGRD,Elias,Chandarlis,,PSYC,1315,10,12,0,0,0,0,1,0,0,0,0,0,13
2025 - 2026,2026 Spring,UGRD,UGRD,Rachel,Baldridge,,PSYC,1315,700,62,7,2,3,1,0,0,1,2,0,0,78
2025 - 2026,2026 Spring,UGRD,UGRD,Rachel,Baldridge,,PSYC,1315,701,50,9,4,2,4,0,0,1,2,0,0,72
2025 - 2026,2026 Spring,UGRD,UGRD,Alan,Hernandez,,PSYC,2300,1,33,28,15,3,4,0,0,3,3,0,0,89
2025 - 2026,2026 Spring,UGRD,UGRD,Alan,Hernandez,,PSYC,2300,2,7,7,4,4,2,0,0,0,0,0,0,24
2025 - 2026,2026 Spring,UGRD,UGRD,Erin,Austin,,PSYC,2315,1,34,19,4,2,7,0,0,2,2,0,0,70
2025 - 2026,2026 Spring,UGRD,UGRD,Joel,Roberts,,PSYC,2315,2,39,11,5,2,8,0,0,2,1,0,0,68
2025 - 2026,2026 Spring,UGRD,UGRD,Rebecca,Escoto,,PSYC,2317,1,60,17,6,1,0,0,0,0,1,0,0,85
2025 - 2026,2026 Spring,UGRD,UGRD,Erin,Austin,,PSYC,3200,1,83,24,0,0,0,0,0,0,0,0,0,107
2025 - 2026,2026 Spring,UGRD,UGRD,Erin,Austin,,PSYC,3300,1,54,54,41,11,5,0,0,4,3,0,0,172
2025 - 2026,2026 Spring,UGRD,UGRD,Logan,Watts,,PSYC,3302,1,58,2,0,0,0,0,0,0,0,0,0,60
2025 - 2026,2026 Spring,UGRD,UGRD,Xavier,Aranda,,PSYC,3303,1,70,2,3,1,1,0,0,0,2,0,0,79
2025 - 2026,2026 Spring,UGRD,UGRD,Bonnie,Laster,,PSYC,3310,1,190,36,12,2,2,0,0,2,3,0,0,247
2025 - 2026,2026 Spring,UGRD,UGRD,Susan,Eddlemon Villalobos,,PSYC,3310,3,318,36,4,5,3,0,0,1,2,0,0,369
2025 - 2026,2026 Spring,UGRD,UGRD,Erin,Austin,,PSYC,3310,700,133,21,2,1,5,0,0,1,0,0,0,163
2025 - 2026,2026 Spring,UGRD,UGRD,Erin,Austin,,PSYC,3310,701,110,18,1,1,5,0,0,0,2,0,0,137
2025 - 2026,2026 Spring,UGRD,UGRD,Bonnie,Laster,,PSYC,3312,1,93,34,10,4,0,0,0,0,4,0,0,145
2025 - 2026,2026 Spring,UGRD,UGRD,Amandeep,Dhaliwal,,PSYC,3314,1,70,49,18,4,4,0,0,2,1,0,0,148
2025 - 2026,2026 Spring,UGRD,UGRD,Rachel,Baldridge,,PSYC,3315,1,52,19,7,1,1,0,0,0,0,0,0,80
2025 - 2026,2026 Spring,UGRD,UGRD,Elias,Chandarlis,,PSYC,3315,2,77,6,0,2,1,0,0,1,0,0,0,87
2025 - 2026,2026 Spring,UGRD,UGRD,Rachel,Baldridge,,PSYC,3315,3,115,44,19,5,12,0,0,1,7,0,0,203
2025 - 2026,2026 Spring,UGRD,UGRD,Bonnie,Laster,,PSYC,3317,1,101,15,9,2,0,0,0,0,2,0,0,129
2025 - 2026,2026 Spring,UGRD,UGRD,Jennifer,Dias,,PSYC,3318,1,47,39,15,3,7,0,0,3,2,0,0,116
2025 - 2026,2026 Spring,UGRD,UGRD,Amandeep,Dhaliwal,,PSYC,3320,1,73,41,16,4,1,0,0,0,3,0,0,138
2025 - 2026,2026 Spring,UGRD,UGRD,Yuan,Peng,,PSYC,3322,1,6,5,9,10,10,0,0,1,13,0,0,54
2025 - 2026,2026 Spring,UGRD,UGRD,Amandeep,Dhaliwal,,PSYC,3322,2,13,15,46,10,4,1,0,1,22,0,0,112
2025 - 2026,2026 Spring,UGRD,UGRD,Angela,Liegey-Dougall,,PSYC,3325,1,14,4,0,0,0,0,0,0,0,0,0,18
2025 - 2026,2026 Spring,UGRD,UGRD,Enrique,Otero,,PSYC,3334,1,23,26,7,0,0,0,0,3,0,0,0,59
2025 - 2026,2026 Spring,UGRD,UGRD,Crystal,Cooper Cortes,,PSYC,3334,2,27,28,7,2,1,0,0,2,1,0,0,68
2025 - 2026,2026 Spring,UGRD,UGRD,Scott,Coleman,,PSYC,3356,1,37,34,15,5,0,1,0,1,0,0,0,93
2025 - 2026,2026 Spring,UGRD,UGRD,Tracy,Greer,,PSYC,3360,1,17,11,2,0,2,1,0,2,0,0,0,35
2025 - 2026,2026 Spring,UGRD,UGRD,Alan,Hernandez,,PSYC,3360,2,47,5,2,2,2,0,0,1,1,0,0,60
2025 - 2026,2026 Spring,UGRD,UGRD,Amandeep,Dhaliwal,,PSYC,3360,3,32,0,5,0,5,0,0,1,0,0,0,43
2025 - 2026,2026 Spring,UGRD,UGRD,Ian,Scully,,PSYC,3360,4,36,9,3,1,0,1,0,0,0,0,0,50
2025 - 2026,2026 Spring,UGRD,UGRD,Brett,Ball,,PSYC,4281,25,0,0,0,0,0,0,6,0,0,0,0,6
2025 - 2026,2026 Spring,UGRD,UGRD,Stephen,Lomber,,PSYC,4301,1,14,9,4,0,0,2,0,0,0,0,0,29
2025 - 2026,2026 Spring,UGRD,UGRD,Xavier,Aranda,,PSYC,4309,1,16,1,2,0,0,0,0,0,2,0,0,21
2025 - 2026,2026 Spring,UGRD,UGRD,Scott,Coleman,,PSYC,4327,1,14,12,6,2,0,0,0,0,1,0,0,35
2025 - 2026,2026 Spring,UGRD,UGRD,Angela,Liegey-Dougall,,PSYC,4357,1,6,7,0,3,1,0,0,0,0,0,0,17
2025 - 2026,2026 Spring,UGRD,UGRD,Elias,Chandarlis,,PSYC,4391,1,9,0,1,0,0,0,0,0,0,0,0,10
2025 - 2026,2026 Spring,UGRD,UGRD,Erin,Austin,,PSYC,4410,1,20,5,0,0,0,0,0,0,0,0,0,25
2025 - 2026,2026 Spring,UGRD,UGRD,Rachel,Baldridge,,PSYC,4412,1,15,13,2,0,0,0,0,0,0,0,0,30
2025 - 2026,2026 Spring,UGRD,UGRD,Rachel,Baldridge,,PSYC,4415,1,9,0,0,0,0,0,0,0,0,0,0,9
2025 - 2026,2026 Spring,UGRD,UGRD,Bonnie,Laster,,PSYC,4430,1,36,0,0,0,0,0,0,0,0,0,0,36
2025 - 2026,2026 Spring,UGRD,UGRD,Crystal,Cooper Cortes,,PSYC,4431,1,13,11,3,0,0,0,0,0,1,0,0,28
2025 - 2026,2026 Spring,UGRD,UGRD,Frances Kathryn,King,,PSYC,4431,1,13,11,3,0,0,0,0,0,1,0,0,28
2025 - 2026,2026 Spring,UGRD,UGRD,Steve,Isbell,,REAE,3325,2,92,50,8,0,0,0,0,2,2,0,0,154
2025 - 2026,2026 Spring,UGRD,UGRD,Jack,Poe,,REAE,3325,3,26,17,5,0,0,1,0,0,0,0,0,49
2025 - 2026,2026 Spring,UGRD,UGRD,Steve,Isbell,,REAE,3325,4,26,11,6,1,1,0,0,0,0,0,0,45
2025 - 2026,2026 Spring,UGRD,UGRD,Steve,Isbell,,REAE,4314,1,25,13,0,1,1,0,0,0,1,0,0,41
2025 - 2026,2026 Spring,UGRD,UGRD,James,Hansz,,REAE,4319,1,2,9,7,1,0,0,0,0,3,0,0,22
2025 - 2026,2026 Spring,UGRD,UGRD,Sriram,Villupuram,,REAE,4321,1,5,7,8,0,0,0,0,0,0,0,0,20
2025 - 2026,2026 Spring,UGRD,UGRD,Jack,Poe,,REAE,4334,1,27,5,1,0,0,0,0,0,0,0,0,33
2025 - 2026,2026 Spring,UGRD,UGRD,Sunand,Santhanagopalan,,REE,1301,1,5,4,2,1,1,0,0,0,0,0,0,13
2025 - 2026,2026 Spring,UGRD,UGRD,Xiong,Gong,,REE,1306,1,11,5,0,0,0,0,0,0,0,0,0,16
2025 - 2026,2026 Spring,UGRD,UGRD,Sunand,Santhanagopalan,,REE,2301,1,7,1,1,0,0,0,0,0,0,0,0,9
2025 - 2026,2026 Spring,UGRD,UGRD,Vamegh,Rasouli,,REE,3303,1,1,3,4,0,0,0,0,0,0,0,0,8
2025 - 2026,2026 Spring,UGRD,UGRD,Erick,Jones,,REE,4301,1,5,1,0,0,0,0,0,0,0,0,0,6
2025 - 2026,2026 Spring,UGRD,UGRD,Chris,Boyer,,REE,4303,1,4,2,0,0,0,0,0,0,0,0,0,6
2025 - 2026,2026 Spring,UGRD,UGRD,Svetlana,Ross,,RUSS,2391,1,3,3,0,0,0,0,0,0,0,0,0,6
2025 - 2026,2026 Spring,UGRD,UGRD,Svetlana,Ross,,RUSS,3391,1,6,0,0,0,0,0,0,0,0,0,0,6
2025 - 2026,2026 Spring,UGRD,UGRD,Lonny,Harrison,,RUSS,4302,1,6,2,0,0,0,0,0,0,0,0,0,8
2025 - 2026,2026 Spring,UGRD,UGRD,Leeann,Burke,,SCIE,1201,1,17,2,2,0,1,0,0,0,1,0,0,23
2025 - 2026,2026 Spring,UGRD,UGRD,Bethany,Goerdel,,SCIE,1202,1,11,4,2,0,0,0,0,0,0,0,0,17
2025 - 2026,2026 Spring,UGRD,UGRD,Gregory,Hale,,SCIE,3301,1,6,6,6,2,1,0,0,0,2,0,0,23
2025 - 2026,2026 Spring,UGRD,UGRD,Gregory,Hale,,SCIE,3302,1,2,8,3,1,0,0,0,0,0,0,0,14
2025 - 2026,2026 Spring,UGRD,UGRD,Gregory,Hale,,SCIE,3302,300,9,11,5,3,3,0,0,1,4,0,0,36
2025 - 2026,2026 Spring,UGRD,UGRD,Cornelia,Winguth,,SCIE,3303,300,18,9,5,1,1,0,0,0,0,0,0,34
2025 - 2026,2026 Spring,UGRD,UGRD,Fajer,Jaafari,,SCIE,3304,1,6,13,1,0,0,0,0,0,0,0,0,20
2025 - 2026,2026 Spring,UGRD,UGRD,Karen,Matsler,,SCIE,4107,1,9,1,1,0,0,0,0,0,0,0,0,11
2025 - 2026,2026 Spring,UGRD,UGRD,Steven,Gellman,,SCIE,4304,1,23,1,0,0,0,0,0,0,0,0,0,24
2025 - 2026,2026 Spring,UGRD,UGRD,Karen,Matsler,,SCIE,4607,1,7,3,0,1,0,0,0,0,0,0,0,11
2025 - 2026,2026 Spring,UGRD,UGRD,Andrea,Jenkins,,SOCI,1200,1,0,0,0,0,1,0,13,0,0,0,0,14
2025 - 2026,2026 Spring,UGRD,UGRD,Krystal,Beamon,,SOCI,1310,1,69,23,13,6,2,0,0,3,1,0,0,117
2025 - 2026,2026 Spring,UGRD,UGRD,Lilian,Chavez,,SOCI,1310,2,94,8,7,3,6,0,0,0,2,0,0,120
2025 - 2026,2026 Spring,UGRD,UGRD,Lilian,Chavez,,SOCI,1310,4,87,16,4,3,6,0,0,1,2,0,0,119
2025 - 2026,2026 Spring,UGRD,UGRD,Mary,Hanson-Evans,,SOCI,1310,5,74,10,4,7,17,0,0,0,4,0,0,116
2025 - 2026,2026 Spring,UGRD,UGRD,Lauren,Dent,,SOCI,1310,700,77,12,5,1,3,0,0,0,0,0,0,98
2025 - 2026,2026 Spring,UGRD,UGRD,Lauren,Dent,,SOCI,1310,701,78,16,0,0,2,0,0,0,0,0,0,96
2025 - 2026,2026 Spring,UGRD,UGRD,Krystal,Beamon,,SOCI,1311,1,57,19,7,1,4,0,0,1,2,0,0,91
2025 - 2026,2026 Spring,UGRD,UGRD,Krystal,Beamon,,SOCI,1311,2,52,12,2,1,1,0,0,0,1,0,0,69
2025 - 2026,2026 Spring,UGRD,UGRD,Mary,Hanson-Evans,,SOCI,1311,3,95,9,4,2,5,0,0,1,4,0,0,120
2025 - 2026,2026 Spring,UGRD,UGRD,Mary,Hanson-Evans,,SOCI,1311,5,82,6,8,2,13,0,0,1,4,0,0,116
2025 - 2026,2026 Spring,UGRD,UGRD,Dorothy,Kalanzi,,SOCI,1311,700,136,1,4,2,6,0,0,0,0,0,0,149
2025 - 2026,2026 Spring,UGRD,UGRD,Dorothy,Kalanzi,,SOCI,1311,701,125,5,3,1,3,0,0,1,3,0,0,141
2025 - 2026,2026 Spring,UGRD,UGRD,Lilian,Chavez,,SOCI,2312,1,34,21,16,1,1,0,0,1,0,0,0,74
2025 - 2026,2026 Spring,UGRD,UGRD,Mary,Hanson-Evans,,SOCI,3328,1,85,9,2,4,9,0,0,0,2,0,0,111
2025 - 2026,2026 Spring,UGRD,UGRD,Steven,Arxer,,SOCI,3334,1,18,7,2,0,1,0,0,0,0,0,0,28
2025 - 2026,2026 Spring,UGRD,UGRD,Lilian,Chavez,,SOCI,3336,1,56,8,1,2,2,0,0,0,1,0,0,70
2025 - 2026,2026 Spring,UGRD,UGRD,Jason,Shelton,,SOCI,3337,1,7,13,3,3,2,0,0,0,1,0,0,29
2025 - 2026,2026 Spring,UGRD,UGRD,Kelly,Bergstrand,,SOCI,3347,1,11,4,1,0,0,0,0,1,0,0,0,17
2025 - 2026,2026 Spring,UGRD,UGRD,Robert,Kunovich,,SOCI,3348,1,9,9,3,0,1,0,0,0,0,0,0,22
2025 - 2026,2026 Spring,UGRD,UGRD,Beth,Shelton,,SOCI,3351,1,8,9,9,4,0,0,0,0,0,0,0,30
2025 - 2026,2026 Spring,UGRD,UGRD,David,Arditi,,SOCI,3373,1,26,5,6,2,2,0,0,0,1,0,0,42
2025 - 2026,2026 Spring,UGRD,UGRD,Heather,Jacobson,,SOCI,4306,1,4,5,3,0,2,0,0,0,0,0,0,14
2025 - 2026,2026 Spring,UGRD,UGRD,Dorothy,Kalanzi,,SOCI,4320,1,51,9,6,2,2,0,0,1,4,0,0,75
2025 - 2026,2026 Spring,UGRD,UGRD,Steven,Arxer,,SOCI,4370,1,8,0,0,0,0,0,0,0,0,0,0,8
2025 - 2026,2026 Spring,UGRD,GRAD,Heather,Jacobson,,SOCI,5325,1,3,2,0,0,0,0,0,0,1,0,0,6
2025 - 2026,2026 Spring,UGRD,GRAD,Kelly,Bergstrand,,SOCI,5326,1,17,0,0,0,0,0,0,0,2,0,0,19
2025 - 2026,2026 Spring,UGRD,UGRD,Taren,Allen,,SOCW,2302,1,10,3,0,1,4,0,0,0,0,0,0,18
2025 - 2026,2026 Spring,UGRD,UGRD,Ling,Xu,,SOCW,2302,2,3,1,0,1,2,0,0,0,0,0,0,7
2025 - 2026,2026 Spring,UGRD,UGRD,Traneika,Turner-Wentt,,SOCW,2302,3,5,0,0,0,4,0,0,0,0,0,0,9
2025 - 2026,2026 Spring,UGRD,UGRD,Srabastee,De Bhaumik,,SOCW,2302,4,3,3,1,0,1,0,0,0,0,0,0,8
2025 - 2026,2026 Spring,UGRD,UGRD,Maryam,Rafieifar,,SOCW,2302,6,6,2,2,0,1,0,0,1,1,0,0,13
2025 - 2026,2026 Spring,UGRD,UGRD,Kelli,Rogers,,SOCW,2302,7,15,4,2,0,4,0,0,0,0,0,0,25
2025 - 2026,2026 Spring,UGRD,UGRD,Yangjin,Park,,SOCW,2302,9,23,2,0,2,0,0,0,1,0,0,0,28
2025 - 2026,2026 Spring,UGRD,UGRD,Toni Aimee,Salas,,SOCW,2302,10,9,15,0,1,2,0,0,1,1,0,0,29
2025 - 2026,2026 Spring,UGRD,UGRD,Toni Aimee,Salas,,SOCW,2302,11,16,11,1,0,1,0,0,0,0,0,0,29
2025 - 2026,2026 Spring,UGRD,UGRD,Tasha,Pelletier,,SOCW,2302,12,18,9,0,0,1,0,0,0,0,0,0,28
2025 - 2026,2026 Spring,UGRD,UGRD,Marcus,Chur,,SOCW,2325,2,21,2,1,2,0,0,0,1,0,0,0,27
2025 - 2026,2026 Spring,UGRD,UGRD,Stephanie,Bonilla,,SOCW,2361,1,15,2,1,0,1,0,0,2,0,0,0,21
2025 - 2026,2026 Spring,UGRD,UGRD,Christina,Mecca,,SOCW,2361,3,17,5,2,1,5,0,0,1,0,0,0,31
2025 - 2026,2026 Spring,UGRD,UGRD,Faheem,Ohri,,SOCW,2361,4,11,6,5,3,2,0,0,1,1,0,0,29
2025 - 2026,2026 Spring,UGRD,UGRD,Mark,Frazier,,SOCW,2361,7,28,1,0,1,1,0,0,1,0,0,0,32
2025 - 2026,2026 Spring,UGRD,UGRD,Christina,Mecca,,SOCW,2361,9,15,2,3,2,3,0,0,0,1,0,0,26
2025 - 2026,2026 Spring,UGRD,UGRD,Traneika,Turner-Wentt,,SOCW,2361,11,19,2,1,0,4,0,0,1,1,0,0,28
2025 - 2026,2026 Spring,UGRD,UGRD,Traneika,Turner-Wentt,,SOCW,3300,1,15,2,1,1,1,0,0,1,0,0,0,21
2025 - 2026,2026 Spring,UGRD,UGRD,Rebecca,Mauldin,,SOCW,3300,2,18,7,1,0,2,0,0,1,0,0,0,29
2025 - 2026,2026 Spring,UGRD,UGRD,Tiara,Okoruwa,,SOCW,3300,5,14,5,3,0,4,0,0,1,2,0,0,29
2025 - 2026,2026 Spring,UGRD,UGRD,Mark,Frazier,,SOCW,3300,6,19,2,0,0,3,0,0,1,0,0,0,25
2025 - 2026,2026 Spring,UGRD,UGRD,Tiara,Okoruwa,,SOCW,3300,8,18,5,3,0,2,0,0,0,0,0,0,28
2025 - 2026,2026 Spring,UGRD,UGRD,Michelle Dionne,Jones,,SOCW,3303,1,17,9,3,0,1,0,0,0,0,0,0,30
2025 - 2026,2026 Spring,UGRD,UGRD,Joyce,White,,SOCW,3303,2,16,3,1,0,1,0,0,1,0,0,0,22
2025 - 2026,2026 Spring,UGRD,UGRD,Mark,Frazier,,SOCW,3303,7,26,0,1,0,1,0,0,0,1,0,0,29
2025 - 2026,2026 Spring,UGRD,UGRD,Ana,Ponciano,,SOCW,3303,9,7,13,5,3,0,0,0,1,1,0,0,30
2025 - 2026,2026 Spring,UGRD,UGRD,Mark,Frazier,,SOCW,3303,10,22,4,1,1,1,0,0,1,0,0,0,30
2025 - 2026,2026 Spring,UGRD,UGRD,Rachel,Stankus,,SOCW,3303,11,11,13,4,0,1,0,0,1,0,0,0,30
2025 - 2026,2026 Spring,UGRD,UGRD,Lindsay,Malhotra,,SOCW,3305,2,6,0,0,0,0,0,0,0,0,0,0,6
2025 - 2026,2026 Spring,UGRD,UGRD,Weiwen,Zeng,,SOCW,3305,5,21,4,1,0,0,0,0,0,1,0,0,27
2025 - 2026,2026 Spring,UGRD,UGRD,Diana,Pryor,,SOCW,3305,7,21,1,1,2,2,0,0,0,0,0,0,27
2025 - 2026,2026 Spring,UGRD,UGRD,Pamela,Johnson,,SOCW,3305,9,4,11,5,2,2,0,0,1,0,0,0,25
2025 - 2026,2026 Spring,UGRD,UGRD,LaShaunn,Bold,,SOCW,3305,10,21,2,1,0,4,0,0,0,0,0,0,28
2025 - 2026,2026 Spring,UGRD,UGRD,Derek,Falk,,SOCW,3306,2,13,0,0,0,0,0,0,0,0,0,0,13
2025 - 2026,2026 Spring,UGRD,UGRD,Kelli,Rogers,,SOCW,3306,8,14,7,1,0,2,0,0,0,0,0,0,24
2025 - 2026,2026 Spring,UGRD,UGRD,Kelli,Rogers,,SOCW,3306,9,23,4,1,0,2,0,0,0,0,0,0,30
2025 - 2026,2026 Spring,UGRD,UGRD,Marcela,Nava,,SOCW,3306,10,23,5,1,0,0,0,0,0,1,0,0,30
2025 - 2026,2026 Spring,UGRD,UGRD,Stephanie,Bonilla,,SOCW,3307,1,9,4,0,0,2,0,0,1,0,0,0,16
2025 - 2026,2026 Spring,UGRD,UGRD,Derelle,Walker,,SOCW,3307,2,4,3,0,0,0,0,0,0,0,0,0,7
2025 - 2026,2026 Spring,UGRD,UGRD,Shamila,Sivakumaran,,SOCW,3307,3,12,10,1,0,0,0,0,0,0,0,0,23
2025 - 2026,2026 Spring,UGRD,UGRD,Vijayan,Pillai,,SOCW,3307,4,19,5,2,0,3,0,0,0,0,0,0,29
2025 - 2026,2026 Spring,UGRD,UGRD,Vijayan,Pillai,,SOCW,3307,7,19,9,1,0,1,0,0,0,0,0,0,30
2025 - 2026,2026 Spring,UGRD,UGRD,Shamila,Sivakumaran,,SOCW,3307,10,12,14,0,1,1,0,0,0,0,0,0,28
2025 - 2026,2026 Spring,UGRD,UGRD,Antwan,Williams,,SOCW,3307,11,24,2,0,1,0,0,0,2,0,0,0,29
2025 - 2026,2026 Spring,UGRD,UGRD,Jandel,Crutchfield,,SOCW,3307,18,17,3,1,0,0,0,0,0,1,0,0,22
2025 - 2026,2026 Spring,UGRD,UGRD,Marcus,Chur,,SOCW,3308,3,22,5,2,1,1,0,0,1,0,0,0,32
2025 - 2026,2026 Spring,UGRD,UGRD,Hailey,Carson,,SOCW,3308,4,22,3,0,0,0,0,0,0,0,0,0,25
2025 - 2026,2026 Spring,UGRD,UGRD,Marcus,Chur,,SOCW,3308,7,16,6,4,0,2,0,0,1,0,0,0,29
2025 - 2026,2026 Spring,UGRD,UGRD,Angela,Hall,,SOCW,3308,9,28,2,0,0,0,0,0,0,0,0,0,30
2025 - 2026,2026 Spring,UGRD,UGRD,Hanna,Haran,,SOCW,3308,11,2,4,0,0,0,0,0,0,0,0,0,6
2025 - 2026,2026 Spring,UGRD,UGRD,Ann,Hunt,,SOCW,3309,3,25,2,1,0,1,0,0,0,1,0,0,30
2025 - 2026,2026 Spring,UGRD,UGRD,Rachel,Stankus,,SOCW,3309,4,4,1,0,0,1,0,0,0,0,0,0,6
2025 - 2026,2026 Spring,UGRD,UGRD,Gabrielle,Scott,,SOCW,3309,6,24,5,0,0,0,0,0,1,0,0,0,30
2025 - 2026,2026 Spring,UGRD,UGRD,Gabrielle,Scott,,SOCW,3309,7,21,4,1,2,1,0,0,0,0,0,0,29
2025 - 2026,2026 Spring,UGRD,UGRD,Faheem,Ohri,,SOCW,3309,11,15,9,4,0,2,0,0,0,0,0,0,30
2025 - 2026,2026 Spring,UGRD,UGRD,Rachel,Nava,,SOCW,3310,3,29,2,1,0,0,0,0,0,0,0,0,32
2025 - 2026,2026 Spring,UGRD,UGRD,Derelle,Walker,,SOCW,3312,3,26,1,1,1,0,0,0,2,0,0,0,31
2025 - 2026,2026 Spring,UGRD,UGRD,Derelle,Walker,,SOCW,3312,6,21,5,0,0,1,0,0,0,0,0,0,27
2025 - 2026,2026 Spring,UGRD,UGRD,Darlene,Hunter,,SOCW,3312,9,12,2,1,0,2,0,0,0,1,0,0,18
2025 - 2026,2026 Spring,UGRD,UGRD,Darlene,Hunter,,SOCW,3312,10,17,6,3,1,0,0,0,0,0,0,0,27
2025 - 2026,2026 Spring,UGRD,UGRD,Karla,Arenas-Itotia,,SOCW,3314,2,13,2,2,1,1,0,0,0,1,0,0,20
2025 - 2026,2026 Spring,UGRD,UGRD,Jessica,Sanchez,,SOCW,3314,4,17,1,0,0,2,0,0,0,0,0,0,20
2025 - 2026,2026 Spring,UGRD,UGRD,Lindsay,Malhotra,,SOCW,3314,5,22,4,0,0,0,0,0,0,1,0,0,27
2025 - 2026,2026 Spring,UGRD,UGRD,Stephanie,Bonilla,,SOCW,3320,1,8,6,3,0,2,0,0,0,1,0,0,20
2025 - 2026,2026 Spring,UGRD,UGRD,Stephanie,Bonilla,,SOCW,3320,2,14,3,3,2,0,0,0,0,0,0,0,22
2025 - 2026,2026 Spring,UGRD,UGRD,Andrea,Germany,,SOCW,4310,3,27,2,1,0,1,0,0,0,0,0,0,31
2025 - 2026,2026 Spring,UGRD,UGRD,Andrea,Germany,,SOCW,4310,4,26,1,1,0,0,0,0,1,0,0,0,29
2025 - 2026,2026 Spring,UGRD,UGRD,Mary Elizabeth,Kopsovich,,SOCW,4314,3,13,5,1,0,0,0,0,1,1,0,0,21
2025 - 2026,2026 Spring,UGRD,UGRD,Stephanie,Bonilla,,SOCW,4314,6,24,4,2,1,0,0,0,0,0,0,0,31
2025 - 2026,2026 Spring,UGRD,UGRD,Tahirah,Samuels,,SOCW,4335,1,19,7,3,0,1,0,0,1,0,0,0,31
2025 - 2026,2026 Spring,UGRD,UGRD,Bonita,Dockery,,SOCW,4335,2,28,0,3,0,0,0,0,0,0,0,0,31
2025 - 2026,2026 Spring,UGRD,UGRD,Da'Joya,Barnes,,SOCW,4344,1,20,5,3,0,0,0,0,0,0,0,0,28
2025 - 2026,2026 Spring,UGRD,UGRD,Marisol,Vargas Vilugron,,SOCW,4350,4,7,3,3,0,0,0,0,0,1,0,0,14
2025 - 2026,2026 Spring,UGRD,UGRD,Jennifer,Murphy,,SOCW,4370,1,26,3,0,0,0,0,0,0,0,0,0,29
2025 - 2026,2026 Spring,UGRD,UGRD,Ann,Hunt,,SOCW,4371,1,12,10,1,0,0,0,0,0,3,0,0,26
2025 - 2026,2026 Spring,UGRD,UGRD,Destiney,Kinsey,,SOCW,4371,3,30,1,0,0,0,0,0,0,1,0,0,32
2025 - 2026,2026 Spring,UGRD,UGRD,Cindy,Bassey,,SOCW,4451,101,30,1,0,0,0,2,0,0,0,0,0,33
2025 - 2026,2026 Spring,UGRD,UGRD,Daniel,Cummings,,SOCW,4451,101,30,1,0,0,0,2,0,0,0,0,0,33
2025 - 2026,2026 Spring,UGRD,UGRD,Latoya,Hogg,,SOCW,4451,101,30,1,0,0,0,2,0,0,0,0,0,33
2025 - 2026,2026 Spring,UGRD,UGRD,Cindy,Bassey,,SOCW,4452,101,47,1,0,0,0,0,0,0,0,0,0,48
2025 - 2026,2026 Spring,UGRD,UGRD,Lauren,O'Leary,,SOCW,4452,101,47,1,0,0,0,0,0,0,0,0,0,48
2025 - 2026,2026 Spring,UGRD,UGRD,Melissa,Pollock,,SOCW,4452,101,47,1,0,0,0,0,0,0,0,0,0,48
2025 - 2026,2026 Spring,UGRD,UGRD,Olivia,Cruse,,SOCW,4452,101,47,1,0,0,0,0,0,0,0,0,0,48
2025 - 2026,2026 Spring,UGRD,UGRD,Kelle,White,,SOCW,4455,101,56,5,0,0,0,1,0,0,0,0,0,62
2025 - 2026,2026 Spring,UGRD,UGRD,Lauren,O'Leary,,SOCW,4455,101,56,5,0,0,0,1,0,0,0,0,0,62
2025 - 2026,2026 Spring,UGRD,UGRD,Melissa,Flores,,SOCW,4455,101,56,5,0,0,0,1,0,0,0,0,0,62
2025 - 2026,2026 Spring,UGRD,UGRD,Olivia,Cruse,,SOCW,4455,101,56,5,0,0,0,1,0,0,0,0,0,62
2025 - 2026,2026 Spring,UGRD,UGRD,Kelle,White,,SOCW,4456,101,56,5,0,0,0,1,0,0,0,0,0,62
2025 - 2026,2026 Spring,UGRD,UGRD,Lauren,O'Leary,,SOCW,4456,101,56,5,0,0,0,1,0,0,0,0,0,62
2025 - 2026,2026 Spring,UGRD,UGRD,Melissa,Flores,,SOCW,4456,101,56,5,0,0,0,1,0,0,0,0,0,62
2025 - 2026,2026 Spring,UGRD,UGRD,Olivia,Cruse,,SOCW,4456,101,56,5,0,0,0,1,0,0,0,0,0,62
2025 - 2026,2026 Spring,UGRD,UGRD,Cindy,Bassey,,SOCW,4551,1,30,1,0,0,0,2,0,0,0,0,0,33
2025 - 2026,2026 Spring,UGRD,UGRD,Daniel,Cummings,,SOCW,4551,1,30,1,0,0,0,2,0,0,0,0,0,33
2025 - 2026,2026 Spring,UGRD,UGRD,Latoya,Hogg,,SOCW,4551,1,30,1,0,0,0,2,0,0,0,0,0,33
2025 - 2026,2026 Spring,UGRD,UGRD,Cindy,Bassey,,SOCW,4552,1,48,1,0,0,0,0,0,0,0,0,0,49
2025 - 2026,2026 Spring,UGRD,UGRD,Lauren,O'Leary,,SOCW,4552,1,48,1,0,0,0,0,0,0,0,0,0,49
2025 - 2026,2026 Spring,UGRD,UGRD,Melissa,Pollock,,SOCW,4552,1,48,1,0,0,0,0,0,0,0,0,0,49
2025 - 2026,2026 Spring,UGRD,UGRD,Olivia,Cruse,,SOCW,4552,1,48,1,0,0,0,0,0,0,0,0,0,49
2025 - 2026,2026 Spring,UGRD,UGRD,Kelle,White,,SOCW,4555,1,56,5,0,0,0,1,0,0,0,0,0,62
2025 - 2026,2026 Spring,UGRD,UGRD,Lauren,O'Leary,,SOCW,4555,1,56,5,0,0,0,1,0,0,0,0,0,62
2025 - 2026,2026 Spring,UGRD,UGRD,Melissa,Flores,,SOCW,4555,1,56,5,0,0,0,1,0,0,0,0,0,62
2025 - 2026,2026 Spring,UGRD,UGRD,Olivia,Cruse,,SOCW,4555,1,56,5,0,0,0,1,0,0,0,0,0,62
2025 - 2026,2026 Spring,UGRD,UGRD,Kelle,White,,SOCW,4556,1,56,5,0,0,0,0,0,0,0,0,0,61
2025 - 2026,2026 Spring,UGRD,UGRD,Lauren,O'Leary,,SOCW,4556,1,56,5,0,0,0,0,0,0,0,0,0,61
2025 - 2026,2026 Spring,UGRD,UGRD,Melissa,Flores,,SOCW,4556,1,56,5,0,0,0,0,0,0,0,0,0,61
2025 - 2026,2026 Spring,UGRD,UGRD,Olivia,Cruse,,SOCW,4556,1,56,5,0,0,0,0,0,0,0,0,0,61
2025 - 2026,2026 Spring,UGRD,UGRD,Sebastian,Munoz Ruz,,SPAN,1441,2,3,7,8,3,3,0,0,1,1,0,0,26
2025 - 2026,2026 Spring,UGRD,UGRD,Isabel,Zaera,,SPAN,1441,3,10,7,6,0,2,0,0,0,1,0,0,26
2025 - 2026,2026 Spring,UGRD,UGRD,Isabel,Zaera,,SPAN,1441,5,8,8,4,1,5,0,0,1,0,0,0,27
2025 - 2026,2026 Spring,UGRD,UGRD,Elida,Monteverde,,SPAN,1441,6,10,6,9,1,0,0,0,1,2,0,0,29
2025 - 2026,2026 Spring,UGRD,UGRD,David,Hervas,,SPAN,1441,7,12,8,4,1,0,0,0,0,3,0,0,28
2025 - 2026,2026 Spring,UGRD,UGRD,David,Hervas,,SPAN,1441,8,11,4,8,3,1,0,0,1,2,0,0,30
2025 - 2026,2026 Spring,UGRD,UGRD,David,Hervas,,SPAN,1441,9,5,9,6,2,5,0,0,1,2,0,0,30
2025 - 2026,2026 Spring,UGRD,UGRD,Sebastian,Munoz Ruz,,SPAN,1441,10,7,8,5,4,3,0,0,0,1,0,0,28
2025 - 2026,2026 Spring,UGRD,UGRD,Sebastian,Munoz Ruz,,SPAN,1441,11,10,6,8,2,1,0,0,0,1,0,0,28
2025 - 2026,2026 Spring,UGRD,UGRD,Isabel,Zaera,,SPAN,1442,1,6,6,4,0,1,0,0,2,0,0,0,19
2025 - 2026,2026 Spring,UGRD,UGRD,Rosa,Tellez,,SPAN,1442,2,15,6,2,0,1,0,0,0,2,0,0,26
2025 - 2026,2026 Spring,UGRD,UGRD,Isabel,Zaera,,SPAN,1442,3,11,5,6,2,0,0,0,0,0,0,0,24
2025 - 2026,2026 Spring,UGRD,UGRD,Rosa,Tellez,,SPAN,1442,4,19,4,1,0,0,0,0,0,0,0,0,24
2025 - 2026,2026 Spring,UGRD,UGRD,Sebastian,Munoz Ruz,,SPAN,1442,5,5,3,7,0,1,0,0,1,0,0,0,17
2025 - 2026,2026 Spring,UGRD,UGRD,Jesus,Carrasco,,SPAN,1442,6,4,6,8,2,0,0,0,0,2,0,0,22
2025 - 2026,2026 Spring,UGRD,UGRD,Jesus,Carrasco,,SPAN,1442,7,7,13,5,1,2,0,0,0,1,0,0,29
2025 - 2026,2026 Spring,UGRD,UGRD,Jesus,Carrasco,,SPAN,1442,8,6,11,5,3,1,0,0,0,3,0,0,29
2025 - 2026,2026 Spring,UGRD,UGRD,Sebastian,Munoz Ruz,,SPAN,1442,9,9,10,9,0,0,0,0,0,1,0,0,29
2025 - 2026,2026 Spring,UGRD,UGRD,Rosa,Tellez,,SPAN,2310,1,19,0,1,0,0,0,0,0,0,0,0,20
2025 - 2026,2026 Spring,UGRD,UGRD,Elida,Monteverde,,SPAN,2310,2,11,2,3,0,2,0,0,1,0,0,0,19
2025 - 2026,2026 Spring,UGRD,UGRD,Christopher,Conway,,SPAN,2310,3,15,3,1,0,0,0,0,0,0,0,0,19
2025 - 2026,2026 Spring,UGRD,UGRD,Solymar,Torres-Garcia,,SPAN,2312,1,13,0,0,0,0,1,0,1,0,0,0,15
2025 - 2026,2026 Spring,UGRD,UGRD,Solymar,Torres-Garcia,,SPAN,2313,4,12,3,2,0,1,0,0,2,1,0,0,21
2025 - 2026,2026 Spring,UGRD,UGRD,Monica,de la Fuente Iglesias,,SPAN,2313,13,16,4,3,0,0,0,0,0,0,0,0,23
2025 - 2026,2026 Spring,UGRD,UGRD,Jesus,Carrasco,,SPAN,2314,2,10,10,1,1,0,0,0,0,1,0,0,23
2025 - 2026,2026 Spring,UGRD,UGRD,Jesus,Carrasco,,SPAN,2314,3,5,5,1,0,1,0,0,0,0,0,0,12
2025 - 2026,2026 Spring,UGRD,UGRD,Sonia,Mahoney,,SPAN,2315,1,3,5,2,0,0,0,0,0,0,0,0,10
2025 - 2026,2026 Spring,UGRD,UGRD,Jinny,Choi,,SPAN,3305,1,8,7,5,0,0,0,0,1,0,0,0,21
2025 - 2026,2026 Spring,UGRD,UGRD,Sonia,Mahoney,,SPAN,3305,2,9,10,2,0,0,0,0,0,0,0,0,21
2025 - 2026,2026 Spring,UGRD,UGRD,Alicia,Rueda-Acedo,,SPAN,3308,1,7,14,3,0,0,0,0,0,0,0,0,24
2025 - 2026,2026 Spring,UGRD,UGRD,Ignacio,Ruiz-Perez,,SPAN,3309,1,20,2,0,0,1,0,0,0,0,0,0,23
2025 - 2026,2026 Spring,UGRD,UGRD,David,Hervas,,SPAN,3311,1,7,4,1,0,1,0,0,0,1,0,0,14
2025 - 2026,2026 Spring,UGRD,UGRD,Christopher,Conway,,SPAN,3312,1,10,3,0,0,0,0,0,0,0,0,0,13
2025 - 2026,2026 Spring,UGRD,UGRD,Ignacio,Ruiz-Perez,,SPAN,3315,1,7,3,1,0,1,0,0,0,0,0,0,12
2025 - 2026,2026 Spring,UGRD,UGRD,Elida,Monteverde,,SPAN,3315,2,10,5,0,0,0,0,0,0,0,0,0,15
2025 - 2026,2026 Spring,UGRD,UGRD,Ignacio,Ruiz-Perez,,SPAN,3315,3,12,2,0,0,0,0,0,0,1,0,0,15
2025 - 2026,2026 Spring,UGRD,UGRD,Rosa,Tellez,,SPAN,3316,1,11,4,0,0,2,0,0,0,0,0,0,17
2025 - 2026,2026 Spring,UGRD,UGRD,Monica,de la Fuente Iglesias,,SPAN,3341,1,12,8,3,1,0,0,0,0,0,0,0,24
2025 - 2026,2026 Spring,UGRD,UGRD,Alicia,Rueda-Acedo,,SPAN,4310,1,0,3,0,0,0,0,0,1,3,0,0,7
2025 - 2026,2026 Spring,UGRD,UGRD,Jinny,Choi,,SPAN,4332,1,2,5,2,0,0,0,0,0,1,0,0,10
2025 - 2026,2026 Spring,UGRD,UGRD,Alicia,Rueda-Acedo,,SPAN,4341,1,8,9,3,2,1,0,0,0,0,0,0,23
2025 - 2026,2026 Spring,UGRD,UGRD,Vicente Jose,Iranzo Banuls,,SPAN,4342,1,8,11,4,1,0,0,0,0,1,0,0,25
2025 - 2026,2026 Spring,UGRD,GRAD,Alicia,Rueda-Acedo,,SPAN,5310,1,5,2,0,0,0,0,0,0,0,0,0,7
2025 - 2026,2026 Spring,UGRD,UGRD,Larry,Bryant,,SPED,4301,1,12,3,0,0,0,0,0,0,0,0,0,15
2025 - 2026,2026 Spring,UGRD,UGRD,Janie,Claywell,,SPED,4302,111,13,0,0,0,1,0,0,0,0,0,0,14
2025 - 2026,2026 Spring,UGRD,UGRD,Larry,Bryant,,SPED,4304,1,15,0,0,0,0,0,0,0,0,0,0,15
2025 - 2026,2026 Spring,UGRD,UGRD,Larry,Bryant,,SPED,4307,1,14,1,1,3,0,0,0,0,2,0,0,21
2025 - 2026,2026 Spring,UGRD,UGRD,Joyce,Myers,,SPED,4687,8,10,0,0,0,0,0,0,0,0,0,0,10
2025 - 2026,2026 Spring,UGRD,UGRD,Melissa,Lewis,,SUT,3315,1,27,1,1,0,0,0,0,0,1,0,0,30
2025 - 2026,2026 Spring,UGRD,UGRD,Donald,Schuman,,SUT,3315,2,12,9,2,0,2,0,0,0,0,0,0,25
2025 - 2026,2026 Spring,UGRD,UGRD,Donald,Schuman,,SUT,3318,1,6,6,4,0,1,0,0,0,1,0,0,18
2025 - 2026,2026 Spring,UGRD,UGRD,Donald,Schuman,,SUT,3319,1,5,5,3,0,1,0,0,0,1,0,0,15
2025 - 2026,2026 Spring,UGRD,UGRD,Dana,Litt,,SUT,3321,1,11,0,3,0,2,0,0,0,0,0,0,16
2025 - 2026,2026 Spring,UGRD,UGRD,Justin,Miller,,THEA,0010,1,0,0,0,0,1,0,27,0,2,0,0,30
2025 - 2026,2026 Spring,UGRD,UGRD,Ann,Healy,,THEA,0010,2,0,0,0,0,0,0,49,2,0,0,0,51
2025 - 2026,2026 Spring,UGRD,UGRD,Elizabeth,Hawkins,,THEA,0010,3,0,0,0,0,0,0,46,2,0,0,0,48
2025 - 2026,2026 Spring,UGRD,UGRD,Laurel,Whitsett,,THEA,0010,3,0,0,0,0,0,0,46,2,0,0,0,48
2025 - 2026,2026 Spring,UGRD,UGRD,John,Trainor,Allison Nelson; Jeanne Higgins; Kelley Smith; Lindsey Porter,THEA,0011,1,0,0,0,0,8,0,29,0,0,0,0,37
2025 - 2026,2026 Spring,UGRD,UGRD,Margaret,Crowley,Kristina Miller,THEA,0181,1,15,5,2,0,1,0,0,0,0,0,0,23
2025 - 2026,2026 Spring,UGRD,UGRD,Kristina,Miller,,THEA,0181,2,12,3,1,0,2,0,0,0,0,0,0,18
2025 - 2026,2026 Spring,UGRD,UGRD,Margaret,Crowley,Kristina Miller,THEA,0181,3,14,2,0,0,2,0,0,0,0,0,0,18
2025 - 2026,2026 Spring,UGRD,UGRD,Evan,Woods,Kristina Miller,THEA,0181,5,8,3,0,0,0,0,0,2,0,0,0,13
2025 - 2026,2026 Spring,UGRD,UGRD,Justin,Miller,Kristina Miller,THEA,0181,7,8,1,1,0,0,0,0,0,1,0,0,11
2025 - 2026,2026 Spring,UGRD,UGRD,Kelley,Smith,Kristina Miller,THEA,0181,10,4,2,0,1,0,0,0,0,0,0,0,7
2025 - 2026,2026 Spring,UGRD,UGRD,Brooke,Ford,Kristina Miller,THEA,0181,13,5,2,0,0,1,0,0,0,1,0,0,9
2025 - 2026,2026 Spring,UGRD,UGRD,Megan,Noble,,THEA,1303,1,7,6,3,0,1,0,0,0,1,0,0,18
2025 - 2026,2026 Spring,UGRD,UGRD,Margaret,Crowley,,THEA,1305,1,17,4,0,0,1,0,0,0,0,0,0,22
2025 - 2026,2026 Spring,UGRD,UGRD,Tyler,Haws,,THEA,1305,2,14,4,0,0,1,0,0,0,0,0,0,19
2025 - 2026,2026 Spring,UGRD,UGRD,Laurel,Whitsett,,THEA,1307,1,7,7,3,0,2,0,0,0,0,0,0,19
2025 - 2026,2026 Spring,UGRD,UGRD,Joe,Chapa,,THEA,1342,1,26,4,2,0,1,0,0,1,1,0,0,35
2025 - 2026,2026 Spring,UGRD,UGRD,Johnique,Mitchell,,THEA,1342,2,25,7,1,1,1,0,0,0,0,0,0,35
2025 - 2026,2026 Spring,UGRD,UGRD,Laurel,Whitsett,,THEA,1342,3,21,0,0,0,0,0,0,0,0,0,0,21
2025 - 2026,2026 Spring,UGRD,UGRD,Brooke,Ford,,THEA,1342,4,31,2,2,0,0,0,0,0,0,0,0,35
2025 - 2026,2026 Spring,UGRD,UGRD,Phillip,Schroeder,,THEA,1342,5,33,1,0,0,0,0,0,0,0,0,0,34
2025 - 2026,2026 Spring,UGRD,UGRD,Kelley,Smith,,THEA,1342,7,15,7,1,0,1,0,0,1,0,0,0,25
2025 - 2026,2026 Spring,UGRD,UGRD,Kelley,Smith,,THEA,1342,8,21,1,0,1,1,0,0,1,0,0,0,25
2025 - 2026,2026 Spring,UGRD,UGRD,Ginny,Wheeler,,THEA,1342,9,29,3,0,0,2,0,0,0,0,0,0,34
2025 - 2026,2026 Spring,UGRD,UGRD,Kristine,Obrien,,THEA,1342,10,30,2,0,0,3,0,0,0,0,0,0,35
2025 - 2026,2026 Spring,UGRD,UGRD,Justin,Miller,,THEA,1343,1,24,0,1,1,2,0,0,2,0,0,0,30
2025 - 2026,2026 Spring,UGRD,UGRD,Lindsey,Porter,,THEA,1343,2,7,6,2,0,6,0,0,0,2,0,0,23
2025 - 2026,2026 Spring,UGRD,UGRD,Lindsey,Porter,,THEA,1343,3,13,5,3,3,3,0,0,1,1,0,0,29
2025 - 2026,2026 Spring,UGRD,UGRD,William,Dry,,THEA,2141,1,5,1,0,0,0,0,0,0,0,0,0,6
2025 - 2026,2026 Spring,UGRD,UGRD,John,Trainor,,THEA,2309,1,11,7,3,0,0,0,0,1,0,0,0,22
2025 - 2026,2026 Spring,UGRD,UGRD,Victoria,Nooe,,THEA,2311,1,6,0,3,6,2,0,0,1,0,0,0,18
2025 - 2026,2026 Spring,UGRD,UGRD,Megan,Noble,Elizabeth Hawkins,THEA,2340,1,9,5,1,0,1,0,0,2,1,0,0,19
2025 - 2026,2026 Spring,UGRD,UGRD,Elizabeth,Hawkins,Megan Noble,THEA,2340,2,5,3,1,1,1,0,0,0,0,0,0,11
2025 - 2026,2026 Spring,UGRD,UGRD,Megan,Noble,Joe Chapa,THEA,2352,1,13,4,0,0,0,0,0,1,0,0,0,18
2025 - 2026,2026 Spring,UGRD,UGRD,Jocelyn,Hansen,,THEA,3141,3,7,0,0,0,0,0,0,0,0,0,0,7
2025 - 2026,2026 Spring,UGRD,UGRD,Kelley,Smith,,THEA,3300,1,8,6,0,0,0,0,0,1,0,0,0,15
2025 - 2026,2026 Spring,UGRD,UGRD,Leah,Mazur,,THEA,3301,1,8,2,0,0,0,1,0,0,1,0,0,12
2025 - 2026,2026 Spring,UGRD,UGRD,Benjamin,Phillips,,THEA,3304,1,12,1,0,0,0,0,0,0,0,0,0,13
2025 - 2026,2026 Spring,UGRD,UGRD,Kristina,Miller,,THEA,3307,1,7,3,2,0,0,1,0,1,0,0,0,14
2025 - 2026,2026 Spring,UGRD,UGRD,Megan,Noble,,THEA,3311,1,15,5,3,1,0,0,0,0,0,0,0,24
2025 - 2026,2026 Spring,UGRD,UGRD,Elizabeth,Hawkins,,THEA,3314,1,5,7,1,1,1,0,0,0,0,0,0,15
2025 - 2026,2026 Spring,UGRD,UGRD,Jonathan,Eyer,,THEA,3317,1,15,0,1,0,0,0,0,2,0,0,0,18
2025 - 2026,2026 Spring,UGRD,UGRD,Justin,Miller,,THEA,3318,1,9,1,2,3,2,0,0,0,3,0,0,20
2025 - 2026,2026 Spring,UGRD,UGRD,Megan,McCarthy,,THEA,3320,1,21,0,0,0,0,0,0,0,0,0,0,21
2025 - 2026,2026 Spring,UGRD,UGRD,Laurel,Whitsett,,THEA,3355,1,12,5,2,0,0,0,0,0,1,0,0,20
2025 - 2026,2026 Spring,UGRD,UGRD,Brandi,Andrade,,THEA,3361,3,7,7,10,1,1,0,0,0,1,0,0,27
2025 - 2026,2026 Spring,UGRD,UGRD,Victoria,Nooe,,THEA,4191,1,6,0,0,0,0,0,0,0,0,0,0,6
2025 - 2026,2026 Spring,UGRD,UGRD,John,Trainor,,THEA,4300,1,12,2,2,0,0,0,0,0,0,0,0,16
2025 - 2026,2026 Spring,UGRD,UGRD,Allison,Nelson,,THEA,4301,1,5,5,2,0,0,0,0,0,0,0,0,12
2025 - 2026,2026 Spring,UGRD,UGRD,John,Trainor,,THEA,4304,1,12,7,4,0,0,0,0,0,1,0,0,24
2025 - 2026,2026 Spring,UGRD,UGRD,Ann,Healy,,THEA,4317,1,8,1,2,0,0,0,0,0,0,0,0,11
2025 - 2026,2026 Spring,UGRD,UGRD,Jonathan,Eyer,,THEA,4333,1,10,1,0,0,0,0,0,0,0,0,0,11
2025 - 2026,2026 Spring,UGRD,UGRD,Leah,Mazur,,THEA,4344,1,6,4,0,0,0,0,0,0,1,0,0,11
2025 - 2026,2026 Spring,UGRD,UGRD,Joe,Chapa,,THEA,4346,1,19,0,0,0,0,0,0,0,0,0,0,19
2025 - 2026,2026 Spring,UGRD,UGRD,Justin,Miller,,THEA,4347,5,4,3,1,0,0,0,0,0,0,0,0,8
2025 - 2026,2026 Spring,UGRD,UGRD,Allison,Nelson,,THEA,4393,1,3,6,4,2,0,0,0,1,1,0,0,17
2025 - 2026,2026 Spring,UGRD,UGRD,Farshid,Torabian,,UDES,1304,1,14,6,7,0,0,0,0,0,0,0,0,27
2025 - 2026,2026 Spring,UGRD,UGRD,Monty,McMahen,,UDES,2441,1,14,0,0,0,0,0,0,0,0,0,0,14
2025 - 2026,2026 Spring,UGRD,UGRD,Xueyin,Bai,,UDES,2551,1,12,3,1,0,0,1,0,0,0,0,0,17
2025 - 2026,2026 Spring,UGRD,UGRD,Letora,Anderson,,UDES,4404,1,7,4,0,0,0,0,0,0,0,0,0,11
2025 - 2026,2026 Spring,UGRD,UGRD,Farshid,Torabian,,UDES,4551,1,8,1,2,0,0,0,0,0,0,0,0,11
2025 - 2026,2026 Spring,UGRD,UGRD,Xavier,Vidal,Lauren Krznarich,UNIV,1000,4,0,0,0,0,0,0,6,0,2,0,0,8
2025 - 2026,2026 Spring,UGRD,UGRD,Madeline,Pena,,UNIV,1000,11,0,0,0,0,0,0,14,0,0,0,0,14
2025 - 2026,2026 Spring,UGRD,UGRD,Chad,Crawford,,UNIV,1000,12,0,0,0,0,0,0,19,0,0,0,0,19
2025 - 2026,2026 Spring,UGRD,UGRD,Serina,Davenport,,UNIV,1101,9,11,3,2,0,1,0,0,0,1,0,0,18
2025 - 2026,2026 Spring,UGRD,UGRD,Justin,Correll,,UNIV,1131,1,21,5,7,0,5,0,0,0,2,0,0,40
2025 - 2026,2026 Spring,UGRD,UGRD,Lauren,Krznarich,,UNIV,1131,2,15,7,13,0,4,0,0,1,0,0,0,40
2025 - 2026,2026 Spring,UGRD,UGRD,Lauren,Krznarich,,UNIV,1131,3,19,7,9,0,4,0,0,1,0,0,0,40
2025 - 2026,2026 Spring,UGRD,UGRD,Toni,Minter,,UNIV,1131,4,23,4,5,0,4,0,0,0,3,0,0,39
2025 - 2026,2026 Spring,UGRD,UGRD,Oyinkansola Oreoluwa,Sodiya,,UNIV-BU,1131,1,27,8,1,0,6,0,0,1,2,0,0,45
2025 - 2026,2026 Spring,UGRD,UGRD,Marvin,Brittingham,,UNIV-BU,1131,2,34,7,3,0,2,0,0,1,1,0,0,48
2025 - 2026,2026 Spring,UGRD,UGRD,Jade,Walker,,UNIV-BU,1131,3,19,5,8,0,11,0,0,3,3,0,0,49
2025 - 2026,2026 Spring,UGRD,UGRD,David,Ewing,,UNIV-EN,1131,1,27,10,11,0,15,0,0,0,6,2,0,71
2025 - 2026,2026 Spring,UGRD,UGRD,David,Ewing,,UNIV-EN,1131,3,28,10,8,0,21,0,0,2,3,5,0,77
2025 - 2026,2026 Spring,UGRD,UGRD,David,Ewing,,UNIV-EN,1131,100,12,20,16,0,26,0,0,3,8,12,0,97
2025 - 2026,2026 Spring,UGRD,UGRD,Roxanna,Latifi-Santos,,UNIV-SC,1101,1,8,4,5,0,1,0,0,1,1,0,0,20
2025 - 2026,2026 Spring,UGRD,UGRD,Roxanna,Latifi-Santos,,UNIV-SC,1101,2,10,5,4,0,0,0,0,0,1,0,0,20
